<?xml version="1.0" encoding="UTF-8" standalone="yes"?>
<addon id="service.transmission"
       name="Transmission"
       version="1.0.2"
       provider-name="caradium">
  <requires>
    <import addon="xbmc.python" version="3.0.0"/>

  </requires>
  <extension point="xbmc.service" library="default.py">
    <provides></provides>
  </extension>
  <extension point="xbmc.addon.metadata">
    <summary>: a fast, easy and free BitTorrent client</summary>
    <description>
 (3.00) is a fast, easy and free BitTorrent client.
    </description>
    <disclaimer>
Keep it legal and carry on
    </disclaimer>
    <platform>all</platform>
    <news>

v1.0.1  (2025-01-02)
- Initial version    </news>
    <assets>
      <icon>resources/icon.png</icon>
      <fanart>resources/fanart.png</fanart>
<screenshot>resources/screenshot-1.jpg</screenshot>
<screenshot>resources/screenshot-2.jpg</screenshot>

    </assets>
  </extension>
</addon>
