<?xml version="1.0" encoding="UTF-8" standalone="yes"?>
<addon id="service.sonarr"
       name="Sonarr"
       version="1.1.2"
       provider-name="caradium">
  <requires>
    <import addon="xbmc.python" version="3.0.0"/>

    <import addon="virtual.icu4c" version="74.1" />
  </requires>
  <extension point="xbmc.service" library="default.py">
    <provides></provides>
  </extension>
  <extension point="xbmc.addon.metadata">
    <summary>Sonarr: a PVR for Usenet and BitTorrent users</summary>
    <description>
Sonarr is a PVR for Usenet and BitTorrent users. It can monitor multiple RSS feeds for new episodes of your favorite shows and will grab, sort and rename them. It can also be configured to automatically upgrade the quality of files already downloaded when a better quality format becomes available.
    </description>
    <disclaimer>
Keep it legal and carry on
    </disclaimer>
    <platform>all</platform>
    <news>

v1.1.2  (2025-04-05)
- include build for arm architecture

v1.1.1  (2025-04-05)
- specified the correct version of icu

v1.1.0  (2025-01-29)
- added icu as a dependency
- changed systemd service to a simple type
- added exec permission to ffprobe

v1.0.2  (2025-01-07)
- added fanart       

v1.0.1  (2025-01-02)
- Initial version

    </news>
    <assets>
      <icon>resources/icon.png</icon>
      <fanart>resources/fanart.jpg</fanart>

    </assets>
  </extension>
</addon>
