{
    "Actions": "Действия",
    "Added": "Добавено",
    "ApiKey": "API ключ",
    "Apply": "Приложи",
    "DeleteBackup": "Изтриване на резервно копие",
    "Add": "Добавяне",
    "AddIndexer": "Добавете Indexer",
    "Age": "Възраст",
    "BranchUpdateMechanism": "Клон, използван от външен механизъм за актуализация",
    "Cancel": "Отказ",
    "Component": "Съставна част",
    "ConnectionLost": "Изгубена връзка",
    "Details": "Подробности",
    "DownloadClient": "Клиент за изтегляне",
    "AppDataDirectory": "Директория на AppData",
    "Authentication": "Удостоверяване",
    "Branch": "Клон",
    "AppDataLocationHealthCheckMessage": "Актуализирането няма да е възможно, за да се предотврати изтриването на AppData при актуализация",
    "ApplyTags": "Прилагане на тагове",
    "Automatic": "Автоматично",
    "AutomaticSearch": "Автоматично търсене",
    "Backup": "Архивиране",
    "BackupFolderHelpText": "Относителните пътища ще бъдат в директорията AppData на {appName}",
    "BackupIntervalHelpText": "Интервал между автоматичните архиви",
    "BackupNow": "Архивиране сега",
    "ChangeHasNotBeenSavedYet": "Промяната все още не е запазена",
    "Backups": "Архиви",
    "BeforeUpdate": "Преди актуализация",
    "CancelPendingTask": "Наистина ли искате да отмените тази чакаща задача?",
    "BindAddress": "Адрес за обвързване",
    "CertificateValidation": "Валидиране на сертификат",
    "ConnectSettings": "Настройки за свързване",
    "Custom": "Персонализиран",
    "CustomFilters": "Персонализирани филтри",
    "Date": "Дата",
    "Dates": "Дати",
    "DatabaseMigration": "DB миграция",
    "Delete": "Изтрий",
    "DeleteDownloadClient": "Изтриване на клиент за изтегляне",
    "DeleteDownloadClientMessageText": "Наистина ли искате да изтриете клиента за изтегляне '{0}'?",
    "DeleteNotification": "Изтриване на известието",
    "DeleteNotificationMessageText": "Наистина ли искате да изтриете известието '{0}'?",
    "Donations": "Дарения",
    "About": "относно",
    "AcceptConfirmationModal": "Приемете модал за потвърждение",
    "AddDownloadClient": "Добавяне на клиент за изтегляне",
    "AddingTag": "Добавяне на таг",
    "All": "всичко",
    "Analytics": "Анализ",
    "AnalyticsEnabledHelpText": "Изпращайте анонимна информация за използването и грешките до сървърите на {appName}. Това включва информация за вашия браузър, кои страници на {appName} WebUI използвате, отчитане на грешки, както и версията на операционната система и времето за изпълнение. Ще използваме тази информация, за да дадем приоритет на функциите и корекциите на грешки.",
    "AuthenticationMethodHelpText": "Изисквайте потребителско име и парола за достъп до {appName}",
    "BackupRetentionHelpText": "Автоматичните архиви, по-стари от периода на съхранение, ще бъдат почистени автоматично",
    "BindAddressHelpText": "Валиден IP4 адрес или '*' за всички интерфейси",
    "BypassProxyForLocalAddresses": "Заобикаляне на прокси за локални адреси",
    "CertificateValidationHelpText": "Променете колко строго е валидирането на HTTPS сертифициране",
    "Clear": "Ясно",
    "ClientPriority": "Приоритет на клиента",
    "Connections": "Връзки",
    "CouldNotConnectSignalR": "Не можах да се свържа със SignalR, потребителският интерфейс няма да се актуализира",
    "DeleteBackupMessageText": "Наистина ли искате да изтриете резервното копие '{0}'?",
    "DeleteTag": "Изтриване на маркера",
    "DeleteTagMessageText": "Наистина ли искате да изтриете маркера '{0}'?",
    "IndexerProxyStatusAllUnavailableHealthCheckMessage": "Всички списъци са недостъпни поради неуспехи",
    "LastWriteTime": "Време за последно писане",
    "Columns": "Колони",
    "EnableRss": "Активиране на RSS",
    "IndexerProxyStatusUnavailableHealthCheckMessage": "Списъци, недостъпни поради неуспехи: {indexerProxyNames}",
    "LogLevel": "Log Level",
    "MovieIndexScrollTop": "Индекс на филма: Превъртете отгоре",
    "Queue": "Опашка",
    "ReadTheWikiForMoreInformation": "Прочетете Wiki за повече информация",
    "Reddit": "Reddit",
    "Refresh": "Обнови",
    "RefreshMovie": "Опресняване на филма",
    "Reload": "Презаредете",
    "RemovedFromTaskQueue": "Премахнато от опашката на задачите",
    "RemoveFilter": "Отстранете филтъра",
    "RestoreBackup": "Възстанови архива",
    "Result": "Резултат",
    "Save": "Запазете",
    "SaveChanges": "Запазите промените",
    "SelectAll": "Избери всичко",
    "SendAnonymousUsageData": "Изпращане на анонимни данни за използване",
    "SetTags": "Задаване на маркери",
    "SettingsEnableColorImpairedMode": "Активирайте режима с увредени цветове",
    "Logs": "Дневници",
    "LogFiles": "Лог файлове",
    "MoreInfo": "Повече информация",
    "SSLPort": "SSL порт",
    "Status": "Състояние",
    "System": "Система",
    "SystemTimeCheckMessage": "Системното време е изключено с повече от 1 ден. Планираните задачи може да не се изпълняват правилно, докато времето не бъде коригирано",
    "TestAll": "Тествайте всички",
    "Title": "Заглавие",
    "Today": "Днес",
    "Tomorrow": "Утре",
    "Torrents": "Торенти",
    "Type": "Тип",
    "UILanguageHelpText": "Език, който {appName} ще използва за потребителски интерфейс",
    "UnableToAddANewIndexerPleaseTryAgain": "Не може да се добави нов индексатор, моля, опитайте отново.",
    "UnableToAddANewIndexerProxyPleaseTryAgain": "Не може да се добави нов индексатор, моля, опитайте отново.",
    "UnableToAddANewNotificationPleaseTryAgain": "Не може да се добави ново известие, моля, опитайте отново.",
    "UpdateAutomaticallyHelpText": "Автоматично изтегляне и инсталиране на актуализации. Все още ще можете да инсталирате от System: Updates",
    "UpdateStartupTranslocationHealthCheckMessage": "Не може да се инсталира актуализация, защото стартовата папка „{startupFolder}“ е в папка за преместване на приложения.",
    "ReleaseStatus": "Състояние на освобождаване",
    "UpdateScriptPathHelpText": "Път към персонализиран скрипт, който взема извлечен пакет за актуализация и обработва останалата част от процеса на актуализация",
    "UseProxy": "Използвай прокси",
    "Username": "Потребителско име",
    "Version": "Версия",
    "Usenet": "Usenet",
    "YesCancel": "Да, Отказ",
    "Yesterday": "Вчера",
    "Security": "Сигурност",
    "StartupDirectory": "Стартова директория",
    "Disabled": "хора с увреждания",
    "EditIndexer": "Редактиране на Indexer",
    "Enabled": "Активирано",
    "General": "Общ",
    "Grabbed": "Грабната",
    "Grabs": "Грабнете",
    "Health": "Здраве",
    "HealthNoIssues": "Няма проблеми с вашата конфигурация",
    "HomePage": "Начална страница",
    "Hostname": "Име на хост",
    "IgnoredAddresses": "Игнорирани адреси",
    "IllRestartLater": "Ще рестартирам по-късно",
    "IndexerPriority": "Индексатор Приоритет",
    "Info": "Информация",
    "InteractiveSearch": "Интерактивно търсене",
    "Interval": "Интервал",
    "KeyboardShortcuts": "Комбинация от клавиши",
    "Language": "Език",
    "LogLevelTraceHelpTextWarning": "Регистрацията на проследяване трябва да бъде разрешена само временно",
    "Manual": "Ръчно",
    "Mechanism": "Механизъм",
    "Message": "Съобщение",
    "MIA": "МВР",
    "NoChange": "Няма промяна",
    "NoChanges": "Без промени",
    "NoLeaveIt": "Не, оставете го",
    "NoLogFiles": "Няма регистрационни файлове",
    "RestartRequiredHelpTextWarning": "Изисква рестартиране, за да влезе в сила",
    "SettingsShortDateFormat": "Формат на кратка дата",
    "SSLCertPath": "SSL Cert Path",
    "URLBase": "URL база",
    "CloneProfile": "Профил на клониране",
    "EnableInteractiveSearch": "Активирайте интерактивно търсене",
    "TagIsNotUsedAndCanBeDeleted": "Етикетът не се използва и може да бъде изтрит",
    "Time": "Време",
    "Torrent": "Торенти",
    "UILanguageHelpTextWarning": "Необходимо е презареждане на браузъра",
    "UISettings": "Настройки на потребителския интерфейс",
    "UnableToAddANewApplicationPleaseTryAgain": "Не може да се добави ново известие, моля, опитайте отново.",
    "UnableToAddANewAppProfilePleaseTryAgain": "Не може да се добави нов качествен профил, моля, опитайте отново.",
    "UnableToLoadBackups": "Архивите не могат да се заредят",
    "AllIndexersHiddenDueToFilter": "Всички филми са скрити поради приложен филтър.",
    "Level": "Ниво",
    "ApplicationStatusCheckAllClientMessage": "Всички списъци са недостъпни поради неуспехи",
    "ApplicationStatusCheckSingleClientMessage": "Списъци, недостъпни поради неуспехи: {0}",
    "Close": "Близо",
    "CloseCurrentModal": "Затворете текущия режим",
    "DeleteApplicationMessageText": "Наистина ли искате да изтриете известието '{0}'?",
    "DeleteIndexerProxyMessageText": "Наистина ли искате да изтриете маркера '{0}'?",
    "Discord": "Раздор",
    "Docker": "Докер",
    "DownloadClients": "Изтеглете клиенти",
    "EnableInteractiveSearchHelpText": "Ще се използва, когато се използва интерактивно търсене",
    "NoBackupsAreAvailable": "Няма налични резервни копия",
    "RemovingTag": "Премахване на етикет",
    "Reset": "Нулиране",
    "Retention": "Задържане",
    "Rss": "RSS",
    "Warn": "Предупреждавайте",
    "NoTagsHaveBeenAddedYet": "Все още не са добавени етикети",
    "NotificationTriggers": "Задействания за уведомяване",
    "NoUpdatesAreAvailable": "Няма налични актуализации",
    "OAuthPopupMessage": "Изскачащите прозорци се блокират от вашия браузър",
    "Ok": "Добре",
    "OnHealthIssueHelpText": "По здравен въпрос",
    "OpenBrowserOnStart": "Отворете браузъра при стартиране",
    "OpenThisModal": "Отворете този модал",
    "Options": "Настроики",
    "PackageVersion": "Версия на пакета",
    "PageSize": "Размер на страницата",
    "PendingChangesStayReview": "Останете и прегледайте промените",
    "Presets": "Предварителни настройки",
    "Priority": "Приоритет",
    "SettingsLongDateFormat": "Формат с дълга дата",
    "SettingsShowRelativeDates": "Показване на относителни дати",
    "DownloadClientsLoadError": "Клиентите за изтегляне не могат да се заредят",
    "Logging": "Регистрация",
    "Exception": "Изключение",
    "MovieIndexScrollBottom": "Индекс на филма: Превъртане отдолу",
    "Name": "Име",
    "New": "Ново",
    "NoLinks": "Няма връзки",
    "PendingChangesMessage": "Имате незапазени промени. Наистина ли искате да напуснете тази страница?",
    "Port": "Порт",
    "PortNumber": "Номер на пристанище",
    "Proxy": "Прокси",
    "ProxyBypassFilterHelpText": "Използвайте „,“ като разделител и „*“. като заместващ знак за поддомейни",
    "ProxyBadRequestHealthCheckMessage": "Неуспешно тестване на прокси. Код на състоянието: {statusCode}",
    "ProxyFailedToTestHealthCheckMessage": "Неуспешно тестване на прокси: {url}",
    "ProxyResolveIpHealthCheckMessage": "Неуспешно разрешаване на IP адреса за конфигурирания прокси хост {proxyHostName}",
    "ProxyPasswordHelpText": "Трябва само да въведете потребителско име и парола, ако е необходимо. В противен случай ги оставете празни.",
    "ProxyType": "Тип прокси",
    "ExistingTag": "Съществуващ маркер",
    "ProxyUsernameHelpText": "Трябва само да въведете потребителско име и парола, ако е необходимо. В противен случай ги оставете празни.",
    "ReleaseBranchCheckOfficialBranchMessage": "Клон {0} не е валиден клон за издаване на {appName}, няма да получавате актуализации",
    "IncludeHealthWarningsHelpText": "Включете здравни предупреждения",
    "SaveSettings": "Запазване на настройките",
    "Scheduled": "Планиран",
    "ScriptPath": "Път на скрипта",
    "Search": "Търсене",
    "Seeders": "Сеялки",
    "Settings": "Настройки",
    "SettingsEnableColorImpairedModeHelpText": "Променен стил, за да позволи на потребителите с увредени цветове да разграничат по-добре информацията, кодирана в цвят",
    "SettingsShowRelativeDatesHelpText": "Показване на относителни (днес / вчера / и т.н.) или абсолютни дати",
    "SettingsTimeFormat": "Времеви формат",
    "ShowAdvanced": "Показване на напреднали",
    "ShowSearch": "Показване на търсене",
    "ShowSearchHelpText": "Показване на бутона за търсене при нанасяне на курсора на мишката",
    "Shutdown": "Изключвам",
    "Size": "Размер",
    "Sort": "Вид",
    "Source": "Източник",
    "SSLCertPassword": "SSL сертификатна парола",
    "SSLCertPasswordHelpText": "Парола за pfx файл",
    "StartTypingOrSelectAPathBelow": "Започнете да пишете или изберете път отдолу",
    "Style": "Стил",
    "SuggestTranslationChange": "Предложете промяна на превода",
    "TableOptions": "Опции на таблицата",
    "TableOptionsColumnsMessage": "Изберете кои колони да се виждат и в кой ред да се показват",
    "TagCannotBeDeletedWhileInUse": "Не може да се изтрие, докато се използва",
    "Tags": "Етикети",
    "TagsHelpText": "Прилага се за филми с поне един съвпадащ маркер",
    "Tasks": "Задачи",
    "Test": "Тест",
    "UI": "Потребителски интерфейс",
    "UILanguage": "Език на потребителския интерфейс",
    "UpdateStartupNotWritableHealthCheckMessage": "Не може да се инсталира актуализация, тъй като стартовата папка „{startupFolder}“ не може да се записва от потребителя „{userName}“.",
    "UpdateUiNotWritableHealthCheckMessage": "Не може да се инсталира актуализация, защото папката „{uiFolder}“ на потребителския интерфейс не може да се записва от потребителя „{userName}“.",
    "Enable": "Активиране",
    "EventType": "Тип на събитието",
    "Failed": "Се провали",
    "FeatureRequests": "Заявки за функции",
    "Filename": "Име на файл",
    "Files": "Файлове",
    "Filter": "Филтър",
    "Fixed": "Фиксирана",
    "FocusSearchBox": "Фокусно поле за търсене",
    "HideAdvanced": "Скрий Разширено",
    "Indexer": "Индексатор",
    "IndexerFlags": "Индексиращи знамена",
    "IndexerLongTermStatusAllUnavailableHealthCheckMessage": "Всички индексатори са недостъпни поради грешки за повече от 6 часа",
    "SSLCertPathHelpText": "Път към pfx файл",
    "UrlBaseHelpText": "За обратна поддръжка на прокси по подразбиране е празно",
    "View": "Изглед",
    "BranchUpdate": "Клон, който да се използва за актуализиране на {appName}",
    "Indexers": "Индексатори",
    "IndexerStatusAllUnavailableHealthCheckMessage": "Всички индексатори са недостъпни поради грешки",
    "Mode": "Режим",
    "TagsSettingsSummary": "Вижте всички тагове и как се използват. Неизползваните маркери могат да бъдат премахнати",
    "TestAllClients": "Тествайте всички клиенти",
    "UnableToAddANewDownloadClientPleaseTryAgain": "Не може да се добави нов клиент за изтегляне, моля, опитайте отново.",
    "UnableToLoadTags": "Не може да се заредят маркери",
    "UnableToLoadUISettings": "Настройките на потребителския интерфейс не могат да се заредят",
    "UnsavedChanges": "Незапазени промени",
    "UnselectAll": "Деселектирайте всички",
    "UpdateMechanismHelpText": "Използвайте вградения в {appName} актуализатор или скрипт",
    "Updates": "Актуализации",
    "Uptime": "Време за работа",
    "DownloadClientSettings": "Изтеглете настройките на клиента",
    "DownloadClientStatusAllClientHealthCheckMessage": "Всички клиенти за изтегляне са недостъпни поради неуспехи",
    "DownloadClientStatusSingleClientHealthCheckMessage": "Клиентите за изтегляне са недостъпни поради грешки: {downloadClientNames}",
    "Edit": "редактиране",
    "EnableAutomaticSearch": "Активирайте автоматичното търсене",
    "EnableAutomaticSearchHelpText": "Ще се използва, когато се извършват автоматични търсения чрез потребителския интерфейс или от {appName}",
    "EnableSSL": "Активирайте SSL",
    "EnableSslHelpText": " Изисква рестартиране, изпълнено като администратор, за да влезе в сила",
    "Error": "Грешка",
    "ErrorLoadingContents": "Грешка при зареждането на съдържанието",
    "Events": "Събития",
    "Folder": "Папка",
    "ForMoreInformationOnTheIndividualDownloadClients": "За повече информация относно отделните клиенти за изтегляне щракнете върху информационните бутони.",
    "GeneralSettings": "Основни настройки",
    "GeneralSettingsSummary": "Порт, SSL, потребителско име / парола, прокси, анализи и актуализации",
    "History": "История",
    "Host": "Водещ",
    "IndexerLongTermStatusUnavailableHealthCheckMessage": "Индексатори не са налични поради неуспехи за повече от 6 часа: {indexerNames}",
    "IndexerPriorityHelpText": "Приоритет на индексатора от 1 (най-висок) до 50 (най-нисък). По подразбиране: 25.",
    "IndexerStatusUnavailableHealthCheckMessage": "Индексатори не са налични поради грешки: {indexerNames}",
    "LaunchBrowserHelpText": " Отворете уеб браузър и отворете началната страница на {appName} при стартиране на приложението.",
    "ResetAPIKey": "Нулиране на API ключ",
    "Restart": "Рестартирам",
    "RestartNow": "Рестартирай сега",
    "Restore": "Възстанови",
    "RssIsNotSupportedWithThisIndexer": "RSS не се поддържа с този индексатор",
    "Wiki": "Wiki",
    "PageSizeHelpText": "Брой елементи за показване на всяка страница",
    "Password": "Парола",
    "Peers": "Връстници",
    "PendingChangesDiscardChanges": "Изхвърлете промените и оставете",
    "Protocol": "Протокол",
    "UnableToLoadGeneralSettings": "Не може да се заредят общи настройки",
    "UnableToLoadHistory": "Историята не може да се зареди",
    "UnableToLoadNotifications": "Известията не могат да се заредят",
    "MaintenanceRelease": "Издание за поддръжка: поправки на грешки и други подобрения. Вижте История на комисиите на Github за повече подробности",
    "Filters": "Филтър",
    "HistoryCleanupDaysHelpText": "Задайте на 0, за да деактивирате автоматичното почистване",
    "HistoryCleanupDaysHelpTextWarning": "Файловете в кошчето, по-стари от избрания брой дни, ще се почистват автоматично",
    "OnGrab": "На Граб",
    "OnHealthIssue": "По здравен въпрос",
    "TestAllIndexers": "Тествайте всички индексатори",
    "NetCore": ".NET Core",
    "GrabReleases": "Grab Release",
    "Link": "Връзки",
    "No": "Не",
    "UnableToLoadIndexers": "Индексаторите не могат да се заредят",
    "Yes": "Да",
    "MappedDrivesRunningAsService": "Картографираните мрежови устройства не са налични, когато се изпълняват като услуга на Windows. Моля, вижте често задаваните въпроси за повече информация",
    "ApplicationLongTermStatusCheckSingleClientMessage": "Индексатори не са налични поради неуспехи за повече от 6 часа: {0}",
    "Ended": "Приключи",
    "LastExecution": "Последно изпълнение",
    "ApplicationLongTermStatusCheckAllClientMessage": "Всички индексатори са недостъпни поради грешки за повече от 6 часа",
    "LastDuration": "lastDuration",
    "NextExecution": "Следващо изпълнение",
    "Queued": "На опашка",
    "Remove": "Премахване",
    "Replace": "Сменете",
    "TheLatestVersionIsAlreadyInstalled": "Вече е инсталирана най-новата версия на {0}",
    "Genre": "Жанрове",
    "ApplyTagsHelpTextRemove": "Премахване: Премахнете въведените тагове",
    "ApplyTagsHelpTextHowToApplyIndexers": "Как да приложите тагове към избраните филми",
    "DeleteSelectedDownloadClients": "Изтриване на клиент за изтегляне",
    "More": "| Повече ▼",
    "ApplyTagsHelpTextAdd": "Добавяне: Добавете маркерите към съществуващия списък с маркери",
    "ApplyTagsHelpTextHowToApplyApplications": "Как да приложите тагове към избраните филми",
    "ApplyTagsHelpTextReplace": "Замяна: Заменете маркерите с въведените маркери (не въвеждайте маркери, за да изчистите всички маркери)",
    "DownloadClientPriorityHelpText": "Приоритизирайте множество клиенти за изтегляне. Round-Robin се използва за клиенти със същия приоритет.",
    "Track": "Проследяване",
    "Year": "Година",
    "ConnectionLostReconnect": "Radarr ще се опита да се свърже автоматично или можете да щракнете върху презареждане по-долу.",
    "DeleteAppProfileMessageText": "Наистина ли искате да изтриете качествения профил {0}",
    "RecentChanges": "Последни промени",
    "WhatsNew": "Какво ново?",
    "minutes": "Минути",
    "NotificationStatusSingleClientHealthCheckMessage": "Списъци, недостъпни поради неуспехи: {notificationNames}",
    "NotificationStatusAllClientHealthCheckMessage": "Всички списъци са недостъпни поради неуспехи",
    "AuthBasic": "Основно (изскачащ прозорец на браузъра)",
    "AuthForm": "Формуляри (Страница за вход)",
    "DisabledForLocalAddresses": "Забранено за местни адреси",
    "None": "Нито един",
    "ResetAPIKeyMessageText": "Наистина ли искате да нулирате своя API ключ?",
    "RestartProwlarr": "Рестартирайте {appName}",
    "IndexerHDBitsSettingsMediums": "Среден",
    "CustomFilter": "Персонализирани филтри",
    "GrabRelease": "Grab Release",
    "ProxyValidationBadRequest": "Неуспешно тестване на прокси. Код на състоянието: {statusCode}",
    "BuiltIn": "Вграден",
    "Script": "Сценарий",
    "PublishedDate": "Дата на публикуване",
    "AllSearchResultsHiddenByFilter": "Всички резултати са скрити от приложения филтър"
}
