{
    "About": "Over",
    "AcceptConfirmationModal": "Accepteer Bevestigingsbericht",
    "Actions": "Acties",
    "Add": "Toevoegen",
    "AddApplication": "Applicatie Toevoegen",
    "AddCustomFilter": "Aangepaste Filter Toevoegen",
    "AddDownloadClient": "Download Client Toevoegen",
    "AddDownloadClientToProwlarr": "Door een downloadclient toe te voegen, kan {appName} releases rechtstreeks vanuit de gebruikersinterface verzenden tijdens een handmatige zoekopdracht.",
    "AddIndexer": "Voeg Indexeerder Toe",
    "AddIndexerProxy": "Indexeerproxy toevoegen",
    "AddNewIndexer": "Voeg nieuwe Indexeerder Toe",
    "AddRemoveOnly": "Alleen toevoegen en verwijderen",
    "AddSyncProfile": "Synchronisatieprofiel toevoegen",
    "AddToDownloadClient": "Release toevoegen aan download client",
    "Added": "Toegevoegd",
    "AddedToDownloadClient": "Release toegevoegd aan client",
    "AddingTag": "Tag wordt toegevoegd",
    "Age": "Ouderdom",
    "Album": "Album",
    "All": "Alle",
    "AllIndexersHiddenDueToFilter": "Alle indexeerders zijn verborgen door actieve filter.",
    "Analytics": "Statistieken",
    "AnalyticsEnabledHelpText": "Stuur anonieme gebruiks- en foutinformatie naar de servers van {appName}. Dit omvat informatie over uw browser, welke {appName} WebUI pagina's u gebruikt, foutrapportage en OS en runtime versie. We zullen deze informatie gebruiken om prioriteiten te stellen voor functies en het verhelpen van fouten.",
    "ApiKey": "API-sleutel",
    "ApiKeyValidationHealthCheckMessage": "Maak je API sleutel alsjeblieft minimaal {length} karakters lang. Dit kan gedaan worden via de instellingen of het configuratiebestand",
    "AppDataDirectory": "AppData map",
    "AppDataLocationHealthCheckMessage": "Updaten zal niet mogelijk zijn om het verwijderen van AppData te voorkomen",
    "AppProfileInUse": "App-profiel in gebruik",
    "AppProfileSelectHelpText": "App-profielen worden gebruikt om de instellingen voor RSS, Automatisch zoeken en Interactief zoeken bij applicatiesynchronisatie te beheren",
    "AppSettingsSummary": "Applicaties en instellingen om te configureren hoe {appName} met uw PVR-programma's omgaat",
    "Application": "Applicaties",
    "ApplicationLongTermStatusCheckAllClientMessage": "Alle indexeerders zijn niet beschikbaar vanwege storingen gedurende meer dan 6 uur",
    "ApplicationLongTermStatusCheckSingleClientMessage": "Indexeerders zijn niet beschikbaar vanwege storingen gedurende meer dan 6 uur: {0}",
    "ApplicationStatusCheckAllClientMessage": "Alle applicaties onbeschikbaar door fouten",
    "ApplicationStatusCheckSingleClientMessage": "Applicaties onbeschikbaar door fouten",
    "Applications": "Applicaties",
    "Apply": "Toepassen",
    "ApplyTags": "Pas Tags Toe",
    "Apps": "Applicaties",
    "AudioSearch": "auditief zoeken",
    "Auth": "Authenticatie",
    "Authentication": "Authenticatie",
    "AuthenticationMethodHelpText": "Gebruikersnaam en wachtwoord nodig voor toegang tot {appName}",
    "Automatic": "Automatisch",
    "AutomaticSearch": "Automatisch Zoeken",
    "Backup": "Veiligheidskopie",
    "BackupFolderHelpText": "Relatieve paden zullen t.o.v. de {appName} AppData map bekeken worden",
    "BackupIntervalHelpText": "Tussentijd voor automatische back-up",
    "BackupNow": "Back-up nu maken",
    "BackupRetentionHelpText": "Automatische veiligheidskopieën ouder dan de retentie periode zullen worden opgeruimd",
    "Backups": "Veiligheidskopieën",
    "BeforeUpdate": "Voor Update",
    "BindAddress": "Gebonden Adres",
    "BindAddressHelpText": "Geldig IP-adres, localhost of '*' voor alle interfaces",
    "Branch": "Branch",
    "BranchUpdate": "Te gebruiken branch om {appName} bij te werken",
    "BranchUpdateMechanism": "Gebruikte branch door extern update mechanisme",
    "BypassProxyForLocalAddresses": "Omzeil Proxy voor Lokale Adressen",
    "Cancel": "Annuleer",
    "CancelPendingTask": "Ben je zeker dat je deze onafgewerkte taak wil annuleren?",
    "Categories": "Categorieën",
    "Category": "Categorie",
    "CertificateValidation": "Certificaat Validatie",
    "CertificateValidationHelpText": "Wijzig hoe strikt HTTPS certificaat validatie is",
    "ChangeHasNotBeenSavedYet": "Wijziging is nog niet opgeslagen",
    "Clear": "Wis",
    "ClearHistory": "Geschiedenis verwijderen",
    "ClearHistoryMessageText": "Weet je zeker dat je alle geschiedenis van {appName} wilt verwijderen?",
    "ClientPriority": "Client Prioriteit",
    "CloneProfile": "Dupliceer Profiel",
    "Close": "Sluit",
    "CloseCurrentModal": "Sluit Huidig Bericht",
    "Columns": "Kolommen",
    "Component": "Component",
    "Connect": "Meldingen",
    "ConnectSettings": "Connecties Instellingen",
    "ConnectSettingsSummary": "Meldingen en aangepaste scripts",
    "ConnectionLost": "Verbinding Onderbroken",
    "Connections": "Connecties",
    "CouldNotConnectSignalR": "Kan geen verbinding maken met SignalR, gebruikersinterface wordt niet bijgewerkt",
    "Custom": "Aangepast",
    "CustomFilters": "Aangepaste Filters",
    "DatabaseMigration": "DB Migratie",
    "Database": "Databasis",
    "Date": "Datum",
    "Dates": "Datum en tijd",
    "Delete": "Verwijder",
    "DeleteAppProfile": "App-profiel verwijderen",
    "DeleteApplication": "Applicatie verwijderen",
    "DeleteApplicationMessageText": "Weet u zeker dat u de applicatie '{0}' wilt verwijderen?",
    "DeleteBackup": "Verwijder Backup",
    "DeleteBackupMessageText": "Bent u zeker dat u de veiligheidskopie '{name}' wilt verwijderen?",
    "DeleteDownloadClient": "Verwijder Downloader",
    "DeleteDownloadClientMessageText": "Bent u zeker dat u de downloader '{name}' wilt verwijderen?",
    "DeleteIndexerProxy": "Indexeerproxy verwijderen",
    "DeleteIndexerProxyMessageText": "Weet u zeker dat u de proxy '{0}' wilt verwijderen?",
    "DeleteNotification": "Verwijder Notificatie",
    "DeleteNotificationMessageText": "Weet je zeker dat je de notificatie ‘{name}’ wil verwijderen?",
    "DeleteTag": "Verwijder Tag",
    "DeleteTagMessageText": "Weet je zeker dat je de tag '{label}' wil verwijderen?",
    "Description": "Beschrijving",
    "Details": "Details",
    "DevelopmentSettings": "Ontwikkelingsinstellingen",
    "Disabled": "Uitgeschakeld",
    "Discord": "Discord",
    "Docker": "Docker",
    "Donations": "Donaties",
    "DownloadClient": "Downloader",
    "DownloadClientSettings": "Downloader Instellingen",
    "DownloadClientStatusAllClientHealthCheckMessage": "Alle downloaders zijn onbeschikbaar wegens fouten",
    "DownloadClientStatusSingleClientHealthCheckMessage": "Downloaders onbeschikbaar wegens fouten: {downloadClientNames}",
    "DownloadClients": "Downloaders",
    "DownloadClientsSettingsSummary": "Clientconfiguratie downloaden voor integratie in {appName} UI-zoekopdracht",
    "Duration": "Duur",
    "Edit": "Bewerk",
    "EditIndexer": "Bewerk Indexeerder",
    "EditSyncProfile": "Synchronisatieprofiel toevoegen",
    "Enable": "Inschakelen",
    "EnableAutomaticSearch": "Schakel automatisch zoeken in",
    "EnableAutomaticSearchHelpText": "Zal worden gebruikt wanneer automatische zoekopdrachten worden uitgevoerd via de gebruikersinterface of door {appName}",
    "EnableIndexer": "Indexer inschakelen",
    "EnableInteractiveSearch": "Schakel interactief zoeken in",
    "EnableInteractiveSearchHelpText": "Zal worden gebruikt wanneer interactief zoeken wordt gebruikt",
    "EnableRss": "RSS inschakelen",
    "EnableRssHelpText": "Rss-feed voor Indexer inschakelen",
    "EnableSSL": "Activeer SSL",
    "EnableSslHelpText": " Vereist herstart als administrator om in werking te treden",
    "Enabled": "Ingeschakeld",
    "Encoding": "Coderen",
    "Ended": "Beëindigd",
    "Error": "Fout",
    "ErrorLoadingContents": "Fout bij laden van inhoud",
    "EventType": "Gebeurtenis Type",
    "Events": "Gebeurtenissen",
    "Exception": "Uitzondering",
    "ExistingTag": "Bestaande tag",
    "Failed": "Mislukt",
    "FeatureRequests": "Functieverzoeken",
    "Filename": "Bestandsnaam",
    "Files": "Bestanden",
    "Filter": "Filter",
    "FilterPlaceHolder": "Zoek indexeerder",
    "Filters": "Filters",
    "Fixed": "Opgelost",
    "FocusSearchBox": "Focus Zoekvak",
    "Folder": "Map",
    "ForMoreInformationOnTheIndividualDownloadClients": "Voor meer informatie over de individuele downloaders, klik op de info knoppen.",
    "FullSync": "Volledige synchronisatie",
    "General": "Algemeen",
    "GeneralSettings": "Algemene Instellingen",
    "GeneralSettingsSummary": "Poort, SSL, gebruikersnaam/wachtwoord, proxy, statistieken en updates",
    "GrabReleases": "Uitgave Ophalen",
    "Grabbed": "Opgehaalde",
    "Grabs": "Gegrepen",
    "Health": "Gezondheid",
    "HealthNoIssues": "Geen problemen gevonden met uw configuratie",
    "HideAdvanced": "Verberg Gevorderd",
    "History": "Geschiedenis",
    "HistoryCleanupDaysHelpText": "Zet op 0 om automatisch opschonen uit te schakelen",
    "HistoryCleanupDaysHelpTextWarning": "Bestanden in de prullenbak ouder dan het geselecteerde aantal dagen zullen automatisch opgeschoond worden",
    "HomePage": "Startpagina",
    "Host": "Host",
    "Hostname": "Hostnaam",
    "Id": "Id",
    "IgnoredAddresses": "Genegeerde Adressen",
    "IllRestartLater": "Ik zal later herstarten",
    "IncludeHealthWarningsHelpText": "Voeg Gezondheidswaarschuwingen Toe",
    "Indexer": "Indexeerder",
    "IndexerAuth": "Indexer-authenticatie",
    "IndexerFlags": "Indexeerder Flags",
    "IndexerHealthCheckNoIndexers": "Geen indexers ingeschakeld, {appName} geeft geen zoekresultaten terug",
    "IndexerLongTermStatusAllUnavailableHealthCheckMessage": "Alle indexeerders zijn niet beschikbaar vanwege storingen gedurende meer dan 6 uur",
    "IndexerLongTermStatusUnavailableHealthCheckMessage": "Indexeerders zijn niet beschikbaar vanwege storingen gedurende meer dan 6 uur: {indexerNames}",
    "IndexerObsoleteCheckMessage": "Indexeerders zijn verouderd of zijn bijgewerkt: {0}. Gelieve te verwijderen en (of) opnieuw toe te voegen aan {appName}",
    "IndexerPriority": "Indexeerder Prioriteit",
    "IndexerPriorityHelpText": "Indexeerder Prioriteit van 1 (Hoogste) tot 50 (Laagste). Standaard: 25.",
    "IndexerProxies": "Indexer-proxy's",
    "IndexerProxy": "Indexeerder-proxy",
    "IndexerProxyStatusAllUnavailableHealthCheckMessage": "Alle proxy's zijn niet beschikbaar vanwege storingen",
    "IndexerProxyStatusUnavailableHealthCheckMessage": "Proxy's niet beschikbaar vanwege storingen: {indexerProxyNames}",
    "IndexerQuery": "Indexeer zoekopdracht",
    "IndexerRss": "Indexeer RSS",
    "IndexerSettingsSummary": "Configureer verschillende globale Indexer-instellingen, waaronder proxy's.",
    "IndexerStatusAllUnavailableHealthCheckMessage": "Alle indexeerders zijn onbeschikbaar wegens fouten",
    "IndexerStatusUnavailableHealthCheckMessage": "Indexeerders onbeschikbaar wegens fouten: {indexerNames}",
    "IndexerTagsHelpText": "Gebruik tags om standaardclients op te geven, Indexeerder-proxy's op te geven of gewoon om uw indexeerders te ordenen.",
    "IndexerVipExpiredHealthCheckMessage": "Indexeerder VIP-voordelen zijn verlopen: {indexerNames}",
    "IndexerVipExpiringHealthCheckMessage": "Indexeerder VIP-voordelen verlopen binnenkort: {indexerNames}",
    "Indexers": "Indexeerders",
    "Info": "Info",
    "InstanceName": "Naam van de instantie",
    "InteractiveSearch": "Interactief Zoeken",
    "Interval": "Tussentijd",
    "KeyboardShortcuts": "Sneltoetsen",
    "Language": "Taal",
    "LastDuration": "Laatste Looptijd",
    "LastExecution": "Laatste Uitvoering",
    "LastWriteTime": "Laatste Modificatietijd",
    "LaunchBrowserHelpText": " Open een web browser en navigeer naar de {appName} startpagina bij het starten van de app.",
    "Level": "Niveau",
    "Link": "Koppelingen",
    "LogFiles": "Logbestanden",
    "LogLevel": "Log Niveau",
    "LogLevelTraceHelpTextWarning": "Trace log niveau moet enkel tijdelijk worden gebruikt",
    "Logging": "Logbeheer",
    "Logs": "Logbestanden",
    "MIA": "MIA",
    "MaintenanceRelease": "Onderhoudsuitgave",
    "Manual": "Manueel",
    "MappedDrivesRunningAsService": "Toegewezen netwerkstation is niet beschikbaar wanneer {appName} wordt uitgevoerd als een Windows Service. Bekijk de Veelgestelde Vragen voor meer informatie",
    "Mechanism": "Mechanisme",
    "Message": "Bericht",
    "Mode": "Modus",
    "MoreInfo": "Meer Info",
    "MovieIndexScrollBottom": "Film Index: Scroll naar onder",
    "MovieIndexScrollTop": "Film Index: Scroll omhoog",
    "Name": "Naam",
    "NetCore": ".NET",
    "New": "Nieuw",
    "NextExecution": "Volgende uitvoering",
    "No": "Nee",
    "NoBackupsAreAvailable": "Geen veiligheidskopieën beschikbaar",
    "NoChange": "Geen Wijziging",
    "NoChanges": "Geen Wijzigingen",
    "NoLeaveIt": "Nee, Ongemoeid Laten",
    "NoLinks": "Geen koppelingen",
    "NoLogFiles": "Geen logbestanden",
    "NoSearchResultsFound": "Geen zoekresultaten gevonden, probeer hieronder een nieuwe zoekopdracht.",
    "NoTagsHaveBeenAddedYet": "Er zijn nog geen tags toegevoegd",
    "NoUpdatesAreAvailable": "Geen updates beschikbaar",
    "Notification": "Melding",
    "NotificationTriggers": "Melding Reactiestarters",
    "NotificationTriggersHelpText": "Selecteer welke gebeurtenissen deze melding moeten activeren",
    "Notifications": "Meldingen",
    "OAuthPopupMessage": "Pop-ups worden geblokkeerd door uw browser",
    "Ok": "Ok",
    "OnApplicationUpdate": "Bij applicatie update",
    "OnApplicationUpdateHelpText": "Bij applicatie update",
    "OnGrab": "Bij Ophalen",
    "OnHealthIssue": "Bij Gezondheidsprobleem",
    "OnHealthIssueHelpText": "Bij Gezondheidsprobleem",
    "OnHealthRestored": "Bij opgelost gezondheidsprobleem",
    "OnHealthRestoredHelpText": "Bij opgelost gezondheidsprobleem",
    "OpenBrowserOnStart": "Open de browser bij het starten",
    "OpenThisModal": "Open deze modal",
    "Options": "Opties",
    "PackageVersion": "Pakket Versie",
    "PageSize": "Pagina Grootte",
    "PageSizeHelpText": "Aantal items om te tonen op iedere pagina",
    "Password": "Wachtwoord",
    "Peers": "Peers",
    "PendingChangesDiscardChanges": "Wijzigingen verwerpen en verdergaan",
    "PendingChangesMessage": "U heeft onopgeslagen wijzigingen, bent u zeker dat u deze pagina wilt sluiten?",
    "PendingChangesStayReview": "Blijf en bekijk de wijzigingen",
    "Port": "Poort",
    "PortNumber": "Poort Nummer",
    "Presets": "Voorinstellingen",
    "Priority": "Prioriteit",
    "Privacy": "Privacy",
    "Protocol": "Protocol",
    "ProwlarrSupportsAnyDownloadClient": "{appName} ondersteund elke downloader die gebruik maakt van de Newznab standaard, tevens ook de ander hieronder weergegeven downloaders.",
    "ProwlarrSupportsAnyIndexer": "{appName} ondersteunt veel indexeerders naast elke indexeerder die de Newznab/Torznab-standaard gebruikt met 'Generic Newznab' (voor usenet) of 'Generic Torznab' (voor torrents). Zoek en selecteer uw indexeerder hieronder.",
    "Proxy": "Proxy",
    "ProxyBypassFilterHelpText": "Gebruik ',' als scheidingsteken en '*' als wildcard voor subdomeinen",
    "ProxyBadRequestHealthCheckMessage": "Testen van proxy is mislukt. Statuscode: {statusCode}",
    "ProxyFailedToTestHealthCheckMessage": "Testen van proxy is mislukt: {url}",
    "ProxyResolveIpHealthCheckMessage": "Achterhalen van het IP-adres voor de geconfigureerde proxy host {proxyHostName} is mislukt",
    "ProxyPasswordHelpText": "Je moet alleen een gebruikersnaam en wachtwoord ingeven als dit vereist is, laat ze anders leeg.",
    "ProxyType": "Proxy Type",
    "ProxyUsernameHelpText": "Je moet alleen een gebruikersnaam en wachtwoord ingeven als dit vereist is, laat ze anders leeg.",
    "Query": "Vraag",
    "Queue": "Wachtrij",
    "Queued": "Afwachtend",
    "Rss": "RSS",
    "RssIsNotSupportedWithThisIndexer": "RSS wordt niet ondersteund door deze indexeerder",
    "ReadTheWikiForMoreInformation": "Lees de Wiki voor meer informatie",
    "Reddit": "Reddit",
    "Redirect": "Omleiden",
    "RedirectHelpText": "Leid inkomend downloadverzoek voor indexeerder om en geef de grijper direct door in plaats van het verzoek via {appName} te proxyen",
    "Refresh": "Vernieuw",
    "RefreshMovie": "Film vernieuwen",
    "ReleaseBranchCheckOfficialBranchMessage": "Branch {0} is geen geldige {appName} release branch, u zult geen updates ontvangen",
    "ReleaseStatus": "Uitgave Status",
    "Reload": "Herlaad",
    "Remove": "Verwijder",
    "RemoveFilter": "Verwijder filter",
    "RemovedFromTaskQueue": "Verwijderd uit taken wachtrij",
    "RemovingTag": "Tag verwijderen",
    "Replace": "Vervangen",
    "Reset": "Reset",
    "ResetAPIKey": "Reset API-sleutel",
    "Restart": "Herstart",
    "RestartNow": "Herstart Nu",
    "RestartProwlarr": "Herstart {appName}",
    "RestartRequiredHelpTextWarning": "Herstarten vereist om in werking te treden",
    "Restore": "Herstellen",
    "RestoreBackup": "Veiligheidskopie Herstellen",
    "Result": "Resultaat",
    "Retention": "Retentie",
    "SSLCertPassword": "SSL Certificaat Wachtwoord",
    "SSLCertPasswordHelpText": "Wachtwoord voor pfx bestand",
    "SSLCertPath": "SSL Certificaat Pad",
    "SSLCertPathHelpText": "Pad naar pfx bestand",
    "SSLPort": "SSL Poort",
    "Save": "Opslaan",
    "SaveChanges": "Wijzigingen Opslaan",
    "SaveSettings": "Instellingen Opslaan",
    "Scheduled": "Gepland",
    "ScriptPath": "Script Pad",
    "Search": "Zoeken",
    "SearchIndexers": "Zoek indexeerders",
    "Security": "Beveiliging",
    "Seeders": "Seeders",
    "SelectAll": "Alles Selecteren",
    "SendAnonymousUsageData": "Zend Anonieme Gebruiksdata",
    "SetTags": "Tags Toepassen",
    "Settings": "Instellingen",
    "SettingsConsoleLogLevel": "Console-logboekniveau",
    "SettingsEnableColorImpairedMode": "Activeer Kleurenblindheid-modus",
    "SettingsEnableColorImpairedModeHelpText": "Aangepaste stijl voor gebruikers die kleurenblind zijn om gemakkelijker kleurgecodeerde informatie te onderscheiden",
    "SettingsFilterSentryEvents": "Analytics-gebeurtenissen filteren",
    "SettingsFilterSentryEventsHelpText": "Filter bekende gebruikersfoutgebeurtenissen zodat ze niet als Analytiek worden verzonden",
    "SettingsIndexerLogging": "Verbeterde logboekregistratie van Indexeerder",
    "SettingsIndexerLoggingHelpText": "Log aanvullende Indexeerder-gegevens inclusief reactie",
    "SettingsLogRotate": "Logboekrotatie",
    "SettingsLogRotateHelpText": "Maximaal aantal logbestanden om te bewaren in de logboek-map",
    "SettingsLogSql": "Log Sql",
    "SettingsLongDateFormat": "Lange Datumnotatie",
    "SettingsShortDateFormat": "Korte Datumnotatie",
    "SettingsShowRelativeDates": "Toon Relatieve Datums",
    "SettingsShowRelativeDatesHelpText": "Toon relatieve (Vandaag/Gisteren/enz.) of absolute datums",
    "SettingsSqlLoggingHelpText": "Log alle SQL-query's van {appName}",
    "SettingsTimeFormat": "Tijdsformaat",
    "ShowAdvanced": "Toon Geavanceerd",
    "ShowSearch": "Toon Zoeken",
    "ShowSearchHelpText": "Toon zoeken knop bij zweven",
    "Shutdown": "Afsluiten",
    "Size": "Grootte",
    "Sort": "Sorteer",
    "Source": "Bron",
    "StartTypingOrSelectAPathBelow": "Begin met typen of selecteer een pad hier beneden",
    "StartupDirectory": "Opstart map",
    "Stats": "Statistieken",
    "Status": "Status",
    "Style": "Stijl",
    "SuggestTranslationChange": "Stel vertaling voor",
    "SyncAppIndexers": "App-indexeerders synchroniseren",
    "SyncLevel": "Synchronisatieniveau",
    "SyncLevelAddRemove": "Alleen toevoegen en verwijderen: wanneer het wordt toegevoegd of verwijderd uit {appName}, wordt deze externe app bijgewerkt.",
    "SyncLevelFull": "Volledige synchronisatie: houdt deze app volledig gesynchroniseerd. Wijzigingen in {appName} worden vervolgens gesynchroniseerd met deze app. Elke wijziging die op afstand wordt aangebracht, wordt bij de volgende synchronisatie overschreven door {appName}.",
    "System": "Systeem",
    "SystemTimeCheckMessage": "De systeemtijd loopt verkeerd met meer dan 1 dag. Geplande taken worden mogelijk niet goed uitgevoerd tot dit is opgelost",
    "TableOptions": "Tabel Opties",
    "TableOptionsColumnsMessage": "Kies welke kolommen zichtbaar zijn en in welke volgorde",
    "TagCannotBeDeletedWhileInUse": "Kan niet verwijderd worden terwijl in gebruik",
    "TagIsNotUsedAndCanBeDeleted": "Tag is niet in gebruik en kan verwijderd worden",
    "Tags": "Tags",
    "TagsHelpText": "Is van toepassing op films met minstens één overeenkomende tag",
    "TagsSettingsSummary": "Bekijk alle tags en hun gebruik. Ongebruikte tags kunnen worden verwijderd",
    "Tasks": "Taken",
    "Test": "Test",
    "TestAll": "Test Alle",
    "TestAllApps": "Alle apps testen",
    "TestAllClients": "Test Alle Downloaders",
    "TestAllIndexers": "Test Alle Indexeerders",
    "TheLatestVersionIsAlreadyInstalled": "De nieuwste versie van {appName} is al geïnstalleerd",
    "Time": "Tijd",
    "Title": "Titel",
    "Today": "Vandaag",
    "Tomorrow": "Morgen",
    "Torrent": "Torrent",
    "Torrents": "Torrents",
    "Type": "Type",
    "UI": "Gebruikersinterface",
    "UILanguage": "Gebruikersinterface Taal",
    "UILanguageHelpText": "Taal die {appName} zal gebruiken voor de gebruikersinterface",
    "UILanguageHelpTextWarning": "Browser Herladen Vereist",
    "UISettings": "Gebruikersinterface Instellingen",
    "UISettingsSummary": "Datum, kleurenblindheid en taal instellingen",
    "URLBase": "URL Basis",
    "UnableToAddANewAppProfilePleaseTryAgain": "Kan geen nieuw applicatieprofiel toevoegen. Probeer het opnieuw.",
    "UnableToAddANewApplicationPleaseTryAgain": "Kan geen nieuwe toepassing toevoegen, probeer het opnieuw.",
    "UnableToAddANewDownloadClientPleaseTryAgain": "Kon geen nieuwe downloader toevoegen, gelieve opnieuw te proberen.",
    "UnableToAddANewIndexerPleaseTryAgain": "Kon geen nieuwe indexeerder toevoegen, gelieve opnieuw te proberen.",
    "UnableToAddANewIndexerProxyPleaseTryAgain": "Kan geen nieuwe Indexeerder-proxy toevoegen. Probeer het opnieuw.",
    "UnableToAddANewNotificationPleaseTryAgain": "Kon geen nieuwe notificatie toevoegen, gelieve opnieuw te proberen.",
    "UnableToLoadAppProfiles": "Kan app-profielen niet laden",
    "UnableToLoadBackups": "Kon geen veiligheidskopieën laden",
    "UnableToLoadDevelopmentSettings": "Kan ontwikkelingsinstellingen niet laden",
    "DownloadClientsLoadError": "Downloaders kunnen niet worden geladen",
    "UnableToLoadGeneralSettings": "Kon Algemene instellingen niet inladen",
    "UnableToLoadHistory": "Kon geschiedenis niet laden",
    "UnableToLoadIndexerProxies": "Kan Indexeerder-proxy's niet laden",
    "UnableToLoadIndexers": "Indexeerders kunnen niet worden geladen",
    "UnableToLoadNotifications": "Notificaties kunnen niet worden geladen",
    "UnableToLoadTags": "Tags kunnen niet worden geladen",
    "UnableToLoadUISettings": "Kon gebruikersinterface instellingen niet inladen",
    "UnsavedChanges": "Onopgeslagen Wijzigingen",
    "UnselectAll": "Alles Deselecteren",
    "UpdateAutomaticallyHelpText": "Download en installeer updates automatisch. Je zal nog steeds kunnen installeren vanuit Systeem: Updates",
    "UpdateStartupNotWritableHealthCheckMessage": "Kan de update niet installeren omdat de map '{startupFolder}' niet schrijfbaar is voor de gebruiker '{userName}'.",
    "UpdateStartupTranslocationHealthCheckMessage": "Kan de update niet installeren omdat de map '{startupFolder}' zich in een 'App Translocation' map bevindt.",
    "UpdateUiNotWritableHealthCheckMessage": "Kan de update niet installeren omdat de UI map '{uiFolder}' niet schrijfbaar is voor de gebruiker '{userName}'.",
    "UpdateMechanismHelpText": "Gebruik de ingebouwde updater van {appName} of een script",
    "UpdateScriptPathHelpText": "Pad naar een aangepast script dat een uitgepakt updatepakket accepteert en de rest van het updateproces afhandelt",
    "Updates": "Updates",
    "Uptime": "Bedrijfstijd",
    "UrlBaseHelpText": "Voor reverse proxy ondersteuning, leeg is standaard",
    "UseProxy": "Gebruik Proxy",
    "Usenet": "Usenet",
    "UserAgentProvidedByTheAppThatCalledTheAPI": "User-Agent geleverd door de app die de API heeft aangeroepen",
    "Username": "Gebruikersnaam",
    "Version": "Versie",
    "View": "Weergave",
    "Warn": "Waarschuwing",
    "Wiki": "Wiki",
    "Yes": "Ja",
    "YesCancel": "Ja, Annuleren",
    "Yesterday": "Gisteren",
    "ApplicationURL": "Applicatie URL",
    "ApplicationUrlHelpText": "De externe URL van deze applicatie inclusief http(s)://,Port en URL base",
    "ApplyTagsHelpTextAdd": "Toevoegen: Voeg de tags toe aan de bestaande tag lijst",
    "ApplyTagsHelpTextHowToApplyApplications": "Hoe tags toe te passen op de geselecteerd films",
    "ApplyTagsHelpTextHowToApplyIndexers": "Hoe tags toepassen op de geselecteerde indexeerders",
    "ApplyTagsHelpTextRemove": "Verwijderen: Verwijder de ingevoerde tags",
    "ApplyTagsHelpTextReplace": "Vervangen: Vervang de tags met de ingevoerde tags (vul geen tags in om alle tags te wissen)",
    "CountIndexersSelected": "{count} Indexer(s) Geselecteerd",
    "DeleteSelectedApplicationsMessageText": "Bent u zeker dat u de indexeerder '{0}' wilt verwijderen?",
    "DeleteSelectedDownloadClients": "Verwijder Downloader",
    "DeleteSelectedDownloadClientsMessageText": "Bent u zeker dat u de indexeerder '{0}' wilt verwijderen?",
    "Season": "Seizoen",
    "SelectIndexers": "Zoek indexeerders",
    "More": "Meer",
    "Theme": "Thema",
    "Track": "Spoor",
    "DeleteSelectedIndexersMessageText": "Bent u zeker dat u de indexeerder '{0}' wilt verwijderen?",
    "DownloadClientPriorityHelpText": "Geef prioriteit aan meerdere downloaders. Round-Robin wordt gebruikt voor downloaders met dezelfde prioriteit.",
    "Genre": "Genres",
    "Year": "Jaar",
    "UpdateAvailableHealthCheckMessage": "Nieuwe update is beschikbaar",
    "Label": "Label",
    "Publisher": "Uitgever",
    "ApplyChanges": "Pas Wijzigingen Toe",
    "CountDownloadClientsSelected": "{count} download client(s) geselecteerd",
    "ConnectionLostReconnect": "Radarr zal automatisch proberen te verbinden, of u kunt hieronder op herladen klikken.",
    "RecentChanges": "Recente wijzigingen",
    "WhatsNew": "Wat is er nieuw?",
    "ConnectionLostToBackend": "Radarr heeft zijn verbinding met de backend verloren en zal moeten worden herladen om de functionaliteit te kunnen herstellen.",
    "minutes": "Minuten",
    "DeleteAppProfileMessageText": "Bent u zeker dat u het kwaliteitsprofiel {0} wilt verwijderen",
    "NotificationStatusSingleClientHealthCheckMessage": "Applicaties onbeschikbaar door fouten",
    "AddConnection": "Voeg connectie toe",
    "NotificationStatusAllClientHealthCheckMessage": "Alle applicaties onbeschikbaar door fouten",
    "AuthBasic": "Basic (Browser Pop-up)",
    "AuthForm": "Formulier (inlogpagina)",
    "DisabledForLocalAddresses": "Uitgeschakeld voor lokale adressen",
    "None": "Geen",
    "ResetAPIKeyMessageText": "Bent u zeker dat u uw API-sleutel wilt resetten?",
    "AddConnectionImplementation": "Voeg connectie toe - {implementationName}",
    "AddDownloadClientImplementation": "Voeg Downloadclient Toe - {implementationName}",
    "AddIndexerImplementation": "Indexeerder toevoegen - {implementationName}",
    "AdvancedSettingsHiddenClickToShow": "Geavanceerde instellingen zijn verborgen, klik om te tonen",
    "AdvancedSettingsShownClickToHide": "Geavanceerde instellingen worden getoond, klik om te verbergen",
    "AppUpdated": "{appName} is geüpdatet",
    "AppUpdatedVersion": "{appName} is geüpdatet naar versie '{version}', om de laatste wijzigingen door te voeren moet je mogelijk {appName} herstarten",
    "AddCategory": "Categorie toevoegen",
    "ActiveIndexers": "Actieve indexeerders",
    "ActiveApps": "Actieve Applicaties",
    "EditConnectionImplementation": "Voeg connectie toe - {implementationName}",
    "EditDownloadClientImplementation": "Voeg Downloadclient toe - {implementationName}",
    "EditIndexerImplementation": "Indexeerder toevoegen - {implementationName}",
    "AddApplicationImplementation": "Voeg connectie toe - {implementationName}",
    "AddIndexerProxyImplementation": "Indexeerder toevoegen - {implementationName}",
    "EditApplicationImplementation": "Voeg connectie toe - {implementationName}",
    "EditIndexerProxyImplementation": "Indexeerder toevoegen - {implementationName}",
    "AuthenticationMethod": "Authenticatiemethode",
    "AuthenticationRequired": "Verificatie vereist",
    "AuthenticationMethodHelpTextWarning": "Selecteer een geldige verificatie methode",
    "AuthenticationRequiredHelpText": "Pas aan welke requests verificatie nodig hebben. Pas niets aan als je de risico's niet begrijpt.",
    "AuthenticationRequiredPasswordHelpTextWarning": "Voer een nieuw wachtwoord in",
    "AuthenticationRequiredPasswordConfirmationHelpTextWarning": "Bevestig het nieuwe wachtwoord",
    "AuthenticationRequiredUsernameHelpTextWarning": "Voeg een nieuwe gebruikersnaam in",
    "AuthenticationRequiredWarning": "Om toegang zonder authenticatie te voorkomen vereist {appName} nu verificatie. Je kan dit optioneel uitschakelen voor lokale adressen.",
    "Episode": "aflevering",
    "CountApplicationsSelected": "{count} Collectie(s) geselecteerd",
    "BlackholeFolderHelpText": "De map waarin {appName} het {extension} bestand opslaat",
    "GrabRelease": "Uitgave Ophalen",
    "PrioritySettings": "Prioriteit: {priority}",
    "Artist": "artiest",
    "IndexerHDBitsSettingsMediums": "Gemiddeld",
    "IndexerHDBitsSettingsCodecs": "Codec",
    "Directory": "Map",
    "ProxyValidationBadRequest": "Testen van proxy is mislukt. Statuscode: {statusCode}",
    "CustomFilter": "Aangepaste Filters",
    "Any": "Elke",
    "BuiltIn": "Ingebouwd",
    "Script": "Script",
    "PublishedDate": "Publicatie Datum",
    "Redirected": "Omleiden",
    "AllSearchResultsHiddenByFilter": "Alle resultaten zijn verborgen door het toegepaste filter"
}
