{
    "About": "关于",
    "AcceptConfirmationModal": "接受确认模组",
    "Actions": "动作",
    "Add": "添加",
    "AddApplication": "添加应用程序",
    "AddCustomFilter": "添加自定义过滤器",
    "AddDownloadClient": "添加下载客户端",
    "AddDownloadClientToProwlarr": "添加下载客户端允许 {appName} 在进行手动搜索时从 UI直接发送结果.",
    "AddIndexer": "添加索引器",
    "AddIndexerProxy": "添加搜刮器代理",
    "AddNewIndexer": "添加新的索引器",
    "AddRemoveOnly": "仅添加和删除",
    "AddSyncProfile": "添加同步配置文件",
    "AddToDownloadClient": "添加发布到下载客户端",
    "Added": "已添加",
    "AddedToDownloadClient": "发布已添加档案到客户端",
    "AddingTag": "添加标签",
    "Age": "年龄",
    "All": "全部",
    "AllIndexersHiddenDueToFilter": "由于应用了筛选器，所有索引器都被隐藏。",
    "Analytics": "分析",
    "AnalyticsEnabledHelpText": "将匿名使用情况和错误信息发送到{appName}的服务器。这包括有关您的浏览器的信息、您使用的{appName} WebUI页面、错误报告以及操作系统和运行时版本。我们将使用此信息来确定功能和错误修复的优先级。",
    "ApiKey": "接口密钥 (API Key)",
    "ApiKeyValidationHealthCheckMessage": "请将API密钥更新为至少{length}个字符长。您可以通过设置或配置文件执行此操作",
    "AppDataDirectory": "AppData目录",
    "AppDataLocationHealthCheckMessage": "正在更新期间的 AppData 不会被更新删除",
    "AppProfileInUse": "正在使用的应用程序配置文件",
    "AppProfileSelectHelpText": "应用程序配置用于控制应用程序同步设置 RSS、自动搜索和交互式搜索设置",
    "AppSettingsSummary": "配置{appName}与PVR程序交互方式的应用和设置",
    "Application": "程序",
    "ApplicationLongTermStatusCheckAllClientMessage": "由于故障超过6小时，所有程序都不可用",
    "ApplicationLongTermStatusCheckSingleClientMessage": "由于故障超过6小时而无法使用的程序：{0}",
    "ApplicationStatusCheckAllClientMessage": "由于故障所用应用程序都不可用",
    "ApplicationStatusCheckSingleClientMessage": "由于故障应用程序不可用",
    "ApplicationURL": "应用程序 URL",
    "ApplicationUrlHelpText": "此应用的外部URL，包含 http(s)://、端口和基本URL",
    "Applications": "程序",
    "Apply": "应用",
    "ApplyTags": "应用标签",
    "Apps": "应用程序",
    "AreYouSureYouWantToDeleteCategory": "您确定要删除映射分类吗？",
    "Artist": "艺术家",
    "AudioSearch": "音频搜索",
    "Auth": "认证",
    "Authentication": "认证",
    "AuthenticationMethodHelpText": "需要用户名和密码以访问 {appName}",
    "AuthenticationRequired": "需要身份验证",
    "AuthenticationRequiredHelpText": "修改哪些请求需要认证。除非你了解其中的风险，否则不要更改。",
    "AuthenticationRequiredWarning": "为了防止未经身份验证的远程访问，{appName} 现在需要启用身份验证。您可以禁用本地地址的身份验证。",
    "Author": "作者",
    "Automatic": "自动化",
    "AutomaticSearch": "自动搜索",
    "AverageResponseTimesMs": "索引器平均响应时间(毫秒)",
    "Backup": "备份",
    "BackupFolderHelpText": "相对路径将在 {appName} 的 AppData 目录下",
    "BackupIntervalHelpText": "自动备份时间间隔",
    "BackupNow": "马上备份",
    "BackupRetentionHelpText": "超过保留期限的自动备份将被自动清理",
    "Backups": "历史备份",
    "BeforeUpdate": "更新前",
    "BindAddress": "绑定地址",
    "BindAddressHelpText": "有效的 IP 地址、localhost、或以'*'代表所有接口",
    "Book": "图书",
    "BookSearch": "图书搜索",
    "BookSearchTypes": "搜索图书类型",
    "Branch": "分支",
    "BranchUpdate": "更新{appName}的分支",
    "BranchUpdateMechanism": "外部更新机制使用的分支",
    "BypassProxyForLocalAddresses": "对局域网地址不使用代理",
    "Cancel": "取消",
    "CancelPendingTask": "您确定要取消这个挂起的任务吗？",
    "Categories": "分类",
    "Category": "分类",
    "CertificateValidation": "验证证书",
    "CertificateValidationHelpText": "改变HTTPS证书验证的严格程度",
    "ChangeHasNotBeenSavedYet": "修改暂未保存",
    "Clear": "清除",
    "ClearHistory": "清楚历史",
    "ClearHistoryMessageText": "您确定要清除{appName}所有的历史记录吗？",
    "ClientPriority": "客户端优先级",
    "CloneProfile": "复制配置",
    "Close": "关闭",
    "CloseCurrentModal": "关闭当前模组",
    "Columns": "列",
    "Component": "组件",
    "Connect": "通知",
    "ConnectSettings": "连接设置",
    "ConnectSettingsSummary": "通知和自定义脚本",
    "ConnectionLost": "连接丢失",
    "Connections": "连接",
    "CouldNotConnectSignalR": "无法连接至SignalR，不会升级UI",
    "Custom": "自定义",
    "CustomFilters": "自定义过滤器",
    "DatabaseMigration": "数据库迁移版本",
    "Database": "数据库",
    "Date": "日期",
    "Dates": "日期",
    "Delete": "删除",
    "DeleteAppProfile": "删除应用配置文件",
    "DeleteApplication": "删除应用程序",
    "DeleteApplicationMessageText": "您确定要删除应用程序“{name}”吗?",
    "DeleteBackup": "删除备份",
    "DeleteBackupMessageText": "您确定要删除备份“{name}”吗?",
    "DeleteClientCategory": "删除下载客户端分类",
    "DeleteDownloadClient": "删除下载客户端",
    "DeleteDownloadClientMessageText": "你确定要删除下载客户端 “{name}” 吗？",
    "DeleteIndexerProxy": "删除搜刮器代理",
    "DeleteIndexerProxyMessageText": "您确定要删除索引器代理“{name}”吗?",
    "DeleteNotification": "删除消息推送",
    "DeleteNotificationMessageText": "您确定要删除通知“{name}”吗?",
    "DeleteTag": "删除标签",
    "DeleteTagMessageText": "您确定要删除标签 '{label}' 吗？",
    "Description": "描述",
    "Details": "详情",
    "DevelopmentSettings": "开发设置",
    "Disabled": "禁用",
    "DisabledUntil": "禁用Until",
    "Discord": "分歧",
    "Docker": "Docker",
    "Donations": "赞助",
    "DownloadClient": "下载客户端",
    "DownloadClientCategory": "下载客户端分类",
    "DownloadClientSettings": "下载客户端设置",
    "DownloadClientStatusAllClientHealthCheckMessage": "所有下载客户端都不可用",
    "DownloadClientStatusSingleClientHealthCheckMessage": "所有下载客户端都不可用： {downloadClientNames}",
    "DownloadClients": "下载客户端",
    "DownloadClientsSettingsSummary": "下载客户端配置以集成到 {appName} UI 搜索中",
    "Duration": "时长",
    "Edit": "编辑",
    "EditIndexer": "编辑搜刮器",
    "EditSyncProfile": "编辑同步配置文件",
    "ElapsedTime": "运行时间",
    "Enable": "启用",
    "EnableAutomaticSearch": "启用自动搜索",
    "EnableAutomaticSearchHelpText": "当自动搜索通过UI或{appName}执行时将被使用",
    "EnableIndexer": "启用搜刮器",
    "EnableInteractiveSearch": "启用手动搜索",
    "EnableInteractiveSearchHelpText": "当手动搜索启用时使用",
    "EnableRss": "启用RSS",
    "EnableRssHelpText": "为搜刮器启用 RSS订阅",
    "EnableSSL": "启用 SSL",
    "EnableSslHelpText": " 重启生效",
    "Enabled": "已启用",
    "EnabledRedirected": "启用, 修改",
    "Encoding": "编码",
    "Ended": "已完结",
    "Episode": "集",
    "Error": "错误",
    "ErrorLoadingContents": "加载内容出错",
    "EventType": "事件类型",
    "Events": "事件",
    "Exception": "例外",
    "ExistingTag": "已有标签",
    "Failed": "失败",
    "FeatureRequests": "功能建议",
    "Filename": "文件名",
    "Files": "文件",
    "Filter": "过滤",
    "FilterPlaceHolder": "搜刮器搜索",
    "Filters": "过滤器",
    "Fixed": "已修复",
    "FocusSearchBox": "聚焦搜索框",
    "Folder": "文件夹",
    "ForMoreInformationOnTheIndividualDownloadClients": "有关个别下载客户端的详细信息，请单击info按钮。",
    "FullSync": "完全同步",
    "General": "通用",
    "GeneralSettings": "通用设置",
    "GeneralSettingsSummary": "端口、SSL、用户名/密码、代理、分析、更新",
    "Genre": "类型",
    "GrabReleases": "抓取版本",
    "GrabTitle": "抓取标题",
    "Grabbed": "已抓取",
    "Grabs": "抓取",
    "Health": "健康度",
    "HealthNoIssues": "您的设置没有问题",
    "HideAdvanced": "隐藏高级设置",
    "History": "历史记录",
    "HistoryCleanup": "清理历史记录",
    "HistoryCleanupDaysHelpText": "设置为0关闭自动清理",
    "HistoryCleanupDaysHelpTextWarning": "回收站中的文件在超出选择的天数后会被自动清理",
    "HistoryDetails": "历史详情",
    "HomePage": "主页",
    "Host": "主机",
    "Hostname": "主机名",
    "Id": "Id",
    "IgnoredAddresses": "已忽略地址",
    "IllRestartLater": "稍后重启",
    "IncludeHealthWarningsHelpText": "包含健康度警告",
    "IncludeManualGrabsHelpText": "安装手动抓取{appName}",
    "Indexer": "索引器",
    "IndexerAlreadySetup": "至少已经设置了一个索引器",
    "IndexerAuth": "搜刮器认证",
    "IndexerDetails": "‎索引器‎‎详细信息‎",
    "IndexerDisabled": "索引器已被禁用",
    "IndexerFailureRate": "Indexer失败率",
    "IndexerFlags": "搜刮器标记",
    "IndexerHealthCheckNoIndexers": "未启用任何搜刮器，{appName}将不会返回搜索结果",
    "IndexerInfo": "索引器信息",
    "IndexerLongTermStatusAllUnavailableHealthCheckMessage": "由于故障超过6小时，所有搜刮器均不可用",
    "IndexerLongTermStatusUnavailableHealthCheckMessage": "由于故障6小时，下列搜刮器都已不可用：{indexerNames}",
    "IndexerName": "‎索引‎‎名字‎",
    "IndexerNoDefinitionCheckHealthCheckMessage": "索引器没有定义，将无法工作: {0}. 请删除或重新添加到{appName}",
    "IndexerObsoleteCheckMessage": "搜刮器已过弃用或已更新：{0}。请将其删除和（或）重新添加到 {appName}",
    "IndexerPriority": "搜刮器优先级",
    "IndexerPriorityHelpText": "索引器优先级从1(最高)到50(最低)，默认25。",
    "IndexerProxies": "搜刮器代理",
    "IndexerProxy": "搜刮器代理",
    "IndexerProxyStatusAllUnavailableHealthCheckMessage": "所有搜刮器都因错误不可用",
    "IndexerProxyStatusUnavailableHealthCheckMessage": "搜刮器因错误不可用：{indexerProxyNames}",
    "IndexerQuery": "搜刮器查询",
    "IndexerRss": "搜刮器RSS",
    "IndexerSettingsSummary": "配置全局索引器设置，包括代理。",
    "IndexerSite": "‎索引‎‎网站‎",
    "IndexerStatusAllUnavailableHealthCheckMessage": "所有搜刮器都因错误不可用",
    "IndexerStatusUnavailableHealthCheckMessage": "搜刮器因错误不可用：{indexerNames}",
    "IndexerTagsHelpText": "使用标签来指定索引器代理或索引器同步到哪些应用程序。",
    "IndexerVipExpiredHealthCheckMessage": "索引器VIP特权已过期：{indexerNames}",
    "IndexerVipExpiringHealthCheckMessage": "索引器VIP特权即将过期：{indexerNames}",
    "Indexers": "索引器",
    "Info": "信息",
    "InitialFailure": "初始化失败",
    "InstanceName": "中文",
    "InstanceNameHelpText": "选项卡及日志应用名称",
    "InteractiveSearch": "手动搜索",
    "Interval": "间隔",
    "KeyboardShortcuts": "快捷键",
    "Label": "标签",
    "Language": "语言",
    "LastDuration": "上一次用时",
    "LastExecution": "上一次执行",
    "LastFailure": "最后一次失败",
    "LastWriteTime": "最后写入时间",
    "LaunchBrowserHelpText": " 启动浏览器时导航到{appName} 主页。",
    "Level": "等级",
    "Link": "链接",
    "LogFiles": "日志文件",
    "LogLevel": "日志等级",
    "LogLevelTraceHelpTextWarning": "追踪日志只应该暂时启用",
    "Logging": "日志记录中",
    "Logs": "日志",
    "MIA": "MIA",
    "MaintenanceRelease": "维护版本：修复错误及其他改进，参见Github提交 查看更多详情",
    "Manual": "手动",
    "MappedCategories": "映射分类",
    "MappedDrivesRunningAsService": "映射的网络驱动器在作为Windows服务运行时不可用。请参阅常见问题解答了解更多信息",
    "MassEditor": "批量编辑器",
    "Mechanism": "机制",
    "Message": "信息",
    "MinimumSeeders": "最少播种量",
    "MinimumSeedersHelpText": "用于索引器抓取的应用程序所需的最小播种量",
    "Mode": "模式",
    "More": "更多",
    "MoreInfo": "更多信息",
    "MovieIndexScrollBottom": "影片索引：滚动到底部",
    "MovieIndexScrollTop": "影片索引：滚动到顶部",
    "MovieSearch": "搜索电影",
    "MovieSearchTypes": "‎影片‎‎搜索‎‎类型‎",
    "MusicSearchTypes": "‎音乐‎‎搜索‎‎类型‎",
    "Name": "名称",
    "NetCore": ".NET",
    "New": "新的",
    "NextExecution": "接下来执行",
    "No": "否",
    "NoBackupsAreAvailable": "无备份可用",
    "NoChange": "无修改",
    "NoChanges": "无修改",
    "NoLeaveIt": "不，就这样",
    "NoLinks": "无链接",
    "NoLogFiles": "没有日志文件",
    "NoSearchResultsFound": "无搜索结果，请在下面尝试新的搜索。",
    "NoTagsHaveBeenAddedYet": "未添加标签",
    "NoUpdatesAreAvailable": "无可用更新",
    "NotSupported": "‎不支持‎",
    "Notification": "通知",
    "NotificationTriggers": "通知触发器",
    "NotificationTriggersHelpText": "选择触发此通知的事件",
    "Notifications": "通知",
    "OAuthPopupMessage": "您的浏览器已禁止弹出页面",
    "Ok": "完成",
    "OnApplicationUpdate": "程序更新时",
    "OnApplicationUpdateHelpText": "在程序更新时",
    "OnGrab": "运行中",
    "OnGrabHelpText": "运行中",
    "OnHealthIssue": "健康度异常",
    "OnHealthIssueHelpText": "健康度异常",
    "OpenBrowserOnStart": "打开浏览器时启动",
    "OpenThisModal": "打开该模组",
    "Options": "选项",
    "PackageVersion": "Package版本",
    "PageSize": "页面大小",
    "PageSizeHelpText": "每页显示的项目数",
    "Parameters": "参数",
    "Password": "密码",
    "Peers": "用户",
    "PendingChangesDiscardChanges": "舍弃修改并退出",
    "PendingChangesMessage": "您有未保存的修改，确定要退出本页么？",
    "PendingChangesStayReview": "留下检查更改",
    "Port": "端口",
    "PortNumber": "端口号",
    "Presets": "预设",
    "Priority": "优先级",
    "Privacy": "隐私",
    "Private": "私有",
    "Protocol": "协议",
    "ProwlarrSupportsAnyDownloadClient": "{appName} 支持以下列出的下载客户端。",
    "ProwlarrSupportsAnyIndexer": "{appName}支持多种搜刮器，包括任何使用Newznab/Torznab标准的搜刮器（“通用Newznab”对应Usenet，“Generic Torznab”对应Torrents）。从以下搜索并选择你的搜刮器。",
    "Proxies": "代理",
    "Proxy": "代理",
    "ProxyBypassFilterHelpText": "使用“ , ”作为分隔符，和“ *. ”作为二级域名的通配符",
    "ProxyBadRequestHealthCheckMessage": "测试代理失败。状态码:{statusCode}",
    "ProxyFailedToTestHealthCheckMessage": "测试代理失败: {url}",
    "ProxyResolveIpHealthCheckMessage": "无法解析已设置的代理服务器主机{proxyHostName}的IP地址",
    "ProxyPasswordHelpText": "如果需要，您只需要输入用户名和密码，否则就让它们为空。",
    "ProxyType": "代理类型",
    "ProxyUsernameHelpText": "如果需要，您只需要输入用户名和密码。否则就让它们为空。",
    "Public": "公开",
    "Publisher": "发布者",
    "Query": "查询字段",
    "QueryOptions": "查询选项",
    "QueryResults": "查询结果",
    "Queue": "队列",
    "Queued": "队列中",
    "Rss": "RSS",
    "RssIsNotSupportedWithThisIndexer": "该搜刮器不支持RSS",
    "RawSearchSupported": "‎支持原始‎‎搜索‎",
    "ReadTheWikiForMoreInformation": "查阅Wiki获得更多信息",
    "Reddit": "Reddit",
    "Redirect": "重定向",
    "RedirectHelpText": "重定向搜刮器的传入下载请求并直接传递抓取，而不是通过{appName}代理请求搜刮器",
    "Refresh": "刷新",
    "RefreshMovie": "刷新影片",
    "ReleaseBranchCheckOfficialBranchMessage": "分支 {0} 不是合法的{appName}发布分支，您不会收到任何更新",
    "ReleaseStatus": "发布状态",
    "Reload": "重新加载",
    "Remove": "移除",
    "RemoveFilter": "移除过滤器",
    "RemovedFromTaskQueue": "从任务队列中移除",
    "RemovingTag": "移除标签",
    "RepeatSearch": "再次搜索",
    "Replace": "替换",
    "Reset": "重置",
    "ResetAPIKey": "重置API Key",
    "Restart": "重启",
    "RestartNow": "马上重启",
    "RestartProwlarr": "重启{appName}",
    "RestartRequiredHelpTextWarning": "需要重新启动才能生效",
    "Restore": "恢复",
    "RestoreBackup": "恢复备份",
    "Result": "结果",
    "Retention": "保留",
    "RssFeed": "RSS订阅",
    "SSLCertPassword": "SSL证书密码",
    "SSLCertPasswordHelpText": "pfx文件密码",
    "SSLCertPath": "SSL证书路径",
    "SSLCertPathHelpText": "pfx文件路径",
    "SSLPort": "SSL端口",
    "Save": "保存",
    "SaveChanges": "保存更改",
    "SaveSettings": "保存设置",
    "Scheduled": "计划中",
    "ScriptPath": "脚本路径",
    "Search": "搜索",
    "SearchCapabilities": "‎搜索‎‎能力‎",
    "SearchIndexers": "搜刮器搜索",
    "SearchType": "搜索类型",
    "SearchTypes": "搜索类型",
    "Season": "季",
    "Security": "安全",
    "Seeders": "种子",
    "SelectAll": "选择全部",
    "SemiPrivate": "‎半私有‎",
    "SendAnonymousUsageData": "发送匿名使用数据",
    "SetTags": "设置标签",
    "Settings": "设置",
    "SettingsConsoleLogLevel": "控制台日志级别",
    "SettingsEnableColorImpairedMode": "启用色障模式",
    "SettingsEnableColorImpairedModeHelpText": "改变样式，以允许有颜色障碍的用户更好地区分颜色编码信息",
    "SettingsFilterSentryEvents": "筛选分析事件",
    "SettingsFilterSentryEventsHelpText": "过滤已知的用户错误事件，不让其作为分析报告发送",
    "SettingsIndexerLogging": "增强型搜刮器日志",
    "SettingsIndexerLoggingHelpText": "记录额外的搜刮器数据，包括响应",
    "SettingsLogRotate": "日志轮替",
    "SettingsLogRotateHelpText": "保存在日志文件夹中的最大日志文件数",
    "SettingsLogSql": "事务日志",
    "SettingsLongDateFormat": "长时间格式",
    "SettingsShortDateFormat": "短日期格式",
    "SettingsShowRelativeDates": "显示相对日期",
    "SettingsShowRelativeDatesHelpText": "显示相对日期（今天昨天等）或绝对日期",
    "SettingsSqlLoggingHelpText": "记录来自{appName}的所有SQL查询",
    "SettingsTimeFormat": "时间格式",
    "ShowAdvanced": "显示高级设置",
    "ShowSearch": "显示搜索",
    "ShowSearchHelpText": "悬停时显示搜索按钮",
    "Shutdown": "关机",
    "Size": "大小",
    "Sort": "排序",
    "Source": "来源",
    "StartTypingOrSelectAPathBelow": "输入路径或者从下面选择",
    "Started": "已开始",
    "StartupDirectory": "启动目录",
    "Stats": "统计数据",
    "Status": "状态",
    "StopSelecting": "停止选择",
    "Style": "类型",
    "SuggestTranslationChange": "建议翻译改变 Suggest translation change",
    "SyncAppIndexers": "同步应用索引",
    "SyncLevel": "同步级别",
    "SyncLevelAddRemove": "仅添加和删除：当索引器从 {appName} 添加或删除时，它将更新与此关联的应用程序。",
    "SyncLevelFull": "完全同步：将保持此应用的索引器完全同步。当在{appName}中所做的更改将同步到与此关联的应用程序。任何关联应用上的更改都将在下次同步时被{appName}覆盖。",
    "SyncProfile": "同步配置文件",
    "SyncProfiles": "同步配置文件",
    "System": "系统",
    "SystemTimeCheckMessage": "系统时间相差超过1天。在纠正时间之前，计划的任务可能无法正确运行",
    "TVSearchTypes": "‎电视‎‎搜索‎‎类型‎",
    "TableOptions": "表格选项",
    "TableOptionsColumnsMessage": "选择显示哪些列并排序",
    "TagCannotBeDeletedWhileInUse": "使用中无法删除",
    "TagIsNotUsedAndCanBeDeleted": "标签未被使用，可删除",
    "Tags": "标签",
    "TagsHelpText": "适用于至少有一个匹配标签的索引器",
    "TagsSettingsSummary": "显示全部标签和标签使用情况，可删除未使用的标签",
    "Tasks": "任务",
    "Test": "测试",
    "TestAll": "测试全部",
    "TestAllApps": "测试全部应用",
    "TestAllClients": "测试全部客户端",
    "TestAllIndexers": "测试全部搜刮器",
    "TheLatestVersionIsAlreadyInstalled": "已安装最新版本的{appName}",
    "Theme": "主题",
    "ThemeHelpText": "更改应用程序UI主题，“自动”主题将使用您的操作系统主题设置亮或暗模式。灵感来源于{inspirredby}。",
    "Time": "时间",
    "Title": "标题",
    "Today": "今天",
    "Tomorrow": "明天",
    "Torrent": "Torrents",
    "Torrents": "种子",
    "TvSearch": "搜索剧集",
    "Type": "类型",
    "UI": "UI界面",
    "UILanguage": "UI界面语言",
    "UILanguageHelpText": "{appName}使用的UI界面语言",
    "UILanguageHelpTextWarning": "浏览器需重新加载",
    "UISettings": "UI设置",
    "UISettingsSummary": "日期，语言及色盲选项",
    "URLBase": "基本URL",
    "UnableToAddANewAppProfilePleaseTryAgain": "无法添加新影片质量配置，请稍后重试。",
    "UnableToAddANewApplicationPleaseTryAgain": "无法添加新通知，请稍后重试。",
    "UnableToAddANewDownloadClientPleaseTryAgain": "无法添加下载客户端，请稍后重试。",
    "UnableToAddANewIndexerPleaseTryAgain": "无法添加搜刮器，请稍后重试。",
    "UnableToAddANewIndexerProxyPleaseTryAgain": "无法添加搜刮器，请稍后重试。",
    "UnableToAddANewNotificationPleaseTryAgain": "无法添加新通知，请稍后重试。",
    "UnableToLoadAppProfiles": "无法加载应用配置",
    "UnableToLoadBackups": "无法加载备份",
    "UnableToLoadDevelopmentSettings": "无法加载开发设置",
    "DownloadClientsLoadError": "无法加载下载客户端",
    "UnableToLoadGeneralSettings": "无法加载通用设置",
    "UnableToLoadHistory": "无法加载历史记录",
    "UnableToLoadIndexerProxies": "无法加载索引器代理",
    "UnableToLoadIndexers": "无法加载搜刮器",
    "UnableToLoadNotifications": "无法加载通知连接",
    "UnableToLoadTags": "无法加载标签",
    "UnableToLoadUISettings": "无法加载UI设置",
    "UnsavedChanges": "未保存更改",
    "UnselectAll": "取消选择全部",
    "UpdateAutomaticallyHelpText": "自动下载并安装更新。你还可以在“系统：更新”中安装",
    "UpdateAvailableHealthCheckMessage": "有新的更新可用",
    "UpdateStartupNotWritableHealthCheckMessage": "无法安装更新，因为用户“{userName}”对于启动文件夹“{startupFolder}”没有写入权限。",
    "UpdateStartupTranslocationHealthCheckMessage": "无法安装更新，因为启动文件夹“{0}”在一个应用程序迁移文件夹。Cannot install update because startup folder '{startupFolder}' is in an App Translocation folder.",
    "UpdateUiNotWritableHealthCheckMessage": "无法安装升级，因为用户“{userName}”不可写入界面文件夹“{uiFolder}”。",
    "UpdateMechanismHelpText": "使用 {appName} 内置的更新程序或脚本",
    "UpdateScriptPathHelpText": "自定义脚本的路径，该脚本处理获取的更新包并处理更新过程的其余部分",
    "Updates": "更新",
    "Uptime": "运行时间",
    "Url": "Url",
    "UrlBaseHelpText": "对于反向代理支持，默认为空",
    "UseProxy": "使用代理",
    "Usenet": "Usenet",
    "UserAgentProvidedByTheAppThatCalledTheAPI": "由调用API的应用程序提供的User-Agent",
    "Username": "用户名",
    "Version": "版本",
    "View": "查看",
    "VipExpiration": "VIP过期",
    "Warn": "警告",
    "Website": "‎网站‎",
    "Wiki": "Wiki",
    "Year": "年",
    "Yes": "确定",
    "YesCancel": "确定，取消",
    "Yesterday": "昨天",
    "Album": "专辑",
    "Track": "追踪",
    "ApplyChanges": "应用更改",
    "ApplyTagsHelpTextAdd": "添加: 添加标签至已有的标签列表中",
    "CountDownloadClientsSelected": "已选择 {count} 个下载客户端",
    "CountIndexersSelected": "已选择 {count} 个索引器",
    "DeleteSelectedDownloadClientsMessageText": "您确定要删除 {count} 个选定的下载客户端吗?",
    "DeleteSelectedIndexersMessageText": "您确定要删除{count}选定的索引器吗?",
    "EditSelectedDownloadClients": "编辑选定的下载客户端",
    "Implementation": "执行",
    "ManageDownloadClients": "管理下载客户端",
    "NoDownloadClientsFound": "找不到下载客户端",
    "NoIndexersFound": "未找到索引器",
    "SelectIndexers": "搜刮器搜索",
    "ApplyTagsHelpTextHowToApplyApplications": "如何给选中的电影添加标签",
    "ApplyTagsHelpTextHowToApplyIndexers": "如何将标签应用到已选择的索引器",
    "ApplyTagsHelpTextReplace": "替换: 用输入的标签替换当前标签 (不输入将会清除所有标签)",
    "DeleteSelectedApplicationsMessageText": "您确定要删除{count}选定的应用程序吗?",
    "DeleteSelectedDownloadClients": "删除下载客户端",
    "DownloadClientPriorityHelpText": "优先考虑多个下载客户端，循环查询用于具有相同优先级的客户端。",
    "EditSelectedIndexers": "编辑选定的索引器",
    "OnHealthRestored": "健康度恢复",
    "OnHealthRestoredHelpText": "健康度恢复",
    "ApplyTagsHelpTextRemove": "移除: 移除已输入的标签",
    "TotalHostGrabs": "主机总抓取数",
    "TotalHostQueries": "主机总请求数",
    "AdvancedSettingsHiddenClickToShow": "高级设置已隐藏，点击展开",
    "AdvancedSettingsShownClickToHide": "高级设置已展开，点击隐藏",
    "AppsMinimumSeedersHelpText": "使用索引器抓去所需的最低种子数，如果为空，则同步配置文件的默认值",
    "BasicSearch": "基础搜索",
    "CountIndexersAvailable": "{count}索引器可用",
    "DeleteSelectedApplications": "删除选中的应用程序",
    "DeleteSelectedIndexer": "删除选中的索引器",
    "DeleteSelectedIndexers": "删除选中的索引器",
    "FoundCountReleases": "找到{itemCount}版本",
    "IndexerCategories": "索引器分类",
    "IndexerDownloadClientHelpText": "请确认在{appName}内从此索引器中抓取时使用的下载客户端",
    "IndexerStatus": "索引器状态",
    "NewznabUrl": "Newznab链接",
    "PackSeedTimeHelpText": "种子下载的时间（季或专辑）应在停止前保持上传状态，应用程序默认设定为empty",
    "QueryType": "请求类型",
    "SeedRatioHelpText": "种子停止下载前应达到的比率，应用的默认设置为空",
    "SeedTime": "做种时间",
    "SearchCountIndexers": "搜索了{count}个索引器",
    "SeedRatio": "种子分享率",
    "GoToApplication": "前往应用程序",
    "NoHistoryFound": "未发现历史记录",
    "SelectedCountOfCountReleases": "选中{itemCount} 中的 {selectedCount} 版本",
    "AreYouSureYouWantToDeleteIndexer": "您确定要从{appName}中删除“{name}”吗?",
    "AuthQueries": "认证请求",
    "CountApplicationsSelected": "{count}应用程序被选中",
    "ManageApplications": "管理应用程序",
    "RssQueries": "RSS请求",
    "SearchAllIndexers": "搜索所有索引器",
    "SearchQueries": "搜索请求",
    "SeedTimeHelpText": "种子停止下载前应做种的时长，应用的默认设置为空",
    "TorznabUrl": "Torznab链接",
    "days": "天",
    "minutes": "分钟",
    "ConnectionLostReconnect": "{appName} 将会尝试自动连接，您也可以点击下方的重新加载。",
    "DeleteAppProfileMessageText": "您确定要删除备份“{name}”吗？",
    "RecentChanges": "最近修改",
    "ConnectionLostToBackend": "{appName} 与后端的链接已断开，需要重新加载恢复功能。",
    "WhatsNew": "什么是新的？",
    "AddApplicationImplementation": "添加应用-{实体名称}",
    "AddConnection": "添加连接",
    "AddIndexerImplementation": "添加索引器 - {implementationName}",
    "AddCategory": "添加目录",
    "AddConnectionImplementation": "添加连接- {implementationName}",
    "AddDownloadClientImplementation": "添加下载客户端- {implementationName}",
    "AddIndexerProxyImplementation": "添加搜刮器代理-{实体名称}",
    "AppUpdated": "{appName} 升级",
    "EditDownloadClientImplementation": "编辑下载客户端- {implementationName}",
    "EditIndexerImplementation": "编辑索引器- {implementationName}",
    "EditIndexerProxyImplementation": "添加搜刮器代理-{实体名称}",
    "AppUpdatedVersion": "{appName} 已经更新到 {version} 版本，重新加载 {appName} 使更新生效",
    "EditApplicationImplementation": "添加应用-{实体名称}",
    "EditConnectionImplementation": "编辑连接- {implementationName}",
    "NotificationStatusAllClientHealthCheckMessage": "由于故障所用应用程序都不可用",
    "NotificationStatusSingleClientHealthCheckMessage": "由于故障应用程序不可用",
    "AuthBasic": "基础（浏览器弹出对话框）",
    "AuthForm": "表单（登陆页面）",
    "AuthenticationMethod": "认证方式",
    "AuthenticationMethodHelpTextWarning": "请选择一个有效的身份验证方式",
    "AuthenticationRequiredPasswordHelpTextWarning": "请输入新密码",
    "AuthenticationRequiredUsernameHelpTextWarning": "请输入新用户名",
    "Clone": "复制",
    "DefaultNameCopiedProfile": "{name} - 复制",
    "DisabledForLocalAddresses": "在本地地址上禁用",
    "External": "外部的",
    "None": "无",
    "ResetAPIKeyMessageText": "您确定要重置您的 API 密钥吗？",
    "IndexerDownloadClientHealthCheckMessage": "有无效下载客户端的索引器：{indexerNames}。",
    "ApplicationTagsHelpTextWarning": "标签应该谨慎使用，它们可能会产生意想不到的效果。带有标签的应用程序只会与具有相同标签的索引器同步。",
    "EditCategory": "编辑分类",
    "IndexerHistoryLoadError": "加载索引器历史记录出错",
    "NoIndexerHistory": "没有找到此索引器的历史记录",
    "TotalGrabs": "总抓取量",
    "TotalIndexerQueries": "索引器查询总数",
    "TotalIndexerSuccessfulGrabs": "总索引器成功抓取",
    "TotalQueries": "总查询",
    "TotalUserAgentGrabs": "总用户代理抓取",
    "TotalUserAgentQueries": "用户代理查询总数",
    "ApplicationTagsHelpText": "将没有标记或具有1个或多个匹配标记的索引器同步到此应用程序",
    "IndexerTagsHelpTextWarning": "标签应该谨慎使用，它们可能会产生意想不到的效果。带有标签的索引器只会与带有相同标签的应用同步。",
    "ActiveIndexers": "活动索引器",
    "ActiveApps": "活动应用程序",
    "AppsMinimumSeeders": "应用程序最少种子数",
    "PackSeedTime": "做种时间",
    "PasswordConfirmation": "确认密码",
    "AuthenticationRequiredPasswordConfirmationHelpTextWarning": "确认新密码",
    "InvalidUILanguage": "您的UI设置为无效语言，请纠正并保存设置",
    "NoIndexerCategories": "没有找到此索引器的分类",
    "DownloadClientQbittorrentSettingsContentLayout": "内容布局",
    "DownloadClientQbittorrentSettingsContentLayoutHelpText": "是否使用 qBittorrent 配置的内容布局，使用种子的原始布局或始终创建子文件夹（qBittorrent 4.3.2+）",
    "DownloadClientAriaSettingsDirectoryHelpText": "可选的下载位置，留空使用 Aria2 默认位置",
    "ManageClients": "管理客户端",
    "CustomFilter": "自定义过滤器",
    "BlackholeFolderHelpText": "{appName} 将在其中存储 {extension} 文件的文件夹",
    "ApplicationSettingsSyncRejectBlocklistedTorrentHashes": "在抓取时不会同步黑名单种子",
    "UsenetBlackholeNzbFolder": "NZB文件夹",
    "DownloadClientFreeboxSettingsAppIdHelpText": "创建访问 Freebox API 所需的 App ID（即“app_id”）",
    "DownloadClientNzbgetSettingsAddPausedHelpText": "此选项至少需要 NzbGet 版本 16.0",
    "DownloadClientQbittorrentSettingsSequentialOrderHelpText": "按顺序下载文件（qBittorrent 4.1.0+）",
    "TorrentBlackholeSaveMagnetFilesHelpText": "如果没有可用的 .torrent 文件，请保存磁力链接（仅当下载客户端支持保存到文件的磁力连接时才有用）",
    "DownloadClientFloodSettingsAdditionalTags": "附加标签",
    "DownloadClientFreeboxSettingsApiUrl": "API 地址",
    "DownloadClientFreeboxSettingsAppId": "App ID",
    "DownloadClientDelugeSettingsUrlBaseHelpText": "向 deluge json url 添加前缀，请参阅 {url}",
    "DownloadClientFloodSettingsUrlBaseHelpText": "为 Flood API 添加前缀，例如 {url}",
    "DownloadClientFreeboxSettingsAppToken": "App Token",
    "DownloadClientFreeboxSettingsAppTokenHelpText": "创建访问 Freebox API 所需的 App token（即“ app_token”）",
    "DownloadClientQbittorrentSettingsInitialStateHelpText": "添加到 qBittorrent 的种子的初始状态。 请注意，强制做种不遵守种子限制",
    "GrabRelease": "抓取版本",
    "ManualGrab": "手动抓取",
    "OverrideAndAddToDownloadClient": "覆盖并添加到下载队列",
    "OverrideGrabModalTitle": "覆盖并抓取 - {title}",
    "PrioritySettings": "优先级: {priority}",
    "SelectDownloadClientModalTitle": "{modalTitle} - 选择下载客户端",
    "Donate": "捐赠",
    "DownloadClientPneumaticSettingsNzbFolder": "NZB文件夹",
    "DownloadClientPneumaticSettingsNzbFolderHelpText": "需要从 XBMC 访问此文件夹",
    "DownloadClientQbittorrentSettingsSequentialOrder": "按顺序下载",
    "DownloadClientRTorrentSettingsAddStopped": "添加后暂停",
    "DownloadClientRTorrentSettingsAddStoppedHelpText": "启用将在停止状态下向 rTorrent 添加 torrent 和磁力链接。 这可能会破坏磁力文件。",
    "DownloadClientRTorrentSettingsDirectoryHelpText": "用于放置下载的可选位置，留空以使用默认的 rTorrent 位置",
    "DownloadClientRTorrentSettingsUrlPath": "URL 地址",
    "IndexerSettingsSeedRatio": "做种比率",
    "SecretToken": "密钥令牌",
    "XmlRpcPath": "XML RPC 路径",
    "ApplicationSettingsSyncRejectBlocklistedTorrentHashesHelpText": "如果 torrent 的哈希被屏蔽了，某些索引器在使用RSS或者搜索期间可能无法正确拒绝它，启用此功能将允许在抓取 torrent 之后但在将其发送到客户端之前拒绝它。",
    "DownloadClientDownloadStationSettingsDirectoryHelpText": "用于存放下载内容的可选共享文件夹，留空以使用默认的 Download Station 位置",
    "DownloadClientFloodSettingsAdditionalTagsHelpText": "添加媒体属性作为标签。 提示是示例。",
    "DownloadClientFreeboxSettingsApiUrlHelpText": "使用 API 版本定义 Freebox API 基本 URL，例如“{url}”，默认为“{defaultApiUrl}”",
    "DownloadClientPneumaticSettingsStrmFolder": "Strm 文件夹",
    "DownloadClientQbittorrentSettingsFirstAndLastFirstHelpText": "首先下载第一个和最后一个片段（qBittorrent 4.1.0+）",
    "DownloadClientQbittorrentSettingsUseSslHelpText": "使用安全连接。 请参阅 qBittorrent 中的「选项 -> Web UI -> “使用 HTTPS 而不是 HTTP”」。",
    "DownloadClientRTorrentSettingsUrlPathHelpText": "XMLRPC 端点的路径，请参阅 {url}。 使用 ruTorrent 时，这通常是 RPC2 或 [ruTorrent 路径]{url2}。",
    "DownloadClientSettingsDestinationHelpText": "手动指定下载目录，留空使用默认值",
    "DownloadClientSettingsInitialState": "初始状态",
    "DownloadClientSettingsInitialStateHelpText": "添加到 {clientName} 的种子初始状态",
    "DownloadClientTransmissionSettingsDirectoryHelpText": "可选的下载位置，留空以使用默认传输位置",
    "DownloadClientTransmissionSettingsUrlBaseHelpText": "向 {clientName} RPC URL 添加前缀，例如 {url}，默认为 '{defaultUrl}'",
    "IndexerSettingsAppsMinimumSeeders": "应用程序最少种子数",
    "IndexerSettingsPackSeedTimeIndexerHelpText": "种子下载的时间（季或专辑）应在停止前保持上传状态，应用程序默认设定为empty",
    "IndexerHDBitsSettingsOriginsHelpText": "如果未指定，则使用所有选项。",
    "DownloadClientFreeboxSettingsHostHelpText": "Freebox 的主机名或主机 IP 地址，默认为“{url}”（仅在同一网络上有效）",
    "DownloadClientFreeboxSettingsPortHelpText": "用于访问 Freebox 接口的端口，默认为 '{port}'",
    "DownloadClientQbittorrentSettingsFirstAndLastFirst": "先下载首尾文件块",
    "DownloadClientSettingsAddPaused": "添加并暂停",
    "DownloadClientSettingsUrlBaseHelpText": "向 {clientName} url 添加前缀，例如 {url}",
    "DownloadClientSettingsUseSslHelpText": "连接到 {clientName} 时使用安全连接",
    "IndexerBeyondHDSettingsSearchTypes": "搜索类型",
    "IndexerSettingsApiPath": "API 路径",
    "IndexerSettingsApiPathHelpText": "API 的路径，通常是 {url}",
    "IndexerSettingsAppsMinimumSeedersHelpText": "使用索引器抓去所需的最低种子数，如果为空，则同步配置文件的默认值",
    "IndexerSettingsAdditionalParameters": "附加参数",
    "IndexerSettingsSeedTime": "做种时间",
    "IndexerSettingsVipExpiration": "VIP过期",
    "Menu": "菜单",
    "Mixed": "混合",
    "TorrentBlackholeSaveMagnetFilesExtension": "保存磁力链接文件扩展名",
    "TorrentBlackholeSaveMagnetFilesExtensionHelpText": "用于磁力链接的扩展名，默认为“.magnet”",
    "Destination": "目标",
    "Directory": "目录",
    "IndexerHDBitsSettingsCodecs": "编解码器",
    "IndexerHDBitsSettingsMediums": "媒介",
    "IndexerHDBitsSettingsMediumsHelpText": "如果未指定，则使用所有选项。",
    "IndexerSettingsPackSeedTime": "做种时间",
    "IndexerSettingsCookie": "Cookie",
    "ProxyValidationBadRequest": "测试代理失败。状态码:{statusCode}",
    "ProxyValidationUnableToConnect": "无法连接到索引器：{exceptionMessage}。 检查有关此错误的日志以了解详细信息",
    "DownloadClientFloodSettingsTagsHelpText": "下载的初始标签。 要被识别，下载必须具有所有初始标签。 这可以避免与不相关的下载发生冲突。",
    "DownloadClientPneumaticSettingsStrmFolderHelpText": "该文件夹中的 .strm 文件将由 drone 导入",
    "IndexerHDBitsSettingsCodecsHelpText": "如果未指定，则使用所有选项。",
    "IndexerSettingsSeedRatioHelpText": "种子在停止之前应达到的比率，留空使用下载客户端的默认值。 比率应至少为 1.0 并遵循索引器规则",
    "IndexerSettingsSeedTimeHelpText": "停止前应做种的时间，留空使用下载客户端的默认值",
    "TorrentBlackholeSaveMagnetFiles": "保存磁力链接文件",
    "TorrentBlackholeTorrentFolder": "种子文件夹",
    "UseSsl": "使用 SSL",
    "Default": "默认",
    "Any": "任何",
    "BuiltIn": "内置的",
    "Script": "脚本",
    "InfoUrl": "信息 URL",
    "PublishedDate": "发布日期",
    "Redirected": "重定向",
    "AllSearchResultsHiddenByFilter": "根据过滤条件所有结果已隐藏"
}
