{
    "About": "O",
    "Actions": "Akcije",
    "AddedToDownloadQueue": "Dodano u red za preuzimanje",
    "Activity": "Aktivnost",
    "KeyboardShortcutsConfirmModal": "Prihvati Modal Potvrde",
    "AddCustomFormat": "Dodaj Prilagođeni Format",
    "AddDelayProfile": "Dodaj Profil Odgode",
    "AddDownloadClient": "Dodaj Klijenta za Preuzimanje",
    "Added": "Dodano",
    "AddExclusion": "Dodaj Iznimku",
    "AddListExclusionMovieHelpText": "Spriječi dodavanje ovog filma na {appName} preko listi",
    "AddIndexer": "Dodaj Indexer",
    "AddingTag": "Dodaj oznaku",
    "AddImportListExclusion": "Dodaj na Listu Isključenja",
    "AddMovie": "Dodaj Film",
    "AddMovies": "Dodaj Filmove",
    "AddNew": "Dodaj Novo",
    "AddNewMessage": "Lako je dodati nove filmove, samo kreni upisivati ime filma kojeg želiš dodati",
    "AddNewMovie": "Dodaj Novi Film",
    "AddNewTmdbIdMessage": "Možeš pretraživati koristeći TMDb id filma. npr 'tmdb:71663'",
    "AddQualityProfile": "Dodaj Profil Kvalitete",
    "AddRestriction": "Dodaj Ograničenje",
    "AddRootFolder": "Dodaj Korijensku Mapu",
    "ApplicationUrlHelpText": "Vanjski URL ove aplikacije uključuje http(s)://, port i URL base",
    "ApplyTags": "Primjeni Oznake",
    "AptUpdater": "Koristi apt kako bi instalirao ažuriranje",
    "ICalShowAsAllDayEventsHelpText": "Događaji će se pojaviti kao cjelodnevni događaji u Vašem kalendaru",
    "AudioInfo": "Informacije o Zvuku",
    "AuthBasic": "Osnovno (Skočni prozor preglednika)",
    "Always": "Uvijek",
    "Analytics": "Analitika",
    "ApiKey": "API ključ",
    "Apply": "Primjeni",
    "Authentication": "Autentikacija",
    "Backup": "Sigurnosna kopija",
    "BackupNow": "Napravi sigurnosnu kopiju sada",
    "Backups": "Sigurnosna kopija",
    "Blocklist": "Blok Lista",
    "Blocklisted": "Na Blok Listi",
    "Branch": "Grana",
    "Calendar": "Kalendar",
    "Cancel": "Otkaži",
    "Clear": "Očisti",
    "Collection": "Kolekcija",
    "Collections": "Kolekcija",
    "Connect": "Poveži",
    "Connection": "Veze",
    "Connections": "Veze",
    "Crew": "Tim",
    "Custom": "Prilagođeno",
    "CustomFormat": "Prilagođeni format",
    "CustomFormats": "Prilagođeni format",
    "Cutoff": "Prekid",
    "DelayProfile": "Profil Odgode",
    "DelayProfiles": "Profil Odgode",
    "Delete": "Obriši",
    "Deleted": "Obriši",
    "Details": "detalji",
    "Disabled": "onemogućeno",
    "Discord": "Discord",
    "Docker": "Docker",
    "DownloadClient": "Klijent za preuzimanje",
    "DownloadClients": "Klijent za preuzimanje",
    "Enable": "Omogući",
    "Enabled": "Omogući",
    "Events": "Događaj",
    "File": "Datoteka",
    "Files": "Datoteka",
    "Filter": "Filter",
    "Filters": "Filteri",
    "Formats": "Format",
    "Grab": "Dohvati",
    "Host": "Domaćin",
    "Hostname": "Ime Domaćina",
    "ICalFeed": "iCal Feed",
    "ICalLink": "iCal Link",
    "IMDb": "IMDb",
    "Indexer": "Indekser",
    "Indexers": "Indekseri",
    "Info": "Informacije",
    "Language": "jezik",
    "Metadata": "metapodaci",
    "DotNetVersion": ".NET",
    "Quality": "kvalitet",
    "QualityProfile": "profil kvalitete",
    "QualityProfiles": "profil kvalitete",
    "Title": "naslov",
    "ImportLists": "Lista",
    "LocalPath": "Local Path",
    "Movie": "Film",
    "Movies": "Filmovi",
    "Password": "Lozinka",
    "Peers": "Peers",
    "Posters": "Naslovnice",
    "PreferredProtocol": "Preferirani protokol",
    "Protocol": "Protokol",
    "RecyclingBin": "Koš za Smeće",
    "Reddit": "Reddit",
    "Refresh": "Osvježi",
    "RemotePathMappings": "Daljinsko Mapiranje Portova",
    "Remove": "Ukloni",
    "Replace": "Zamijeni",
    "Required": "Zahtjevaj",
    "Reset": "Resetiraj",
    "Restrictions": "Zabrane",
    "RootFolder": "Korijenska Mapa",
    "RootFolders": "Korijenska Mapa",
    "Rss": "RSS",
    "Runtime": "Vrijeme Izvođenja",
    "Scheduled": "Zakazano",
    "Search": "Traži",
    "Theme": "Tema",
    "TMDb": "TMDb",
    "Torrents": "Torrenti",
    "Ui": "Korisničko sučelje",
    "Add": "Dodaj",
    "Age": "Starost",
    "Agenda": "Agenda",
    "AddRemotePathMapping": "Dodaj mapiranje mrežne putanje",
    "EditRemotePathMapping": "Daljinsko Mapiranje Portova",
    "Letterboxd": "Letterboxd",
    "Languages": "jezik",
    "ImportList": "Lista",
    "New": "Novo",
    "Port": "Port",
    "Queue": "Red",
    "Queued": "Red",
    "Rating": "Ocjena",
    "Ratings": "Ocjena",
    "Reload": "ponovno učitaj",
    "Seeders": "Seederi",
    "Settings": "Postavke",
    "Titles": "Naslovi",
    "Updates": "Ažuriraj",
    "UrlBase": "URL Base",
    "Usenet": "Usenet",
    "Username": "Korisničko Ime",
    "AuthenticationMethodHelpText": "Zahtjevaj korisničko ime i lozinku za pristup {appName}u",
    "AuthForm": "Forme (Login Stranica)",
    "Auto": "Automatski",
    "Automatic": "Automatski",
    "AutomaticSearch": "Automatska Pretraga",
    "AutoRedownloadFailedHelpText": "Automatski pretraži i pokušaj preuzeti drukčiju verziju",
    "AutoUnmonitorPreviouslyDownloadedMoviesHelpText": "U {appName}u se automatski isključuje nadzor za filmove koji su izbrisani sa diska",
    "AvailabilityDelay": "Mogućnost Odgode",
    "AvailabilityDelayHelpText": "Vremenski iznos prije ili nakon dostupnog datuma za pretragu filma",
    "BackupFolderHelpText": "Relativne putanje će biti unutar {appName}ovog AppData direktorija",
    "BackupIntervalHelpText": "Interval između automatskih sigurnosnih kopija",
    "BackupRetentionHelpText": "Automatske sigurnosne kopije starije od vremena zadržavanja će biti očišćene automatski",
    "BeforeUpdate": "Prije ažuriranja",
    "BindAddress": "Poveži Adrese",
    "BindAddressHelpText": "Ispravna IP adresa, localhost ili '*' za sva sučelja",
    "BlocklistRelease": "Verzija Blok Liste",
    "BlocklistReleases": "Verzije Blok Liste",
    "BranchUpdate": "Grana korištena za ažuriranje {appName}a",
    "BranchUpdateMechanism": "Grana korištena od strane vanjskog mehanizma za ažuriranje",
    "BuiltIn": "Ugrađeno",
    "BypassDelayIfHighestQuality": "Zaobiđi ako je Najviši Kvalitet",
    "BypassDelayIfHighestQualityHelpText": "Zaobiđi odgodu ako verzija ima omogućen najviši kvalitet u profilu kvalitete za vanjske protokole",
    "EditQualityProfile": "Dodaj Profil Kvalitete",
    "EditRestriction": "Dodaj Ograničenje",
    "ShowQualityProfile": "Dodaj Profil Kvalitete",
    "YouCanAlsoSearch": "Možeš pretraživati koristeći TMDb id filma. npr 'tmdb:71663'",
    "AddToDownloadQueue": "Dodano u red za preuzimanje",
    "DeleteTagMessageText": "Jeste li sigurni da želite obrisati oznaku formata {0}?",
    "EditCustomFormat": "Dodaj Prilagođeni Format",
    "EditDelayProfile": "Dodaj Profil Odgode",
    "EditImportListExclusion": "Dodaj na Listu Isključenja",
    "ChownGroupHelpTextWarning": "Ovo jedino radi ako je korisnik koji je pokrenuo {appName} vlasnik datoteke. Bolje je osigurati da klijent za preuzimanje koristi istu grupu kao {appName}.",
    "AfterManualRefresh": "Nakon Ručnog Osvježavanja",
    "AgeWhenGrabbed": "Starost (kada bude dohvaćeno)",
    "All": "Sve",
    "AllCollectionsHiddenDueToFilter": "Sve kolekcije su skrivene zbog primjenjenog filtera.",
    "AllFiles": "Sve Datoteke",
    "AllMoviesHiddenDueToFilter": "Svi filmovi su skriveni zbog primjenjenog filtera.",
    "AllMoviesInPathHaveBeenImported": "Svi filmovi u {0} su uvezeni",
    "AllowHardcodedSubs": "Dozvoli hardkodirane prijevode",
    "AllowHardcodedSubsHelpText": "Otkriveni hardkodirani prijevodi će biti automatski preuzeti",
    "AllResultsHiddenFilter": "Svi rezultati su skriveni zbog primjenjenog filtera",
    "AlreadyInYourLibrary": "Već je u Vašoj biblioteci",
    "AlternativeTitle": "Alternativni Naslov",
    "AnalyseVideoFiles": "Analiziraj video datoteke",
    "AnalyticsEnabledHelpText": "Pošalji anonimnu informaciju o uporabi i pogreškama {appName} serverima. Ovo uključuje informacije o Vašem pregledniku, koje {appName} WebUI stranice koristite, prijave o greškama kao i o OS i runtime verziji. Ove podatke koristimo kako bismo dali prioritet značajkama i popravili greške.",
    "Announced": "Najavljeno",
    "AnnouncedMovieDescription": "Film je najavljen",
    "AppDataDirectory": "AppData direktorij",
    "ApplicationURL": "URL Aplikacije",
    "BypassProxyForLocalAddresses": "Zaobiđi Proxy za Lokalne Adrese",
    "CalendarOptions": "Opcije Kalendara",
    "CancelPendingTask": "Jeste li sigurni da želite otkazati ovaj zadatak na čekanju?",
    "CancelProcessing": "Otkaži Procesiranje",
    "CantFindMovie": "Zašto ne mogu pronaći moj film?",
    "Cast": "Filmska Postava",
    "CertificateValidation": "Potvrda Certifikata",
    "CertificateValidationHelpText": "Promijenite strogoću validacije HTTPS certifikata. Nemojte promijeniti ako ne razumijete rizik.",
    "Certification": "Certifikacija",
    "CertificationCountry": "Država Certifikacije",
    "CertificationCountryHelpText": "Odaberite Državu za Certfikaciju Filmova",
    "CertValidationNoLocal": "Onemogućeno za Lokalne Adrese",
    "ChangeFileDate": "Promijeni Datum Datoteke",
    "ChangeHasNotBeenSavedYet": "Promjene još nisu spremljene",
    "CheckDownloadClientForDetails": "provjerite klienta za preuzimanje za još detalja",
    "CheckForFinishedDownloadsInterval": "Interval Provjere Završenih Preuzimanja",
    "ChmodFolder": "chmod Mapa",
    "ChmodFolderHelpText": "Octal, primjenjeno na dokumentima i mapama tijekom uvoza/promjene imena (bez izvršnih bitova)",
    "ChmodFolderHelpTextWarning": "Ovo jedino radi ako je korisnik koji je pokrenuo {appName} vlasnik datoteke. Bolje je osigurati da klijent za preuzimanje postavi dozvolu ispravno.",
    "ChownGroupHelpText": "Naziv grupe ili gid. Koristite gid za udaljene sustave datoteka.",
    "ChooseAnotherFolder": "Odaberite Drugu Mapu",
    "ChooseImportMode": "Odaberite Način Uvoza",
    "AppDataLocationHealthCheckMessage": "Ažuriranje ne može spriječiti brisanje AppData pri ažuriranju",
    "CleanLibraryLevel": "Očisti Razinu Biblioteke",
    "ClickToChangeLanguage": "Klikni za promjenu jezika",
    "ClickToChangeMovie": "Klikni za promjenu filma",
    "ClickToChangeQuality": "Klikni za promjenu kvalitete",
    "ClickToChangeReleaseGroup": "Klikni za promjenu grupe verzije",
    "ClientPriority": "Prioritet Klijenata",
    "CloneCustomFormat": "Kloniraj Prilagođeni Format",
    "CloneIndexer": "Kloniraj Indekser",
    "CloneProfile": "Kloniraj Profil",
    "Close": "Zatvori",
    "KeyboardShortcutsCloseModal": "Zatvori Trenutni Modal",
    "CollectionOptions": "Opcije Kolekcije",
    "CollectionShowDetailsHelpText": "Prikaži status i svojstva kolekcije",
    "CollectionShowOverviewsHelpText": "Prikaži pregled kolekcije",
    "CollectionShowPostersHelpText": "Prikaži Kolekciju postera",
    "CountCollectionsSelected": "{count} Kolekcija odabrano",
    "ColonReplacement": "Zamjena Zareza",
    "ColonReplacementFormatHelpText": "izmijeni kako {appName} upravlja zamjenama zareza",
    "TableColumns": "Stupci",
    "DeleteBackupMessageText": "Jeste li sigurni da želite obrisati oznaku formata {0}?",
    "DeleteCustomFormat": "Kloniraj Prilagođeni Format",
    "DeleteDownloadClientMessageText": "Jeste li sigurni da želite obrisati oznaku formata {0}?",
    "DeleteIndexerMessageText": "Jeste li sigurni da želite obrisati oznaku formata {0}?",
    "DeleteNotificationMessageText": "Jeste li sigurni da želite obrisati oznaku formata {0}?",
    "ExportCustomFormat": "Dodaj Prilagođeni Format",
    "ImportCustomFormat": "Dodaj Prilagođeni Format",
    "SomeResultsHiddenFilter": "Svi rezultati su skriveni zbog primjenjenog filtera",
    "DeleteRemotePathMapping": "Daljinsko Mapiranje Portova",
    "DeleteDelayProfileMessageText": "Jeste li sigurni da želite obrisati ovaj profil odgode?",
    "DeleteFormatMessageText": "Jeste li sigurni da želite obrisati oznaku formata {0}?",
    "DeleteImportListExclusionMessageText": "Jeste li sigurni da želite izbrisati ovu uvoznu listu isključenja?",
    "DeleteCustomFormatMessageText": "Jeste li sigurni da želite obrisati oznaku formata {name}?",
    "DeleteConditionMessageText": "Jeste li sigurni da želite obrisati oznaku formata {0}?",
    "RemoveSelectedItemQueueMessageText": "Jeste li sigurni da želite izbrisati stavku {0} iz reda?",
    "RemoveSelectedItemsQueueMessageText": "Jeste li sigurni da želite izbrisati stavku {0} iz reda?",
    "ResetAPIKeyMessageText": "Jeste li sigurni da želite resetirati vaš API Ključ?",
    "ApplyTagsHelpTextRemove": "Ukloni: Ukloni unešene oznake",
    "ApplyTagsHelpTextReplace": "Zamijeni: Zamijeni oznake sa unešenim oznakama (ostavi prazno kako bi poništio oznake)",
    "ApplyTagsHelpTextAdd": "Dodaj: Dodaj oznake u postojeću listu oznaka",
    "ApplyTagsHelpTextHowToApplyIndexers": "Kako primjeniti oznake za odabrane filmove",
    "Size": "Veličina",
    "Result": "Rezultat",
    "Today": "Danas",
    "Sort": "Sortiraj",
    "Status": "Status",
    "Tomorrow": "Sutra",
    "Priority": "Prioritet",
    "UnselectAll": "Odznači sve",
    "Version": "Verzija",
    "UseProxy": "Koristi proxy",
    "History": "Povijest",
    "RestartNow": "Resetiraj sad",
    "Restart": "Resetiraj",
    "RemoveFilter": "Ukloni filter",
    "System": "Sustav",
    "Type": "Tip",
    "Health": "Zdravlje",
    "Name": "Ime",
    "Ok": "Ok",
    "Year": "Godina",
    "YesCancel": "Da, otkaži",
    "Source": "Izvor",
    "Yesterday": "Jučer",
    "Style": "Stil",
    "Save": "Spremi",
    "SaveChanges": "Spremi izmjene",
    "KeyboardShortcutsSaveSettings": "Spremi postavke",
    "Options": "Opcije",
    "Security": "Sigurnost",
    "SelectAll": "Odaberi sve",
    "Time": "Vrijeme",
    "FormatAgeMinutes": "minute",
    "FormatAgeDays": "dani",
    "AutoTaggingSpecificationTag": "Oznaka",
    "DeleteAutoTagHelpText": "Jeste li sigurni da želite obrisati ovaj profil odgode?",
    "Directory": "Direktorij",
    "NotificationsSimplepushSettingsEvent": "Događaj",
    "Minutes": "minute",
    "Genres": "Žanr",
    "DeleteSpecificationHelpText": "Jeste li sigurni da želite obrisati ovaj profil odgode?",
    "FormatAgeMinute": "minute",
    "No": "Ne",
    "DeleteReleaseProfileMessageText": "Jeste li sigurni da želite obrisati ovaj profil odgode?",
    "DisabledForLocalAddresses": "Onemogućeno za Lokalne Adrese",
    "ApplyTagsHelpTextHowToApplyDownloadClients": "Kako primjeniti oznake za odabrane filmove",
    "ApplyTagsHelpTextHowToApplyImportLists": "Kako primjeniti oznake za odabrane filmove",
    "DeleteImportListMessageText": "Jeste li sigurni da želite obrisati oznaku formata {0}?",
    "ReleaseProfiles": "profil verzije",
    "RemoveQueueItemConfirmation": "Jeste li sigurni da želite izbrisati stavku {0} iz reda?",
    "Lists": "Lista",
    "AddListExclusion": "Dodaj na Listu Isključenja",
    "RestartRadarr": "Resetiraj {appName}",
    "DeleteQualityProfileMessageText": "Jeste li sigurni da želite obrisati ovaj profil odgode?",
    "Label": "Oznaka",
    "Yes": "Da",
    "Release": "verzija",
    "ApplyTagsHelpTextHowToApplyMovies": "Kako primjeniti oznake za odabrane filmove",
    "Released": "verzija",
    "DeleteImportListExclusion": "Dodaj na Listu Isključenja",
    "ImportListExclusions": "Dodaj na Listu Isključenja",
    "DownloadClientSettingsRecentPriority": "Prioritet Klijenata",
    "DeleteRootFolderMessageText": "Jeste li sigurni da želite obrisati ovaj profil odgode?",
    "DeleteSelectedImportListExclusionsMessageText": "Jeste li sigurni da želite izbrisati ovu uvoznu listu isključenja?",
    "DeleteSelectedCustomFormats": "Kloniraj Prilagođeni Format",
    "AlternativeTitlesLoadError": "Neuspješno učitavanje alternativnih naslova.",
    "AppUpdated": "{appName} Ažuriran",
    "AuthenticationRequiredWarning": "Kako bi se spriječio udaljeni pristup bez autentikacije, {appName} sad zahtjeva da autentikacija bude omogućena. Izborno se može onemogućiti autentikacija s lokalnih adresa.",
    "AuthenticationRequiredPasswordConfirmationHelpTextWarning": "Potvrdi novu lozinku",
    "AddCondition": "Dodaj Uvjet",
    "AddAutoTag": "Dodaj AutoOznaku",
    "AllTitles": "Svi Naslovi",
    "AddConditionImplementation": "Dodaj Uvjet - {implementationName}",
    "AddConnection": "Dodaj vezu",
    "AddConnectionImplementation": "Dodaj Vezu - {implementationName}",
    "AddImportList": "Dodaj Listu Za Uvoz",
    "AddImportListImplementation": "Dodaj Listu Za Uvoz - {implementationName}",
    "AddIndexerImplementation": "Dodaj Indexer - {implementationName}",
    "AddDownloadClientImplementation": "Dodaj Klijenta za Preuzimanje- {implementationName}",
    "ApplyChanges": "Primjeni Promjene",
    "AnnouncedMovieAvailabilityDescription": "Filmovi se smatraju dostupnim čim su dodani u {appName}.",
    "AuthenticationRequired": "Potrebna Autentikacija",
    "AudioLanguages": "Audio Jezici",
    "AuthenticationRequiredPasswordHelpTextWarning": "Unesi novu lozinku",
    "AuthenticationRequiredUsernameHelpTextWarning": "Unesi novo korisničko ime",
    "AuthenticationMethod": "Metoda Autentikacije",
    "AuthenticationMethodHelpTextWarning": "Molimo odaberi ispravnu metodu autentikacije",
    "AutoRedownloadFailed": "Ponovno preuzimanje neuspješno",
    "AutoRedownloadFailedFromInteractiveSearch": "Ponovno preuzimanje iz Interaktivne Pretrage neuspješno",
    "ApiKeyValidationHealthCheckMessage": "Molimo ažuriraj svoj API ključ da ima barem {length} znakova. Ovo možeš uraditi u postavkama ili konfiguracijskoj datoteci",
    "AddRootFolderError": "Neuspješno dodavanje korijenske mape",
    "AnalyseVideoFilesHelpText": "Čitanje video informacija kao što su rezolucija, vrijeme izvođenja i kodek iz datoteka. Ovo zahtjeva da {appName} čita dijelove datoteke što može uzrokovati visoku aktivnost diska ili mreže tijekom skeniranja.",
    "AddConditionError": "Neuspješno dodavanje novog uvjeta, molimo pokušaj ponovno.",
    "AddAutoTagError": "Neuspješno dodavanje automatske oznake, molimo pokušaj ponovno.",
    "AddImportListExclusionError": "Neuspješno dodavanje na listu za isključenje, molimo pokušaj ponovno.",
    "AddIndexerError": "Neuspješno dodavanje novog indexera, molimo pokušaj ponovno.",
    "AddListError": "Neuspješno dodavanje nove liste, molimo pokušaj ponovno.",
    "AddNewRestriction": "Dodaj novo ograničenje",
    "AddNotificationError": "Neuspješno dodavanje nove obavijesti, molimo pokušaj ponovno.",
    "AddQualityProfileError": "Neuspješno dodavanje novog profila kvalitete, molimo pokušaj ponovno.",
    "AddReleaseProfile": "Dodaj profil verzije",
    "AddRemotePathMappingError": "Neuspješno dodavanje novog mapiranja mrežne putanje, molimo pokušaj ponovno.",
    "AddCustomFormatError": "Neuspješno dodavanje novog prilagođenog formata, molimo pokušaj ponovno.",
    "AddDelayProfileError": "Neuspješno dodavanje profila odgode, molimo pokušaj ponovno.",
    "AddDownloadClientError": "Nesupješno dodavanje klijenta za preuzimanje, molimo pokušaj ponovno.",
    "Any": "BIlo koji",
    "AppUpdatedVersion": "{appName} je ažuriran na verziju '{version}', kako bi najnovije promjene bile aktivne potrebno je ponovno učitati {appName}",
    "UnableToLoadRootFolders": "Neuspješno dodavanje korijenske mape",
    "EditReleaseProfile": "Dodaj profil verzije",
    "EditDownloadClientImplementation": "Dodaj Klijenta za Preuzimanje- {implementationName}",
    "EditImportListImplementation": "Dodaj Listu Za Uvoz - {implementationName}",
    "EditIndexerImplementation": "Dodaj Indexer - {implementationName}",
    "EditConnectionImplementation": "Dodaj Vezu - {implementationName}",
    "EditConditionImplementation": "Dodaj Vezu - {implementationName}",
    "DownloadFailed": "Ponovno preuzimanje neuspješno",
    "Clone": "Zatvori",
    "Reason": "Sezona",
    "Delay": "Odgoda",
    "DeleteSelectedMovieFilesHelpText": "Jeste li sigurni da želite obrisati ovaj profil odgode?",
    "AutoTaggingSpecificationStatus": "Status",
    "AutoTaggingSpecificationOriginalLanguage": "jezik",
    "AutoTaggingSpecificationQualityProfile": "Profil Kvalitete",
    "AutoTaggingSpecificationRootFolder": "Korijenska Mapa",
    "CustomFormatsSpecificationLanguage": "jezik",
    "CustomFormatsSpecificationResolution": "Razlučivost",
    "CustomFormatsSpecificationSource": "Izvor",
    "ImportListsTraktSettingsRating": "Ocjena",
    "ImportListsTraktSettingsCertification": "Certifikacija",
    "ImportListsTraktSettingsGenres": "Žanr",
    "IndexerSettingsCategories": "Kategorije",
    "IndexerHDBitsSettingsCategories": "Kategorije",
    "IndexerHDBitsSettingsCodecs": "Kodek"
}
