{
    "AddingTag": "タグの追加",
    "UpdateCheckStartupNotWritableMessage": "スタートアップフォルダ「{startupFolder}」はユーザー「{userName}」によって書き込み可能ではないため、更新をインストールできません。",
    "Username": "ユーザー名",
    "ImportIncludeQuality": "ファイルのファイル名に品質が含まれていることを確認してください。例えば{0}",
    "ImportLibrary": "ライブラリのインポート",
    "KeyboardShortcutsConfirmModal": "確認モーダルを受け入れる",
    "AddNewMessage": "新しい映画を追加するのは簡単です。追加したい映画の名前を入力し始めるだけです。",
    "CantFindMovie": "映画が見つからないのはなぜですか？",
    "PtpOldSettingsCheckMessage": "次のPassThePopcornインデクサーは非推奨の設定であり、更新する必要があります：{0}",
    "AutoRedownloadFailedHelpText": "別のリリースを自動的に検索してダウンロードを試みます",
    "None": "なし",
    "CancelPendingTask": "この保留中のタスクをキャンセルしてもよろしいですか？",
    "EnableSsl": "SSLを有効にする",
    "Events": "イベント",
    "Overview": "概要概要",
    "OverviewOptions": "概要オプション",
    "QualityProfiles": "品質プロファイル",
    "RequiredHelpText": "カスタム形式を適用するには、この{0}条件が一致する必要があります。それ以外の場合は、単一の{1}一致で十分です。",
    "SendAnonymousUsageData": "匿名の使用状況データを送信する",
    "SystemTimeHealthCheckMessage": "システム時刻が1日以上ずれています。スケジュールされたタスクは、時間が修正されるまで正しく実行されない場合があります",
    "NotAvailable": "利用不可",
    "ClickToChangeMovie": "クリックしてムービーを変更",
    "CloneCustomFormat": "カスタムフォーマットのクローン",
    "ColonReplacement": "結腸の置換",
    "ColonReplacementFormatHelpText": "{appName}が結腸置換を処理する方法を変更する",
    "Conditions": "条件",
    "ConnectSettingsSummary": "通知、メディアサーバー/プレーヤーへの接続、およびカスタムスクリプト",
    "CreateGroup": "グループを作成",
    "Custom": "カスタム",
    "CustomFormatHelpText": "{appName}は、カスタム形式に一致するスコアの合計を使用して、各リリースにスコアを付けます。新しいリリースが同じかそれ以上の品質でスコアを改善する場合、{appName}はそれを取得します。",
    "CustomFormatUnknownConditionOption": "条件「{1}」の不明なオプション「{0}」",
    "UpgradeUntilMovieHelpText": "この品質に達すると、{appName}は映画をダウンロードしなくなります",
    "DelayProfile": "遅延プロファイル",
    "DeleteBackupMessageText": "バックアップ「{0}」を削除してもよろしいですか？",
    "DeleteHeader": "削除-{0}",
    "DeleteIndexerMessageText": "インデクサー「{0}」を削除してもよろしいですか？",
    "DeleteQualityProfile": "品質プロファイルを削除する",
    "DeleteSelectedMovieFiles": "選択したムービーファイルを削除する",
    "DownloadClientCheckUnableToCommunicateMessage": "{downloadClientName}と通信できません。",
    "DownloadClientsSettingsSummary": "クライアントのダウンロード、ダウンロード処理、リモートパスマッピング",
    "DownloadedAndMonitored": "ダウンロード（監視）",
    "DownloadPropersAndRepacks": "適切なものと再梱包",
    "EditCustomFormat": "カスタムフォーマットの編集",
    "EnableAutomaticAddMovieHelpText": "有効にすると、映画はこのリストから{appName}に自動的に追加されます",
    "EnableAutomaticSearchHelpText": "UIまたは{appName}によって自動検索が実行されるときに使用されます",
    "EnableCompletedDownloadHandlingHelpText": "完了したダウンロードをダウンロードクライアントから自動的にインポートします",
    "EnableInteractiveSearch": "インタラクティブ検索を有効にする",
    "ErrorRestoringBackup": "バックアップの復元中にエラーが発生しました",
    "Extension": "拡張",
    "ExternalUpdater": "{appName}は、外部更新メカニズムを使用するように構成されています",
    "ExtraFileExtensionsHelpText": "インポートする追加ファイルのコンマ区切りリスト（.nfoは.nfo-origとしてインポートされます）",
    "FailedLoadingSearchResults": "検索結果の読み込みに失敗しました。もう一度お試しください。",
    "ChangeFileDateHelpText": "インポート/再スキャン時にファイルの日付を変更する",
    "MoveMovieFoldersRenameFolderWarning": "これにより、設定のムービーフォルダ形式に従ってムービーフォルダの名前も変更されます。",
    "SupportedDownloadClientsMoreInfo": "個々のダウンロードクライアントの詳細については、情報ボタンをクリックしてください。",
    "SupportedListsMoreInfo": "個々のインポートリストの詳細については、情報ボタンをクリックしてください。",
    "SupportedIndexersMoreInfo": "個々のインデクサーの詳細については、情報ボタンをクリックしてください。",
    "NoIssuesWithYourConfiguration": "構成に問題はありません",
    "IgnoredHelpText": "1つ以上の用語が含まれている場合、リリースは拒否されます（大文字と小文字は区別されません）",
    "ImportCustomFormat": "カスタムフォーマットのインポート",
    "IndexerPriorityHelpText": "インデクサーの優先度は1（最高）から50（最低）です。デフォルト：25。",
    "IndexerRssHealthCheckNoIndexers": "RSS同期が有効になっているインデクサーは利用できません。{appName}は新しいリリースを自動的に取得しません",
    "IndexerSettings": "インデクサ設定",
    "IndexerStatusCheckSingleClientMessage": "失敗のためインデクサーを利用できません：{indexerNames}",
    "KeepAndUnmonitorMovie": "ムービーの保持と監視解除",
    "LanguageHelpText": "リリースの言語",
    "ImportListSettings": "リスト設定",
    "MinimumFreeSpaceHelpText": "使用可能なディスク容量がこの量より少ない場合は、インポートを防止してください",
    "ProxyPasswordHelpText": "ユーザー名とパスワードが必要な場合にのみ入力する必要があります。それ以外の場合は空白のままにします。",
    "ProxyUsernameHelpText": "ユーザー名とパスワードが必要な場合にのみ入力する必要があります。それ以外の場合は空白のままにします。",
    "RemovedFromTaskQueue": "タスクキューから削除されました",
    "RemoveFromDownloadClient": "ダウンロードクライアントから削除",
    "RenameMoviesHelpText": "名前の変更が無効になっている場合、{appName}は既存のファイル名を使用します",
    "RescanAfterRefreshMovieHelpText": "ムービーを更新した後、ムービーフォルダを再スキャンします",
    "SearchForMovie": "映画を検索する",
    "SetPermissionsLinuxHelpTextWarning": "これらの設定が何をするのかわからない場合は、変更しないでください。",
    "RemotePathMappingRemotePathHelpText": "ダウンロードクライアントがアクセスするディレクトリへのルートパス",
    "ShowRelativeDatesHelpText": "相対（今日/昨日など）または絶対日付を表示する",
    "AddIndexerError": "新しいインデクサーを追加できません。もう一度やり直してください。",
    "UseHardlinksInsteadOfCopy": "コピーの代わりにハードリンクを使用する",
    "Wiki": "ウィキ",
    "MaintenanceRelease": "メンテナンスリリース：バグ修正およびその他の改善。詳細については、Githubのコミット履歴を参照してください",
    "MoveMovieFoldersToNewPath": "ムービーファイルを「{0}」から「{1}」に移動しますか？",
    "Announced": "発表",
    "ApplyTags": "タグを適用する",
    "Authentication": "認証",
    "AuthenticationMethodHelpText": "{appName}にアクセスするにはユーザー名とパスワードが必要です",
    "Component": "成分",
    "Proxy": "プロキシ",
    "MovieTitleToExcludeHelpText": "除外する映画のタイトル（意味のあるものであれば何でもかまいません）",
    "TestAllIndexers": "すべてのインデクサーをテストする",
    "AnalyseVideoFiles": "ビデオファイルを分析する",
    "AppDataDirectory": "AppDataディレクトリ",
    "Apply": "適用する",
    "AudioInfo": "オーディオ情報",
    "Agenda": "議題",
    "All": "すべて",
    "ICalShowAsAllDayEventsHelpText": "イベントは、カレンダーに終日のイベントとして表示されます",
    "AuthBasic": "基本（ブラウザポップアップ）",
    "AuthForm": "フォーム（ログインページ）",
    "Automatic": "自動",
    "AutoUnmonitorPreviouslyDownloadedMoviesHelpText": "ディスクから削除された映画は、{appName}では自動的に監視されません。",
    "ListTagsHelpText": "タグリストアイテムはで追加されます",
    "ImportMechanismHealthCheckMessage": "完了したダウンロード処理を有効にする",
    "Backups": "バックアップ",
    "Add": "追加",
    "AddCustomFormat": "カスタムフォーマットを追加",
    "AddDelayProfile": "遅延プロファイルの追加",
    "AddNewMovie": "新しい映画を追加する",
    "AddDownloadClient": "ダウンロードクライアントの追加",
    "AddedToDownloadQueue": "ダウンロードしたキューに追加",
    "AddQualityProfile": "品質プロファイルを追加する",
    "AddRootFolder": "ルートフォルダを追加する",
    "AddToDownloadQueue": "ダウンロードキューに追加",
    "AfterManualRefresh": "手動更新後",
    "AllFiles": "すべてのファイル",
    "AllMoviesInPathHaveBeenImported": "{0}のすべての映画がインポートされました",
    "ApiKey": "APIキー",
    "AllResultsHiddenFilter": "すべての結果は、適用されたフィルターによって非表示になります",
    "AlternativeTitle": "代替タイトル",
    "Always": "常に",
    "AptUpdater": "aptを使用してアップデートをインストールします",
    "AvailabilityDelay": "可用性の遅延",
    "AvailabilityDelayHelpText": "映画を検索できる日付の前後の時間",
    "BackupIntervalHelpText": "自動バックアップの間隔",
    "BackupNow": "今すぐバックアップ",
    "BackupRetentionHelpText": "保存期間より古い自動バックアップは自動的にクリーンアップされます",
    "BeforeUpdate": "更新前",
    "BindAddress": "バインドアドレス",
    "BindAddressHelpText": "すべてのインターフェースに有効なIP4アドレスまたは「*」",
    "Branch": "ブランチ",
    "BuiltIn": "ビルトイン",
    "CalendarOptions": "カレンダーオプション",
    "CancelProcessing": "処理のキャンセル",
    "Enabled": "有効",
    "CertificateValidation": "証明書の検証",
    "CertificateValidationHelpText": "HTTPS認証検証の厳密さを変更する",
    "Certification": "認証",
    "CertValidationNoLocal": "ローカルアドレスでは無効",
    "ChangeFileDate": "ファイルの日付を変更する",
    "ImportExistingMovies": "既存の映画をインポートする",
    "ImportExtraFiles": "追加ファイルのインポート",
    "ChangeHasNotBeenSavedYet": "変更はまだ保存されていません",
    "CheckDownloadClientForDetails": "詳細については、ダウンロードクライアントを確認してください",
    "Max": "マックス",
    "Medium": "中",
    "MediaManagement": "メディア管理",
    "MediaManagementSettings": "メディア管理設定",
    "MediaManagementSettingsSummary": "命名とファイル管理の設定",
    "Monday": "月曜",
    "CheckForFinishedDownloadsInterval": "完了したダウンロード間隔を確認する",
    "PendingChangesStayReview": "滞在して変更を確認する",
    "ChmodFolderHelpText": "8進数、メディアフォルダおよびファイルへのインポート/名前変更中に適用されます（実行ビットなし）",
    "AddIndexer": "インデクサーを追加",
    "AgeWhenGrabbed": "年齢（つかんだとき）",
    "CustomFormatUnknownCondition": "不明なカスタムフォーマット条件 '{0}'",
    "Date": "日付",
    "Dates": "日付",
    "Day": "日",
    "DatabaseMigration": "DB移行",
    "FailedDownloadHandling": "ダウンロード処理の失敗",
    "ChmodFolderHelpTextWarning": "これは、{appName}を実行しているユーザーがファイルの所有者である場合にのみ機能します。ダウンロードクライアントが権限を適切に設定していることを確認することをお勧めします。",
    "MinAvailability": "最小可用性",
    "Profiles": "プロファイル",
    "RadarrTags": "{appName}タグ",
    "AutomaticSearch": "自動検索",
    "TMDb": "TMDb",
    "TimeFormat": "時間形式",
    "TotalSpace": "総スペース",
    "ChownGroupHelpText": "グループ名またはgid。リモートファイルシステムにはgidを使用します。",
    "AlternativeTitlesLoadError": "代替タイトルを読み込めません。",
    "ChownGroupHelpTextWarning": "これは、{appName}を実行しているユーザーがファイルの所有者である場合にのみ機能します。ダウンロードクライアントが{appName}と同じグループを使用するようにすることをお勧めします。",
    "CleanLibraryLevel": "クリーンライブラリレベル",
    "ClientPriority": "クライアントの優先順位",
    "CertificationCountry": "認証国",
    "CertificationCountryHelpText": "映画認定の対象国を選択",
    "ImportErrors": "インポートエラー",
    "ImportExtraFilesMovieHelpText": "ムービーファイルをインポートした後、一致する追加ファイル（字幕、nfoなど）をインポートします",
    "ImportFailed": "インポートに失敗しました：{0}",
    "ImportHeader": "既存の整理されたライブラリをインポートして、{appName}に映画を追加します",
    "CouldNotConnectSignalR": "SignalRに接続できませんでした。UIは更新されません",
    "CreateEmptyMovieFoldersHelpText": "ディスクスキャン中に不足しているムービーフォルダを作成する",
    "DeleteBackup": "バックアップを削除する",
    "DeleteCustomFormat": "カスタムフォーマットを削除する",
    "DeletedMovieDescription": "映画はTMDbから削除されました",
    "AddNewTmdbIdMessage": "映画のTMDbIDを使用して検索することもできます。例えば'tmdb：71663'",
    "Info": "情報",
    "Name": "名前",
    "MustContain": "含まれている必要があります",
    "MustNotContain": "含まれてはならない",
    "NamingSettings": "ネーミング設定",
    "DeleteDownloadClient": "ダウンロードクライアントを削除する",
    "DeleteMovieFolder": "ムービーフォルダを削除する",
    "DockerUpdater": "Dockerコンテナを更新して、更新を受信します",
    "DownloadClientStatusCheckAllClientMessage": "障害のため、すべてのダウンロードクライアントを利用できません",
    "EditGroups": "グループの編集",
    "ExcludeMovie": "映画を除外する",
    "ExcludeTitle": "{0}を除外しますか？これにより、{appName}がリスト同期を介して自動的に追加されるのを防ぎます。",
    "FileNameTokens": "ファイル名トークン",
    "HaveNotAddedMovies": "まだ映画を追加していませんが、最初に映画の一部またはすべてをインポートしますか？",
    "HomePage": "ホームページ",
    "Hours": "時間",
    "HttpHttps": "HTTP（S）",
    "ICalFeed": "iCalフィード",
    "ICalFeedHelpText": "このURLをクライアントにコピーするか、ブラウザがwebcalをサポートしている場合はクリックしてサブスクライブします",
    "Imported": "インポート",
    "IllRestartLater": "後で再起動します",
    "InvalidFormat": "無効な形式",
    "ChmodFolder": "chmodフォルダー",
    "LastDuration": "lastDuration",
    "LastExecution": "最後の実行",
    "ListSyncLevelHelpTextWarning": "ムービーファイルは完全に削除されます。リストが空の場合、ライブラリが消去される可能性があります。",
    "MinimumCustomFormatScoreHelpText": "ダウンロードできる最小カスタムフォーマットスコア",
    "MinimumAge": "最低年齢",
    "MinimumFreeSpace": "最小空き容量",
    "MinimumLimits": "最小制限",
    "AnalyticsEnabledHelpText": "匿名の使用状況とエラー情報を{appName}のサーバーに送信します。これには、使用する{appName} WebUIページ、エラーレポート、OSおよびランタイムバージョンなどのブラウザに関する情報が含まれます。この情報を使用して、機能とバグ修正に優先順位を付けます。",
    "Analytics": "分析",
    "Minutes": "議事録",
    "ImportListExclusions": "リストの除外",
    "MovieFiles": "ムービーファイル",
    "MovieFilesTotaling": "映画ファイルの合計",
    "MovieIsRecommend": "最近の追加に基づいて映画をお勧めします",
    "NegateHelpText": "オンにすると、この{0}条件が一致する場合、カスタム形式は適用されません。",
    "NextExecution": "次の実行",
    "NoAlternativeTitles": "代替タイトルはありません。",
    "NoEventsFound": "イベントが見つかりません",
    "NoLinks": "リンクなし",
    "NoMinimumForAnyRuntime": "ランタイムの最小値はありません",
    "MoveMovieFoldersDontMoveFiles": " いいえ、ファイルを自分で移動します",
    "NoMoviesExist": "映画が見つかりません。開始するには、新しい映画を追加するか、既存の映画をインポートする必要があります。",
    "NoResultsFound": "結果が見つかりません",
    "BranchUpdate": "{appName}の更新に使用するブランチ",
    "BranchUpdateMechanism": "外部更新メカニズムで使用されるブランチ",
    "BypassProxyForLocalAddresses": "ローカルアドレスのプロキシをバイパスする",
    "Calendar": "カレンダー",
    "Cancel": "キャンセル",
    "OnGrab": "グラブで",
    "OnHealthIssue": "健康問題について",
    "OnLatestVersion": "{appName}の最新バージョンはすでにインストールされています",
    "OnlyTorrent": "トレントのみ",
    "OnlyUsenet": "Usenetのみ",
    "OnRename": "名前の変更について",
    "Cast": "キャスト",
    "OpenBrowserOnStart": "起動時にブラウザを開く",
    "KeyboardShortcutsOpenModal": "このモーダルを開く",
    "PendingChangesDiscardChanges": "変更を破棄してそのままにします",
    "PendingChangesMessage": "保存されていない変更があります。このページを離れてもよろしいですか？",
    "PreferTorrent": "トレントを好む",
    "PreferUsenet": "Usenetを優先する",
    "Presets": "プリセット",
    "ProxyType": "プロキシタイプ",
    "QualitiesHelpText": "リストの上位の品質がより優先されます。同じグループ内の品質は同じです。チェックされた品質のみが必要です",
    "QualityProfileInUseMovieListCollection": "映画に添付されている品質プロファイルを削除できません",
    "QualitySettings": "品質設定",
    "QueueIsEmpty": "キューが空です",
    "CalendarFeed": "{appName}カレンダーフィード",
    "ReadTheWikiForMoreInformation": "詳細については、Wikiをお読みください",
    "Reason": "理由",
    "RecyclingBinCleanup": "ごみ箱のクリーンアップ",
    "Refresh": "更新",
    "RefreshMovie": "映画を更新する",
    "RegularExpressionsCanBeTested": "正規表現をテストできます ",
    "RejectionCount": "拒否数",
    "RelativePath": "相対パス",
    "Released": "リリース済み",
    "ReleasedMovieDescription": "映画公開",
    "ReleaseRejected": "リリースが拒否されました",
    "ReplaceWithDash": "ダッシュに置き換えます",
    "Reset": "リセット",
    "New": "新着",
    "LocalPath": "ローカルパス",
    "RemotePath": "リモートパス",
    "ShowCertification": "認定を表示",
    "ShowGenres": "ジャンルを表示",
    "TestAllClients": "すべてのクライアントをテストする",
    "TestAllLists": "すべてのリストをテストする",
    "Queued": "キューに入れられました",
    "Tomorrow": "明日",
    "Updates": "更新",
    "UpgradesAllowed": "許可されるアップグレード",
    "WhatsNew": "新着情報？",
    "Uptime": "稼働時間",
    "PreferredSize": "推奨サイズ",
    "ImportNotForDownloads": "ダウンロードクライアントからのダウンロードのインポートには使用しないでください。これは既存の整理されたライブラリ専用であり、ソートされていないファイルには使用できません。",
    "Pending": "保留中",
    "DeleteTag": "タグを削除",
    "DetailedProgressBarHelpText": "プログレスバーにテキストを表示する",
    "Failed": "失敗しました",
    "InCinemas": "映画館で",
    "IncludeCustomFormatWhenRenaming": "名前を変更するときにカスタム形式を含める",
    "Indexer": "インデクサー",
    "IndexerFlags": "インデクサフラグ",
    "IndexerLongTermStatusCheckAllClientMessage": "6時間以上の障害のため、すべてのインデクサーが使用できなくなります",
    "IndexerLongTermStatusCheckSingleClientMessage": "6時間以上の障害のため、インデクサーを使用できません：{indexerNames}",
    "IndexerStatusCheckAllClientMessage": "障害のため、すべてのインデクサーを使用できません",
    "Level": "レベル",
    "LoadingMovieCreditsFailed": "映画クレジットの読み込みに失敗しました",
    "LoadingMovieExtraFilesFailed": "映画の追加ファイルの読み込みに失敗しました",
    "LoadingMovieFilesFailed": "動画ファイルの読み込みに失敗しました",
    "Local": "地元",
    "Location": "ロケーション",
    "Manual": "マニュアル",
    "ManualImport": "手動インポート",
    "MarkAsFailed": "失敗としてマーク",
    "MaximumSizeHelpText": "取得するリリースの最大サイズ（MB単位）。ゼロに設定して無制限に設定",
    "Size": "サイズ",
    "SuggestTranslationChange": "翻訳の変更を提案する",
    "Mechanism": "機構",
    "MediaInfo": "メディア情報",
    "Ended": "終了しました",
    "Hostname": "ホスト名",
    "MinutesSixty": "60分：{0}",
    "Missing": "行方不明",
    "Month": "月",
    "MoreDetails": "詳細",
    "MountMovieHealthCheckMessage": "ムービーパスを含むマウントは読み取り専用でマウントされます。 ",
    "MovieFolderFormat": "ムービーフォルダ形式",
    "MovieID": "映画ID",
    "MovieIndex": "映画インデックス",
    "MovieInfoLanguageHelpText": "{appName}がUIの映画情報に使用する言語",
    "Clear": "晴れ",
    "MovieIsMonitored": "映画が監視されています",
    "Activity": "アクティビティ",
    "About": "約",
    "MovieIsUnmonitored": "映画は監視されていません",
    "MoviesSelectedInterp": "{0}選択された映画",
    "Added": "追加",
    "AddExclusion": "除外を追加",
    "Actions": "行動",
    "AddMovies": "映画を追加する",
    "IndexersSettingsSummary": "インデクサーとリリース制限",
    "MovieYearToExcludeHelpText": "除外する映画の年",
    "Age": "年齢",
    "DotNetVersion": ".NET",
    "NoBackupsAreAvailable": "バックアップは利用できません",
    "MoveFiles": "ファイルの移動",
    "NoChange": "変化なし",
    "NoHistory": "履歴はありません",
    "NoLogFiles": "ログファイルがありません",
    "NoMatchFound": "一致するものが見つかりません！",
    "NotMonitored": "監視されていません",
    "NoUpdatesAreAvailable": "利用可能なアップデートはありません",
    "OAuthPopupMessage": "ポップアップがブラウザによってブロックされています",
    "Ok": "OK",
    "IncludeCustomFormatWhenRenamingHelpText": "{カスタムフォーマット}の名前変更フォーマットに含める",
    "AddRemotePathMapping": "リモートパスマッピングを追加する",
    "PackageVersion": "パッケージバージョン",
    "AddMovie": "映画を追加",
    "AddRestriction": "制限を追加",
    "Password": "パスワード",
    "Path": "道",
    "Paused": "一時停止",
    "Permissions": "権限",
    "AllMoviesHiddenDueToFilter": "フィルタが適用されているため、すべてのムービーが非表示になっています。",
    "AllowHardcodedSubs": "ハードコードされた字幕を許可する",
    "PhysicalRelease": "物理的解放",
    "Port": "港",
    "PortNumber": "ポート番号",
    "ProfilesSettingsSummary": "品質、言語、遅延プロファイル",
    "Progress": "進捗",
    "Proper": "適切な",
    "Protocol": "プロトコル",
    "EditDelayProfile": "遅延プロファイルの編集",
    "ProtocolHelpText": "使用するプロトコルと、それ以外は同等のリリースから選択する場合に優先するプロトコルを選択します",
    "ProxyBypassFilterHelpText": "'、'を区切り文字として使用し、 '*。'を使用します。サブドメインのワイルドカードとして",
    "AllowHardcodedSubsHelpText": "検出されたハードコードされた字幕は自動的にダウンロードされます",
    "QualityProfile": "品質プロファイル",
    "QuickImport": "クイックインポート",
    "SupportedDownloadClients": "{appName}は、Newznab標準を使用するすべてのダウンロードクライアント、および以下にリストされている他のダウンロードクライアントをサポートします。",
    "SupportedListsMovie": "{appName}は、以下に記載されているものだけでなく、すべてのRSSムービーリストをサポートしています。",
    "AlreadyInYourLibrary": "すでにライブラリにあります",
    "RecyclingBinCleanupHelpTextWarning": "選択した日数より古いごみ箱内のファイルは自動的にクリーンアップされます",
    "RecyclingBinHelpText": "ムービーファイルは、完全に削除されるのではなく、削除されるとここに移動します",
    "RefreshAndScan": "更新とスキャン",
    "AddNewRestriction": "新しい制限を追加",
    "AppDataLocationHealthCheckMessage": "更新時にAppDataが削除されないように更新することはできません",
    "RestartRequiredHelpTextWarning": "有効にするには再起動が必要です",
    "AddImportListExclusion": "リストの除外を追加",
    "AddNew": "新しく追加する",
    "MovieNaming": "映画のネーミング",
    "MovieInfoLanguageHelpTextWarning": "ブラウザのリロードが必要",
    "MovieIsDownloading": "映画をダウンロードしています",
    "Movies": "映画",
    "MovieTitle": "映画のタイトル",
    "MovieYear": "映画の年",
    "Restore": "戻す",
    "RestoreBackup": "バックアップを復元",
    "RootFolder": "ルートフォルダ",
    "RootFolderCheckMultipleMessage": "複数のルートフォルダがありません：{rootFolderPaths}",
    "FileBrowserPlaceholderText": "入力を開始するか、以下のパスを選択してください",
    "StartupDirectory": "スタートアップディレクトリ",
    "System": "システム",
    "EditMovie": "映画の編集",
    "Posters": "ポスター",
    "PosterSize": "ポスターサイズ",
    "TagCannotBeDeletedWhileInUse": "使用中は削除できません",
    "Timeleft": "残り時間",
    "TotalFileSize": "合計ファイルサイズ",
    "AddListExclusionMovieHelpText": "リストによって映画が{appName}に追加されないようにする",
    "ImportListStatusCheckAllClientMessage": "障害のため、すべてのリストを利用できません",
    "ImportListStatusCheckSingleClientMessage": "失敗のため利用できないリスト：{importListNames}",
    "UpgradesAllowedHelpText": "無効にされた品質がアップグレードされない場合",
    "Backup": "バックアップ",
    "WaitingToImport": "インポートを待機中",
    "BackupFolderHelpText": "相対パスは{appName}のAppDataディレクトリの下にあります",
    "DigitalRelease": "デジタルリリース",
    "Disabled": "無効",
    "Peers": "ピア",
    "UiSettingsLoadError": "UI設定を読み込めません",
    "Unavailable": "利用できません",
    "VideoCodec": "ビデオコーデック",
    "View": "見る",
    "Importing": "インポート",
    "NoChanges": "変更なし",
    "NoLeaveIt": "いいえ、そのままにしておきます",
    "NoLimitForAnyRuntime": "ランタイムに制限はありません",
    "NotificationTriggers": "通知トリガー",
    "Real": "リアル",
    "ChooseAnotherFolder": "別のフォルダを選択",
    "ClickToChangeLanguage": "クリックして言語を変更",
    "ClickToChangeQuality": "クリックして品質を変更",
    "CloneIndexer": "クローンインデクサー",
    "CloneProfile": "クローンプロファイル",
    "Close": "閉じる",
    "KeyboardShortcutsCloseModal": "現在のモーダルを閉じる",
    "Collection": "コレクション",
    "TableColumns": "列",
    "CompletedDownloadHandling": "完了したダウンロード処理",
    "Connect": "接続する",
    "Connection": "接続",
    "ConnectionLost": "接続切断",
    "Connections": "接続",
    "ConnectSettings": "接続設定",
    "ConsideredAvailable": "利用可能と見なされる",
    "CopyToClipboard": "クリップボードにコピー",
    "CopyUsingHardlinksMovieHelpText": "まだシードされているトレントからファイルをコピーする場合は、ハードリンクを使用します",
    "CopyUsingHardlinksHelpTextWarning": "場合によっては、ファイルロックにより、シードされているファイルの名前を変更できないことがあります。一時的にシードを無効にし、回避策として{appName}の名前変更機能を使用できます。",
    "CouldNotFindResults": "'{0}'の結果が見つかりませんでした",
    "CreateEmptyMovieFolders": "空のムービーフォルダを作成する",
    "Crew": "クルー",
    "CurrentlyInstalled": "現在インストール中",
    "CustomFilters": "カスタムフィルター",
    "CustomFormat": "カスタムフォーマット",
    "CustomFormats": "カスタムフォーマット",
    "CustomFormatScore": "カスタムフォーマットスコア",
    "CustomFormatsSettings": "カスタムフォーマット設定",
    "CustomFormatsSettingsSummary": "カスタムフォーマットと設定",
    "Cutoff": "を中断する",
    "UpgradeUntilCustomFormatScoreMovieHelpText": "このカスタムフォーマットのスコアに達すると、{appName}は映画をダウンロードしなくなります",
    "CutoffUnmet": "カットオフアンメット",
    "Days": "日々",
    "Debug": "デバッグ",
    "DefaultCase": "デフォルトのケース",
    "DefaultDelayProfileMovie": "これはデフォルトのプロファイルです。これは、明示的なプロファイルを持たないすべての映画に適用されます。",
    "DelayProfiles": "遅延プロファイル",
    "Delete": "削除",
    "Deleted": "削除",
    "DeleteDelayProfile": "遅延プロファイルの削除",
    "DeleteDownloadClientMessageText": "ダウンロードクライアント「{0}」を削除してもよろしいですか？",
    "DeleteEmptyFolders": "空のフォルダを削除する",
    "DeleteEmptyFoldersHelpText": "ディスクスキャン中およびムービーファイルが削除されたときに空のムービーフォルダを削除します",
    "DeleteFile": "ファイルを削除する",
    "DeleteMovieFilesHelpText": "ムービーファイルとムービーフォルダを削除します",
    "DeleteMovieFiles": "{0}ムービーファイルを削除する",
    "DeleteImportListExclusion": "インポートリストの除外を削除する",
    "DeleteIndexer": "インデクサーを削除する",
    "DeleteMovieFolderHelpText": "ムービーフォルダとその内容を削除します",
    "DeleteNotification": "通知を削除",
    "DeleteNotificationMessageText": "通知「{0}」を削除してもよろしいですか？",
    "DeleteRestriction": "削除制限",
    "DeleteRestrictionHelpText": "この制限を削除してもよろしいですか？",
    "DeleteSelectedMovie": "選択したムービーを削除する",
    "DeleteTagMessageText": "タグ「{0}」を削除してもよろしいですか？",
    "DeleteMovieFolderConfirmation": "ムービーフォルダ「{0}」とそのすべてのコンテンツが削除されます。",
    "DestinationPath": "宛先パス",
    "DestinationRelativePath": "宛先相対パス",
    "DetailedProgressBar": "詳細なプログレスバー",
    "Details": "詳細",
    "Discord": "不和",
    "Discover": "発見する",
    "DiskSpace": "ディスクスペース",
    "Docker": "Docker",
    "Donations": "寄付",
    "DoneEditingGroups": "グループの編集を完了",
    "DoNotPrefer": "好まない",
    "DoNotUpgradeAutomatically": "自動的にアップグレードしない",
    "DownloadClient": "クライアントのダウンロード",
    "DownloadClientCheckNoneAvailableMessage": "ダウンロードクライアントは利用できません",
    "DownloadClients": "クライアントのダウンロード",
    "DownloadClientSettings": "クライアント設定のダウンロード",
    "DownloadClientStatusCheckSingleClientMessage": "失敗のためにダウンロードできないクライアント：{downloadClientNames}",
    "Downloaded": "ダウンロード済み",
    "DownloadedButNotMonitored": "ダウンロード済み（監視なし）",
    "DownloadFailed": "ダウンロードに失敗しました",
    "Downloading": "ダウンロード",
    "DownloadPropersAndRepacksHelpText": "Propers / Repacksに自動的にアップグレードするかどうか",
    "DownloadPropersAndRepacksHelpTextCustomFormat": "「優先しない」を使用して、プロパティ/再パックよりもカスタムフォーマットスコアで並べ替えます",
    "DownloadPropersAndRepacksHelpTextWarning": "Propers / Repacksへの自動アップグレードにカスタムフォーマットを使用する",
    "DownloadWarning": "ダウンロードの警告：{0}",
    "Edition": "版",
    "EditImportListExclusion": "リストの除外を編集する",
    "EditMovieFile": "ムービーファイルの編集",
    "EditPerson": "編集者",
    "EditQualityProfile": "品質プロファイルの編集",
    "EditRemotePathMapping": "リモートパスマッピングの編集",
    "EditRestriction": "編集制限",
    "Enable": "有効にする",
    "EnableAutomaticAdd": "自動追加を有効にする",
    "EnableAutomaticSearch": "自動検索を有効にする",
    "EnableColorImpairedMode": "色障害モードを有効にする",
    "EnableColorImpairedModeHelpText": "色が損なわれたユーザーが色分けされた情報をよりよく区別できるようにスタイルを変更",
    "ListEnabledHelpText": "{appName}で使用するためにこのリストを有効にします",
    "EnableMetadataHelpText": "このメタデータタイプのメタデータファイルの作成を有効にする",
    "EnableInteractiveSearchHelpText": "インタラクティブ検索を使用する場合に使用されます",
    "SearchIsNotSupportedWithThisIndexer": "このインデクサーでは検索はサポートされていません",
    "AnalyseVideoFilesHelpText": "ファイルから解像度、ランタイム、コーデック情報などのビデオ情報を抽出します。これには、{appName}がファイルの一部を読み取る必要があり、スキャン中にディスクまたはネットワークのアクティビティが高くなる可能性があります。",
    "EnableRss": "RSSを有効にする",
    "EnableSslHelpText": " 有効にするには、管理者として実行を再開する必要があります",
    "Error": "エラー",
    "ErrorLoadingContents": "コンテンツの読み込み中にエラーが発生しました",
    "EventType": "イベントタイプ",
    "Exception": "例外",
    "Excluded": "除外",
    "Existing": "既存",
    "ExistingMovies": "既存の映画",
    "ExistingTag": "既存のタグ",
    "ExportCustomFormat": "カスタムフォーマットのエクスポート",
    "ExtraFileExtensionsHelpTextsExamples": "例： '。sub、.nfo'または 'sub、nfo'",
    "FeatureRequests": "機能リクエスト",
    "FileManagement": "ファイル管理",
    "Filename": "ファイル名",
    "FileNames": "ファイル名",
    "Files": "ファイル",
    "Filter": "フィルタ",
    "FilterMoviePlaceholder": "映画を検索する",
    "FirstDayOfWeek": "週の最初の日",
    "Fixed": "修繕",
    "KeyboardShortcutsFocusSearchBox": "フォーカス検索ボックス",
    "Folder": "フォルダ",
    "Folders": "フォルダー",
    "FollowPerson": "フォローパーソン",
    "Forecast": "予報",
    "Formats": "フォーマット",
    "Genres": "ジャンル",
    "FreeSpace": "フリースペース",
    "General": "一般",
    "GeneralSettings": "一般設定",
    "GeneralSettingsSummary": "ポート、SSL、ユーザー名/パスワード、プロキシ、分析、更新",
    "Global": "グローバル",
    "MovieDetailsGoTo": "{0}に移動",
    "Grab": "つかむ",
    "Grabbed": "掴んだ",
    "GrabRelease": "グラブリリース",
    "GrabReleaseMessageText": "{appName}は、このリリースの対象となる映画を特定できませんでした。 {appName}は、このリリースを自動的にインポートできない場合があります。 '{0}'を取得しますか？",
    "GrabSelected": "選択したグラブ",
    "Group": "グループ",
    "HardlinkCopyFiles": "ファイルのハードリンク/コピー",
    "Health": "健康",
    "HiddenClickToShow": "非表示、クリックして表示",
    "HideAdvanced": "高度な非表示",
    "History": "歴史",
    "Host": "ホスト",
    "ICalLink": "iCalリンク",
    "IconForCutoffUnmet": "カットオフアンメットのアイコン",
    "Ignored": "無視されます",
    "IgnoredAddresses": "無視されたアドレス",
    "IgnoreDeletedMovies": "削除された映画の監視を解除する",
    "Images": "画像",
    "IMDb": "IMDb",
    "Import": "インポート",
    "ImportedTo": "インポート先",
    "ImportRootPath": "{appName}に、特定の映画ではなく、すべての映画が含まれているフォルダーを指定します。例えば{1}ではなく{0}。さらに、各ムービーは、ルート/ライブラリフォルダー内の独自のフォルダーにある必要があります。",
    "ImportTipsMessage": "インポートをスムーズに行うためのヒント：",
    "InCinemasDate": "シネマデートで",
    "InCinemasMovieDescription": "映画は映画館にあります",
    "IncludeRadarrRecommendations": "{appName}の推奨事項を含める",
    "IncludeRecommendationsHelpText": "{appName}が推奨する映画をディスカバリービューに含める",
    "IncludeUnmonitored": "監視されていないものを含める",
    "ImportMovies": "映画のインポート",
    "IndexerPriority": "インデクサの優先順位",
    "IndexerRssHealthCheckNoAvailableIndexers": "最近のインデクサーエラーのため、すべてのrss対応インデクサーは一時的に利用できません",
    "Indexers": "インデクサー",
    "IndexerSearchCheckNoAutomaticMessage": "自動検索が有効になっているインデクサーはありません。{appName}は自動検索結果を提供しません",
    "IndexerSearchCheckNoAvailableIndexersMessage": "最近のインデクサーエラーのため、すべての検索可能なインデクサーは一時的に利用できません",
    "IndexerSearchCheckNoInteractiveMessage": "インタラクティブ検索が有効になっているインデクサーはありません。{appName}はインタラクティブ検索結果を提供しません",
    "InstallLatest": "最新のインストール",
    "InteractiveImport": "インタラクティブインポート",
    "InteractiveSearch": "インタラクティブ検索",
    "Interval": "間隔",
    "KeyboardShortcuts": "キーボードショートカット",
    "Language": "言語",
    "Languages": "言語",
    "Large": "大",
    "LastUsed": "最後に使用した",
    "LastWriteTime": "最終書き込み時間",
    "LaunchBrowserHelpText": " Webブラウザーを開き、アプリの起動時に{appName}ホームページに移動します。",
    "LinkHere": "ここに",
    "Links": "リンク",
    "ImportLists": "リスト",
    "ImportListsSettingsSummary": "リストのインポート、リストの除外",
    "ListSyncLevelHelpText": "リストにない場合、ライブラリ内の映画は削除されるか、監視されません",
    "LogFiles": "ログファイル",
    "Logging": "ロギング",
    "LogLevel": "ログレベル",
    "LogLevelTraceHelpTextWarning": "トレースログは一時的にのみ有効にする必要があります",
    "LogOnly": "ログのみ",
    "Logs": "ログ",
    "LookingForReleaseProfiles1": "リリースプロファイルをお探しですか？試してみてください",
    "LookingForReleaseProfiles2": "代わりに。",
    "Lowercase": "小文字",
    "ManualImportSelectLanguage": "手動インポート-言語を選択",
    "ManualImportSelectMovie": "手動インポート-ムービーを選択",
    "ManualImportSelectQuality": " 手動インポート-品質を選択",
    "MappedNetworkDrivesWindowsService": "マップされたネットワークドライブは、Windowsサービスとして実行している場合は使用できません。詳細については、FAQを参照してください",
    "MarkAsFailedConfirmation": "'{0}'を失敗としてマークしてもよろしいですか？",
    "MassMovieSearch": "マスムービー検索",
    "MaximumLimits": "最大制限",
    "MaximumSize": "最大サイズ",
    "MegabytesPerMinute": "1分あたりのメガバイト",
    "Message": "メッセージ",
    "Metadata": "メタデータ",
    "MetadataSettings": "メタデータ設定",
    "MetadataSettingsMovieSummary": "映画のインポートまたは更新時にメタデータファイルを作成する",
    "MIA": "MIA",
    "Min": "最小",
    "MinimumAgeHelpText": "Usenetのみ：NZBが取得されるまでの最小年齢（分単位）。これを使用して、新しいリリースがusenetプロバイダーに伝播する時間を与えます。",
    "MinimumAvailability": "最小可用性",
    "MinimumCustomFormatScore": "最小カスタムフォーマットスコア",
    "MinutesHundredTwenty": "120分：{0}",
    "MinutesNinety": "90分：{0}",
    "Mode": "モード",
    "Monitor": "モニター",
    "Monitored": "監視",
    "MonitoredMovieHelpText": "可能な場合は映画をダウンロードする",
    "MonitoredOnly": "監視のみ",
    "MonitoredStatus": "監視/ステータス",
    "MonitorMovie": "モニタームービー",
    "Months": "月",
    "MoreInfo": "より詳しい情報",
    "MoveMovieFoldersToRootFolder": "ムービーフォルダを「{0}」に移動しますか？",
    "Movie": "映画",
    "MovieAlreadyExcluded": "映画はすでに除外されています",
    "MovieChat": "ムービーチャット",
    "KeyboardShortcutsMovieDetailsNextMovie": "映画の詳細：次の映画",
    "Priority": "優先",
    "KeyboardShortcutsMovieIndexScrollBottom": "映画インデックス：下にスクロール",
    "KeyboardShortcutsMovieIndexScrollTop": "映画インデックス：スクロールトップ",
    "MovieInfoLanguage": "映画情報言語",
    "MovieInvalidFormat": "映画：無効な形式",
    "MovieIsOnImportExclusionList": "映画は輸入除外リストにあります",
    "MultiLanguage": "多言語",
    "Negate": "ネゲート",
    "Negated": "否定",
    "NoListRecommendations": "リストアイテムや推奨事項が見つかりません。開始するには、新しいムービーを追加するか、既存のムービーをインポートするか、リストを追加する必要があります。",
    "NoTagsHaveBeenAddedYet": "タグはまだ追加されていません",
    "Options": "オプション",
    "Organize": "整理する",
    "OrganizeConfirm": "{0}選択したムービーのすべてのファイルを整理してもよろしいですか？",
    "OrganizeSelectedMovies": "選択した映画を整理する",
    "Original": "元の",
    "OutputPath": "出力パス",
    "PhysicalReleaseDate": "物理的なリリース日",
    "PosterOptions": "ポスターオプション",
    "PreferAndUpgrade": "優先してアップグレードする",
    "PreferIndexerFlags": "インデクサーフラグを優先する",
    "PreferIndexerFlagsHelpText": "特別なフラグを使用してリリースに優先順位を付ける",
    "Preferred": "優先",
    "PreviewRename": "プレビューの名前変更",
    "PreviewRenameHelpText": "ヒント：名前の変更をプレビューするには... [キャンセル]を選択し、映画のタイトルをクリックして、",
    "PrioritySettings": "優先度：{0}",
    "ProcessingFolders": "フォルダーの処理",
    "ProxyCheckBadRequestMessage": "プロキシのテストに失敗しました。 StatusCode：{statusCode}",
    "ProxyCheckFailedToTestMessage": "プロキシのテストに失敗しました：{url}",
    "ProxyCheckResolveIpMessage": "構成済みプロキシホスト{proxyHostName}のIPアドレスの解決に失敗しました",
    "PublishedDate": "公開日",
    "Qualities": "品質",
    "Quality": "品質",
    "QualityDefinitions": "品質の定義",
    "QualityLimitsMovieRuntimeHelpText": "制限は、ムービーの実行時間に合わせて自動的に調整されます。",
    "QualitySettingsSummary": "品質のサイズと命名",
    "Queue": "キュー",
    "SupportedIndexers": "{appName}は、Newznab標準を使用するすべてのインデクサー、および以下にリストされている他のインデクサーをサポートします。",
    "SupportedCustomConditions": "{appName}は、以下のリリースプロパティに対するカスタム条件をサポートしています。",
    "Ratings": "評価",
    "RecentChanges": "最近の変化",
    "RecentFolders": "最近のフォルダ",
    "RecyclingBinCleanupHelpText": "自動クリーンアップを無効にするには、0に設定します",
    "RecyclingBin": "リサイクルビン",
    "RefreshInformationAndScanDisk": "情報を更新してディスクをスキャンする",
    "RefreshLists": "リストを更新",
    "ReleaseBranchCheckOfficialBranchMessage": "ブランチ{0}は有効な{appName}リリースブランチではありません。更新を受け取りません。",
    "ReleaseDates": "リリース日",
    "ReleaseGroup": "リリースグループ",
    "ReleaseStatus": "リリースステータス",
    "ReleaseTitle": "リリースタイトル",
    "Reload": "リロード",
    "RemotePathMappings": "リモートパスマッピング",
    "Remove": "削除する",
    "RemoveCompletedDownloadsHelpText": "ダウンロードクライアント履歴からインポートされたダウンロードを削除します",
    "RemovedMovieCheckMultipleMessage": "映画{movies}はTMDbから削除されました",
    "RemovedMovieCheckSingleMessage": "映画{movie}はTMDbから削除されました",
    "RemoveFailedDownloadsHelpText": "ダウンロードクライアント履歴から失敗したダウンロードを削除する",
    "RemoveFilter": "フィルタを取り外します",
    "RemoveFromQueue": "キューから削除",
    "RemoveHelpTextWarning": "削除すると、ダウンロードとファイルがダウンロードクライアントから削除されます。",
    "RemoveMovieAndDeleteFiles": "ムービーの削除とファイルの削除",
    "RemoveMovieAndKeepFiles": "ムービーを削除してファイルを保持する",
    "RemoveRootFolder": "ルートフォルダを削除します",
    "RemoveSelected": "削除選択",
    "RemovingTag": "タグの削除",
    "Renamed": "名前が変更されました",
    "RenameFiles": "ファイルの名前を変更する",
    "RenameMovies": "映画の名前を変更する",
    "Reorder": "再注文",
    "Replace": "交換",
    "ReplaceIllegalCharacters": "不正な文字を置き換える",
    "ReplaceIllegalCharactersHelpText": "不正な文字を置き換えます。チェックされていない場合、{appName}は代わりにそれらを削除します",
    "ReplaceWithSpaceDash": "スペースダッシュに置き換えます",
    "ReplaceWithSpaceDashSpace": "スペースダッシュスペースに置き換えます",
    "Required": "必須",
    "RequiredRestrictionHelpText": "リリースには、これらの用語の少なくとも1つが含まれている必要があります（大文字と小文字は区別されません）",
    "RescanAfterRefreshHelpTextWarning": "「常に」に設定されていない場合、{appName}はファイルへの変更を自動的に検出しません",
    "RescanMovieFolderAfterRefresh": "更新後にムービーフォルダを再スキャンする",
    "ResetAPIKey": "APIキーをリセット",
    "Restart": "再起動",
    "RestartNow": "今すぐ再起動",
    "RestartRadarr": "{appName}を再起動します",
    "RestartReloadNote": "注：{appName}は、復元プロセス中にUIを自動的に再起動して再読み込みします。",
    "Restrictions": "制限",
    "Result": "結果",
    "Retention": "保持",
    "RetentionHelpText": "Usenetのみ：無制限の保持を設定するには、ゼロに設定します",
    "RootFolderCheckSingleMessage": "ルートフォルダがありません：{rootFolderPath}",
    "RootFolders": "ルートフォルダ",
    "Rss": "RSS",
    "RssIsNotSupportedWithThisIndexer": "RSSはこのインデクサーではサポートされていません",
    "RssSync": "RSS同期",
    "RssSyncInterval": "RSS同期間隔",
    "RssSyncIntervalHelpTextWarning": "これはすべてのインデクサーに適用されます。彼らが定めた規則に従ってください。",
    "Runtime": "ランタイム",
    "Save": "保存する",
    "SaveChanges": "変更内容を保存",
    "KeyboardShortcutsSaveSettings": "設定を保存する",
    "Scheduled": "予定",
    "Score": "スコア",
    "Script": "脚本",
    "ScriptPath": "スクリプトパス",
    "SearchAll": "すべて検索",
    "SearchCutoffUnmet": "カットオフアンメットを検索",
    "SearchFailedPleaseTryAgainLater": "検索に失敗しました。しばらくしてからもう一度お試しください。",
    "SearchFiltered": "フィルタリングされた検索",
    "SearchForMissing": "行方不明者を検索",
    "SearchMissing": "検索がありません",
    "SearchMovie": "映画を検索",
    "SearchOnAdd": "追加で検索",
    "ListSearchOnAddMovieHelpText": "{appName}に追加されたら、このリストで映画を検索します",
    "SearchSelected": "選択した検索",
    "Seconds": "秒",
    "Security": "セキュリティ",
    "Seeders": "シーダー",
    "SelectAll": "すべて選択",
    "SelectFolder": "フォルダーを選択",
    "SelectLanguage": "言語を選択する",
    "SelectMovie": "映画を選択",
    "SelectQuality": "品質を選択",
    "SetPermissions": "権限を設定する",
    "SetPermissionsLinuxHelpText": "ファイルのインポート/名前変更時にchmodを実行する必要がありますか？",
    "SetTags": "タグを設定する",
    "Settings": "設定",
    "LongDateFormat": "長い日付形式",
    "RemotePathMappingHostHelpText": "リモートダウンロードクライアントに指定したのと同じホスト",
    "RemotePathMappingLocalPathHelpText": "{appName}がリモートパスにローカルにアクセスするために使用する必要があるパス",
    "RuntimeFormat": "ランタイムフォーマット",
    "ShortDateFormat": "短い日付形式",
    "ShowRelativeDates": "相対的な日付を表示する",
    "WeekColumnHeader": "週の列ヘッダー",
    "WeekColumnHeaderHelpText": "週がアクティブビューの場合、各列の上に表示されます",
    "ListMonitorMovieHelpText": "有効にすると、このリストで追加された映画が追加され、監視されます",
    "ShowAdvanced": "高度な表示",
    "ICalShowAsAllDayEvents": "終日イベントとして表示",
    "IconForCutoffUnmetHelpText": "カットオフに達していないときにファイルのアイコンを表示する",
    "ShowDateAdded": "追加された日付を表示",
    "ShowMonitored": "監視対象を表示",
    "ShowMonitoredHelpText": "ポスターの下に監視ステータスを表示する",
    "ShowMovieInformation": "映画情報を表示する",
    "ShowMovieInformationHelpText": "映画のジャンルと認定を表示する",
    "ShownClickToHide": "表示、クリックして非表示",
    "ShowPath": "パスを表示",
    "ShowQualityProfile": "品質プロファイルを表示",
    "ShowQualityProfileHelpText": "ポスターの下に品質プロファイルを表示する",
    "ShowRatings": "評価を表示",
    "ShowSearch": "検索を表示",
    "ShowSearchHelpText": "ホバー時に検索ボタンを表示する",
    "ShowSizeOnDisk": "ディスク上のサイズを表示",
    "ShowStudio": "ショースタジオ",
    "ShowTitle": "タイトルを表示",
    "ShowTitleHelpText": "ポスターの下に映画のタイトルを表示する",
    "ShowUnknownMovieItems": "不明な映画アイテムを表示する",
    "ShowYear": "年を表示",
    "Shutdown": "シャットダウン",
    "SizeOnDisk": "ディスク上のサイズ",
    "SkipFreeSpaceCheck": "フリースペースチェックをスキップする",
    "Small": "小さい",
    "Socks4": "ソックス4",
    "Socks5": "Socks5（TORをサポート）",
    "SomeResultsHiddenFilter": "一部の結果は、適用されたフィルターによって非表示になります",
    "MovieCannotBeFound": "申し訳ありませんが、その映画は見つかりません。",
    "Sort": "ソート",
    "Source": "ソース",
    "SourcePath": "ソースパス",
    "SourceRelativePath": "ソース相対パス",
    "SourceTitle": "ソースタイトル",
    "SslCertPassword": "SSL証明書のパスワード",
    "SslCertPasswordHelpText": "pfxファイルのパスワード",
    "SslCertPath": "SSL証明書パス",
    "SslCertPathHelpText": "pfxファイルへのパス",
    "SslPort": "SSLポート",
    "StandardMovieFormat": "標準のムービーフォーマット",
    "StartImport": "インポートを開始",
    "StartProcessing": "処理を開始します",
    "StartSearchForMissingMovie": "不足している映画の検索を開始します",
    "Status": "状態",
    "Studio": "スタジオ",
    "Style": "スタイル",
    "SubfolderWillBeCreatedAutomaticallyInterp": "'{0}'サブフォルダは自動的に作成されます",
    "Sunday": "日曜日",
    "Table": "テーブル",
    "TableOptions": "テーブルオプション",
    "TableColumnsHelpText": "表示する列と表示する順序を選択します",
    "TagDetails": "タグの詳細-{0}",
    "TagIsNotUsedAndCanBeDeleted": "タグは使用されておらず、削除できます",
    "Tags": "タグ",
    "ICalTagsMoviesHelpText": "一致するタグが少なくとも1つある映画に適用されます",
    "TagsSettingsSummary": "すべてのタグとその使用方法を確認してください。未使用のタグは削除できます",
    "Tasks": "タスク",
    "Test": "テスト",
    "TestAll": "すべてテスト",
    "TheLogLevelDefault": "ログレベルのデフォルトは「情報」であり、で変更できます。",
    "ThisCannotBeCancelled": "{appName}を再起動せずに一度開始すると、これをキャンセルすることはできません。",
    "Time": "時間",
    "Title": "題名",
    "Titles": "タイトル",
    "TMDBId": "TMDbID",
    "TmdbIdExcludeHelpText": "除外する映画のTMDbID",
    "Today": "今日",
    "TorrentDelay": "トレント遅延",
    "Trace": "痕跡",
    "TorrentDelayHelpText": "トレントをつかむ前に待つために数分遅れる",
    "TorrentDelayTime": "トレント遅延：{0}",
    "Torrents": "トレント",
    "TorrentsDisabled": "トレント無効",
    "Trailer": "トレーラー",
    "Trakt": "Trakt",
    "Trigger": "引き金",
    "Type": "タイプ",
    "Ui": "UI",
    "UiLanguage": "UI言語",
    "UiLanguageHelpText": "{appName}がUIに使用する言語",
    "BrowserReloadRequired": "ブラウザのリロードが必要",
    "UiSettings": "UI設定",
    "UiSettingsSummary": "カレンダー、日付、色が損なわれたオプション",
    "AddConditionError": "新しい条件を追加できません。再試行してください。",
    "AddCustomFormatError": "新しいカスタムフォーマットを追加できません。もう一度お試しください。",
    "AddDownloadClientError": "新しいダウンロードクライアントを追加できません。もう一度やり直してください。",
    "AddImportListExclusionError": "新しいリストの除外を追加できません。再試行してください。",
    "AddListError": "新しいリストを追加できません。もう一度やり直してください。",
    "AddNotificationError": "新しい通知を追加できません。もう一度やり直してください。",
    "AddQualityProfileError": "新しい品質プロファイルを追加できません。再試行してください。",
    "AddRemotePathMappingError": "新しいリモートパスマッピングを追加できません。再試行してください。",
    "BackupsLoadError": "バックアップを読み込めません",
    "Unlimited": "無制限",
    "CustomFormatsLoadError": "カスタムフォーマットを読み込めません",
    "DelayProfilesLoadError": "遅延プロファイルを読み込めません",
    "DownloadClientOptionsLoadError": "ダウンロードクライアントオプションを読み込めません",
    "GeneralSettingsLoadError": "一般設定を読み込めません",
    "IndexerOptionsLoadError": "インデクサオプションを読み込めません",
    "IndexersLoadError": "インデクサーを読み込めません",
    "ImportListExclusionsLoadError": "リストの除外を読み込めません",
    "ListOptionsLoadError": "リストオプションを読み込めません",
    "ImportListsLoadError": "リストを読み込めません",
    "UnableToLoadManualImportItems": "手動インポートアイテムを読み込めません",
    "MediaManagementSettingsLoadError": "メディア管理設定を読み込めません",
    "MetadataLoadError": "メタデータを読み込めません",
    "UnableToLoadMovies": "映画を読み込めません",
    "NamingSettingsLoadError": "ネーミング設定を読み込めません",
    "NotificationsLoadError": "通知を読み込めません",
    "QualityDefinitionsLoadError": "品質定義を読み込めません",
    "QualityProfilesLoadError": "品質プロファイルを読み込めません",
    "RemotePathMappingsLoadError": "リモートパスマッピングを読み込めません",
    "UnableToLoadRestrictions": "制限を読み込めません",
    "UnableToLoadRootFolders": "ルートフォルダを読み込めません",
    "TagsLoadError": "タグを読み込めません",
    "CalendarLoadError": "カレンダーを読み込めません",
    "UpdateAppDirectlyLoadError": "{appName}を直接更新できません。",
    "Ungroup": "グループ化を解除",
    "UnmappedFilesOnly": "マップされていないファイルのみ",
    "UnmappedFolders": "マップされていないフォルダ",
    "Unmonitored": "監視されていない",
    "ICalIncludeUnmonitoredMoviesHelpText": "監視されていない映画をiCalフィードに含める",
    "Unreleased": "利用できません",
    "UnsavedChanges": "保存されていない変更",
    "UnselectAll": "すべて選択解除",
    "UpdateAll": "すべて更新",
    "UpdateAutomaticallyHelpText": "アップデートを自動的にダウンロードしてインストールします。 System：Updatesから引き続きインストールできます。",
    "UpdateCheckStartupTranslocationMessage": "スタートアップフォルダー '{startupFolder}'がAppTranslocationフォルダーにあるため、更新をインストールできません。",
    "UpdateCheckUINotWritableMessage": "UIフォルダー「{startupFolder}」はユーザー「{userName}」によって書き込み可能ではないため、更新をインストールできません。",
    "UpdateMechanismHelpText": "{appName}の組み込みアップデーターまたはスクリプトを使用する",
    "UpdateScriptPathHelpText": "抽出された更新パッケージを取得し、更新プロセスの残りを処理するカスタムスクリプトへのパス",
    "UpdateSelected": "選択した更新",
    "UpgradeUntilCustomFormatScore": "カスタムフォーマットスコアまでアップグレード",
    "UpgradeUntil": "品質が上がるまでアップグレードする",
    "UpgradeUntilThisQualityIsMetOrExceeded": "この品質が満たされるか超えるまでアップグレードします",
    "Uppercase": "大文字",
    "UrlBase": "URLベース",
    "UrlBaseHelpText": "リバースプロキシサポートの場合、デフォルトは空です",
    "Usenet": "Usenet",
    "UsenetDelay": "Usenet遅延",
    "UsenetDelayHelpText": "Usenetからリリースを取得する前に待機するために数分遅れます",
    "UsenetDelayTime": "Usenet遅延：{0}",
    "UsenetDisabled": "Usenetが無効",
    "UseProxy": "プロキシを使う",
    "Version": "バージョン",
    "VisitTheWikiForMoreDetails": "詳細については、wikiにアクセスしてください。 ",
    "WaitingToProcess": "処理を待っています",
    "Wanted": "ウォンテッド",
    "Warn": "警告",
    "Week": "週間",
    "Weeks": "週",
    "WhitelistedHardcodedSubsHelpText": "ここで設定された字幕タグはハードコードされているとは見なされません",
    "WhitelistedSubtitleTags": "ホワイトリストに登録された字幕タグ",
    "WouldYouLikeToRestoreBackup": "バックアップ{0}を復元しますか？",
    "Year": "年",
    "YesCancel": "はい、キャンセル",
    "MoveMovieFoldersMoveFiles": "はい、ファイルを移動します",
    "Yesterday": "昨日",
    "YouCanAlsoSearch": "映画のTMDbIDまたはIMDbIDを使用して検索することもできます。例えば`tmdb：71663`",
    "MissingMonitoredAndConsideredAvailable": "行方不明（監視済み）",
    "MissingNotMonitored": "行方不明（監視なし）",
    "KeyboardShortcutsMovieDetailsPreviousMovie": "映画の詳細：前の映画",
    "MovieEditor": "映画編集者",
    "MovieExcludedFromAutomaticAdd": "自動追加から除外された映画",
    "Search": "探す",
    "Edit": "編集",
    "SqliteVersionCheckUpgradeRequiredMessage": "現在インストールされているSQLiteバージョン{0}はサポートされなくなりました。 SQLiteを少なくともバージョン{1}にアップグレードしてください。",
    "ShowCinemaRelease": "シネマのリリース日を表示",
    "ShowReleaseDate": "リリース日を表示",
    "ShowReleaseDateHelpText": "ポスターの下にリリース日を表示する",
    "OnMovieFileDeleteForUpgrade": "アップグレードのためのムービーファイルの削除",
    "OnMovieDelete": "映画の削除について",
    "OnMovieFileDelete": "ムービーファイルの削除について",
    "Reddit": "Reddit",
    "More": "もっと",
    "Download": "ダウンロード",
    "DownloadClientRootFolderHealthCheckMessage": "ダウンロードクライアント{downloadClientName}は、ダウンロードをルートフォルダ{rootFolderPath}に配置します。ルートフォルダにダウンロードしないでください。",
    "Blocklist": "ブラックリスト",
    "BlocklistRelease": "ブラックリストリリース",
    "RemoveFromBlocklist": "ブラックリストから削除する",
    "Blocklisted": "ブラックリスト",
    "BlocklistReleases": "ブラックリストリリース",
    "Filters": "フィルタ",
    "ImportList": "リスト",
    "Rating": "評価",
    "SelectLanguages": "言語を選択する",
    "RssSyncIntervalHelpText": "分単位の間隔。無効にするにはゼロに設定します（これにより、すべての自動リリースグラブが停止します）",
    "AllCollectionsHiddenDueToFilter": "フィルタが適用されているため、すべてのムービーが非表示になっています。",
    "Collections": "コレクション",
    "MonitorMovies": "モニタームービー",
    "NoCollections": "映画が見つかりません。開始するには、新しい映画を追加するか、既存の映画をインポートする必要があります。",
    "File": "ファイル",
    "ShowCinemaReleaseHelpText": "ポスターの下にリリース日を表示する",
    "EditMovies": "映画の編集",
    "DeleteRemotePathMapping": "リモートパスマッピングの編集",
    "No": "番号",
    "IncludeHealthWarnings": "健康上の警告を含める",
    "OrganizeNothingToRename": "成功！私の仕事は終わりました。名前を変更するファイルはありません。",
    "GrabId": "IDを取得",
    "AddAutoTagError": "新しいリストを追加できません。もう一度やり直してください。",
    "DeleteDelayProfileMessageText": "この遅延プロファイルを削除してもよろしいですか？",
    "MoveAutomatically": "クイックインポート",
    "DeleteQualityProfileMessageText": "品質プロファイル{0}を削除してもよろしいですか",
    "RemoveSelectedItemsQueueMessageText": "キューから{0}アイテム{1}を削除してもよろしいですか？",
    "ConnectionLostReconnect": "Radarrは自動的に接続を試みます。または、下の[再読み込み]をクリックしてください。",
    "DeleteImportListMessageText": "タグ「{0}」を削除してもよろしいですか？",
    "DisabledForLocalAddresses": "ローカルアドレスでは無効",
    "FormatAgeMinute": "議事録",
    "FormatAgeMinutes": "議事録",
    "TablePageSize": "ページサイズ",
    "RemoveSelectedBlocklistMessageText": "選択したアイテムをブラックリストから削除してもよろしいですか？",
    "BypassDelayIfAboveCustomFormatScoreMinimumScore": "最小カスタムフォーマットスコア",
    "ConditionUsingRegularExpressions": "この条件は、正規表現を使用して一致します。文字{0}には特別な意味があり、{1}でエスケープする必要があることに注意してください",
    "DelayProfileMovieTagsHelpText": "一致するタグが少なくとも1つある映画に適用されます",
    "DeleteAutoTagHelpText": "オートタグ'{name}'を削除してもよろしいですか？",
    "DeleteConditionMessageText": "品質プロファイル{0}を削除してもよろしいですか",
    "DeleteReleaseProfileMessageText": "品質プロファイル{0}を削除してもよろしいですか",
    "DeleteSelectedDownloadClients": "ダウンロードクライアントを削除する",
    "DeleteSpecificationHelpText": "タグ「{0}」を削除してもよろしいですか？",
    "ApplyTagsHelpTextAdd": "追加：既存のタグリストにタグを追加します",
    "ApplyTagsHelpTextHowToApplyDownloadClients": "選択した映画にタグを適用する方法",
    "DownloadClientsLoadError": "ダウンロードクライアントを読み込めません",
    "FormatAgeHours": "時間",
    "HistoryLoadError": "履歴を読み込めません",
    "InteractiveImportLoadError": "手動インポートアイテムを読み込めません",
    "MustContainHelpText": "リリースには、これらの用語の少なくとも1つが含まれている必要があります（大文字と小文字は区別されません）",
    "MustNotContainHelpText": "1つ以上の用語が含まれている場合、リリースは拒否されます（大文字と小文字は区別されません）",
    "NotificationStatusAllClientHealthCheckMessage": "障害のため、すべてのリストを利用できません",
    "ReleaseGroups": "リリースグループ",
    "ReleaseProfilesLoadError": "遅延プロファイルを読み込めません",
    "AutoTaggingNegateHelpText": "オンにすると、この{0}条件が一致する場合、カスタム形式は適用されません。",
    "DeleteSelectedIndexers": "インデクサーを削除する",
    "RemoveSelectedItemQueueMessageText": "キューから{0}アイテム{1}を削除してもよろしいですか？",
    "ResetAPIKeyMessageText": "APIキーをリセットしてもよろしいですか？",
    "RetryingDownloadOn": "{1}で{0}までダウンロードを遅らせる",
    "NotificationStatusSingleClientHealthCheckMessage": "失敗のため利用できないリスト：{notificationNames}",
    "BlocklistLoadError": "ブラックリストを読み込めません",
    "SelectDropdown": "'選択する...",
    "QueueLoadError": "キューのロードに失敗しました",
    "InteractiveSearchModalHeader": "インタラクティブ検索",
    "RemoveQueueItemConfirmation": "キューから{0}アイテム{1}を削除してもよろしいですか？",
    "IndexerSettingsMultiLanguageRelease": "多言語",
    "Release": "リリース済み",
    "QualityCutoffNotMet": "品質カットオフが満たされていません",
    "TablePageSizeHelpText": "各ページに表示するアイテムの数",
    "AddRootFolderError": "ルートフォルダを読み込めません",
    "RestartLater": "後で再起動します",
    "AddListExclusion": "リストの除外を追加",
    "AutoRedownloadFailed": "ダウンロードに失敗しました",
    "ApplyTagsHelpTextHowToApplyImportLists": "選択した映画にタグを適用する方法",
    "ApplyTagsHelpTextHowToApplyIndexers": "選択した映画にタグを適用する方法",
    "ApplyTagsHelpTextRemove": "削除：入力したタグを削除します",
    "ApplyTagsHelpTextReplace": "置換：タグを入力したタグに置き換えます（すべてのタグをクリアするには、タグを入力しないでください）",
    "QualitiesLoadError": "品質をロードできません",
    "Yes": "はい",
    "CustomFilter": "カスタムフィルター",
    "DelayingDownloadUntil": "{1}で{0}までダウンロードを遅らせる",
    "DeleteImportListExclusionMessageText": "このインポートリストの除外を削除してもよろしいですか？",
    "DeleteReleaseProfile": "遅延プロファイルの削除",
    "DeleteSpecification": "通知を削除",
    "DeletedReasonUpgrade": "アップグレードをインポートするためにファイルが削除されました",
    "FormatAgeHour": "時間",
    "Lists": "リスト",
    "OrganizeLoadError": "プレビューの読み込みエラー",
    "ApplyTagsHelpTextHowToApplyMovies": "選択した映画にタグを適用する方法",
    "AddDelayProfileError": "新しい品質プロファイルを追加できません。再試行してください。",
    "MovieSearchResultsLoadError": "この映画検索の結果を読み込めません。あとでもう一度試してみてください",
    "MovieFileDeleted": "ムービーファイルの削除について",
    "SearchOnAddCollectionHelpText": "{appName}に追加されたら、このリストで映画を検索します",
    "MovieIsNotMonitored": "映画は監視されていません",
    "DeletedReasonMovieMissingFromDisk": "{appName}はディスク上でファイルを見つけることができなかったため、削除されました",
    "IMDbId": "TMDbID",
    "DeleteSelectedMovieFilesHelpText": "選択したムービーファイルを削除してもよろしいですか？",
    "NotificationsSimplepushSettingsEvent": "イベント",
    "DeleteCustomFormatMessageText": "タグ「{0}」を削除してもよろしいですか？",
    "DeleteFormatMessageText": "タグ「{0}」を削除してもよろしいですか？",
    "DownloadClientSettingsRecentPriority": "クライアントの優先順位",
    "ShowUnknownMovieItemsHelpText": "キューに映画がないアイテムを表示します。これには、削除された映画や、ラダーのカテゴリに含まれるその他のものが含まれる可能性があります",
    "MovieFileDeletedTooltip": "ムービーファイルの削除について",
    "DeleteMovieFolders": "ムービーフォルダを削除する",
    "DeleteMovieFoldersHelpText": "ムービーフォルダとその内容を削除します",
    "DeleteSelectedMovies": "選択したムービーファイルを削除する",
    "AddCondition": "条件の追加",
    "DeleteSelectedImportListExclusionsMessageText": "このインポートリストの除外を削除してもよろしいですか？",
    "DeleteSelectedCustomFormats": "カスタムフォーマットを削除する",
    "ReleaseDate": "リリース日",
    "ShowDigitalRelease": "シネマのリリース日を表示",
    "ShowPhysicalRelease": "物理的なリリース日",
    "ShowPhysicalReleaseHelpText": "ポスターの下にリリース日を表示する",
    "ShowDigitalReleaseHelpText": "ポスターの下にリリース日を表示する",
    "FolderNameTokens": "ファイル名トークン",
    "Clone": "閉じる",
    "AllTitles": "すべてのファイル",
    "EditReleaseProfile": "遅延プロファイルの編集",
    "DownloadClientUnavailable": "ダウンロードクライアントは利用できません",
    "AddReleaseProfile": "遅延プロファイルの編集",
    "AutoTaggingSpecificationOriginalLanguage": "言語",
    "AutoTaggingSpecificationQualityProfile": "品質プロファイル",
    "AutoTaggingSpecificationRootFolder": "ルートフォルダ",
    "AutoTaggingSpecificationStatus": "状態",
    "CustomFormatsSpecificationMaximumSize": "最大サイズ",
    "CustomFormatsSpecificationSource": "ソース",
    "CustomFormatsSpecificationLanguage": "言語",
    "Mixed": "修繕",
    "ImportListsTraktSettingsCertification": "認証",
    "ImportListsTraktSettingsGenres": "ジャンル",
    "ImportListsTraktSettingsRating": "評価",
    "AddANewPath": "新しいパスを追加",
    "IndexerHDBitsSettingsMediums": "中"
}
