{
    "About": "Par",
    "KeyboardShortcutsConfirmModal": "Apstiprināt Apstiprināšanas Modālu",
    "Actions": "Darbības",
    "Activity": "Aktivitāte",
    "Add": "Pievienot",
    "AddAutoTag": "Pievienot Automātisko Tagu",
    "AddCondition": "Pievienot Nosacījumu",
    "AddCustomFormat": "Pievienot Pielāgotu Formātu",
    "AddConditionImplementation": "Pievienot Nosacījumu - {implementationName}",
    "AddConnection": "Pievienot Savienojumu",
    "AddConnectionImplementation": "Pievienot Savienojumu - {implementationName}",
    "AddDelayProfile": "Pievienot Aizkaves Profilu",
    "AddDownloadClient": "Pievienot Lejupielādes Klientu",
    "EditCustomFormat": "Pievienot Pielāgotu Formātu",
    "EditDelayProfile": "Pievienot Aizkaves Profilu",
    "ImportCustomFormat": "Pievienot Pielāgotu Formātu",
    "EditConnectionImplementation": "Pievienot Savienojumu - {implementationName}",
    "Movie": "Filma",
    "AddIndexerImplementation": "Pievienot Nosacījumu - {implementationName}",
    "Movies": "Filmu",
    "EditIndexerImplementation": "Pievienot Nosacījumu - {implementationName}",
    "EditConditionImplementation": "Pievienot Nosacījumu - {implementationName}",
    "ExportCustomFormat": "Pievienot Pielāgotu Formātu",
    "New": "Jauns",
    "EditReleaseProfile": "Pievienot Aizkaves Profilu",
    "AddReleaseProfile": "Pievienot Aizkaves Profilu"
}
