{
    "Peers": "Elementos",
    "AppDataLocationHealthCheckMessage": "Não foi possível actualizar para prevenir apagar a AppData durante a actualização",
    "Year": "Ano",
    "Week": "Semana",
    "Warn": "Avisar",
    "Wanted": "Desejado",
    "View": "Ver",
    "VideoCodec": "Codec de vídeo",
    "UpdateSelected": "Atualizar selecionado(s)",
    "Updates": "Atualizações",
    "UpdateCheckUINotWritableMessage": "Não é possível instalar a atualização porque a pasta da IU \"{startupFolder}\" não tem permissões de escrita para o utilizador \"{userName}\".",
    "UpdateCheckStartupNotWritableMessage": "Não é possível instalar a atualização porque a pasta de arranque \"{startupFolder}\" não tem permissões de escrita para o utilizador \"{userName}\".",
    "UpdateCheckStartupTranslocationMessage": "Não é possível instalar a atualização porque a pasta de arranque \"{startupFolder}\" está em uma pasta de transposição de aplicações.",
    "UpdateAll": "Atualizar todos",
    "UnselectAll": "Desmarcar todos",
    "UnsavedChanges": "Mudanças não guardadas",
    "UnmappedFolders": "Pastas não mapeadas",
    "Unmonitored": "Não monitorado",
    "Unavailable": "Indisponível",
    "UiSettingsSummary": "Opções de calendário, data e modo de daltonismo",
    "Ui": "IU",
    "Type": "Tipo",
    "TotalSpace": "Espaço total",
    "Titles": "Títulos",
    "Title": "Título",
    "Timeleft": "Tempo restante",
    "Time": "Hora",
    "TestAll": "Testar todos",
    "Test": "Testar",
    "Tasks": "Tarefas",
    "TagsSettingsSummary": "Ver todas as etiquetas e como são utilizadas. Etiquetas não utilizadas podem ser removidas",
    "Tags": "Etiquetas",
    "TableColumnsHelpText": "Escolha quais colunas são visíveis e em qual ordem aparecem",
    "TableOptions": "Opções da tabela",
    "Table": "Tabela",
    "SystemTimeHealthCheckMessage": "A hora do sistema está atrasada em mais de 1 dia. As tarefas agendadas podem não ocorrer corretamente até a hora ser corrigida",
    "System": "Sistema",
    "Style": "Estilo",
    "Studio": "Estúdio",
    "Status": "Estado",
    "SourceTitle": "Título original",
    "Source": "Origem",
    "Sort": "Ordenar",
    "SizeOnDisk": "Tamanho em disco",
    "Size": "Tamanho",
    "Shutdown": "Encerrar",
    "ShowTitle": "Mostrar título",
    "ShowStudio": "Mostrar estúdio",
    "ShowSizeOnDisk": "Mostrar tamanho em disco",
    "ShowSearchHelpText": "Mostrar botão de pesquisa ao passar o cursor",
    "ShowSearch": "Mostrar pesquisa",
    "ShowQualityProfile": "Mostrar perfil de qualidade",
    "ShowPath": "Mostrar caminho",
    "ShowMonitored": "Mostrar monitorado(s)",
    "ShowDateAdded": "Mostrar data de adição",
    "ShowAdvanced": "Mostrar avançado",
    "WeekColumnHeaderHelpText": "Mostrar acima de cada coluna quando a semana é a vista ativa",
    "WeekColumnHeader": "Cabeçalho da coluna de semana",
    "TimeFormat": "Formato de hora",
    "ShowRelativeDatesHelpText": "Mostrar datas relativas (Hoje, Ontem, etc.) ou absolutas",
    "ShowRelativeDates": "Mostrar datas relativas",
    "ShortDateFormat": "Formato curto de data",
    "RemotePathMappingRemotePathHelpText": "Caminho raiz para o diretório que o cliente de transferências acessa",
    "RemotePath": "Caminho remoto",
    "RemotePathMappingLocalPathHelpText": "Caminho que o {appName} deve usar para acessar localmente ao caminho remoto",
    "LocalPath": "Caminho local",
    "RemotePathMappingHostHelpText": "O mesmo anfitrião especificado para o cliente de transferências remoto",
    "LongDateFormat": "Formato longo de data",
    "FirstDayOfWeek": "Primeiro dia da semana",
    "EnableColorImpairedMode": "Ativar modo de daltonismo",
    "EnableColorImpairedModeHelpText": "Estilo alterado para permitir que utilizadores com daltonismo possam melhor distinguir informações de cores",
    "Settings": "Definições",
    "SetTags": "Definir etiquetas",
    "SelectFolder": "Selecionar pasta",
    "SelectAll": "Selecionar todos",
    "Seeders": "Semeadores",
    "Security": "Segurança",
    "SearchSelected": "Pesquisar selecionado(s)",
    "SearchOnAdd": "Pesquisar ao adicionar",
    "SearchMovie": "Pesquisar filme",
    "SearchForMissing": "Pesquisar ausentes",
    "SearchFiltered": "Pesquisar filtrados",
    "SearchAll": "Pesquisar todos",
    "Search": "Pesquisar",
    "Scheduled": "Agendado",
    "SaveChanges": "Guardar mudanças",
    "Save": "Guardar",
    "Runtime": "Tempo de execução",
    "RssSync": "Sincronização RSS",
    "RootFolders": "Pastas raiz",
    "RootFolderCheckSingleMessage": "Pasta raiz não encontrada: {rootFolderPath}",
    "RootFolderCheckMultipleMessage": "Múltiplas pastas raiz estão ausentes: {rootFolderPaths}",
    "RootFolder": "Pasta raiz",
    "Restrictions": "Restrições",
    "RestoreBackup": "Restaurar cópia de segurança",
    "Restart": "Reiniciar",
    "RenameFiles": "Renomear ficheiros",
    "Renamed": "Renomeado",
    "RemoveSelected": "Remover selecionado(s)",
    "RemoveRootFolder": "Remover pasta raiz",
    "RemovedMovieCheckSingleMessage": "O filme {movie} foi removido do TMDb",
    "RemovedMovieCheckMultipleMessage": "Os filmes {movies} foram removidos do TMDb",
    "RemotePathMappings": "Mapeamentos de caminho remoto",
    "Reload": "Recarregar",
    "ReleaseTitle": "Título da versão",
    "ReleaseStatus": "Estado da versão",
    "ReleaseGroup": "Grupo da versão",
    "ReleaseBranchCheckOfficialBranchMessage": "A ramificação {0} não é uma ramificação de versões válida do {appName}, você não receberá atualizações",
    "RelativePath": "Caminho relativo",
    "RejectionCount": "Número de rejeições",
    "RefreshAndScan": "Atualizar e analisar",
    "Refresh": "Atualizar",
    "RecentFolders": "Pastas recentes",
    "Ratings": "Classificações",
    "QuickImport": "Mover automaticamente",
    "Queue": "Fila",
    "QualitySettingsSummary": "Tamanhos de qualidade e nomenclatura",
    "QualityProfiles": "Perfis de qualidade",
    "QualityProfile": "Perfil de qualidade",
    "QualityDefinitions": "Definições de qualidade",
    "Quality": "Qualidade",
    "PtpOldSettingsCheckMessage": "As definições dos seguintes indexadores do PassThePopcorn são obsoletas e precisam ser atualizadas: {0}",
    "ProxyCheckResolveIpMessage": "Não é possível resolver o Endereço IP para o Anfitrião de proxy {proxyHostName} definido",
    "ProxyCheckFailedToTestMessage": "Falha ao testar o proxy: {url}",
    "ProxyCheckBadRequestMessage": "Falha ao testar o proxy. Código de estado: {statusCode}",
    "Proxy": "Proxy",
    "Protocol": "Protocolo",
    "Progress": "Progresso",
    "ProfilesSettingsSummary": "Perfis de qualidade, idioma e atraso",
    "Profiles": "Perfis",
    "PreviewRename": "Pré-visualizar renomeação",
    "PosterSize": "Tamanho do cartaz",
    "Posters": "Cartazes",
    "PosterOptions": "Opções do cartaz",
    "PhysicalRelease": "Versão física",
    "PendingChangesStayReview": "Ficar e rever mudanças",
    "PendingChangesMessage": "Há mudanças não guardadas, tem a certeza que quer sair dessa página?",
    "PendingChangesDiscardChanges": "Descartar mudanças e sair",
    "Path": "Caminho",
    "OverviewOptions": "Opções da descrição geral",
    "Overview": "Descrição geral",
    "OutputPath": "Caminho de saída",
    "Organize": "Organizar",
    "Options": "Opções",
    "Ok": "Ok",
    "OAuthPopupMessage": "Os pop-ups estão sendo bloqueados por seu browser",
    "NoChanges": "Sem mudanças",
    "NoChange": "Sem mudança",
    "Name": "Nome",
    "MovieTitle": "Título do filme",
    "Movies": "Filmes",
    "MovieNaming": "Nomenclatura de filmes",
    "MovieIndex": "Índice do filme",
    "MovieEditor": "Editor de filmes",
    "Movie": "Filme",
    "MoveFiles": "Mover ficheiros",
    "MountMovieHealthCheckMessage": "O volume que contém um caminho de filme é somente leitura: ",
    "MoreInfo": "Mais informações",
    "Month": "Mês",
    "MonitorMovie": "Monitorar filme",
    "MonitoredOnly": "Apenas monitorado",
    "Monitored": "Monitorado",
    "Monitor": "Monitorar",
    "Missing": "Ausente",
    "MinimumAvailability": "Disponibilidade mínima",
    "MinAvailability": "Disponibilidade mínima",
    "MetadataSettingsMovieSummary": "Criar ficheiros de metadados quando os filmes são importados ou atualizados",
    "Metadata": "Metadados",
    "Message": "Mensagem",
    "MediaManagementSettingsSummary": "Definições de nomenclatura e gestão de ficheiros",
    "MediaManagement": "Gestão de multimédia",
    "MassMovieSearch": "Pesquisar filmes em massa",
    "ManualImport": "Importação manual",
    "Logging": "guardar nos registos",
    "LogFiles": "Ficheiros de log",
    "Location": "Localização",
    "ImportListsSettingsSummary": "Listas de importação, exclusões de lista",
    "ImportLists": "Listas",
    "ImportListExclusions": "Exclusões de lista",
    "Level": "Nível",
    "LastWriteTime": "Hora da última escrita",
    "Language": "Idioma",
    "Languages": "Idiomas",
    "KeyboardShortcuts": "Atalhos do teclado",
    "InteractiveImport": "Importação interativa",
    "Info": "Informações",
    "IndexerStatusCheckSingleClientMessage": "Indexadores indisponíveis devido a falhas: {indexerNames}",
    "IndexerStatusCheckAllClientMessage": "Todos os indexadores estão indisponíveis devido a falhas",
    "IndexersSettingsSummary": "Restrições de versões e de indexadores",
    "IndexerSearchCheckNoInteractiveMessage": "Nenhum indexador disponível com a Pesquisa Interativa ativada. O {appName} não fornecerá nenhum resultado nas Pesquisas Interativas",
    "IndexerSearchCheckNoAutomaticMessage": "Não há indexadores disponíveis com Pesquisa automática ativada, o {appName} não fornecerá nenhum resultado de pesquisa automática",
    "IndexerSearchCheckNoAvailableIndexersMessage": "Todos os indexadores com funcionalidade de pesquisa estão indisponíveis devido a erros recentes do indexador",
    "Indexers": "Indexadores",
    "IndexerRssHealthCheckNoIndexers": "Nenhum indexador disponível com sincronia RSS ativado, o {appName} não capturará novas versões automaticamente",
    "IndexerRssHealthCheckNoAvailableIndexers": "Todos os indexadores com RSS estão temporariamente indisponíveis devido a erros recentes nos indexadores",
    "Indexer": "Indexador",
    "InCinemas": "Nos cinemas",
    "ImportTipsMessage": "Algumas dicas para garantir que a importação funcione perfeitamente:",
    "ImportMechanismHealthCheckMessage": "Ativar processamento de transferências terminadas",
    "ImportHeader": "Importar uma biblioteca organizada existente para adicionar filmes ao {appName}",
    "ImportExistingMovies": "Importar filmes existentes",
    "Imported": "Importado",
    "Import": "Importar",
    "Ignored": "Ignorado",
    "ICalLink": "Ligação do iCal",
    "Host": "Anfitrião",
    "History": "Histórico",
    "HideAdvanced": "Ocultar avançado",
    "NoIssuesWithYourConfiguration": "Não há problemas com suas definições",
    "Health": "Estado de funcionamento",
    "HardlinkCopyFiles": "Realizar ligação fixa/copiar ficheiros",
    "GrabSelected": "Capturar seleção",
    "Grabbed": "Capturado",
    "Genres": "Gêneros",
    "GeneralSettingsSummary": "Porta, SSL, utilizador/palavra-passe, proxy, análises e atualizações",
    "General": "Geral",
    "FreeSpace": "Espaço livre",
    "Formats": "Formatos",
    "Forecast": "Previsão",
    "Folder": "Pasta",
    "Filter": "Filtrar",
    "Files": "Ficheiros",
    "Filename": "Nome do ficheiro",
    "FileManagement": "Gestão do ficheiro",
    "FailedDownloadHandling": "Falha no processamento de transferências",
    "Failed": "Falhado",
    "Extension": "Extensão",
    "ExistingMovies": "Filme(s) existente(s)",
    "EventType": "Tipo de evento",
    "Events": "Eventos",
    "Error": "Erro",
    "EditRemotePathMapping": "Editar mapeamento de caminho remoto",
    "Edit": "Editar",
    "Downloaded": "Transferido",
    "DownloadClientStatusCheckSingleClientMessage": "Clientes de transferências indisponíveis devido a falhas: {downloadClientNames}",
    "DownloadClientStatusCheckAllClientMessage": "Todos os clientes de transferências estão indisponíveis devido a falhas",
    "DownloadClientsSettingsSummary": "Clientes de transferências, processamento de transferências e mapeamentos de caminho remoto",
    "DownloadClients": "Clientes de transferências",
    "DownloadClientCheckUnableToCommunicateMessage": "Não é possível ligar-se a {downloadClientName}.",
    "DownloadClientCheckNoneAvailableMessage": "Nenhum cliente de transferências disponível",
    "DownloadClient": "Cliente de transferências",
    "DiskSpace": "Espaço em disco",
    "Discover": "Descobrir",
    "DigitalRelease": "Versão digital",
    "Details": "Detalhes",
    "DetailedProgressBarHelpText": "Mostrar texto na barra de progresso",
    "DetailedProgressBar": "Barra de progresso detalhada",
    "Deleted": "Eliminado",
    "Delete": "Eliminar",
    "DelayProfiles": "Perfis de atraso",
    "Day": "Dia",
    "Dates": "Datas",
    "Date": "Data",
    "CutoffUnmet": "Limite não-correspondido",
    "CustomFormatsSettingsSummary": "Definições e formatos personalizados",
    "CustomFormatScore": "Pontuação do formato personalizados",
    "CustomFormats": "Formatos personalizados",
    "CustomFilters": "Filtros personalizados",
    "Crew": "Equipe técnica",
    "ConnectSettingsSummary": "Notificações, ligações para servidores/leitores de multimédia e scripts personalizados",
    "Connections": "Ligações",
    "ConnectionLost": "Ligação perdida",
    "Connect": "Conexões",
    "Component": "Componente",
    "CompletedDownloadHandling": "Processamento de transferência concluída",
    "TableColumns": "Colunas",
    "Collection": "Coleção",
    "Close": "Fechar",
    "Clear": "Limpar",
    "ChooseAnotherFolder": "Escolher outra pasta",
    "Certification": "Certificação",
    "Cast": "Elenco",
    "Cancel": "Cancelar",
    "Calendar": "Calendário",
    "BackupNow": "Criar cópia de segurança",
    "Backup": "Backup",
    "AudioInfo": "Informações do áudio",
    "Apply": "Aplicar",
    "Analytics": "Análise",
    "AlternativeTitle": "Título alternativo",
    "AllMoviesHiddenDueToFilter": "Todos os filmes estão ocultos devido ao filtro aplicado.",
    "All": "Todos",
    "Agenda": "Agenda",
    "Age": "Idade",
    "AddRemotePathMapping": "Adicionar mapeamento de caminho remoto",
    "AddNewTmdbIdMessage": "Você também pode pesquisar usando o ID de um filme no TMDb. P. ex. \"tmdb:71663\"",
    "AddNewMovie": "Adicionar novo filme",
    "AddNewMessage": "É fácil adicionar um novo filme, apenas comece a digitar o nome do filme que quer acrescentar",
    "AddNew": "Adicionar Novo",
    "AddMovies": "Adicionar filmes",
    "AddExclusion": "Adicionar exclusão",
    "Added": "Adicionado",
    "Activity": "Atividade",
    "Actions": "Ações",
    "About": "Sobre",
    "AvailabilityDelay": "Atraso de disponibilidade",
    "AutoUnmonitorPreviouslyDownloadedMoviesHelpText": "Filmes eliminados do disco deixam automaticamente de ser monitorados no {appName}",
    "AutoRedownloadFailedHelpText": "Procurar automaticamente e tente baixar uma versão diferente",
    "Automatic": "Automático",
    "AuthenticationMethodHelpText": "Solicitar nome de utilizador e palavra-passe para acessar ao {appName}",
    "Authentication": "Autenticação",
    "ICalShowAsAllDayEventsHelpText": "Eventos aparecerão como eventos de dia inteiro em seu calendário",
    "ApplyTags": "Aplicar etiquetas",
    "AppDataDirectory": "Diretório AppData",
    "ApiKey": "Chave da API",
    "AnalyticsEnabledHelpText": "Envia informações anônimas de uso e de erros aos servidores do {appName}. Isso inclui informações sobre seu browser, páginas utilizadas na WebUI do {appName}, relatórios de erros, bem como as versões do sistema operativo e da aplicação. Utilizaremos essas informações para priorizar funcionalidades e correções de bugs.",
    "AnalyseVideoFiles": "Analisar ficheiros de vídeo",
    "AlreadyInYourLibrary": "Já está na sua biblioteca",
    "AllowHardcodedSubsHelpText": "Legendas codificadas que sejam detectadas serão automaticamente transferidas",
    "AllowHardcodedSubs": "Permitir legendas codificadas",
    "AgeWhenGrabbed": "Idade (quando capturada)",
    "AddImportListExclusion": "Adicionar exclusão de lista",
    "QualitySettings": "Definições de qualidade",
    "PublishedDate": "Data de publicação",
    "ProxyType": "Tipo de proxy",
    "ProtocolHelpText": "Escolha que protocolo(s) utilizar e qual o preferido ao escolher entre versões iguais",
    "PreferIndexerFlagsHelpText": "Priorizar versões com sinalizadores especiais",
    "PreferIndexerFlags": "Preferir sinalizadores do indexador",
    "PortNumber": "Número da porta",
    "Port": "Porta",
    "Permissions": "Permissões",
    "Password": "Palavra-passe",
    "PackageVersion": "Versão do pacote",
    "Original": "Original",
    "OpenBrowserOnStart": "Abrir browser ao iniciar",
    "NotMonitored": "Não monitorado",
    "NotificationTriggers": "Acionadores de notificação",
    "NotAvailable": "Indisponível",
    "NoMinimumForAnyRuntime": "Sem mínimo para tempo de execução",
    "NoLimitForAnyRuntime": "Sem limite de tempo de execução",
    "NoLeaveIt": "Não, deixe-o",
    "New": "Novo",
    "DotNetVersion": ".NET",
    "NamingSettings": "Definições de nomenclatura",
    "MustNotContain": "Não deve conter",
    "MustContain": "Deve conter",
    "MovieYearToExcludeHelpText": "Ano do filme a eliminar",
    "MovieYear": "Ano do filme",
    "MovieTitleToExcludeHelpText": "Título do filme a eliminar (pode ser qualquer palavra)",
    "MovieIsDownloading": "Transferindo filme",
    "MovieInfoLanguageHelpTextWarning": "É preciso reiniciar o browser",
    "MovieID": "ID do filme",
    "MovieFolderFormat": "Formato da pasta de filme",
    "MovieFiles": "Ficheiros de filme",
    "MonitoredMovieHelpText": "Transferir filme se disponível",
    "Mode": "Modo",
    "MinimumLimits": "Limites mínimos",
    "MinimumFreeSpaceHelpText": "Evitar a importação caso deixe menos espaço livre em disco que esta quantidade",
    "MinimumFreeSpace": "Espaço livre mínimo",
    "MinimumAgeHelpText": "Somente Usenet: Tempo de vida mínimo em minutos, dos NZBs, para que sejam capturados. Use isto para dar às novas versões tempo de propagar-se no seu fornecedor de Usenet.",
    "MinimumAge": "Tempo de vida mínimo",
    "MinimumCustomFormatScoreHelpText": "Pontuação mínima de formato personalizado permitida para transferir",
    "MetadataSettings": "Definições de metadados",
    "MediaManagementSettings": "Definições de gestão de multimédia",
    "MediaInfo": "Informações de multimédia",
    "Mechanism": "Mecanismo",
    "MaximumSizeHelpText": "Tamanho máximo de uma versão a capturar, em MB. Defina como zero para Ilimitado",
    "MaximumSize": "Tamanho máximo",
    "MaximumLimits": "Limites máximos",
    "Logs": "Registos",
    "LogLevel": "Nível de log",
    "Local": "Local",
    "ImportListSettings": "Ajustes da lista",
    "Links": "Ligações",
    "LanguageHelpText": "Idioma das versões",
    "Interval": "Intervalo",
    "IndexerSettings": "Definições do indexador",
    "IndexerFlags": "Sinalizadores do indexador",
    "IncludeUnmonitored": "Incluir não monitorados",
    "IncludeCustomFormatWhenRenamingHelpText": "Incluir no formato de renomeação {Custom Formats}",
    "IncludeCustomFormatWhenRenaming": "Incluir formato personalizado ao renomear",
    "ImportMovies": "Importar filmes",
    "Importing": "Importando",
    "ImportExtraFilesMovieHelpText": "Importar ficheiros adicionais correspondentes (legendas, nfo, etc.) após importar o ficheiro do filme",
    "ImportExtraFiles": "Importar ficheiros adicionais",
    "ImportedTo": "Importado para",
    "IllRestartLater": "Reiniciarei mais tarde",
    "IgnoredHelpText": "A versão será rejeitada caso contenha um ou mais destes termos (sem distinção de maiúsculas ou minúsculas)",
    "IgnoreDeletedMovies": "Deixar de monitorar filmes eliminados",
    "IgnoredAddresses": "Endereços ignorados",
    "IconForCutoffUnmet": "Ícone para Limite não correspondido",
    "ICalFeedHelpText": "Copie este URL para seu(s) cliente(s) ou clique para subscrever-se caso seu browser suporte webcal",
    "ICalFeed": "Feed do iCal",
    "Hostname": "Nome do anfitrião",
    "Group": "Grupo",
    "GrabRelease": "Capturar versão",
    "Grab": "Capturar",
    "Global": "Global",
    "GeneralSettings": "Definições gerais",
    "FollowPerson": "Seguir pessoa",
    "Folders": "Pastas",
    "Fixed": "Corrigido",
    "FileNames": "Nomes de ficheiros",
    "ChangeFileDateHelpText": "Mudar data do ficheiro ao importar/analisar",
    "Ended": "Terminado",
    "EnableSslHelpText": " Requer reinício da aplicação como administrador para aplicar alterações",
    "EnableSsl": "Ativar SSL",
    "EnableRss": "Ativar RSS",
    "AnalyseVideoFilesHelpText": "Extraia informações de vídeo como resolução, tempo de execução e informações de codec dos ficheiros. Isso requer que o {appName} leia partes do ficheiro, o que pode causar alta atividade do disco ou da rede durante as análises.",
    "EnableInteractiveSearch": "Ativar pesquisa interativa",
    "EnableMetadataHelpText": "Ativar criação do ficheiro de metadados para este tipo de metadados",
    "ListEnabledHelpText": "Ativar esta lista para uso no {appName}",
    "EnableCompletedDownloadHandlingHelpText": "Importar automaticamente as transferências concluídas do cliente de transferências",
    "EnableAutomaticSearch": "Ativar pesquisa automática",
    "EnableAutomaticAdd": "Ativar adição automática",
    "EnableAutomaticAddMovieHelpText": "Se ativado, os filmes desta lista serão automaticamente adicionados ao {appName}",
    "Enable": "Ativar",
    "EditPerson": "Editar pessoa",
    "EditMovie": "Editar filme",
    "Edition": "Edição",
    "DownloadClientSettings": "Definições do cliente de transferências",
    "Docker": "Docker",
    "DestinationRelativePath": "Caminho relativo de destino",
    "DestinationPath": "Caminho de destino",
    "DeleteTag": "Eliminar etiqueta",
    "DeleteSelectedMovieFiles": "Eliminar ficheiros do filme selecionado",
    "DeleteRestriction": "Eliminar restrição",
    "DeleteQualityProfile": "Eliminar perfil de qualidade",
    "DeleteNotification": "Eliminar notificação",
    "DeleteIndexer": "Eliminar indexador",
    "DeleteImportListExclusion": "Eliminar exclusão da lista de importação",
    "DeleteFile": "Eliminar ficheiro",
    "DeleteEmptyFoldersHelpText": "Eliminar pastas de filmes vazias durante a análise do disco e quando ficheiros de filmes forem eliminados",
    "DeleteEmptyFolders": "Eliminar pastas vazias",
    "DeleteDownloadClient": "Eliminar cliente de transferências",
    "DeleteDelayProfile": "Eliminar perfil de atraso",
    "DeleteCustomFormat": "Eliminar formato personalizado",
    "DeleteBackup": "Eliminar cópia de segurança",
    "DelayProfile": "Perfil de atraso",
    "DatabaseMigration": "Migração da base de dados",
    "UpgradeUntilMovieHelpText": "Quando esta qualidade for atingida, o {appName} deixará de transferir filmes depois de a pontuação de corte do formato personalizado ser atingida ou ultrapassada",
    "UpgradeUntilCustomFormatScoreMovieHelpText": "Assim que o limite de qualidade for atingido ou ultrapassado e esta pontuação de formato personalizado for atingida, o {appName} deixará de obter ou importar actualizações para esses filmes",
    "CustomFormatsSettings": "Definições de formatos personalizados",
    "CreateGroup": "Criar grupo",
    "CreateEmptyMovieFoldersHelpText": "Criar pastas ausentes para filmes durante a análise do disco",
    "CreateEmptyMovieFolders": "Criar pastas vazias para filmes",
    "CopyUsingHardlinksHelpTextWarning": "Ocasionalmente, bloqueios de ficheiros podem impedir a renomeação de ficheiros que ainda estão sendo provisionados. Você pode temporariamente desativar o provisionamento e utilizar a função de renomeação do {appName} como uma solução alternativa.",
    "CopyUsingHardlinksMovieHelpText": "Os hardlinks permitem que o {appName} importe torrents de propagação para a pasta de filmes sem ocupar espaço extra no disco ou copiar todo o conteúdo do ficheiro. Os hardlinks só funcionarão se a origem e o destino estiverem no mesmo volume",
    "ConnectSettings": "Definições de ligação",
    "Conditions": "Condições",
    "ColonReplacementFormatHelpText": "Mude a forma como o {appName} lida com a substituição de dois-pontos",
    "ColonReplacement": "Substituição de dois-pontos",
    "CloneProfile": "Clonar perfil",
    "CloneIndexer": "Clonar indexador",
    "ClickToChangeQuality": "Clique para mudar a qualidade",
    "ClickToChangeLanguage": "Clique para mudar o idioma",
    "CleanLibraryLevel": "Limpar nível da biblioteca",
    "CheckForFinishedDownloadsInterval": "Intervalo de verificação de transferências terminadas",
    "ChangeHasNotBeenSavedYet": "A mudança ainda não foi guardada",
    "ChangeFileDate": "Modificar data do ficheiro",
    "CertificationCountryHelpText": "Selecionar país para certificação de filmes",
    "CertificationCountry": "País de certificação",
    "CertificateValidationHelpText": "Mudar nível de restrição da validação da certificação HTTPS. Não mude a menos que entenda os riscos.",
    "CertificateValidation": "Validação de certificado",
    "BypassProxyForLocalAddresses": "Ignorar proxy para endereços locais",
    "Branch": "Ramificação",
    "BindAddressHelpText": "Endereço de IP válido, localhost ou \"*\" para todas as interfaces",
    "BindAddress": "Endereço de vínculo",
    "Backups": "Cópias de segurança",
    "BackupFolderHelpText": "Caminhos relativos estarão no diretório AppData do {appName}",
    "BackupIntervalHelpText": "Intervalo entre cópias de segurança automáticas",
    "BackupRetentionHelpText": "Cópias de segurança automáticas anteriores ao período de retenção serão eliminadas automaticamente",
    "Cutoff": "Limite",
    "CouldNotFindResults": "Nenhum resultado encontrado para \"{term}\"",
    "ClientPriority": "Prioridade do cliente",
    "ClickToChangeMovie": "Clique para mudar o filme",
    "CheckDownloadClientForDetails": "verifique o cliente de transferências para obter mais detalhes",
    "CantFindMovie": "Por que não consigo encontrar meu filme?",
    "CancelPendingTask": "Tem a certeza que quer cancelar esta tarefa pendente?",
    "BranchUpdateMechanism": "Ramificação utilizada pelo mecanismo externo de atualização",
    "BranchUpdate": "Ramificação utilizada para atualizar o {appName}",
    "BeforeUpdate": "Antes de atualizar",
    "AvailabilityDelayHelpText": "Quantidade de tempo antes ou depois da data de disponibilidade para pesquisar pelo filme",
    "ApplyTagsHelpTextHowToApplyMovies": "Como aplicar etiquetas aos filmes selecionados",
    "AddingTag": "Adicionando etiqueta",
    "AddListExclusionMovieHelpText": "Impedir a adição do filme ao {appName} por listas",
    "CopyToClipboard": "Copiar à área de transferência",
    "VisitTheWikiForMoreDetails": "Acesse a Wiki para obter mais detalhes: ",
    "CustomFormatsLoadError": "Não foi possível carregar os formatos personalizados",
    "AddCustomFormatError": "Não foi possível adicionar um novo formato personalizado, tenta novamente.",
    "RequiredHelpText": "Esta condição {0} deve ser correspondida para aplicar o formato personalizado. Caso contrário, uma correspondência de {1} é suficiente.",
    "NegateHelpText": "Se marcada, o formato personalizado não se aplicará caso a condição corresponda a {0}.",
    "ImportCustomFormat": "Importar formato personalizado",
    "ExportCustomFormat": "Exportar formato personalizado",
    "CustomFormatUnknownConditionOption": "Opção \"{key}\" desconhecida para a condição \"{implementation}\"",
    "CustomFormatUnknownCondition": "Condição de formato personalizado \"{implementation}\" desconhecida",
    "CloneCustomFormat": "Clonar formato personalizado",
    "AutomaticSearch": "Pesquisa automática",
    "IndexersLoadError": "Não foi possível carregar os indexadores",
    "IndexerOptionsLoadError": "Não foi possível carregar as opções do indexador",
    "AddIndexerError": "Não foi possível adicionar um novo indexador, tenta novamente.",
    "TestAllIndexers": "Testar todos os indexadores",
    "RssSyncIntervalHelpTextWarning": "Isto se aplicará a todos os indexadores, siga as regras estabelecidas por eles",
    "RssIsNotSupportedWithThisIndexer": "RSS não é suportado por esse indexador",
    "SupportedIndexers": "O {appName} suporta qualquer indexador que utiliza o padrão Newznab, bem como outros listados abaixo.",
    "IndexerPriorityHelpText": "Prioridade do Indexador de 1 (Mais Alta) a 50 (Mais Baixa). Padrão: 25. Usado para obter versões como critério de desempate para versões iguais, o {appName} ainda usará todos os indexadores habilitados para sincronização e pesquisa de RSS",
    "IndexerPriority": "Prioridade do indexador",
    "SupportedIndexersMoreInfo": "Para obter mais informações sobre cada indexador, clique nos botões de informação.",
    "SearchIsNotSupportedWithThisIndexer": "Este indexador não suporta pesquisas",
    "DeleteIndexerMessageText": "Tem a certeza de que pretende eliminar o indexador '{name}'?",
    "AddIndexer": "Adicionar indexador",
    "UsenetDelayHelpText": "Tempo, em minutos, para aguardar antes de capturar uma versão de Usenet",
    "IconForCutoffUnmetHelpText": "Mostrar ícone para ficheiros quando o limite não tiver sido alcançado",
    "ReleaseRejected": "Versão rejeitada",
    "SetPermissions": "Definir permissões",
    "SearchForMovie": "Pesquisar filme",
    "ScriptPath": "Caminho do script",
    "Retention": "Retenção",
    "Result": "Resultado",
    "Restore": "Restaurar",
    "RestartRadarr": "Reiniciar o {appName}",
    "RestartNow": "Reiniciar agora",
    "ResetAPIKey": "Repor chave da API",
    "Reset": "Repor",
    "ReplaceIllegalCharacters": "Substituir carateres ilegais",
    "Reorder": "Reordenar",
    "RenameMovies": "Renomear filmes",
    "RemovingTag": "Eliminando etiqueta",
    "RemoveFromQueue": "Remover da fila",
    "RemoveFromDownloadClient": "Remover do cliente de transferências",
    "RemoveFilter": "Remover filtro",
    "Remove": "Remover",
    "RefreshMovie": "Atualizar filme",
    "RefreshInformationAndScanDisk": "Atualizar informações e analisar o disco",
    "RecyclingBinCleanup": "Limpeza da reciclagem",
    "RecyclingBin": "Reciclagem",
    "Reason": "Razão",
    "Real": "Real",
    "ReadTheWikiForMoreInformation": "Leia a Wiki para obter mais informações",
    "RadarrTags": "Etiquetas do {appName}",
    "Queued": "Em fila",
    "Priority": "Prioridade",
    "Pending": "Pendente",
    "Paused": "Em pausa",
    "NoUpdatesAreAvailable": "Não há atualizações disponíveis",
    "NoTagsHaveBeenAddedYet": "Você ainda não adicionou etiquetas",
    "NoLogFiles": "Sem ficheiros de log",
    "NoHistory": "Sem histórico",
    "NoBackupsAreAvailable": "Não há cópias de segurança disponíveis",
    "MoviesSelectedInterp": "{0} filme(s) selecionado(s)",
    "MovieIsUnmonitored": "Filme não monitorado",
    "MinutesSixty": "60 minutos: {0}",
    "MinutesNinety": "90 minutos: {0}",
    "MinutesHundredTwenty": "120 minutos: {0}",
    "MIA": "Desaparecidos",
    "MarkAsFailedConfirmation": "Tem a certeza que quer marcar \"{0}\" como falhado?",
    "MarkAsFailed": "Marcar como falhado",
    "Manual": "Manual",
    "LoadingMovieFilesFailed": "Falha no carregamento dos ficheiros do filme",
    "LoadingMovieExtraFilesFailed": "Falha no carregamento dos ficheiros adicionais do filme",
    "LoadingMovieCreditsFailed": "Falha no carregamento dos créditos do filme",
    "LinkHere": "aqui",
    "LastDuration": "Última Duração",
    "InteractiveSearch": "Pesquisa interativa",
    "IncludeRadarrRecommendations": "Incluir recomendações do {appName}",
    "ImportListStatusCheckSingleClientMessage": "Listas indisponíveis devido a erros: {importListNames}",
    "ImportListStatusCheckAllClientMessage": "Todas as listas estão indisponíveis devido a erros",
    "ImportFailed": "Falha na importação: {0}",
    "AddNewRestriction": "Adicionar nova restrição",
    "HiddenClickToShow": "Oculto, clique para mostrar",
    "HaveNotAddedMovies": "Você ainda não adicionou nenhum filme. Quer importar alguns ou todos os seus filmes primeiro?",
    "GrabReleaseMessageText": "O {appName} não pode determinar a que filme pertence esta versão. O {appName} pode ser incapaz de importar automaticamente esta versão. Deseja capturar \"{0}\"?",
    "MovieDetailsGoTo": "Ir para {0}",
    "SupportedListsMoreInfo": "Para obter mais informações sobre cada lista de importação, clique nos botões de informação.",
    "SupportedDownloadClientsMoreInfo": "Para obter mais informações sobre cada cliente de transferências, clique nos botões de mais informação.",
    "FilterMoviePlaceholder": "Pesquisar filmes",
    "FailedLoadingSearchResults": "Erro ao carregar resultados da pesquisa. Tenta novamente.",
    "ExtraFileExtensionsHelpTextsExamples": "Exemplos: \".sub, .nfo\" ou \"sub,nfo\"",
    "ExtraFileExtensionsHelpText": "Lista separada por vírgulas de ficheiros adicionais a importar (.nfo será importado como .nfo-orig)",
    "ExistingTag": "Etiqueta existente",
    "TmdbIdExcludeHelpText": "ID do TMDb do filme a eliminar",
    "MovieExcludedFromAutomaticAdd": "Filme eliminado da adição automática",
    "MovieAlreadyExcluded": "Filme já eliminado",
    "ExcludeMovie": "Eliminar filme",
    "Excluded": "Eliminado",
    "Exception": "Exceção",
    "ErrorLoadingContents": "Erro ao carregar conteúdo",
    "EnableInteractiveSearchHelpText": "Será utilizado ao realizar uma pesquisa interativa",
    "EnableAutomaticSearchHelpText": "Será utilizado ao realizar pesquisas automáticas através da IU ou pelo {appName}",
    "DownloadWarning": "Alerta de transferência: {warningMessage}",
    "DownloadPropersAndRepacksHelpTextWarning": "Utilize formatos personalizados para atualizações automáticas para Propers/Repacks",
    "PreferredSize": "Tamanho preferido",
    "DownloadPropersAndRepacksHelpTextCustomFormat": "Utilize \"Não preferir\" para ordenar por pontuação de formato personalizado, em vez de Propers/Repacks",
    "DownloadPropersAndRepacksHelpText": "Atualizar ou não automaticamente para Propers/Repacks",
    "DownloadPropersAndRepacks": "Propers e Repacks",
    "Downloading": "Transferindo",
    "DownloadFailed": "Falha na transferência",
    "DownloadedButNotMonitored": "Transferido (Não monitorado)",
    "DownloadedAndMonitored": "Transferido (Monitorado)",
    "Disabled": "Desativado",
    "DeleteTagMessageText": "Tem a certeza que quer eliminar a etiqueta \"{label}\"?",
    "DeleteRestrictionHelpText": "Tem a certeza de que quer eliminar esta restrição?",
    "DeleteNotificationMessageText": "Tem a certeza que quer eliminar a notificação \"{name}\"?",
    "DeleteDownloadClientMessageText": "Tem a certeza que quer eliminar o cliente de transferências \"{name}\"?",
    "DeleteBackupMessageText": "Tem a certeza que quer eliminar a cópia de segurança \"{name}\"?",
    "RenameMoviesHelpText": "O {appName} utilizará o nome atual do ficheiro se a renomeação estiver desativada",
    "IncludeRecommendationsHelpText": "Incluir filmes recomendados pelo {appName} na vista de descobrimento",
    "YouCanAlsoSearch": "Você também pode pesquisar utilizando o ID do TMDb ou do IMDb de um filme, p. ex. \"tmdb:71663\"",
    "WhitelistedSubtitleTags": "Lista de permissões de etiquetas de legendas",
    "WhitelistedHardcodedSubsHelpText": "As etiquetas de legenda aqui definidas não serão consideradas como codificadas",
    "UrlBaseHelpText": "Para suporte a proxy inverso, vazio por padrão",
    "UpgradeUntilThisQualityIsMetOrExceeded": "Atualizar até que esta qualidade seja alcançada ou superada",
    "UpgradesAllowedHelpText": "Se desativada, as qualidades não serão atualizadas",
    "UpdateScriptPathHelpText": "Caminho para um script personalizado que toma um pacote de atualização extraído e lida com o restante do processo da atualização",
    "UpdateMechanismHelpText": "Usar o atualizador interno do {appName} ou um script",
    "UpdateAutomaticallyHelpText": "Transferir e instalar automaticamente as atualizações. Ainda é possível instalar a partir de Sistema: Atualizações",
    "ICalIncludeUnmonitoredMoviesHelpText": "Incluir filmes não monitorados no feed do iCal",
    "TMDBId": "ID do TMDb",
    "TestAllLists": "Testar todas as listas",
    "TestAllClients": "Testar todos os clientes",
    "ICalTagsMoviesHelpText": "Aplica-se a filmes com pelo menos uma etiqueta correspondente",
    "TagIsNotUsedAndCanBeDeleted": "A etiqueta não é utilizada e pode ser eliminada",
    "SubfolderWillBeCreatedAutomaticallyInterp": "A subpasta \"{0}\" será criada automaticamente",
    "FileBrowserPlaceholderText": "Começa a digitar ou seleciona um caminho abaixo",
    "StandardMovieFormat": "Formato padrão de filme",
    "SslCertPathHelpText": "Caminho para o ficheiro PFX",
    "SslCertPath": "Caminho do certificado SSL",
    "SslCertPasswordHelpText": "Palavra-passe do ficheiro PFX",
    "SslCertPassword": "Palavra-passe do certificado SSL",
    "SourceRelativePath": "Caminho relativo de origem",
    "SourcePath": "Caminho de origem",
    "MovieCannotBeFound": "Desculpe, este filme não foi encontrado.",
    "SkipFreeSpaceCheck": "Pular verificação de espaço livre",
    "ShowYear": "Mostrar ano",
    "ShowUnknownMovieItems": "Mostrar itens desconhecidos do filme",
    "ShowTitleHelpText": "Mostrar título do filme abaixo do cartaz",
    "ShowRatings": "Mostrar classificações",
    "ShowQualityProfileHelpText": "Mostrar perfil de qualidade abaixo do cartaz",
    "ShownClickToHide": "Visível, clique para ocultar",
    "ShowMovieInformationHelpText": "Mostrar géneros de filmes e certificação",
    "ShowMovieInformation": "Mostrar informações do filme",
    "ShowMonitoredHelpText": "Mostrar estado de monitorização abaixo do cartaz",
    "ShowGenres": "Mostrar géneros",
    "ShowCertification": "Mostrar certificação",
    "ICalShowAsAllDayEvents": "Mostrar como eventos de dia inteiro",
    "ListMonitorMovieHelpText": "Se filmes ou coleções adicionados por esta lista são adicionados como monitorados",
    "RuntimeFormat": "Formato do tempo de execução",
    "SetPermissionsLinuxHelpTextWarning": "Se você não conhece essa definição, não a altere.",
    "SetPermissionsLinuxHelpText": "Deve-se executar chmod ao importar/renomear ficheiros?",
    "SendAnonymousUsageData": "Enviar dados anônimos de uso",
    "ListSearchOnAddMovieHelpText": "Pesquisar os filmes desta lista ao adicionar à biblioteca",
    "RssSyncInterval": "Intervalo de sincronização RSS",
    "RetentionHelpText": "Somente Usenet: defina como zero para retenção ilimitada",
    "RestartRequiredHelpTextWarning": "Requer reinício para aplicar alterações",
    "RescanMovieFolderAfterRefresh": "Analisar novamente a pasta do filme após atualizar",
    "RescanAfterRefreshHelpTextWarning": "O {appName} não detectará automaticamente mudanças nos ficheiros quando a opção selecionada não for \"Sempre\"",
    "RescanAfterRefreshMovieHelpText": "Analisar novamente a pasta do filme após atualizar o filme",
    "ReplaceIllegalCharactersHelpText": "Substituir carateres ilegais. Se desmarcada, o {appName} os removerá",
    "ReleaseDates": "Datas de lançamento",
    "RemoveHelpTextWarning": "Remover eliminará a transferência e o(s) ficheiro(s) do cliente de transferências.",
    "RemoveFailedDownloadsHelpText": "Remover transferências falhadas do histórico do cliente de transferências",
    "RemoveCompletedDownloadsHelpText": "Remover transferências importadas do histórico do cliente de transferências",
    "RecyclingBinCleanupHelpText": "Defina como 0 para desativar a limpeza automática",
    "SupportedCustomConditions": "O {appName} suporta condições personalizadas em relação às propriedades das versões abaixo.",
    "SupportedListsMovie": "O {appName} suporta qualquer lista de filmes em RSS, bem como as demais listadas abaixo.",
    "SupportedDownloadClients": "O {appName} suporta muitos dos clientes de transferências torrent e usenet mais populares.",
    "ProxyUsernameHelpText": "Apenas insira o utilizador e a palavra-passe caso seja requerido. Caso contrário, deixe em branco.",
    "ProxyPasswordHelpText": "Apenas insira o utilizador e a palavra-passe caso seja requerido. Caso contrário, deixe em branco.",
    "ProxyBypassFilterHelpText": "Utilizar \",\" como separador e \"*.\" como caráter universal para subdomínios",
    "Proper": "Correta",
    "MovieInfoLanguage": "Idioma das informações do filme",
    "MaintenanceRelease": "Versão de manutenção: reparações de erros e outras melhorias. Consulte o Histórico de Commits do Github para saber mais",
    "TorrentDelay": "Atraso para torrents",
    "UsenetDelay": "Atraso para Usenet",
    "DelayProfilesLoadError": "Não foi possível carregar os perfis de atraso",
    "TorrentDelayHelpText": "Atraso, em minutos, para aguardar antes de capturar um torrent",
    "RemovedFromTaskQueue": "Eliminado da fila de tarefas",
    "RegularExpressionsCanBeTested": "É possível testar expressões regulares ",
    "RecyclingBinHelpText": "Ficheiros de filmes virão para cá ao serem apagados, em vez de serem permanentemente eliminados",
    "RecyclingBinCleanupHelpTextWarning": "Ficheiros na reciclagem serão eliminados automaticamente após o número de dias selecionado",
    "MovieIsOnImportExclusionList": "O filme está na Lista de exclusão de importação",
    "MovieIsMonitored": "Filme monitorado",
    "MovieInfoLanguageHelpText": "Idioma usado pelo {appName} na IU para as informações do filme",
    "MoreDetails": "Obter mais detalhes",
    "MissingNotMonitored": "Ausente (Não monitorado)",
    "MissingMonitoredAndConsideredAvailable": "Ausente (Monitorado)",
    "LogLevelTraceHelpTextWarning": "O registo de rasteio somente deve ser ativado temporariamente",
    "ListSyncLevelHelpText": "Os filmes na biblioteca serão removidos ou deixarão de ser monitorados se não estiverem em sua lista",
    "LaunchBrowserHelpText": " Abrir o browser e a home page do {appName} ao iniciar a aplicação.",
    "TagCannotBeDeletedWhileInUse": "Não é possível eliminar enquanto estiver em uso",
    "SuggestTranslationChange": "Sugerir mudança na tradução",
    "StartupDirectory": "Diretório de arranque",
    "SslPort": "Porta SSL",
    "YesCancel": "Sim, cancelar",
    "WaitingToProcess": "Aguardando para processar",
    "WaitingToImport": "Aguardando para importar",
    "Version": "Versão",
    "Username": "Nome de utilizador",
    "UseProxy": "Usar proxy",
    "Usenet": "Usenet",
    "UseHardlinksInsteadOfCopy": "Usar ligações fixas em vez de copiar",
    "UrlBase": "URL base",
    "Uptime": "Tempo de atividade",
    "Unreleased": "Indisponível",
    "Ungroup": "Desagrupar",
    "UiSettingsLoadError": "Não foi possível carregar as definições da IU",
    "CalendarLoadError": "Não foi possível carregar o calendário",
    "TagsLoadError": "Não foi possível carregar as etiquetas",
    "UnableToLoadRootFolders": "Não foi possível carregar as pastas raiz",
    "UnableToLoadRestrictions": "Não foi possível carregar as restrições",
    "RemotePathMappingsLoadError": "Não foi possível carregar os mapeamentos de caminhos remoto",
    "QualityProfilesLoadError": "Não foi possível carregar os perfis de qualidade",
    "QualityDefinitionsLoadError": "Não foi possível carregar as definições de qualidade",
    "NotificationsLoadError": "Não foi possível carregar as notificações",
    "NamingSettingsLoadError": "Não foi possível carregar as definições de nomenclatura",
    "UnableToLoadMovies": "Não foi possível carregar os filmes",
    "MetadataLoadError": "Não foi possível carregar os metadados",
    "MediaManagementSettingsLoadError": "Não foi possível carregar as definições da gestão de multimédia",
    "ImportListsLoadError": "Não foi possível carregar as listas",
    "ListOptionsLoadError": "Não foi possível carregar as opções de lista",
    "ImportListExclusionsLoadError": "Não foi possível carregar as exclusões de lista",
    "GeneralSettingsLoadError": "Não foi possível carregar as definições gerais",
    "DownloadClientOptionsLoadError": "Não foi possível carregar as opções do cliente de transferências",
    "AddConditionError": "Não foi possível adicionar uma nova condição, tenta novamente.",
    "AddDownloadClientError": "Não foi possível adicionar um novo cliente de transferências, tenta novamente.",
    "BackupsLoadError": "Não foi possível carregar as cópias de segurança",
    "AddRemotePathMappingError": "Não foi possível adicionar um novo mapeamento de caminho remoto, tenta novamente.",
    "AddQualityProfileError": "Não foi possível adicionar um novo perfil de qualidade, tenta novamente.",
    "AddNotificationError": "Não foi possível adicionar uma nova notificação, tenta novamente.",
    "AddImportListExclusionError": "Não foi possível adicionar uma nova exclusão de lista, tenta novamente.",
    "AddListError": "Não foi possível adicionar uma nova lista, tenta novamente.",
    "UiSettings": "Definições da IU",
    "BrowserReloadRequired": "É preciso reiniciar o browser",
    "UiLanguageHelpText": "Idioma que o {appName} usará para a IU",
    "UiLanguage": "Idioma da IU",
    "TotalFileSize": "Tamanho total do ficheiro",
    "Torrents": "Torrents",
    "KeyboardShortcutsFocusSearchBox": "Focar no campo de pesquisa",
    "KeyboardShortcutsCloseModal": "Fechar pop-up atual",
    "KeyboardShortcutsConfirmModal": "Aceitar pop-up de confirmação",
    "KeyboardShortcutsOpenModal": "Abrir este pop-up",
    "KeyboardShortcutsSaveSettings": "Guardar definições",
    "KeyboardShortcutsMovieIndexScrollTop": "Índice do filme: deslocar para cima",
    "KeyboardShortcutsMovieIndexScrollBottom": "Índice do filme: deslocar para baixo",
    "KeyboardShortcutsMovieDetailsPreviousMovie": "Detalhes do filme: filme anterior",
    "KeyboardShortcutsMovieDetailsNextMovie": "Detalhes do filme: próximo filme",
    "StartSearchForMissingMovie": "Iniciar pesquisa por filme ausente",
    "StartProcessing": "Iniciar processamento",
    "StartImport": "Iniciar importação",
    "SearchFailedPleaseTryAgainLater": "Falha na pesquisa, tenta novamente.",
    "Released": "Lançado",
    "ProcessingFolders": "Processando pastas",
    "NoMatchFound": "Nenhuma correspondência encontrada!",
    "ImportRootPath": "Indique para o {appName} a pasta que contém todos os seus filmes, não um filme específico. P. ex. {0} e não {1}. Adicionalmente, cada filme deve estar em sua própria pasta dentro da pasta raiz da biblioteca.",
    "ImportIncludeQuality": "Certifique-se que seus ficheiros indiquem a qualidade no nome, p.ex. {0}",
    "ImportErrors": "Erros da importação",
    "Existing": "Existente",
    "EditRestriction": "Editar restrição",
    "CancelProcessing": "Cancelar processamento",
    "AddRestriction": "Adicionar restrição",
    "AddMovie": "Adicionar filme",
    "Yesterday": "Ontem",
    "Tomorrow": "Amanhã",
    "Today": "Hoje",
    "ListTagsHelpText": "Os itens na lista de etiquetas serão adicionados com",
    "IndexerLongTermStatusCheckSingleClientMessage": "Indexadores indisponíveis devido a erros à mais de 6 horas: {indexerNames}",
    "IndexerLongTermStatusCheckAllClientMessage": "Todos os indexadores estão indisponíveis devido a erros á mais de 6 horas",
    "EditMovieFile": "Editar ficheiro do filme",
    "MovieIsRecommend": "Filme recomendado baseado em adições recentes",
    "ListSyncLevelHelpTextWarning": "Os ficheiros de filme serão permanentemente eliminados, isso poderá causar uma limpeza total de sua biblioteca se as listas estiverem vazias",
    "ConsideredAvailable": "Considerado disponível",
    "Announced": "Anunciado",
    "None": "Nenhum",
    "OnlyTorrent": "Apenas torrent",
    "OnlyUsenet": "Apenas Usenet",
    "CustomFormatHelpText": "O {appName} pontua cada versão usando a soma das pontuações de formatos personalizados correspondentes. Se uma nova versão melhorar a pontuação, com a mesma qualidade ou melhor, o {appName} a capturará.",
    "DefaultDelayProfileMovie": "Este é o perfil padrão. Isso se aplica a todos os filmes que não têm um perfil explícito.",
    "DoNotUpgradeAutomatically": "Não atualizar automaticamente",
    "MoveMovieFoldersRenameFolderWarning": "Isso também renomeará a pasta do filme de acordo com o formato de pasta nas definições.",
    "MoveMovieFoldersToRootFolder": "Deseja mover as pastas de filmes para \"{0}\"?",
    "NoListRecommendations": "Não foram encontrados itens de lista ou recomendações. Para começar, adiciona um novo filme, importa alguns existentes ou adiciona uma lista.",
    "LastExecution": "Execução mais recente",
    "OnGrab": "Ao capturar",
    "WhatsNew": "O que há de novo?",
    "AddedToDownloadQueue": "Adicionado à fila de download",
    "AddQualityProfile": "Adicionar Perfil de Qualidade",
    "AddRootFolder": "Adicionar pasta raiz",
    "AddToDownloadQueue": "Adicionar à fila de download",
    "AfterManualRefresh": "Após a atualização manual",
    "AllFiles": "Todos os Arquivos",
    "Add": "Adicionar",
    "AddCustomFormat": "Adicionar formato personalizado",
    "AddDelayProfile": "Adicionar perfil de atraso",
    "AddDownloadClient": "Adicionar cliente de transferências",
    "AllMoviesInPathHaveBeenImported": "Todos os filmes no {caminho} foram importados",
    "AllResultsHiddenFilter": "Todos os resultados estão ocultos pelo filtro aplicado",
    "Always": "Sempre",
    "AptUpdater": "Utilize o apt para instalar a atualização",
    "AuthBasic": "Básico (pop-up do browser)",
    "AuthForm": "Formulários (Página de Login)",
    "CalendarOptions": "Opções do calendário",
    "CertValidationNoLocal": "Desativado para endereços locais",
    "BuiltIn": "Incorporado",
    "ExcludeTitle": "Eliminar {0}? Isso impedirá que o {appName} adicione automaticamente por meio de sincronização de lista.",
    "FileNameTokens": "Tokens de nome do ficheiro",
    "HomePage": "Home Page",
    "ChmodFolder": "Pasta chmod",
    "Max": "Máx.",
    "ChmodFolderHelpText": "Octal, aplicado durante a importação/renomeação para pastas e ficheiros de multimédia (sem executar bits)",
    "NextExecution": "Próxima execução",
    "NoAlternativeTitles": "Sem títulos alternativos.",
    "NoEventsFound": "Nenhum evento encontrado",
    "NoLinks": "Sem ligações",
    "MoveMovieFoldersDontMoveFiles": " Não, eu mesmo moverei os ficheiros",
    "Presets": "Pré-sintonizações",
    "ChmodFolderHelpTextWarning": "Isso só funciona se o utilizador que executa o {appName} é o proprietário do ficheiro. É melhor garantir que o cliente de transferências defina as permissões corretamente.",
    "ChownGroupHelpText": "Nome do grupo ou gid. Use gid para sistemas de ficheiros remotos.",
    "ChownGroupHelpTextWarning": "Isso só funciona se o utilizador que executa o {appName} é o proprietário do ficheiro. É melhor garantir que o cliente de transferências utilize o mesmo grupo que o {appName}.",
    "CouldNotConnectSignalR": "Não é possível ligar-se ao SignalR, a IU não atualizará",
    "ImportLibrary": "Importar biblioteca",
    "DeletedMovieDescription": "O filme foi eliminado do TMDb",
    "DeleteMovieFolder": "Eliminar pasta do filme",
    "DockerUpdater": "atualize o contentor do Docker para receber a atualização",
    "EditGroups": "Editar grupos",
    "Enabled": "Ativado",
    "Hours": "Horas",
    "HttpHttps": "HTTP(S)",
    "InvalidFormat": "Formato inválido",
    "Medium": "Médio",
    "Minutes": "Minutos",
    "Monday": "Segunda-feira",
    "MovieFilesTotaling": "Total de ficheiros de filme",
    "NoMoviesExist": "Nenhum filme encontrado. Para começar, adiciona um novo filme ou importa alguns já existentes.",
    "NoResultsFound": "Nenhum resultado encontrado",
    "OnHealthIssue": "Ao ter problemas no estado de funcionamento",
    "OnLatestVersion": "A versão mais recente do {appName} já está instalada",
    "OnRename": "Ao renomear",
    "PreferTorrent": "Preferir torrent",
    "PreferUsenet": "Preferir Usenet",
    "QualitiesHelpText": "Qualidades mais acima na lista têm maior prioridade, mesmo que não sejam verificadas. As que estão no mesmo grupo têm prioridade igual. Apenas qualidades verificadas são desejadas",
    "QualityProfileInUseMovieListCollection": "Não é possível eliminar um perfil de qualidade quando associado a um filme, lista ou coleção",
    "QueueIsEmpty": "A fila está vazia",
    "CalendarFeed": "Feed de calendário do {appName}",
    "ReleasedMovieDescription": "Filme lançado",
    "ReplaceWithDash": "Substituir por travessão",
    "TMDb": "TMDb",
    "AlternativeTitlesLoadError": "Não foi possível carregar títulos alternativos.",
    "UpgradesAllowed": "Atualizações permitidas",
    "ImportNotForDownloads": "Não use para importar transferências do seu cliente de transferências; isso é apenas para bibliotecas organizadas existentes, não para ficheiros não classificados.",
    "EditDelayProfile": "Editar perfil de atraso",
    "Connection": "Ligações",
    "CurrentlyInstalled": "Atualmente instalado",
    "Custom": "Personalizado",
    "CustomFormat": "Formatos personalizados",
    "Days": "Dias",
    "Debug": "Depurar",
    "DefaultCase": "Caixa padrão",
    "DeleteMovieFilesHelpText": "Eliminar os ficheiros e a pasta do filme",
    "DeleteMovieFiles": "Eliminar {0} ficheiros do filme",
    "DeleteHeader": "Eliminar - {0}",
    "DeleteMovieFolderHelpText": "Elimine a pasta do filme e seu conteúdo",
    "DeleteSelectedMovie": "Eliminar filme(s) selecionado(s)",
    "DeleteMovieFolderConfirmation": "A pasta de filmes '{path}' e todo o seu conteúdo serão eliminados.",
    "Discord": "Discord",
    "Donations": "Doações",
    "DoneEditingGroups": "Edição de grupos terminada",
    "DoNotPrefer": "Não preferir",
    "EditCustomFormat": "Editar formato personalizado",
    "EditImportListExclusion": "Editar lista de exclusão",
    "EditQualityProfile": "Editar perfil de qualidade",
    "ErrorRestoringBackup": "Erro ao restaurar cópia de segurança",
    "ExternalUpdater": "O {appName} está definido para usar um mecanismo de atualização externo",
    "FeatureRequests": "Solicitações de funcionalidades",
    "Images": "Imagens",
    "IMDb": "IMDb",
    "InCinemasDate": "Data de lançamento nos cinemas",
    "InCinemasMovieDescription": "O filme está nos cinemas",
    "InstallLatest": "Instalar o mais recente",
    "KeepAndUnmonitorMovie": "Manter e deixar de monitorar filme",
    "Large": "Grande",
    "LastUsed": "Uso mais recente",
    "LogOnly": "Apenas registo",
    "LookingForReleaseProfiles1": "Procurando pelos perfis de versões? Experimenta",
    "LookingForReleaseProfiles2": "em vez disso.",
    "Lowercase": "Minúsculas",
    "ManualImportSelectLanguage": "Importação manual - Seleciona o idioma",
    "ManualImportSelectMovie": "Importação manual - Seleciona o filme",
    "ManualImportSelectQuality": " Importação manual - Seleciona a qualidade",
    "MappedNetworkDrivesWindowsService": "As unidades de rede mapeadas não estão disponíveis quando executadas como um serviço do Windows. Veja as Perguntas mais frequentes para obter mais informações",
    "MegabytesPerMinute": "Megabytes por minuto",
    "Min": "Mín.",
    "MinimumCustomFormatScore": "Pontuação mínima de formato personalizado",
    "MonitoredStatus": "Monitorado/Estado",
    "Months": "Meses",
    "MovieChat": "Bate-papo sobre o filme",
    "MovieInvalidFormat": "Filme: formato inválido",
    "MultiLanguage": "Vários idiomas",
    "Negate": "Negar",
    "Negated": "Negado",
    "OrganizeConfirm": "Tem a certeza que deseja organizar todos os ficheiros no(s) {0} filme(s) selecionado(s)?",
    "OrganizeSelectedMovies": "Organizar filmes selecionados",
    "PhysicalReleaseDate": "Data da versão física",
    "PreferAndUpgrade": "Preferir e atualizar",
    "Preferred": "Preferido",
    "PreviewRenameHelpText": "Dica: para pré-visualizar uma renomeação, selecione \"Cancelar\" e clique em qualquer título de filme e use o(a)",
    "PrioritySettings": "Prioridade: {0}",
    "Qualities": "Qualidades",
    "QualityLimitsMovieRuntimeHelpText": "Os limites são ajustados automaticamente para o tempo de execução do filme.",
    "RecentChanges": "Mudanças recentes",
    "RefreshLists": "Atualizar listas",
    "RemoveMovieAndDeleteFiles": "Remover filme e eliminar ficheiros",
    "RemoveMovieAndKeepFiles": "Remover filme e manter ficheiros",
    "Replace": "Substituir",
    "ReplaceWithSpaceDash": "Substituir por espaço e travessão",
    "ReplaceWithSpaceDashSpace": "Substituir por espaço, travessão e espaço",
    "Required": "Obrigatório",
    "RequiredRestrictionHelpText": "A versão deve conter pelo menos um desses termos (não diferencia maiúsculas de minúsculas)",
    "RestartReloadNote": "Nota: o {appName} reiniciará e recarregará automaticamente a IU durante o processo de restauração.",
    "Rss": "RSS",
    "Score": "Pontuação",
    "Script": "Script",
    "SearchCutoffUnmet": "Pesquisar Limite não alcançado",
    "SearchMissing": "Pesquisar ausentes",
    "Seconds": "Segundos",
    "SelectLanguage": "Selecionar idioma",
    "SelectMovie": "Selecionar filme",
    "SelectQuality": "Selecionar qualidade",
    "Small": "Pequeno",
    "Socks4": "SOCKS4",
    "Socks5": "Socks5 (suporte a TOR)",
    "SomeResultsHiddenFilter": "Alguns resultados estão ocultos pelo filtro aplicado",
    "Sunday": "Domingo",
    "TagDetails": "Detalhes da etiqueta: {0}",
    "TheLogLevelDefault": "O nível de registo é padronizado como \"Informações\" e pode ser alterado em",
    "ThisCannotBeCancelled": "Isso não pode ser cancelado uma vez iniciado sem desabilitar todos os seus indexadores.",
    "TorrentDelayTime": "Atraso para torrents: {0}",
    "TorrentsDisabled": "Torrents desativados",
    "Trace": "Rastreio",
    "Trailer": "Trailer",
    "Trakt": "Trakt",
    "Trigger": "Acionador",
    "UnableToLoadManualImportItems": "Não foi possível carregar os itens de importação manual",
    "UpdateAppDirectlyLoadError": "Não foi possível atualizar o {appName} diretamente,",
    "Unlimited": "Ilimitado",
    "UnmappedFilesOnly": "Somente ficheiros não mapeados",
    "UpgradeUntilCustomFormatScore": "Atualizar até a pontuação do formato personalizado",
    "UpgradeUntil": "Atualize até a qualidade",
    "Uppercase": "Maiúsculas",
    "UsenetDelayTime": "Atraso da Usenet: {0}",
    "UsenetDisabled": "Usenet desativada",
    "Weeks": "Semanas",
    "Wiki": "Wiki",
    "WouldYouLikeToRestoreBackup": "Deseja restaurar a cópia de segurança {0}?",
    "MoveMovieFoldersMoveFiles": "Sim, mova os ficheiros",
    "MoveMovieFoldersToNewPath": "Deseja mover os ficheiros de filme de \"{0}\" para \"{1}\"?",
    "SqliteVersionCheckUpgradeRequiredMessage": "A versão do SQLite atualmente instalada {0} não é mais suportada. Atualiza o SQLite para pelo menos a versão {1}.",
    "ShowCinemaRelease": "Mostrar data de lançamento no cinema",
    "ShowReleaseDate": "Mostrar data de lançamento",
    "ShowReleaseDateHelpText": "Mostrar data de lançamento abaixo do cartaz",
    "OnMovieDelete": "Ao eliminar o filme",
    "OnMovieFileDelete": "Ao eliminar o ficheiro do filme",
    "OnMovieFileDeleteForUpgrade": "Ao eliminar o ficheiro do filme para atualização",
    "Reddit": "Reddit",
    "More": "Mais",
    "Download": "Transferência",
    "DownloadClientRootFolderHealthCheckMessage": "O cliente {downloadClientName} coloca as transferências na pasta raiz {rootFolderPath}. Não transfira para a pasta raiz.",
    "UpdateAvailableHealthCheckMessage": "Nova atualização disponível",
    "TaskUserAgentTooltip": "Par Utilizador-Agente fornecido pela aplicação que chamou a API",
    "RemotePathMappingCheckWrongOSPath": "O cliente remoto {downloadClientName} coloca as transferências em {path}, mas esse não é um caminho {osName} válido. Revise os mapeamentos de caminho remoto e as definições do cliente de transferências.",
    "RemotePathMappingCheckRemoteDownloadClient": "O cliente de transferências remoto {downloadClientName} relatou ficheiros em {path}, mas esse diretório parece não existir. O mapeamento de caminho remoto provavelmente está ausente.",
    "RemotePathMappingCheckLocalWrongOSPath": "O cliente local {downloadClientName} coloca as transferências em {path}, mas esse não é um caminho {osName} válido. Revise as definições do cliente de transferências.",
    "RemotePathMappingCheckLocalFolderMissing": "O cliente remoto {downloadClientName} coloca as transferências em {path}, mas esse diretório parece não existir. O mapeamento de caminho remoto está provavelmente ausente ou incorreto.",
    "RemotePathMappingCheckImportFailed": "O {appName} não conseguiu importar um filme. Verifique os ficheiros de log para obter mais informações.",
    "RemotePathMappingCheckGenericPermissions": "O cliente de download {downloadClientName} coloca as transferências em {path}, mas o {appName} não consegue ver essa pasta. Poderá ser necessário ajustar as permissões da pasta.",
    "RemotePathMappingCheckFolderPermissions": "O {appName} pode ver, mas não pode acessar ao diretório de transferências {path}. Provável erro de permissões.",
    "RemotePathMappingCheckFilesWrongOSPath": "O cliente de transferências remoto {downloadClientName} relatou ficheiros em {path}, mas este não é um caminho {osName} válido. Revise os mapeamentos de caminho remoto e as definições do cliente de transferências.",
    "RemotePathMappingCheckFilesLocalWrongOSPath": "O cliente de transferências local {downloadClientName} relatou ficheiros em {path}, mas este não é um caminho {osName} válido. Revise as definições do cliente de transferências.",
    "RemotePathMappingCheckFilesGenericPermissions": "O cliente de transferências {downloadClientName} relatou ficheiros em {path}, mas o {appName} não pode ver esse diretório. Pode ser necessário ajustar as permissões da pasta.",
    "RemotePathMappingCheckFilesBadDockerPath": "Você está usando o Docker; o cliente de transferências {downloadClientName} relatou ficheiros em {path}, mas este não é um caminho {osName} válido. Revise os mapeamentos de caminho remoto e as definições do cliente de transferências.",
    "RemotePathMappingCheckFileRemoved": "O ficheiro {path} foi removido durante o processamento.",
    "RemotePathMappingCheckDownloadPermissions": "O {appName} pode ver, mas não pode acessar ao filme transferido {path}. Provável erro de permissões.",
    "RemotePathMappingCheckDockerFolderMissing": "Você está usando o Docker; o cliente {downloadClientName} coloca as transferências em {path}, mas esse diretório não parece existir no contentor. Revise os mapeamentos de caminho remoto e as definições de volume do contentor.",
    "RemotePathMappingCheckBadDockerPath": "Você está usando o Docker; o cliente {downloadClientName} coloca as transferências em {path}, mas este não é um caminho {osName} válido. Revise os mapeamentos de caminho remoto e as definições do cliente de transferências.",
    "Letterboxd": "Letterboxd",
    "ImportListMultipleMissingRoots": "Faltam várias pastas de raiz para a(s) lista(s) de importação: {rootFoldersInfo}",
    "ImportListMissingRoot": "Pasta de raiz ausente para a(s) lista(s) de importação: {rootFolderInfo}",
    "From": "de",
    "BypassDelayIfHighestQualityHelpText": "Ignorar o atraso quando a versão tiver a qualidade mais alta ativada no perfil de qualidade com o protocolo preferido",
    "BypassDelayIfHighestQuality": "Ignorar se a qualidade for mais alta",
    "NotificationTriggersHelpText": "Seleciona quais eventos acionam esta notificação",
    "Blocklist": "Lista de bloqueio",
    "BlocklistRelease": "Bloquear versão",
    "RemoveFromBlocklist": "Remover da lista de bloqueio",
    "Blocklisted": "Lista de bloqueio",
    "BlocklistReleases": "Bloquear versão",
    "IndexerTagMovieHelpText": "Só use este indexador para filmes com pelo menos uma etiqueta correspondente. Deixe em branco para usar com todos os filmes.",
    "Auto": "Automático",
    "ClickToChangeReleaseGroup": "Clique para mudar o grupo de lançamento",
    "Duration": "Duração",
    "Filters": "Filtros",
    "IndexerJackettAll": "Indexadores que usam o ponto de extremidade não suportado do Jackett 'all (tudo)' : {indexerNames}",
    "ImportList": "Lista",
    "ManualImportSetReleaseGroup": "Importação Manual - Definir Grupo de Lançamento",
    "AnnouncedMovieDescription": "Filme foi anunciado",
    "DiscordUrlInSlackNotification": "Tens uma notificação do Discord configurado como uma notificação do Slack. Definir como uma notificação do Discord para uma melhor funcionalidade. As notificações afetadas são: {0}",
    "ImdbRating": "Avaliação no IMDb",
    "ImdbVotes": "Votos no IMDb",
    "IndexerDownloadClientHelpText": "Especificar que cliente de transferências quer usar para as transferências deste indexador",
    "OriginalTitle": "Título Original",
    "OriginalLanguage": "Linguagem Original",
    "RemoveDownloadsAlert": "As definições de remoção foram movidas para as respetivas definições de cada Cliente de Transferências na tabela acima.",
    "RemoveSelectedItem": "Remover o Item Selecionado",
    "SelectReleaseGroup": "Selecionar Grupo de Lançamento",
    "SizeLimit": "Tamanho Limite",
    "Never": "Nunca",
    "OnApplicationUpdate": "Quando a aplicação atualizar",
    "TmdbRating": "Classificação TMDb",
    "TmdbVotes": "Votos TMDb",
    "RemoveCompleted": "Eliminação Completa",
    "Rating": "Classificação",
    "RemoveFailed": "Remoção Falhou",
    "RemoveSelectedItems": "Remover os Items Selecionados",
    "SelectLanguages": "Selecionar Linguagens",
    "SetReleaseGroup": "Definir Grupo de Lançamento",
    "Started": "Começado",
    "Waiting": "À espera",
    "Database": "Base de dados",
    "AllCollectionsHiddenDueToFilter": "Todos os filmes estão ocultos devido ao filtro aplicado.",
    "Collections": "Coleção",
    "RssSyncIntervalHelpText": "Intervalo em minutos. Defina como zero para desativar (isso parará toda a captura automática)",
    "MonitorMovies": "Monitorizar filmes",
    "NoCollections": "Nenhuma coleção encontrada. Para iniciar, poderás adicionar um novo filme ou importar alguns já existentes",
    "MovieAndCollection": "Filme e Coleção",
    "CountCollectionsSelected": "{count} Coleções Selecionadas",
    "EditCollection": "Editar Coleção",
    "ChooseImportMode": "Selecionar Modo de Importação",
    "InstanceName": "Nome da Instancia",
    "CollectionOptions": "Opções de Coleção",
    "CollectionShowDetailsHelpText": "Mostrar estado da coleção e proprieades",
    "RottenTomatoesRating": "Avaliação Tomato",
    "SearchOnAddCollectionHelpText": "Procurar por filmes nesta coleção quando adicionado a uma biblioteca",
    "OnMovieAdded": "Quando adicionado filme",
    "RefreshCollections": "Refrescar coleções",
    "RefreshMonitoredIntervalHelpText": "Frequência de atualização da monitorização de downloads dos clientes de download, mínimo 1 minuto",
    "ScrollMovies": "Rolar filmes",
    "ShowOverview": "Mostrar visão global",
    "ShowPosters": "Mostrar posteres",
    "UnableToLoadCollections": "Impossível carregar coleções",
    "TotalMovies": "Total de filmes",
    "MonitorCollection": "Monitorizar coleção",
    "MonitoredCollectionHelpText": "Monitorizar para automaticamente adicionar filmes desta coleção à biblioteca",
    "InstanceNameHelpText": "Nome da instância na aba e nome da aplicação para Syslog",
    "ApplicationURL": "URL do Aplicativo",
    "ApplicationUrlHelpText": "O URL desta aplicação externa, incluindo http(s)://, porta e URL base",
    "CollectionShowOverviewsHelpText": "Mostrar visão global da coleção",
    "CollectionShowPostersHelpText": "Mostrar os posteres da coleção",
    "MovieCollectionRootFolderMissingRootHealthCheckMessage": "Falta a pasta base para a coleção de filmes: {rootFolderInfo}",
    "MovieCollectionFolderMultipleMissingRootsHealthCheckMessage": "Faltam várias pastas base para as coleções de filmes: {rootFoldersInfo}",
    "MovieOnly": "Apenas filme",
    "ShowCollectionDetails": "Mostrar estado da coleção",
    "File": "Ficheiro",
    "ResetDefinitions": "Redefinir Definições",
    "ResetQualityDefinitions": "Redefinir Qualidade de Definições",
    "ResetTitles": "Redefinir Títulos",
    "ThemeHelpText": "Alterar o tema da interface do usuário. O tema 'Auto' usará o tema do sistema operacional para definir o modo Claro ou Escuro. Inspirado por Theme.Park",
    "EnableRssHelpText": "Será usado quando o {appName} procurar periodicamente releases via RSS Sync",
    "Theme": "Tema",
    "DownloadClientSortingCheckMessage": "O cliente de download {downloadClientName} tem {sortingMode} classificação habilitada para a categoria do {appName}. Você deve desativar a classificação em seu cliente de download para evitar problemas de importação.",
    "PreferredProtocol": "Protocolo Preferido",
    "ShowCinemaReleaseHelpText": "Mostrar data de lançamento abaixo do cartaz",
    "EditMovies": "Editar filme",
    "ApiKeyValidationHealthCheckMessage": "Por favor, atualize a sua API Key para ter no mínimo {length} caracteres. Pode fazer através das definições ou do ficheiro de configuração",
    "DeleteRemotePathMapping": "Editar mapeamento de caminho remoto",
    "DeleteRemotePathMappingMessageText": "Tem a certeza que quer eliminar este mapeamento de caminho remoto?",
    "RemoveSelectedItemQueueMessageText": "Tem a certeza que deseja remover {0} da fila?",
    "DownloadClientMovieTagHelpText": "Só use este indexador para filmes com pelo menos uma etiqueta correspondente. Deixe em branco para usar com todos os filmes.",
    "ResetAPIKeyMessageText": "Tem a certeza que quer repor a Chave da API?",
    "ApplyChanges": "Aplicar alterações",
    "DeleteDelayProfileMessageText": "Tem a certeza que quer eliminar este perfil de atraso?",
    "DeleteFormatMessageText": "Tem a certeza que quer eliminar a etiqueta de formato {0}?",
    "DeleteImportListExclusionMessageText": "Tem a certeza que quer eliminar esta exclusão da lista de importação?",
    "RemoveSelectedItemsQueueMessageText": "Tem a certeza que deseja remover {0} da fila?",
    "ResetDefinitionTitlesHelpText": "Redefinir títulos de definição, bem como valores",
    "AutomaticAdd": "Adicionar automaticamente",
    "DeleteSelectedIndexers": "Eliminar indexador",
    "ApplyTagsHelpTextAdd": "Adicionar: agregar as etiquetas à lista existente de etiquetas",
    "ApplyTagsHelpTextHowToApplyIndexers": "Como aplicar etiquetas aos indexadores selecionados",
    "ApplyTagsHelpTextRemove": "Remover: eliminar as etiquetas adicionadas",
    "ApplyTagsHelpTextReplace": "Substituir: mudar as etiquetas pelas adicionadas (deixe em branco para limpar todas as etiquetas)",
    "DeleteConditionMessageText": "Tem a certeza de que pretende eliminar a condição '{name}'?",
    "DeleteCustomFormatMessageText": "Tem a certeza de que pretende eliminar o formato personalizado '{name}'?",
    "DeleteSelectedDownloadClients": "Eliminar cliente de transferências",
    "DeleteSelectedImportLists": "Eliminar lista de importação",
    "AddAutoTag": "Adicionar Etiqueta Automática",
    "AuthenticationRequiredHelpText": "Altere para quais solicitações a autenticação é necessária. Não mude a menos que você entenda os riscos.",
    "AuthenticationRequired": "Autenticação Necessária",
    "AddCondition": "Adicionar Condição",
    "AutoTagging": "Etiqueta Automática",
    "AllTitles": "Todos os Títulos",
    "ApplyTagsHelpTextHowToApplyDownloadClients": "Como aplicar etiquetas aos clientes de download selecionados",
    "AddConditionImplementation": "Adicionar Condição - {implementationName}",
    "AddConnection": "Adicionar Conexão",
    "AddConnectionImplementation": "Adicionar Conexão - {implementationName}",
    "AddDownloadClientImplementation": "Adicionar Cliente de Download - {implementationName}",
    "AddImportList": "Adicionar Lista de Importação",
    "AddImportListImplementation": "Adicionar Lista de Importação - {implementationName}",
    "AddIndexerImplementation": "Adicionar Indexador - {implementationName}",
    "ApplyTagsHelpTextHowToApplyImportLists": "Como aplicar etiquetas às listas de importação selecionadas",
    "AudioLanguages": "Idiomas do Áudio",
    "AuthenticationRequiredWarning": "Para evitar o acesso remoto sem autenticação, {appName} agora exige que a autenticação esteja habilitada. Opcionalmente, você pode desabilitar a autenticação de endereços locais.",
    "AuthenticationMethod": "Método de Autenticação",
    "AuthenticationMethodHelpTextWarning": "Selecione um método de autenticação válido",
    "AuthenticationRequiredPasswordHelpTextWarning": "Insira uma nova senha",
    "AuthenticationRequiredUsernameHelpTextWarning": "Insira um novo Nome de Usuário",
    "DeleteSelectedDownloadClientsMessageText": "Tem a certeza de que pretende eliminar o(s) cliente(s) de {count} transferência selecionado(s)?",
    "DeleteSelectedIndexersMessageText": "Tem a certeza de que pretende eliminar {count} indexador(es) selecionado(s)?",
    "DeleteRootFolderMessageText": "Tem a certeza de que pretende eliminar a pasta de raiz '{path}'?",
    "DeleteRootFolder": "Eliminar a Pasta Raiz",
    "EditSelectedDownloadClients": "Editar Clientes de Transferência Selecionados",
    "EditSelectedImportLists": "Editar Listas de Importação Selecionadas",
    "CountIndexersSelected": "{count} indexador(es) selecionado(s)",
    "AutoTaggingNegateHelpText": "Se marcada, a regra de etiqueta automática não será aplicada se esta condição {implementationName} corresponder.",
    "CloneAutoTag": "Clonar Etiqueta Automática",
    "EditAutoTag": "Editar Etiqueta Automática",
    "CloneCondition": "Clonar Condição",
    "DeleteCondition": "Eliminar Condição",
    "CountDownloadClientsSelected": "{count} cliente(s) de transferência selecionado(s)",
    "CountImportListsSelected": "{count} importar lista(s) selecionada(s)",
    "Default": "Predefinição",
    "AppUpdatedVersion": "{appName} foi atualizado para a versão `{version}`, para obter as alterações mais recentes, você precisará recarregar {appName}",
    "AutoTaggingRequiredHelpText": "Esta condição {implementationName} tem de corresponder para que a regra de marcação automática seja aplicada. Caso contrário, uma única correspondência {implementationName} é suficiente.",
    "BypassDelayIfAboveCustomFormatScoreHelpText": "Ativar o desvio quando a versão tem uma pontuação superior à pontuação mínima configurada para o formato personalizado",
    "EditImportListImplementation": "Editar Lista de Importação - {implementationName}",
    "AutoRedownloadFailed": "Falha na transferência",
    "AutoRedownloadFailedFromInteractiveSearch": "Falha na transferência a partir da Pesquisa interactiva",
    "AutoRedownloadFailedFromInteractiveSearchHelpText": "Procurar automaticamente e tentar transferir uma versão diferente quando a versão falhada foi obtida a partir da pesquisa interactiva",
    "AutomaticUpdatesDisabledDocker": "As actualizações automáticas não são diretamente suportadas quando se utiliza o mecanismo de atualização do Docker. Terá de atualizar a imagem do contentor fora de {appName} ou utilizar um script",
    "BypassDelayIfAboveCustomFormatScore": "Ignorar se estiver acima da pontuação de formato personalizado",
    "ConnectionLostReconnect": "O {appName} tentará ligar-se automaticamente, ou você pode clicar em Recarregar abaixo.",
    "ConnectionLostToBackend": "O {appName} perdeu a ligação com o back-end e precisará ser recarregado para restaurar a funcionalidade.",
    "DeleteQualityProfileMessageText": "Tem a certeza de que pretende eliminar o perfil de qualidade '{name}'?",
    "DeleteSelectedImportListsMessageText": "Tem a certeza de que pretende eliminar a(s) lista(s) de {count} importação selecionada(s)?",
    "DeleteSelectedMovieFilesHelpText": "Tem a certeza de que pretende apagar os ficheiros de filmes seleccionados?",
    "DeletedReasonManual": "O ficheiro foi eliminado através da IU",
    "DeletedReasonMovieMissingFromDisk": "O {appName} não conseguiu encontrar o ficheiro no disco, pelo que o ficheiro foi desvinculado do filme na base de dados",
    "DeletedReasonUpgrade": "O ficheiro foi eliminado para importar uma atualização",
    "DisabledForLocalAddresses": "Desativado para Endereços Locais",
    "DownloadClientsLoadError": "Não foi possível carregar os clientes de transferências",
    "DownloadIgnored": "Transferência Ignorada",
    "EditConditionImplementation": "Editar Condição - {implementationName}",
    "EditConnectionImplementation": "Editar Notificação - {implementationName}",
    "EditDownloadClientImplementation": "Editar Cliente de Transferência - {implementationName}",
    "EditIndexerImplementation": "Editar Indexador - {implementationName}",
    "Complete": "Completo",
    "BypassDelayIfAboveCustomFormatScoreMinimumScore": "Pontuação mínima de formato personalizado",
    "BlocklistLoadError": "Não foi possível carregar a lista de bloqueio",
    "BlocklistReleaseHelpText": "Impede o {appName} de capturar automaticamente estes ficheiros novamente",
    "BypassDelayIfAboveCustomFormatScoreMinimumScoreHelpText": "Pontuação Mínima do Formato Personalizado necessária para contornar o atraso do protocolo preferido",
    "CustomFormatJson": "Formato personalizado JSON",
    "DefaultNameCopiedProfile": "{name} - Copiar",
    "DefaultNameCopiedSpecification": "{name} - Copiar",
    "DelayingDownloadUntil": "Atraso da transferência até {date} a {time}",
    "DeleteAutoTag": "Eliminar Etiqueta Automática",
    "DeleteAutoTagHelpText": "Tem a certeza de que pretende eliminar a etiqueta automática \"{name}\"?",
    "DeleteImportList": "Eliminar Lista de Importação",
    "DeleteImportListMessageText": "Tem a certeza de que pretende eliminar a lista '{name}'?",
    "DownloadClientRemovesCompletedDownloadsHealthCheckMessage": "O cliente de descarregamento {downloadClientName} está definido para remover descarregamentos concluídos. Isto pode fazer com que as transferências sejam removidas do seu cliente antes de {1} as poder importar.",
    "AppUpdated": "{appName} Atualizado",
    "AuthenticationRequiredPasswordConfirmationHelpTextWarning": "Confirmar nova senha",
    "AddAutoTagError": "Não foi possível adicionar uma nova tag automática. Por favor, tente novamente.",
    "ClearBlocklistMessageText": "Tem a certeza de que deseja limpar todos os itens da lista de bloqueio?",
    "AutoTaggingSpecificationTag": "Etiqueta",
    "BlocklistAndSearchHint": "Iniciar uma pesquisa por um substituto após adicionar à lista de bloqueio",
    "BlocklistAndSearchMultipleHint": "Iniciar pesquisas por substitutos após adicionar à lista de bloqueio",
    "BlocklistAndSearch": "Adicionar à lista de bloqueio e pesquisar",
    "ChangeCategoryHint": "Altera o download para a \"Categoria pós-importação\" do cliente de download",
    "ChangeCategoryMultipleHint": "Altera os downloads para a \"Categoria pós-importação' do cliente de download",
    "BlocklistMultipleOnlyHint": "Adicionar à lista de bloqueio sem procurar por substitutos",
    "BlocklistOnly": "Apenas adicionar à lista de bloqueio",
    "BlocklistOnlyHint": "Adicionar à lista de bloqueio sem procurar por um substituto",
    "ChangeCategory": "Alterar categoria",
    "ClearBlocklist": "Limpar lista de bloqueio",
    "ClickToChangeIndexerFlags": "Clique para alterar os sinalizadores do indexador",
    "CustomFormatsSpecificationFlag": "Sinalizar",
    "Dash": "Traço",
    "CustomFormatsSpecificationRegularExpression": "Expressão regular (regex)",
    "ChownGroup": "Fazer chown em grupo",
    "Clone": "Clonar",
    "CustomFormatsSettingsTriggerInfo": "Um formato personalizado será aplicado a uma versão ou ficheiro quando corresponder a pelo menos um dos diferentes tipos de condição escolhidos.",
    "CustomFormatsSpecificationRegularExpressionHelpText": "O regex do formato personalizado não diferencia maiúsculas e minúsculas",
    "ConnectionSettingsUrlBaseHelpText": "Adiciona um prefixo ao URL {connectionName}, como {url}",
    "HistoryLoadError": "Não foi possível carregar o histórico",
    "TablePageSize": "Tamanho da página",
    "FormatAgeMinute": "Minutos",
    "GrabId": "Capturar ID",
    "ReleaseProfiles": "Perfis de versão",
    "EnableProfile": "Ativar perfil",
    "OrganizeNothingToRename": "Sucesso! Meu trabalho está feito, sem ficheiros para renomear.",
    "UseSsl": "Usar SSL",
    "FormatAgeMinutes": "Minutos",
    "ListRootFolderHelpText": "Os itens da pasta raiz serão adicionados a",
    "MoveAutomatically": "Mover automaticamente",
    "Category": "Categoria",
    "FormatAgeHours": "Horas",
    "QualitiesLoadError": "Não foi possível carregar as qualidades",
    "RetryingDownloadOn": "Nova tentativa de transferência {0} em {1}",
    "DeleteSpecification": "Eliminar notificação",
    "DeleteSpecificationHelpText": "Tem a certeza que quer eliminar a notificação \"{name}\"?",
    "Lists": "Listas",
    "Yes": "Sim",
    "NotificationsSettingsWebhookMethod": "Método",
    "NotificationsSimplepushSettingsEvent": "Evento",
    "OrganizeLoadError": "Erro ao carregar pré-visualizações",
    "Directory": "Diretório",
    "InteractiveSearchModalHeader": "Pesquisa interativa",
    "IncludeHealthWarnings": "Incluir avisos de estado de funcionamento",
    "InteractiveImportLoadError": "Não foi possível carregar os itens de importação manual",
    "Release": "lançamento",
    "AddListExclusion": "Adicionar exclusão de lista",
    "AutoTaggingLoadError": "Não foi possível carregar a etiqueta automática",
    "MustContainHelpText": "A versão deve conter pelo menos um desses termos (não diferencia maiúsculas de minúsculas)",
    "MustNotContainHelpText": "A versão será rejeitada caso contenha um ou mais destes termos (sem distinção de maiúsculas ou minúsculas)",
    "No": "Não",
    "RemoveQueueItemConfirmation": "Tem a certeza que deseja remover {0} da fila?",
    "SelectDropdown": "Selecione...",
    "SkipRedownload": "Ignorar nova transferência",
    "ConditionUsingRegularExpressions": "Esta condição utiliza expressões regulares. Note que os carateres {0} têm significados especiais e precisam de escape com um {1}",
    "CustomFilter": "Filtros personalizados",
    "DelayProfileMovieTagsHelpText": "Aplica-se a filmes com pelo menos uma etiqueta correspondente",
    "Label": "Rótulo",
    "TablePageSizeHelpText": "Número de itens por página",
    "EditReleaseProfile": "Adicionar Perfil de Lançamento",
    "QueueLoadError": "Falha ao carregar fila",
    "RestartLater": "Reiniciarei mais tarde",
    "AddReleaseProfile": "Adicionar Perfil de Lançamento",
    "FormatAgeHour": "Horas",
    "MovieIsNotMonitored": "Filme não monitorado",
    "SearchForAllMissingMovies": "Pesquisar todos os livros ausentes",
    "SearchForCutoffUnmetMovies": "Pesquisar todos os livros com Limite não-correspondido",
    "DownloadClientSettingsUrlBaseHelpText": "Adiciona um prefixo ao URL {connectionName}, como {url}",
    "DeleteReleaseProfile": "Eliminar perfil de atraso",
    "MovieSearchResultsLoadError": "Não foi possível carregar os resultados para esta pesquisa de filme. Tenta novamente mais tarde",
    "IMDbId": "ID do TMDb",
    "MovieFileDeleted": "Ao eliminar o ficheiro do filme",
    "ReleaseProfilesLoadError": "Não foi possível carregar os perfis de versão",
    "ShowUnknownMovieItemsHelpText": "Mostrar itens sem um filme na fila. Isso pode incluir filmes eliminados ou qualquer outra coisa na categoria do {appName}",
    "IndexerSettingsMultiLanguageRelease": "Vários idiomas",
    "ReleaseGroups": "Grupo da versão",
    "AddRootFolderError": "Não foi possível carregar as pastas raiz",
    "DownloadClientSettingsRecentPriority": "Prioridade do cliente",
    "AddDelayProfileError": "Não foi possível adicionar um novo perfil de qualidade, tenta novamente.",
    "DeleteReleaseProfileMessageText": "Tem a certeza que quer eliminar o perfil de qualidade \"{0}\"?",
    "MovieFileDeletedTooltip": "Ao eliminar o ficheiro do filme",
    "DeleteMovieFolderCountConfirmation": "Tem a certeza de que pretende eliminar {count} indexador(es) selecionado(s)?",
    "DeleteMovieFolderCountWithFilesConfirmation": "Tem a certeza de que deseja eliminar {count} artistas selecionados e todo o conteúdo?",
    "DeleteMovieFolders": "Eliminar pasta do filme",
    "DeleteMovieFoldersHelpText": "Elimine a pasta do filme e seu conteúdo",
    "DeleteSelectedMovies": "Eliminar ficheiros do filme selecionado",
    "Any": "Quaisquer",
    "DeleteSelectedImportListExclusionsMessageText": "Tem a certeza que quer eliminar esta exclusão da lista de importação?",
    "DeleteSelectedCustomFormats": "Eliminar formato personalizado",
    "DeleteSelectedCustomFormatsMessageText": "Tem a certeza de que pretende eliminar a(s) lista(s) de {count} importação selecionada(s)?",
    "ReleaseDate": "Data de lançamento",
    "ShowDigitalRelease": "Mostrar data de lançamento no cinema",
    "ShowDigitalReleaseHelpText": "Mostrar data de lançamento abaixo do cartaz",
    "ShowPhysicalRelease": "Data da versão física",
    "ShowPhysicalReleaseHelpText": "Mostrar data de lançamento abaixo do cartaz",
    "SmartReplaceHint": "Traço ou Espaço e Traço, dependendo do nome",
    "FolderNameTokens": "Tokens de nome do ficheiro",
    "BlackholeWatchFolderHelpText": "Pasta de onde {appName} deve importar os downloads completos",
    "CountCustomFormatsSelected": "{count} formatos selecionados",
    "BlackholeFolderHelpText": "Pasta em que {appName} guardará o ficheiro {extension}.",
    "AnnouncedMovieAvailabilityDescription": "Filmes estão disponíveis assim que forem adicionados a {appName}.",
    "CountVotes": "{votes} votos",
    "Completed": "Completo",
    "Delay": "Atraso",
    "DownloadClientUnavailable": "O cliente de transferências está indisponível",
    "AutoTaggingSpecificationOriginalLanguage": "Idioma",
    "AutoTaggingSpecificationQualityProfile": "Perfil de qualidade",
    "AutoTaggingSpecificationRootFolder": "Pasta raiz",
    "AutoTaggingSpecificationStatus": "Estado",
    "CustomFormatsSpecificationLanguage": "Idioma",
    "CustomFormatsSpecificationMaximumSize": "Tamanho máximo",
    "CustomFormatsSpecificationResolution": "Resolução",
    "CustomFormatsSpecificationSource": "Origem",
    "Mixed": "Corrigido",
    "ImportListsTraktSettingsCertification": "Certificação",
    "ImportListsTraktSettingsGenres": "Gêneros",
    "ImportListsTraktSettingsRating": "Classificação",
    "AutoTaggingSpecificationGenre": "Gênero(s)",
    "AddANewPath": "Adicionar um novo caminho",
    "AddCustomFilter": "Adicionar Filtro Personalizado",
    "IndexerHDBitsSettingsCodecs": "Codificador",
    "IndexerHDBitsSettingsMediums": "Médio"
}
