{
    "AddNew": "Thêm mới",
    "Branch": "Chi nhánh",
    "AllMoviesInPathHaveBeenImported": "Tất cả phim trong {0} đã được nhập",
    "AllResultsHiddenFilter": "Tất cả kết quả bị ẩn bởi bộ lọc được áp dụng",
    "Proxy": "Ủy quyền",
    "ICalFeed": "iCal Feed",
    "MinimumCustomFormatScoreHelpText": "Điểm định dạng tùy chỉnh tối thiểu được phép tải xuống",
    "PendingChangesDiscardChanges": "Hủy các thay đổi và rời khỏi",
    "PendingChangesMessage": "Bạn có các thay đổi chưa được lưu, bạn có chắc chắn muốn rời khỏi trang này không?",
    "QualitiesHelpText": "Các phẩm chất cao hơn trong danh sách được ưu tiên hơn. Các phẩm chất trong cùng một nhóm là ngang nhau. Chỉ những phẩm chất đã được kiểm tra mới được mong muốn",
    "QualityProfileInUseMovieListCollection": "Không thể xóa hồ sơ chất lượng được đính kèm với phim",
    "RecyclingBinCleanup": "Thu dọn thùng rác tái chế",
    "RefreshMovie": "Làm mới phim",
    "Size": "Kích thước",
    "SuggestTranslationChange": "Đề xuất thay đổi bản dịch",
    "Tomorrow": "Ngày mai",
    "AlternativeTitlesLoadError": "Không thể tải các tiêu đề thay thế.",
    "WhatsNew": "Có gì mới?",
    "Uptime": "Thời gian hoạt động",
    "IndexerLongTermStatusCheckAllClientMessage": "Tất cả các trình lập chỉ mục không khả dụng do lỗi trong hơn 6 giờ",
    "LoadingMovieCreditsFailed": "Tải phần ghi công của phim không thành công",
    "MediaManagementSettings": "Cài đặt quản lý phương tiện",
    "MediaManagementSettingsSummary": "Cài đặt đặt tên và quản lý tệp",
    "MinutesSixty": "60 phút: {0}",
    "MoreDetails": "Thêm chi tiết",
    "MountMovieHealthCheckMessage": "Mount chứa đường dẫn phim được mount ở chế độ chỉ đọc: ",
    "MovieID": "ID phim",
    "MovieIndex": "Mục lục phim",
    "MovieInfoLanguageHelpText": "Ngôn ngữ mà {appName} sẽ sử dụng cho Thông tin phim trong giao diện người dùng",
    "MovieIsMonitored": "Phim được giám sát",
    "ChangeFileDateHelpText": "Thay đổi ngày tệp khi nhập / quét lại",
    "IncludeCustomFormatWhenRenamingHelpText": "Bao gồm trong định dạng đổi tên {Custom Formats}",
    "AutoUnmonitorPreviouslyDownloadedMoviesHelpText": "Phim bị xóa khỏi đĩa sẽ tự động không được theo dõi trong {appName}",
    "BranchUpdateMechanism": "Nhánh được sử dụng bởi cơ chế cập nhật bên ngoài",
    "CancelPendingTask": "Bạn có chắc chắn muốn hủy nhiệm vụ đang chờ xử lý này không?",
    "LaunchBrowserHelpText": " Mở trình duyệt web và điều hướng đến trang chủ {appName} khi khởi động ứng dụng.",
    "QuickImport": "Nhập nhanh",
    "Progress": "Phát triển",
    "Scheduled": "Lên kế hoạch",
    "ScriptPath": "Đường dẫn tập lệnh",
    "SearchAll": "Tìm kiếm tất cả",
    "SearchFiltered": "Tìm kiếm được lọc",
    "Search": "Tìm kiếm",
    "Backup": "Sao lưu",
    "ProtocolHelpText": "Chọn (các) giao thức để sử dụng và giao thức nào được ưu tiên khi lựa chọn giữa các bản phát hành ngang nhau",
    "QualityProfile": "Hồ sơ chất lượng",
    "QualityProfiles": "Hồ sơ chất lượng",
    "SupportedDownloadClients": "{appName} hỗ trợ bất kỳ ứng dụng khách tải xuống nào sử dụng tiêu chuẩn Newznab, cũng như các ứng dụng khách tải xuống khác được liệt kê bên dưới.",
    "SupportedListsMovie": "{appName} hỗ trợ bất kỳ danh sách phim RSS nào cũng như danh sách được nêu dưới đây.",
    "RecyclingBinHelpText": "Các tệp phim sẽ chuyển đến đây khi bị xóa thay vì bị xóa vĩnh viễn",
    "RequiredHelpText": "Điều kiện {0} này phải phù hợp để áp dụng định dạng tùy chỉnh. Nếu không, một kết hợp {1} duy nhất là đủ.",
    "CloneIndexer": "Trình lập chỉ mục nhân bản",
    "KeyboardShortcutsCloseModal": "Đóng phương thức hiện tại",
    "CustomFormatHelpText": "{appName} chấm điểm mỗi bản phát hành bằng cách sử dụng tổng điểm để phù hợp với các định dạng tùy chỉnh. Nếu một bản phát hành mới sẽ cải thiện điểm số, với chất lượng tương đương hoặc tốt hơn, thì {appName} sẽ lấy nó.",
    "CustomFormats": "Định dạng tùy chỉnh",
    "CutoffUnmet": "Cắt bỏ chưa được đáp ứng",
    "DeleteQualityProfile": "Xóa hồ sơ chất lượng",
    "DeleteSelectedMovieFiles": "Xóa các tệp phim đã chọn",
    "DownloadClient": "Tải xuống ứng dụng khách",
    "DownloadClientSettings": "Tải xuống cài đặt ứng dụng khách",
    "DownloadPropersAndRepacksHelpTextWarning": "Sử dụng các định dạng tùy chỉnh để tự động nâng cấp lên Người ủng hộ / Đóng gói lại",
    "EditImportListExclusion": "Chỉnh sửa Loại trừ Danh sách",
    "EditRemotePathMapping": "Chỉnh sửa ánh xạ đường dẫn từ xa",
    "EnableInteractiveSearchHelpText": "Sẽ được sử dụng khi tìm kiếm tương tác được sử dụng",
    "AnalyseVideoFilesHelpText": "Trích xuất thông tin video như độ phân giải, thời gian chạy và thông tin codec từ các tệp. Điều này yêu cầu {appName} đọc các phần của tệp có thể gây ra hoạt động mạng hoặc đĩa cao trong quá trình quét.",
    "EnableSslHelpText": " Yêu cầu khởi động lại chạy với tư cách quản trị viên để có hiệu lực",
    "FailedLoadingSearchResults": "Không tải được kết quả tìm kiếm, vui lòng thử lại.",
    "Files": "Các tập tin",
    "Filter": "Bộ lọc",
    "FreeSpace": "Không gian trông",
    "HideAdvanced": "Ẩn nâng cao",
    "IgnoredHelpText": "Bản phát hành sẽ bị từ chối nếu nó chứa một hoặc nhiều điều khoản (không phân biệt chữ hoa chữ thường)",
    "ImportedTo": "Đã nhập vào",
    "AddExclusion": "Thêm loại trừ",
    "ImportRootPath": "Trỏ {appName} đến thư mục chứa tất cả phim của bạn, không phải một phim cụ thể. ví dụ. {0} chứ không phải {1}. Ngoài ra, mỗi phim phải nằm trong thư mục riêng của nó trong thư mục gốc / thư viện.",
    "InCinemasDate": "Trong ngày rạp chiếu phim",
    "IndexerPriority": "Mức độ ưu tiên của người lập chỉ mục",
    "IndexerRssHealthCheckNoAvailableIndexers": "Tất cả các trình chỉ mục hỗ trợ rss tạm thời không khả dụng do các lỗi trình lập chỉ mục gần đây",
    "IndexerRssHealthCheckNoIndexers": "Không có bộ lập chỉ mục nào có đồng bộ RSS được bật, {appName} sẽ không tự động lấy các bản phát hành mới",
    "IndexerSearchCheckNoAvailableIndexersMessage": "Tất cả các trình chỉ mục có khả năng tìm kiếm tạm thời không khả dụng do các lỗi trình lập chỉ mục gần đây",
    "LogFiles": "Tệp nhật ký",
    "Logging": "Ghi nhật ký",
    "LogLevel": "Mức đăng nhập",
    "LogLevelTraceHelpTextWarning": "Ghi nhật ký theo dõi chỉ nên được bật tạm thời",
    "LogOnly": "Chỉ đăng nhập",
    "Logs": "Nhật ký",
    "LookingForReleaseProfiles1": "Tìm kiếm hồ sơ phát hành? Thử",
    "LookingForReleaseProfiles2": "thay thế.",
    "Lowercase": "Chữ thường",
    "ManualImportSelectLanguage": "Nhập thủ công - Chọn ngôn ngữ",
    "ManualImportSelectMovie": "Nhập thủ công - Chọn phim",
    "ManualImportSelectQuality": " Nhập thủ công - Chọn chất lượng",
    "MappedNetworkDrivesWindowsService": "Các ổ đĩa mạng được ánh xạ không khả dụng khi chạy dưới dạng Dịch vụ Windows. Vui lòng xem Câu hỏi thường gặp để biết thêm thông tin",
    "MarkAsFailedConfirmation": "Bạn có chắc chắn muốn đánh dấu '{0}' là không thành công không?",
    "MassMovieSearch": "Tìm kiếm phim hàng loạt",
    "MaximumLimits": "Giới hạn tối đa",
    "MaximumSize": "Kích thước tối đa",
    "MegabytesPerMinute": "Megabyte mỗi phút",
    "Metadata": "metadata",
    "MetadataSettings": "Cài đặt siêu dữ liệu",
    "MetadataSettingsMovieSummary": "Tạo tệp siêu dữ liệu khi phim được nhập hoặc làm mới",
    "MIA": "MIA",
    "Min": "Min",
    "MinimumAgeHelpText": "Usenet only: Tuổi tối thiểu tính bằng phút của NZB trước khi chúng bị tóm. Sử dụng điều này để cho các bản phát hành mới có thời gian phổ biến tới nhà cung cấp mạng sử dụng của bạn.",
    "MinimumCustomFormatScore": "Điểm định dạng tùy chỉnh tối thiểu",
    "Monitor": "Giám sát",
    "MonitoredMovieHelpText": "Tải xuống phim nếu có",
    "MonitoredOnly": "Chỉ giám sát",
    "MonitoredStatus": "Theo dõi / Trạng thái",
    "MoveMovieFoldersToRootFolder": "Bạn có muốn di chuyển các thư mục phim vào '{0}' không?",
    "MovieAlreadyExcluded": "Phim đã bị loại trừ",
    "MovieChat": "Trò chuyện phim",
    "KeyboardShortcutsMovieDetailsNextMovie": "Chi tiết phim: Phim tiếp theo",
    "KeyboardShortcutsMovieIndexScrollBottom": "Mục lục phim: Cuộn dưới cùng",
    "KeyboardShortcutsMovieIndexScrollTop": "Mục lục phim: Cuộn lên đầu",
    "MovieInfoLanguage": "Ngôn ngữ thông tin phim",
    "MovieInvalidFormat": "Phim: Định dạng không hợp lệ",
    "MultiLanguage": "Đa ngôn ngữ",
    "Negate": "Phủ nhận",
    "Negated": "Được tôn trọng",
    "NoListRecommendations": "Không tìm thấy mục danh sách hoặc đề xuất nào, để bắt đầu, bạn sẽ muốn thêm phim mới, nhập một số phim hiện có hoặc thêm danh sách.",
    "NoTagsHaveBeenAddedYet": "Chưa có thẻ nào được thêm vào",
    "OrganizeConfirm": "Bạn có chắc chắn muốn sắp xếp tất cả các tệp trong {0} (các) phim đã chọn không?",
    "Original": "Nguyên",
    "OutputPath": "Đường đầu ra",
    "PosterOptions": "Tùy chọn áp phích",
    "PreferAndUpgrade": "Ưu tiên và nâng cấp",
    "PreferIndexerFlags": "Thích cờ trình lập chỉ mục",
    "PreviewRenameHelpText": "Mẹo: Để xem trước một lần đổi tên ... hãy chọn 'Hủy' sau đó nhấp vào bất kỳ tiêu đề phim nào và sử dụng",
    "Priority": "Sự ưu tiên",
    "PrioritySettings": "Ưu tiên: {0}",
    "ProcessingFolders": "Xử lý thư mục",
    "ProxyCheckFailedToTestMessage": "Không thể kiểm tra proxy: {url}",
    "Quality": "Chất lượng",
    "QualityDefinitions": "Định nghĩa chất lượng",
    "QualityLimitsMovieRuntimeHelpText": "Các giới hạn được tự động điều chỉnh cho thời gian chạy phim.",
    "QualitySettingsSummary": "Kích thước chất lượng và cách đặt tên",
    "Queue": "Xếp hàng",
    "SupportedIndexers": "{appName} hỗ trợ bất kỳ trình chỉ mục nào sử dụng tiêu chuẩn Newznab, cũng như các trình chỉ mục khác được liệt kê bên dưới.",
    "SupportedCustomConditions": "{appName} hỗ trợ các điều kiện tùy chỉnh dựa trên các thuộc tính phát hành bên dưới.",
    "RecentChanges": "Những thay đổi gần đây",
    "RecentFolders": "Thư mục gần đây",
    "RecyclingBinCleanupHelpText": "Đặt thành 0 để tắt tính năng dọn dẹp tự động",
    "RefreshInformationAndScanDisk": "Làm mới thông tin và quét đĩa",
    "ReleaseBranchCheckOfficialBranchMessage": "Nhánh {0} không phải là nhánh phát hành {appName} hợp lệ, bạn sẽ không nhận được cập nhật",
    "ReleaseDates": "Ngày phát hành",
    "ReleaseStatus": "Tình trạng phát hành",
    "Reload": "Nạp lại",
    "RemotePathMappings": "Ánh xạ đường dẫn từ xa",
    "Remove": "Tẩy",
    "RemovedMovieCheckMultipleMessage": "Phim {movies} đã bị xóa khỏi TMDb",
    "RemovedMovieCheckSingleMessage": "Phim {movie} đã bị xóa khỏi TMDb",
    "RemoveFailedDownloadsHelpText": "Xóa các lần tải xuống không thành công khỏi lịch sử máy khách tải xuống",
    "RemoveFromDownloadClient": "Xóa khỏi ứng dụng khách tải xuống",
    "RemoveFromQueue": "Xóa khỏi hàng đợi",
    "RemoveHelpTextWarning": "Việc xóa sẽ xóa phần tải xuống và (các) tệp khỏi ứng dụng khách tải xuống.",
    "RemoveMovieAndDeleteFiles": "Xóa phim và xóa tệp",
    "RemoveMovieAndKeepFiles": "Xóa phim và giữ tệp",
    "RemoveRootFolder": "Xóa thư mục gốc",
    "RemoveSelected": "Bỏ đã chọn",
    "RemovingTag": "Xóa thẻ",
    "Renamed": "Đã đổi tên",
    "RenameFiles": "Đổi tên tệp",
    "RenameMovies": "Đổi tên phim",
    "RenameMoviesHelpText": "{appName} sẽ sử dụng tên tệp hiện có nếu việc đổi tên bị tắt",
    "Replace": "Thay thế",
    "ReplaceIllegalCharactersHelpText": "Thay thế các ký tự bất hợp pháp. Nếu không được chọn, {appName} sẽ xóa chúng thay thế",
    "ReplaceWithSpaceDash": "Thay thế bằng Dấu gạch ngang",
    "RequiredRestrictionHelpText": "Bản phát hành phải chứa ít nhất một trong các điều khoản này (không phân biệt chữ hoa chữ thường)",
    "RescanAfterRefreshMovieHelpText": "Quét lại thư mục phim sau khi làm mới phim",
    "RescanAfterRefreshHelpTextWarning": "{appName} sẽ không tự động phát hiện các thay đổi đối với tệp khi không được đặt thành 'Luôn luôn'",
    "RescanMovieFolderAfterRefresh": "Quét lại thư mục phim sau khi làm mới",
    "Restart": "Khởi động lại",
    "RestartNow": "Khởi động lại ngay",
    "RestartRadarr": "Khởi động lại {appName}",
    "RestartReloadNote": "Lưu ý: {appName} sẽ tự động khởi động lại và tải lại giao diện người dùng trong quá trình khôi phục.",
    "RetentionHelpText": "Chỉ sử dụng mạng: Đặt thành 0 để đặt giữ chân không giới hạn",
    "RootFolderCheckSingleMessage": "Thiếu thư mục gốc: {rootFolderPath}",
    "RssIsNotSupportedWithThisIndexer": "RSS không được hỗ trợ với trình chỉ mục này",
    "RssSync": "Đồng bộ hóa RSS",
    "RssSyncInterval": "Khoảng thời gian đồng bộ hóa RSS",
    "RssSyncIntervalHelpTextWarning": "Điều này sẽ áp dụng cho tất cả người lập chỉ mục, vui lòng tuân theo các quy tắc do họ đặt ra",
    "Runtime": "Thời gian chạy",
    "Save": "Tiết kiệm",
    "SaveChanges": "Lưu thay đổi",
    "KeyboardShortcutsSaveSettings": "Lưu các thiết lập",
    "Score": "Ghi bàn",
    "Script": "Kịch bản",
    "SearchCutoffUnmet": "Tìm kiếm Cutoff chưa được đáp ứng",
    "SearchFailedPleaseTryAgainLater": "Tìm kiếm không thành công, vui lòng thử lại sau.",
    "SearchForMovie": "Tìm kiếm phim",
    "SearchMissing": "Tìm kiếm bị thiếu",
    "SearchMovie": "Tìm kiếm phim",
    "SearchOnAdd": "Tìm kiếm trên Thêm",
    "SearchSelected": "Tìm kiếm đã chọn",
    "Seconds": "Giây",
    "Security": "Bảo vệ",
    "Seeders": "Máy gieo hạt",
    "SelectFolder": "Chọn thư mục",
    "SelectLanguage": "Chọn ngôn ngữ",
    "SelectMovie": "Chọn phim",
    "SelectQuality": "Chọn chất lượng",
    "SetPermissionsLinuxHelpText": "Có nên chạy chmod khi tệp được nhập / đổi tên không?",
    "SetPermissionsLinuxHelpTextWarning": "Nếu bạn không chắc chắn những cài đặt này có tác dụng gì, đừng thay đổi chúng.",
    "SetTags": "Đặt thẻ",
    "Settings": "Cài đặt",
    "EnableColorImpairedModeHelpText": "Đã thay đổi kiểu để cho phép người dùng khiếm thị phân biệt rõ hơn thông tin mã màu",
    "FirstDayOfWeek": "Ngày đầu tuần",
    "Shutdown": "Tắt",
    "RemotePathMappingLocalPathHelpText": "Đường dẫn mà {appName} nên sử dụng để truy cập cục bộ đường dẫn từ xa",
    "TimeFormat": "Định dạng thời gian",
    "WeekColumnHeader": "Tiêu đề cột tuần",
    "ListMonitorMovieHelpText": "Nếu được bật, các phim do danh sách này thêm vào sẽ được thêm và theo dõi",
    "ShowAdvanced": "Hiển thị nâng cao",
    "ICalShowAsAllDayEvents": "Hiển thị dưới dạng sự kiện cả ngày",
    "IconForCutoffUnmetHelpText": "Hiển thị biểu tượng cho các tệp khi điểm giới hạn chưa được đáp ứng",
    "ShowMovieInformationHelpText": "Hiển thị các thể loại phim và chứng nhận",
    "ShownClickToHide": "Hiển thị, nhấp để ẩn",
    "ShowQualityProfileHelpText": "Hiển thị hồ sơ chất lượng dưới áp phích",
    "ShowSearchHelpText": "Hiển thị nút tìm kiếm khi di chuột",
    "ShowTitleHelpText": "Hiển thị tiêu đề phim dưới áp phích",
    "ShowUnknownMovieItems": "Hiển thị các mục phim không xác định",
    "Small": "Nhỏ",
    "Socks4": "Vớ4",
    "Socks5": "Socks5 (Hỗ trợ TOR)",
    "SourceRelativePath": "Đường dẫn nguồn tương đối",
    "SslCertPassword": "Mật khẩu cảnh báo SSL",
    "SslCertPasswordHelpText": "Mật khẩu cho tệp pfx",
    "SslCertPath": "Đường dẫn cảnh báo SSL",
    "StartProcessing": "Bắt đầu xử lý",
    "StartSearchForMissingMovie": "Bắt đầu tìm kiếm phim bị thiếu",
    "Studio": "Studio",
    "TableColumnsHelpText": "Chọn cột nào hiển thị và chúng xuất hiện theo thứ tự nào",
    "TagIsNotUsedAndCanBeDeleted": "Thẻ không được sử dụng và có thể bị xóa",
    "TagsSettingsSummary": "Xem tất cả các thẻ và cách chúng được sử dụng. Các thẻ không sử dụng có thể bị xóa",
    "TestAll": "Kiểm tra tất cả",
    "Titles": "Tiêu đề",
    "Today": "Hôm nay",
    "TorrentDelay": "Torrent Delay",
    "TorrentDelayHelpText": "Trì hoãn trong vài phút để đợi trước khi lấy một torrent",
    "TorrentsDisabled": "Torrents bị vô hiệu hóa",
    "Trace": "Dấu vết",
    "UiLanguage": "Ngôn ngữ giao diện người dùng",
    "UiLanguageHelpText": "Ngôn ngữ mà {appName} sẽ sử dụng cho giao diện người dùng",
    "UiSettingsSummary": "Lịch, ngày tháng và các tùy chọn bị suy giảm màu sắc",
    "AddConditionError": "Không thể thêm điều kiện mới, vui lòng thử lại.",
    "AddDownloadClientError": "Không thể thêm ứng dụng khách tải xuống mới, vui lòng thử lại.",
    "AddImportListExclusionError": "Không thể thêm loại trừ danh sách mới, vui lòng thử lại.",
    "AddListError": "Không thể thêm danh sách mới, vui lòng thử lại.",
    "AddRemotePathMappingError": "Không thể thêm ánh xạ đường dẫn từ xa mới, vui lòng thử lại.",
    "DownloadClientOptionsLoadError": "Không thể tải các tùy chọn ứng dụng khách tải xuống",
    "GeneralSettingsLoadError": "Không thể tải Cài đặt chung",
    "ImportListExclusionsLoadError": "Không thể tải Danh sách Loại trừ",
    "UnableToLoadManualImportItems": "Không thể tải các mục nhập thủ công",
    "MediaManagementSettingsLoadError": "Không thể tải cài đặt Quản lý phương tiện",
    "UnableToLoadMovies": "Không thể tải phim",
    "QualityDefinitionsLoadError": "Không thể tải Định nghĩa chất lượng",
    "UnableToLoadRestrictions": "Không thể tải Hạn chế",
    "TagsLoadError": "Không thể tải thẻ",
    "CalendarLoadError": "Không thể tải lịch",
    "UnmappedFolders": "Thư mục chưa được ánh xạ",
    "ICalIncludeUnmonitoredMoviesHelpText": "Đưa các phim chưa được giám sát vào nguồn cấp dữ liệu iCal",
    "UnsavedChanges": "Các thay đổi chưa được lưu",
    "UpdateAll": "Cập nhật tất cả",
    "UpdateAutomaticallyHelpText": "Tự động tải xuống và cài đặt các bản cập nhật. Bạn vẫn có thể cài đặt từ Hệ thống: Cập nhật",
    "UpdateCheckStartupTranslocationMessage": "Không thể cài đặt bản cập nhật vì thư mục khởi động '{startupFolder}' nằm trong thư mục Chuyển vị ứng dụng.",
    "UpdateMechanismHelpText": "Sử dụng trình cập nhật tích hợp của {appName} hoặc một tập lệnh",
    "UpdateScriptPathHelpText": "Đường dẫn đến tập lệnh tùy chỉnh có gói cập nhật được trích xuất và xử lý phần còn lại của quá trình cập nhật",
    "UrlBase": "Cơ sở URL",
    "UrlBaseHelpText": "Đối với hỗ trợ proxy ngược, mặc định là trống",
    "Version": "Phiên bản",
    "WaitingToProcess": "Đang chờ xử lý",
    "WhitelistedHardcodedSubsHelpText": "Các thẻ phụ đề được đặt ở đây sẽ không được coi là mã cứng",
    "WouldYouLikeToRestoreBackup": "Bạn có muốn khôi phục bản sao lưu {0} không?",
    "Yesterday": "Hôm qua",
    "MaintenanceRelease": "Bản phát hành bảo trì: sửa lỗi và các cải tiến khác. Xem Lịch sử cam kết Github để biết thêm chi tiết",
    "MissingMonitoredAndConsideredAvailable": "Thiếu (Theo dõi)",
    "MoveMovieFoldersToNewPath": "Bạn có muốn di chuyển các tệp phim từ '{0}' sang '{1}' không?",
    "MovieExcludedFromAutomaticAdd": "Phim bị loại trừ khỏi tính năng thêm tự động",
    "AvailabilityDelay": "Độ trễ sẵn có",
    "AddMovie": "Thêm phim",
    "AddRestriction": "Thêm hạn chế",
    "ChmodFolder": "Thư mục chmod",
    "ChmodFolderHelpText": "Hệ bát phân, được áp dụng trong quá trình nhập / đổi tên cho các thư mục và tệp phương tiện (không có bit thực thi)",
    "AddListExclusionMovieHelpText": "Ngăn phim được thêm vào {appName} theo danh sách",
    "AddIndexer": "Thêm trình lập chỉ mục",
    "EditMovie": "Chỉnh sửa phim",
    "AddNewMessage": "Thật dễ dàng để thêm phim mới, chỉ cần bắt đầu nhập tên phim bạn muốn thêm",
    "Add": "Thêm vào",
    "AddCustomFormat": "Thêm định dạng tùy chỉnh",
    "AddDelayProfile": "Thêm cấu hình trễ",
    "AddDownloadClient": "Thêm ứng dụng khách tải xuống",
    "AddedToDownloadQueue": "Đã thêm vào hàng đợi tải xuống",
    "ClientPriority": "Ưu tiên khách hàng",
    "CustomFormat": "Định dạng tùy chỉnh",
    "DatabaseMigration": "Di chuyển DB",
    "DockerUpdater": "cập nhật vùng chứa docker để nhận bản cập nhật",
    "AddQualityProfile": "Thêm hồ sơ chất lượng",
    "HomePage": "Trang chủ",
    "Hours": "Giờ",
    "InvalidFormat": "Định dạng không hợp lệ",
    "MarkAsFailed": "Đánh dấu là Không thành công",
    "AddRootFolder": "Thêm thư mục gốc",
    "Medium": "Trung bình",
    "Minutes": "Phút",
    "AddToDownloadQueue": "Thêm vào hàng đợi tải xuống",
    "AfterManualRefresh": "Sau khi làm mới thủ công",
    "AllFiles": "Tất cả các tệp",
    "NegateHelpText": "Nếu được chọn, định dạng tùy chỉnh sẽ không áp dụng nếu điều kiện {0} này phù hợp.",
    "NextExecution": "Thực hiện tiếp theo",
    "NoAlternativeTitles": "Không có tiêu đề thay thế.",
    "Always": "Luôn luôn",
    "NoEventsFound": "Không tìm thấy sự kiện",
    "NoLinks": "Không có liên kết",
    "NoChange": "Không thay đổi",
    "NoHistory": "Không có lịch sử",
    "NoMatchFound": "Không tìm thấy kết quả phù hợp!",
    "NoChanges": "Không thay đổi",
    "OnGrab": "Trên Grab",
    "OnHealthIssue": "Về vấn đề sức khỏe",
    "OnLatestVersion": "Phiên bản mới nhất của {appName} đã được cài đặt",
    "OnlyTorrent": "Chỉ Torrent",
    "OnlyUsenet": "Chỉ Usenet",
    "OnRename": "Khi đổi tên",
    "KeyboardShortcutsConfirmModal": "Phương thức xác nhận chấp nhận",
    "AutomaticSearch": "Tìm kiếm tự động",
    "PreferTorrent": "Thích Torrent",
    "PreferUsenet": "Ưu tiên Usenet",
    "Presets": "Cài đặt trước",
    "QueueIsEmpty": "Hàng đợi trống",
    "CalendarFeed": "Nguồn cấp dữ liệu lịch {appName}",
    "ReadTheWikiForMoreInformation": "Đọc Wiki để biết thêm thông tin",
    "AptUpdater": "Sử dụng apt để cài đặt bản cập nhật",
    "ReleasedMovieDescription": "Phim được phát hành",
    "RecyclingBinCleanupHelpTextWarning": "Các tệp trong thùng rác cũ hơn số ngày đã chọn sẽ tự động được dọn dẹp",
    "AuthBasic": "Cơ bản (Cửa sổ bật lên trình duyệt)",
    "Announced": "Được công bố",
    "AuthForm": "Biểu mẫu (Trang đăng nhập)",
    "AvailabilityDelayHelpText": "Khoảng thời gian trước hoặc sau ngày khả dụng để tìm kiếm Phim",
    "BackupIntervalHelpText": "Khoảng thời gian giữa các bản sao lưu tự động",
    "BackupRetentionHelpText": "Các bản sao lưu tự động cũ hơn khoảng thời gian lưu giữ sẽ tự động được dọn dẹp",
    "Backups": "Những bản sao lưu",
    "BeforeUpdate": "Trước khi cập nhật",
    "BindAddress": "Địa chỉ ràng buộc",
    "BindAddressHelpText": "Địa chỉ IP hợp lệ, localhost hoặc '*' cho tất cả các giao diện",
    "BuiltIn": "Được xây dựng trong",
    "CalendarOptions": "Tùy chọn lịch",
    "CancelProcessing": "Hủy xử lý",
    "CantFindMovie": "Tại sao tôi không thể tìm thấy phim của mình?",
    "CertValidationNoLocal": "Bị vô hiệu hóa đối với địa chỉ địa phương",
    "Date": "Ngày",
    "Dates": "ngày",
    "CouldNotConnectSignalR": "Không thể kết nối với SignalR, giao diện người dùng sẽ không cập nhật",
    "ChangeFileDate": "Thay đổi ngày tệp",
    "ChangeHasNotBeenSavedYet": "Thay đổi vẫn chưa được lưu",
    "CheckDownloadClientForDetails": "kiểm tra ứng dụng khách tải xuống để biết thêm chi tiết",
    "CheckForFinishedDownloadsInterval": "Kiểm tra khoảng thời gian tải xuống hoàn tất",
    "IllRestartLater": "Tôi sẽ khởi động lại sau",
    "ImportErrors": "Nhập lỗi",
    "ImportExistingMovies": "Nhập phim hiện có",
    "IndexersSettingsSummary": "Trình lập chỉ mục và hạn chế phát hành",
    "Age": "Tuổi tác",
    "Agenda": "Lịch",
    "AgeWhenGrabbed": "Tuổi (khi nắm lấy)",
    "All": "Tất cả",
    "ChmodFolderHelpTextWarning": "Điều này chỉ hoạt động nếu người dùng chạy {appName} là chủ sở hữu của tệp. Tốt hơn là đảm bảo ứng dụng khách tải xuống đặt các quyền đúng cách.",
    "RejectionCount": "Số lượng từ chối",
    "RelativePath": "Đường dẫn tương đối",
    "Released": "Phát hành",
    "ReleaseRejected": "Bản phát hành bị từ chối",
    "RestoreBackup": "Khôi phục lại bản sao lưu",
    "ChownGroupHelpText": "Tên nhóm hoặc gid. Sử dụng gid cho các hệ thống tệp từ xa.",
    "ChownGroupHelpTextWarning": "Điều này chỉ hoạt động nếu người dùng chạy {appName} là chủ sở hữu của tệp. Tốt hơn là đảm bảo rằng ứng dụng khách tải xuống sử dụng cùng một nhóm với {appName}.",
    "CleanLibraryLevel": "Cấp độ thư viện sạch sẽ",
    "CertificationCountryHelpText": "Chọn quốc gia cho chứng nhận phim",
    "ListTagsHelpText": "Các mục danh sách thẻ sẽ được thêm vào",
    "ImportIncludeQuality": "Đảm bảo rằng các tệp của bạn bao gồm chất lượng trong tên tệp của chúng. ví dụ. {0}",
    "ImportLibrary": "Nhập thư viện",
    "ImportListStatusCheckAllClientMessage": "Tất cả danh sách không có sẵn do lỗi",
    "ChooseAnotherFolder": "Chọn một thư mục khác",
    "Connections": "Kết nối",
    "DownloadClientStatusCheckAllClientMessage": "Tất cả các ứng dụng khách tải xuống không khả dụng do lỗi",
    "EditGroups": "Chỉnh sửa nhóm",
    "CreateEmptyMovieFoldersHelpText": "Tạo thư mục phim bị thiếu trong quá trình quét đĩa",
    "DeletedMovieDescription": "Phim đã bị xóa khỏi TMDb",
    "DeleteMovieFolder": "Xóa thư mục phim",
    "Enabled": "Đã bật",
    "ExcludeTitle": "Loại trừ {0}? Điều này sẽ ngăn {appName} tự động thêm thông qua đồng bộ hóa danh sách.",
    "FileNameTokens": "Mã thông báo tên tệp",
    "HaveNotAddedMovies": "Bạn chưa thêm phim nào, trước tiên bạn có muốn nhập một số hay tất cả phim của mình không?",
    "HttpHttps": "HTTP (S)",
    "ICalFeedHelpText": "Sao chép URL này vào (các) khách hàng của bạn hoặc nhấp để đăng ký nếu trình duyệt của bạn hỗ trợ webcal",
    "Imported": "Đã nhập khẩu",
    "Info": "Thông tin",
    "CustomFormatUnknownCondition": "Điều kiện Định dạng Tuỳ chỉnh Không xác định '{0}'",
    "Day": "ngày",
    "LastExecution": "Lần thực hiện cuối cùng",
    "ListSyncLevelHelpTextWarning": "Các tệp phim sẽ bị xóa vĩnh viễn, điều này có thể dẫn đến việc xóa thư viện của bạn nếu danh sách của bạn trống",
    "ApiKey": "Mã API",
    "Max": "Max",
    "MinAvailability": "Tính khả dụng tối thiểu",
    "MinimumAge": "Tuổi tối thiểu",
    "MinimumFreeSpace": "Dung lượng trống tối thiểu",
    "Monday": "Thứ hai",
    "MovieFiles": "Tệp phim",
    "MovieIsRecommend": "Phim được đề xuất dựa trên phần bổ sung gần đây",
    "MovieNaming": "Đặt tên phim",
    "NoMinimumForAnyRuntime": "Không có tối thiểu cho bất kỳ thời gian chạy nào",
    "MoveMovieFoldersDontMoveFiles": " Không, tôi sẽ tự di chuyển tệp",
    "NoMoviesExist": "Không tìm thấy phim nào, để bắt đầu, bạn sẽ muốn thêm phim mới hoặc nhập một số phim hiện có.",
    "None": "không ai",
    "NoResultsFound": "không tìm thấy kết quả nào",
    "MovieFilesTotaling": "Tổng số tệp phim",
    "KeyboardShortcutsOpenModal": "Mở phương thức này",
    "PendingChangesStayReview": "Ở lại và xem xét các thay đổi",
    "Profiles": "Hồ sơ",
    "QualitySettings": "Cài đặt chất lượng",
    "Reason": "Lý do",
    "Refresh": "Làm tươi",
    "RegularExpressionsCanBeTested": "Biểu thức chính quy có thể được kiểm tra ",
    "ReplaceWithDash": "Thay thế bằng Dấu gạch ngang",
    "Reset": "Cài lại",
    "New": "Mới",
    "LocalPath": "Đường dẫn địa phương",
    "RemotePath": "Đường đi từ xa",
    "ShowCertification": "Hiển thị chứng nhận",
    "ShowGenres": "Hiển thị thể loại",
    "Queued": "Đã xếp hàng",
    "TMDb": "TMDb",
    "Updates": "Cập nhật",
    "UpgradesAllowed": "Nâng cấp được phép",
    "Name": "Tên",
    "PreferredSize": "Kích thước ưa thích",
    "Activity": "Hoạt động",
    "ImportNotForDownloads": "Không sử dụng để nhập tải xuống từ ứng dụng khách tải xuống của bạn, điều này chỉ dành cho các thư viện có tổ chức hiện có, không phải tệp không được sắp xếp.",
    "Pending": "Đang chờ xử lý",
    "DeleteTag": "Xóa thẻ",
    "IncludeCustomFormatWhenRenaming": "Bao gồm định dạng tùy chỉnh khi đổi tên",
    "IndexerLongTermStatusCheckSingleClientMessage": "Trình lập chỉ mục không khả dụng do lỗi trong hơn 6 giờ: {indexerNames}",
    "IndexerStatusCheckAllClientMessage": "Tất cả các trình lập chỉ mục không khả dụng do lỗi",
    "LoadingMovieExtraFilesFailed": "Tải các tệp bổ sung của phim không thành công",
    "LoadingMovieFilesFailed": "Tải tệp phim không thành công",
    "Local": "Địa phương",
    "Location": "Vị trí",
    "Manual": "Thủ công",
    "ManualImport": "Nhập thủ công",
    "MaximumSizeHelpText": "Kích thước tối đa cho một bản phát hành được tính bằng MB. Đặt thành 0 để đặt thành không giới hạn",
    "Mechanism": "Cơ chế",
    "MediaInfo": "Thông tin truyền thông",
    "MediaManagement": "Quản lý truyền thông",
    "Hostname": "Tên máy chủ",
    "Month": "tháng",
    "MovieFolderFormat": "Định dạng thư mục phim",
    "MovieInfoLanguageHelpTextWarning": "Yêu cầu tải lại trình duyệt",
    "MovieIsDownloading": "Đang tải phim",
    "RemoveCompletedDownloadsHelpText": "Xóa các bản tải xuống đã nhập khỏi lịch sử tải xuống của ứng dụng khách",
    "AddImportListExclusion": "Thêm loại trừ danh sách",
    "AddingTag": "Thêm thẻ",
    "MovieIsUnmonitored": "Phim không được giám sát",
    "AddNewMovie": "Thêm phim mới",
    "Added": "Đã thêm",
    "Actions": "Hành động",
    "About": "Trong khoảng",
    "Movies": "Phim",
    "AddMovies": "Thêm phim",
    "MoviesSelectedInterp": "{0} Phim đã chọn",
    "MovieTitle": "Tên phim",
    "MovieTitleToExcludeHelpText": "Tiêu đề của bộ phim cần loại trừ (có thể là bất kỳ điều gì có ý nghĩa)",
    "MovieYear": "Năm phim",
    "MovieYearToExcludeHelpText": "Năm của bộ phim để loại trừ",
    "MustContain": "Phải chứa",
    "AddNewTmdbIdMessage": "Bạn cũng có thể tìm kiếm bằng cách sử dụng TMDb Id của một bộ phim. ví dụ. 'tmdb: 71663'",
    "Indexer": "Người lập chỉ mục",
    "MustNotContain": "Không được chứa",
    "IndexerFlags": "Cờ chỉ mục",
    "NamingSettings": "Cài đặt đặt tên",
    "DotNetVersion": ".NET",
    "MoveFiles": "Di chuyển tệp",
    "NoBackupsAreAvailable": "Không có bản sao lưu nào",
    "AnalyseVideoFiles": "Phân tích tệp video",
    "NoLogFiles": "Không có tệp nhật ký",
    "Movie": "Bộ phim",
    "NotMonitored": "Không được giám sát",
    "NoUpdatesAreAvailable": "Không có bản cập nhật nào có sẵn",
    "OAuthPopupMessage": "Cửa sổ bật lên đang bị trình duyệt của bạn chặn",
    "BypassProxyForLocalAddresses": "Bỏ qua proxy cho địa chỉ cục bộ",
    "CertificateValidationHelpText": "Thay đổi cách xác thực chứng chỉ HTTPS nghiêm ngặt. Không được đổi nếu bạn biết rõ về",
    "FailedDownloadHandling": "Xử lý tải xuống không thành công",
    "Failed": "Thất bại",
    "Events": "Sự kiện",
    "Ended": "Đã kết thúc",
    "Error": "lỗi",
    "EventType": "Loại sự kiện",
    "ExistingMovies": "(Các) phim hiện có",
    "Extension": "Sự mở rộng",
    "Overview": "Tổng quat",
    "OverviewOptions": "Tùy chọn Tổng quan",
    "PackageVersion": "Phiên bản gói",
    "TableColumns": "Cột",
    "Component": "Thành phần",
    "AnalyticsEnabledHelpText": "Gửi thông tin sử dụng và lỗi ẩn danh đến máy chủ của {appName}. Điều này bao gồm thông tin về trình duyệt của bạn, những trang WebUI của {appName} mà bạn sử dụng, báo cáo lỗi cũng như hệ điều hành và phiên bản thời gian chạy. Chúng tôi sẽ sử dụng thông tin này để ưu tiên các tính năng và sửa lỗi.",
    "AppDataDirectory": "Thư mục AppData",
    "ICalShowAsAllDayEventsHelpText": "Sự kiện sẽ xuất hiện dưới dạng sự kiện cả ngày trong lịch của bạn",
    "Authentication": "Xác thực",
    "ApplyTags": "Áp dụng thẻ",
    "AuthenticationMethodHelpText": "Yêu cầu Tên người dùng và Mật khẩu để truy cập {appName}",
    "Automatic": "Tự động",
    "AutoRedownloadFailedHelpText": "Tự động tìm kiếm và cố gắng tải xuống một bản phát hành khác",
    "CertificateValidation": "Xác thực chứng chỉ",
    "Clear": "Thông thoáng",
    "CertificationCountry": "Quốc gia chứng nhận",
    "BranchUpdate": "Nhánh sử dụng để cập nhật {appName}",
    "DeleteBackup": "Xóa bản sao lưu",
    "DeleteCustomFormat": "Xóa định dạng tùy chỉnh",
    "DeleteDownloadClient": "Xóa ứng dụng khách tải xuống",
    "DelayProfile": "Hồ sơ trì hoãn",
    "DelayProfiles": "Hồ sơ trì hoãn",
    "Delete": "Xóa bỏ",
    "DeleteBackupMessageText": "Bạn có chắc chắn muốn xóa bản sao lưu '{0}' không?",
    "Deleted": "Đã xóa",
    "DeleteDelayProfile": "Xóa hồ sơ độ trễ",
    "DeleteDownloadClientMessageText": "Bạn có chắc chắn muốn xóa ứng dụng khách tải xuống '{0}' không?",
    "DeleteEmptyFolders": "Xóa các thư mục trống",
    "DetailedProgressBarHelpText": "Hiển thị văn bản trên thanh tiến trình",
    "Password": "Mật khẩu",
    "DigitalRelease": "Bản phát hành kỹ thuật số",
    "Details": "Chi tiết",
    "Discover": "Khám phá",
    "DiskSpace": "Dung lượng đĩa",
    "ExcludeMovie": "Loại trừ Phim",
    "EnableSsl": "Bật SSL",
    "Path": "Con đường",
    "MovieDetailsGoTo": "Đi tới {0}",
    "Grab": "Vồ lấy",
    "Grabbed": "Nắm lấy",
    "ImportExtraFiles": "Nhập tệp bổ sung",
    "ImportExtraFilesMovieHelpText": "Nhập các tệp bổ sung phù hợp (phụ đề, nfo, v.v.) sau khi nhập tệp phim",
    "ImportFailed": "Nhập không thành công: {0}",
    "ImportHeader": "Nhập thư viện có tổ chức hiện có để thêm phim vào {appName}",
    "ImportListStatusCheckSingleClientMessage": "Danh sách không có sẵn do lỗi: {importListNames}",
    "ImportMechanismHealthCheckMessage": "Bật Xử lý Tải xuống Đã Hoàn tất",
    "InCinemas": "Trong rạp chiếu phim",
    "Paused": "Tạm dừng",
    "LastDuration": "lastDuration",
    "ImportListExclusions": "Liệt kê các loại trừ",
    "Level": "Cấp độ",
    "Permissions": "Quyền",
    "KeyboardShortcuts": "Các phím tắt bàn phím",
    "Language": "Ngôn ngữ",
    "LanguageHelpText": "Ngôn ngữ phát hành",
    "Languages": "Ngôn ngữ",
    "LastWriteTime": "Lần viết cuối cùng",
    "Links": "Liên kết",
    "MinimumLimits": "Giới hạn tối thiểu",
    "Missing": "Còn thiếu",
    "MinimumFreeSpaceHelpText": "Ngăn nhập nếu nó để lại ít hơn số lượng không gian đĩa khả dụng này",
    "Monitored": "Giám sát",
    "OpenBrowserOnStart": "Mở trình duyệt khi bắt đầu",
    "Ok": "Đồng ý",
    "AllowHardcodedSubs": "Cho phép đăng ký mã cứng",
    "Options": "Tùy chọn",
    "Organize": "Tổ chức",
    "ProxyType": "Loại proxy",
    "PtpOldSettingsCheckMessage": "Các trình lập chỉ mục PassThePopcorn sau đây có cài đặt không được dùng nữa và sẽ được cập nhật: {0}",
    "PhysicalRelease": "Phát hành vật lý",
    "ProxyCheckResolveIpMessage": "Không thể phân giải Địa chỉ IP cho Máy chủ Proxy đã Định cấu hình {proxyHostName}",
    "ProxyPasswordHelpText": "Bạn chỉ cần nhập tên người dùng và mật khẩu nếu được yêu cầu. Nếu không, hãy để trống chúng.",
    "ProxyUsernameHelpText": "Bạn chỉ cần nhập tên người dùng và mật khẩu nếu được yêu cầu. Nếu không, hãy để trống chúng.",
    "Port": "Hải cảng",
    "PortNumber": "Số cổng",
    "ProfilesSettingsSummary": "Cấu hình Chất lượng, Ngôn ngữ và Độ trễ",
    "AddRemotePathMapping": "Thêm ánh xạ đường dẫn từ xa",
    "AlternativeTitle": "Tiêu đề thay thế",
    "Apply": "Áp dụng",
    "AudioInfo": "Thông tin âm thanh",
    "BackupNow": "Sao lưu ngay",
    "Analytics": "phân tích",
    "AllMoviesHiddenDueToFilter": "Tất cả phim đều bị ẩn do áp dụng bộ lọc.",
    "Proper": "Thích hợp",
    "Protocol": "Giao thức",
    "AppDataLocationHealthCheckMessage": "Việc cập nhật sẽ không xảy ra để tránh xóa AppData khi cập nhật",
    "Certification": "Chứng chỉ",
    "Calendar": "Lịch",
    "Cancel": "Huỷ bỏ",
    "Cast": "Diễn viên",
    "TestAllClients": "Kiểm tra tất cả khách hàng",
    "TestAllIndexers": "Kiểm tra tất cả các chỉ mục",
    "TestAllLists": "Kiểm tra tất cả danh sách",
    "TagCannotBeDeletedWhileInUse": "Không thể bị xóa khi đang sử dụng",
    "Timeleft": "Thời gian còn lại",
    "Unavailable": "Không có sẵn",
    "EditDelayProfile": "Chỉnh sửa hồ sơ độ trễ",
    "ProxyBypassFilterHelpText": "Sử dụng ',' làm dấu phân tách và '*.' làm ký tự đại diện cho các miền phụ",
    "UpdateCheckStartupNotWritableMessage": "Không thể cài đặt bản cập nhật vì người dùng '{startupFolder}' không thể ghi thư mục khởi động '{userName}'.",
    "UpgradesAllowedHelpText": "Nếu chất lượng bị vô hiệu hóa sẽ không được nâng cấp",
    "Week": "Tuần",
    "AllowHardcodedSubsHelpText": "Phụ đề cứng được phát hiện sẽ được tự động tải xuống",
    "RadarrTags": "Thẻ {appName}",
    "AlreadyInYourLibrary": "Đã có trong thư viện của bạn",
    "RefreshAndScan": "Làm mới và quét",
    "AddNewRestriction": "Thêm hạn chế mới",
    "RestartRequiredHelpTextWarning": "Yêu cầu khởi động lại để có hiệu lực",
    "Restore": "Khôi phục",
    "RootFolder": "Thư mục gốc",
    "RootFolderCheckMultipleMessage": "Nhiều thư mục gốc bị thiếu: {rootFolderPaths}",
    "SendAnonymousUsageData": "Gửi dữ liệu sử dụng ẩn danh",
    "FileBrowserPlaceholderText": "Bắt đầu nhập hoặc chọn một đường dẫn bên dưới",
    "StartupDirectory": "Thư mục khởi động",
    "System": "Hệ thống",
    "SystemTimeHealthCheckMessage": "Thời gian hệ thống tắt hơn 1 ngày. Các tác vụ đã lên lịch có thể không chạy chính xác cho đến khi thời gian được sửa",
    "Posters": "Áp phích",
    "PosterSize": "Kích thước áp phích",
    "TotalFileSize": "Tổng kích thước tệp",
    "TotalSpace": "Tổng không gian",
    "Username": "tên tài khoản",
    "WaitingToImport": "Đang chờ nhập",
    "BackupFolderHelpText": "Các đường dẫn tương đối sẽ nằm trong thư mục AppData của {appName}",
    "Disabled": "Tàn tật",
    "Peers": "Ngang hàng",
    "UiSettingsLoadError": "Không thể tải cài đặt giao diện người dùng",
    "VideoCodec": "Codec video",
    "View": "Lượt xem",
    "Importing": "Nhập khẩu",
    "NoLeaveIt": "Không để nó",
    "NoLimitForAnyRuntime": "Không có giới hạn cho bất kỳ thời gian chạy nào",
    "NotAvailable": "Không có sẵn",
    "NotificationTriggers": "Kích hoạt thông báo",
    "Real": "Thực tế",
    "ClickToChangeLanguage": "Nhấp để thay đổi ngôn ngữ",
    "ClickToChangeMovie": "Bấm để thay đổi phim",
    "ClickToChangeQuality": "Nhấp để thay đổi chất lượng",
    "CloneCustomFormat": "Định dạng tùy chỉnh sao chép",
    "CloneProfile": "Hồ sơ nhân bản",
    "Close": "Đóng",
    "Collection": "Bộ sưu tập",
    "ColonReplacement": "Thay thế ruột kết",
    "ColonReplacementFormatHelpText": "Thay đổi cách {appName} xử lý thay thế dấu hai chấm",
    "CompletedDownloadHandling": "Đã hoàn thành xử lý tải xuống",
    "Conditions": "Điều kiện",
    "Connect": "Kết nối",
    "Connection": "Kết nối",
    "ConnectionLost": "Kết nối bị mất",
    "ConnectSettings": "Kết nối Cài đặt",
    "ConnectSettingsSummary": "Thông báo, kết nối với máy chủ / trình phát đa phương tiện và tập lệnh tùy chỉnh",
    "ConsideredAvailable": "Được coi là có sẵn",
    "CopyToClipboard": "Sao chép vào clipboard",
    "CopyUsingHardlinksMovieHelpText": "Sử dụng Liên kết cứng khi cố gắng sao chép tệp từ torrent vẫn đang được seed",
    "CopyUsingHardlinksHelpTextWarning": "Đôi khi, khóa tệp có thể ngăn đổi tên các tệp đang được seed. Bạn có thể tạm thời tắt tính năng seeding và sử dụng chức năng đổi tên của {appName} như một công việc xung quanh.",
    "CouldNotFindResults": "Không thể tìm thấy bất kỳ kết quả nào cho '{0}'",
    "CreateEmptyMovieFolders": "Tạo thư mục phim trống",
    "CreateGroup": "Tạo nhóm",
    "Crew": "Phi hành đoàn",
    "CurrentlyInstalled": "Mới cài đặt",
    "Custom": "Tập quán",
    "CustomFilters": "Bộ lọc tùy chỉnh",
    "CustomFormatScore": "Điểm định dạng tùy chỉnh",
    "CustomFormatsSettings": "Cài đặt định dạng tùy chỉnh",
    "CustomFormatsSettingsSummary": "Định dạng và Cài đặt Tùy chỉnh",
    "CustomFormatUnknownConditionOption": "Tùy chọn không xác định '{0}' cho điều kiện '{1}'",
    "Cutoff": "Cắt",
    "UpgradeUntilCustomFormatScoreMovieHelpText": "Khi đạt đến điểm định dạng tùy chỉnh này, {appName} sẽ không tải phim xuống nữa",
    "UpgradeUntilMovieHelpText": "Khi đạt đến chất lượng này {appName} sẽ không tải phim nữa",
    "Days": "Ngày",
    "Debug": "Gỡ lỗi",
    "DefaultCase": "Trường hợp mặc định",
    "DefaultDelayProfileMovie": "Đây là cấu hình mặc định. Nó áp dụng cho tất cả các phim không có hồ sơ rõ ràng.",
    "DeleteEmptyFoldersHelpText": "Xóa các thư mục phim trống trong khi quét đĩa và khi các tệp phim bị xóa",
    "DeleteFile": "Xóa tài liệu",
    "DeleteMovieFilesHelpText": "Xóa các tệp phim và thư mục phim",
    "DeleteMovieFiles": "Xóa {0} Tệp Phim",
    "DeleteHeader": "Xóa - {0}",
    "DeleteImportListExclusion": "Xóa loại trừ danh sách nhập",
    "DeleteIndexer": "Xóa trình lập chỉ mục",
    "DeleteIndexerMessageText": "Bạn có chắc chắn muốn xóa trình lập chỉ mục '{0}' không?",
    "DeleteMovieFolderHelpText": "Xóa thư mục phim và nội dung của nó",
    "DeleteNotification": "Xóa thông báo",
    "DeleteNotificationMessageText": "Bạn có chắc chắn muốn xóa thông báo '{0}' không?",
    "DeleteRestriction": "Xóa hạn chế",
    "DeleteRestrictionHelpText": "Bạn có chắc chắn muốn xóa hạn chế này không?",
    "DeleteSelectedMovie": "Xóa (các) phim đã chọn",
    "DeleteTagMessageText": "Bạn có chắc chắn muốn xóa thẻ '{0}' không?",
    "DeleteMovieFolderConfirmation": "Thư mục phim '{0}' và tất cả nội dung của nó sẽ bị xóa.",
    "DestinationPath": "Đường dẫn đích",
    "DestinationRelativePath": "Đường dẫn tương đối đích",
    "DetailedProgressBar": "Thanh tiến trình chi tiết",
    "Discord": "Bất hòa",
    "Docker": "Docker",
    "Donations": "Quyên góp",
    "DoneEditingGroups": "Chỉnh sửa xong nhóm",
    "DoNotPrefer": "Không thích",
    "DoNotUpgradeAutomatically": "Không nâng cấp tự động",
    "DownloadClientCheckNoneAvailableMessage": "Không có ứng dụng khách tải xuống nào",
    "DownloadClientCheckUnableToCommunicateMessage": "Không thể giao tiếp với {downloadClientName}.",
    "DownloadClients": "Tải xuống ứng dụng khách",
    "DownloadClientsSettingsSummary": "Tải xuống ứng dụng khách, xử lý tải xuống và ánh xạ đường dẫn từ xa",
    "DownloadClientStatusCheckSingleClientMessage": "Ứng dụng khách tải xuống không khả dụng do lỗi: {downloadClientNames}",
    "Downloaded": "Đã tải xuống",
    "DownloadedAndMonitored": "Đã tải xuống (Theo dõi)",
    "DownloadedButNotMonitored": "Đã tải xuống (Không được giám sát)",
    "DownloadFailed": "Tải xuống không thành công",
    "Downloading": "Đang tải xuống",
    "DownloadPropersAndRepacks": "Người ủng hộ và người đóng gói",
    "DownloadPropersAndRepacksHelpText": "Có tự động nâng cấp lên Propers / Repacks hay không",
    "DownloadPropersAndRepacksHelpTextCustomFormat": "Sử dụng 'Không thích' để sắp xếp theo điểm định dạng tùy chỉnh trên Đề xuất / Gói lại",
    "DownloadWarning": "Cảnh báo tải xuống: {0}",
    "EditCustomFormat": "Chỉnh sửa định dạng tùy chỉnh",
    "Edition": "Phiên bản",
    "EditMovieFile": "Chỉnh sửa tệp phim",
    "EditPerson": "Chỉnh sửa người",
    "EditQualityProfile": "Chỉnh sửa hồ sơ chất lượng",
    "EditRestriction": "Chỉnh sửa hạn chế",
    "Enable": "Kích hoạt",
    "EnableAutomaticAddMovieHelpText": "Nếu được bật, Phim sẽ tự động được thêm vào {appName} từ danh sách này",
    "EnableAutomaticAdd": "Bật tính năng Thêm tự động",
    "EnableAutomaticSearch": "Bật tìm kiếm tự động",
    "EnableAutomaticSearchHelpText": "Sẽ được sử dụng khi tìm kiếm tự động được thực hiện qua giao diện người dùng hoặc bằng {appName}",
    "EnableColorImpairedMode": "Bật Chế độ Khuyết màu",
    "EnableCompletedDownloadHandlingHelpText": "Tự động nhập các bản tải xuống đã hoàn thành từ máy khách tải xuống",
    "ListEnabledHelpText": "Bật danh sách này để sử dụng trong {appName}",
    "EnableMetadataHelpText": "Cho phép tạo tệp siêu dữ liệu cho loại siêu dữ liệu này",
    "EnableInteractiveSearch": "Bật tìm kiếm tương tác",
    "SearchIsNotSupportedWithThisIndexer": "Trình lập chỉ mục này không hỗ trợ tìm kiếm",
    "EnableRss": "Bật RSS",
    "ErrorLoadingContents": "Lỗi khi tải nội dung",
    "ErrorRestoringBackup": "Lỗi khi khôi phục bản sao lưu",
    "Exception": "ngoại lệ",
    "Excluded": "Bị loại trừ",
    "Existing": "Hiện có",
    "ExistingTag": "Thẻ hiện có",
    "ExportCustomFormat": "Xuất định dạng tùy chỉnh",
    "ExternalUpdater": "{appName} được định cấu hình để sử dụng cơ chế cập nhật bên ngoài",
    "ExtraFileExtensionsHelpText": "Danh sách các tệp bổ sung cần nhập được phân tách bằng dấu phẩy (.nfo sẽ được nhập dưới dạng .nfo-orig)",
    "ExtraFileExtensionsHelpTextsExamples": "Ví dụ: '.sub, .nfo' hoặc 'sub, nfo'",
    "FeatureRequests": "Yêu cầu tính năng",
    "FileManagement": "Quản lý tệp",
    "Filename": "Tên tệp",
    "FileNames": "Tên tệp",
    "FilterMoviePlaceholder": "Tìm kiếm phim",
    "Fixed": "đã sửa",
    "KeyboardShortcutsFocusSearchBox": "Hộp Tìm kiếm Tiêu điểm",
    "Folder": "Thư mục",
    "MoveMovieFoldersRenameFolderWarning": "Thao tác này cũng sẽ đổi tên thư mục phim theo định dạng thư mục phim trong cài đặt.",
    "Folders": "Thư mục",
    "FollowPerson": "Theo dõi người",
    "Forecast": "Dự báo",
    "Formats": "Định dạng",
    "SupportedDownloadClientsMoreInfo": "Để biết thêm thông tin về các ứng dụng khách tải xuống riêng lẻ, hãy nhấp vào các nút thông tin.",
    "SupportedListsMoreInfo": "Để biết thêm thông tin về các danh sách nhập riêng lẻ, hãy nhấp vào các nút thông tin.",
    "SupportedIndexersMoreInfo": "Để biết thêm thông tin về các chỉ mục riêng lẻ, hãy nhấp vào các nút thông tin.",
    "General": "Chung",
    "GeneralSettings": "Cài đặt chung",
    "Genres": "Thể loại",
    "GeneralSettingsSummary": "Cổng, SSL, tên người dùng / mật khẩu, proxy, phân tích và cập nhật",
    "Global": "Toàn cầu",
    "GrabRelease": "Lấy bản phát hành",
    "GrabReleaseMessageText": "{appName} không thể xác định bộ phim này được phát hành. {appName} có thể không tự động nhập bản phát hành này. Bạn có muốn lấy '{0}' không?",
    "GrabSelected": "Lấy đã chọn",
    "Group": "Nhóm",
    "HardlinkCopyFiles": "Hardlink / Sao chép tệp",
    "Health": "Sức khỏe",
    "NoIssuesWithYourConfiguration": "Không có vấn đề với cấu hình của bạn",
    "HiddenClickToShow": "Ẩn, bấm để hiển thị",
    "History": "Lịch sử",
    "Host": "Tổ chức",
    "ICalLink": "Liên kết iCal",
    "IconForCutoffUnmet": "Biểu tượng cho Cutoff Unmet",
    "Ignored": "Mặc kệ",
    "IgnoredAddresses": "Địa chỉ bị Bỏ qua",
    "IgnoreDeletedMovies": "Bỏ theo dõi Phim đã xóa",
    "Images": "Hình ảnh",
    "IMDb": "IMDb",
    "Import": "Nhập khẩu",
    "ImportCustomFormat": "Nhập định dạng tùy chỉnh",
    "ImportTipsMessage": "Một số mẹo để đảm bảo quá trình nhập diễn ra suôn sẻ:",
    "InCinemasMovieDescription": "Phim chiếu rạp",
    "IncludeRadarrRecommendations": "Bao gồm các Đề xuất {appName}",
    "IncludeRecommendationsHelpText": "Bao gồm các phim do {appName} đề xuất trong chế độ xem khám phá",
    "IncludeUnmonitored": "Bao gồm Không theo dõi",
    "ImportMovies": "Nhập phim",
    "IndexerPriorityHelpText": "Mức độ ưu tiên của người lập chỉ mục từ 1 (Cao nhất) đến 50 (Thấp nhất). Mặc định: 25.",
    "Indexers": "Người lập chỉ mục",
    "IndexerSearchCheckNoAutomaticMessage": "Không có trình chỉ mục nào có sẵn khi bật Tìm kiếm tự động, {appName} sẽ không cung cấp bất kỳ kết quả tìm kiếm tự động nào",
    "IndexerSearchCheckNoInteractiveMessage": "Không có trình chỉ mục nào có sẵn khi bật Tìm kiếm tương tác, {appName} sẽ không cung cấp bất kỳ kết quả tìm kiếm tương tác nào",
    "IndexerSettings": "Cài đặt trình lập chỉ mục",
    "Interval": "Khoảng thời gian",
    "IndexerStatusCheckSingleClientMessage": "Trình lập chỉ mục không khả dụng do lỗi: {indexerNames}",
    "InstallLatest": "Cài đặt mới nhất",
    "InteractiveImport": "Nhập tương tác",
    "InteractiveSearch": "Tìm kiếm tương tác",
    "KeepAndUnmonitorMovie": "Giữ và Bỏ theo dõi Phim",
    "Large": "Lớn",
    "LastUsed": "Được sử dụng lần cuối",
    "LinkHere": "đây",
    "ImportLists": "Danh sách",
    "ImportListSettings": "Cài đặt danh sách",
    "ImportListsSettingsSummary": "Nhập danh sách, loại trừ danh sách",
    "ListSyncLevelHelpText": "Phim trong thư viện sẽ bị xóa hoặc bỏ theo dõi nếu không có trong danh sách của bạn",
    "Message": "Thông điệp",
    "MinimumAvailability": "Tính khả dụng tối thiểu",
    "MinutesHundredTwenty": "120 phút: {0}",
    "MinutesNinety": "90 phút: {0}",
    "Mode": "Chế độ",
    "MonitorMovie": "Theo dõi phim",
    "Months": "Tháng",
    "MoreInfo": "Thêm thông tin",
    "MovieIsOnImportExclusionList": "Phim nằm trong danh sách loại trừ nhập khẩu",
    "OrganizeSelectedMovies": "Sắp xếp các phim đã chọn",
    "PhysicalReleaseDate": "Ngày phát hành vật lý",
    "PreferIndexerFlagsHelpText": "Ưu tiên các bản phát hành có cờ đặc biệt",
    "Preferred": "Ưu tiên",
    "PreviewRename": "Xem trước Đổi tên",
    "ProxyCheckBadRequestMessage": "Không thể kiểm tra proxy. Mã trạng thái: {statusCode}",
    "PublishedDate": "Ngày xuất bản",
    "Qualities": "Phẩm chất",
    "Ratings": "Xếp hạng",
    "RecyclingBin": "Thùng tái chế",
    "RefreshLists": "Làm mới danh sách",
    "ReleaseGroup": "Nhóm phát hành",
    "ReleaseTitle": "Tiêu đề phát hành",
    "RemovedFromTaskQueue": "Đã xóa khỏi hàng đợi tác vụ",
    "RemoveFilter": "Xóa bộ lọc",
    "Reorder": "Sắp xếp lại",
    "ReplaceIllegalCharacters": "Thay thế các ký tự bất hợp pháp",
    "ReplaceWithSpaceDashSpace": "Thay thế bằng Space Dash Space",
    "Required": "Cần thiết",
    "ResetAPIKey": "Đặt lại khóa API",
    "Restrictions": "Những hạn chế",
    "Result": "Kết quả",
    "Retention": "Giữ lại",
    "RootFolders": "Thư mục gốc",
    "Rss": "RSS",
    "SearchForMissing": "Tìm kiếm mất tích",
    "ListSearchOnAddMovieHelpText": "Tìm kiếm phim trong danh sách này khi được thêm vào {appName}",
    "SelectAll": "Chọn tất cả",
    "SetPermissions": "Đặt quyền",
    "LongDateFormat": "Định dạng ngày dài",
    "RemotePathMappingHostHelpText": "Cùng một máy chủ lưu trữ mà bạn đã chỉ định cho Máy khách tải xuống từ xa",
    "RemotePathMappingRemotePathHelpText": "Đường dẫn gốc đến thư mục mà Ứng dụng khách tải xuống truy cập",
    "ShortDateFormat": "Định dạng ngày ngắn",
    "RuntimeFormat": "Định dạng thời gian chạy",
    "ShowRelativeDates": "Hiển thị Ngày tương đối",
    "ShowRelativeDatesHelpText": "Hiển thị ngày tương đối (Hôm nay / Hôm qua / v.v.) hoặc ngày tuyệt đối",
    "WeekColumnHeaderHelpText": "Được hiển thị phía trên mỗi cột khi tuần là chế độ xem đang hoạt động",
    "ShowDateAdded": "Hiển thị Ngày đã Thêm",
    "ShowMonitored": "Hiển thị được Giám sát",
    "ShowMonitoredHelpText": "Hiển thị trạng thái được giám sát dưới áp phích",
    "ShowMovieInformation": "Hiển thị thông tin phim",
    "ShowPath": "Hiển thị đường dẫn",
    "ShowQualityProfile": "Hiển thị hồ sơ chất lượng",
    "ShowRatings": "Hiển thị xếp hạng",
    "ShowSearch": "Hiển thị Tìm kiếm",
    "ShowSizeOnDisk": "Hiển thị kích thước trên đĩa",
    "ShowStudio": "Show Studio",
    "ShowTitle": "Hiển thị tiêu đề",
    "ShowYear": "Hiển thị năm",
    "SizeOnDisk": "Kích thước trên đĩa",
    "SkipFreeSpaceCheck": "Bỏ qua kiểm tra dung lượng trống",
    "SomeResultsHiddenFilter": "Một số kết quả bị ẩn bởi bộ lọc được áp dụng",
    "MovieCannotBeFound": "Xin lỗi, không thể tìm thấy bộ phim đó.",
    "Sort": "Sắp xếp",
    "Source": "Nguồn",
    "SourcePath": "Đường dẫn nguồn",
    "SourceTitle": "Tiêu đề nguồn",
    "SslCertPathHelpText": "Đường dẫn đến tệp pfx",
    "SslPort": "Cổng SSL",
    "StandardMovieFormat": "Định dạng phim tiêu chuẩn",
    "StartImport": "Bắt đầu nhập",
    "Status": "Trạng thái",
    "Style": "Phong cách",
    "SubfolderWillBeCreatedAutomaticallyInterp": "Thư mục con '{0}' sẽ được tạo tự động",
    "Sunday": "chủ nhật",
    "Table": "Bàn",
    "TableOptions": "Tùy chọn bảng",
    "TagDetails": "Chi tiết thẻ - {0}",
    "Tags": "Thẻ",
    "ICalTagsMoviesHelpText": "Áp dụng cho phim có ít nhất một thẻ phù hợp",
    "Tasks": "Nhiệm vụ",
    "Test": "Kiểm tra",
    "TheLogLevelDefault": "Mức nhật ký mặc định là 'Thông tin' và có thể được thay đổi trong",
    "ThisCannotBeCancelled": "Điều này không thể bị hủy sau khi bắt đầu mà không khởi động lại {appName}.",
    "Time": "Thời gian",
    "Title": "Tiêu đề",
    "TMDBId": "Id TMDb",
    "TmdbIdExcludeHelpText": "Id TMDb của phim để loại trừ",
    "TorrentDelayTime": "Độ trễ Torrent: {0}",
    "Torrents": "Torrents",
    "Trailer": "Giới thiệu tóm tắt",
    "Trakt": "Trakt",
    "Trigger": "Kích hoạt",
    "Type": "Kiểu",
    "Ui": "Giao diện người dùng",
    "BrowserReloadRequired": "Yêu cầu tải lại trình duyệt",
    "UiSettings": "Cài đặt giao diện người dùng",
    "AddCustomFormatError": "Không thể thêm định dạng tùy chỉnh mới, vui lòng thử lại.",
    "AddIndexerError": "Không thể thêm trình chỉ mục mới, vui lòng thử lại.",
    "AddNotificationError": "Không thể thêm thông báo mới, vui lòng thử lại.",
    "AddQualityProfileError": "Không thể thêm hồ sơ chất lượng mới, vui lòng thử lại.",
    "BackupsLoadError": "Không thể tải các bản sao lưu",
    "CustomFormatsLoadError": "Không thể tải các Định dạng Tùy chỉnh",
    "DelayProfilesLoadError": "Không thể tải hồ sơ độ trễ",
    "IndexerOptionsLoadError": "Không thể tải các tùy chọn trình lập chỉ mục",
    "IndexersLoadError": "Không thể tải Trình chỉ mục",
    "ListOptionsLoadError": "Không thể tải các tùy chọn danh sách",
    "ImportListsLoadError": "Không thể tải danh sách",
    "MetadataLoadError": "Không thể tải Siêu dữ liệu",
    "NamingSettingsLoadError": "Không thể tải cài đặt Đặt tên",
    "NotificationsLoadError": "Không thể tải thông báo",
    "QualityProfilesLoadError": "Không thể tải Hồ sơ chất lượng",
    "RemotePathMappingsLoadError": "Không thể tải Ánh xạ đường dẫn từ xa",
    "UnableToLoadRootFolders": "Không thể tải các thư mục gốc",
    "UpdateAppDirectlyLoadError": "Không thể cập nhật {appName} trực tiếp,",
    "Ungroup": "Bỏ nhóm",
    "Unlimited": "Vô hạn",
    "UnmappedFilesOnly": "Chỉ các tệp chưa được ánh xạ",
    "Unmonitored": "Không giám sát",
    "Unreleased": "Không có sẵn",
    "UnselectAll": "Bỏ chọn tất cả",
    "UpdateCheckUINotWritableMessage": "Không thể cài đặt bản cập nhật vì thư mục giao diện người dùng '{startupFolder}' không thể ghi bởi người dùng '{userName}'.",
    "UpdateSelected": "Cập nhật đã chọn",
    "UpgradeUntilCustomFormatScore": "Nâng cấp cho đến khi điểm định dạng tùy chỉnh",
    "UpgradeUntil": "Nâng cấp cho đến khi chất lượng",
    "UpgradeUntilThisQualityIsMetOrExceeded": "Nâng cấp cho đến khi đáp ứng hoặc vượt quá chất lượng này",
    "Uppercase": "Chữ hoa",
    "UseHardlinksInsteadOfCopy": "Sử dụng liên kết cứng thay vì sao chép",
    "Usenet": "Usenet",
    "UsenetDelay": "Sự chậm trễ của Usenet",
    "UsenetDelayHelpText": "Trì hoãn vài phút để đợi trước khi lấy bản phát hành từ Usenet",
    "UsenetDelayTime": "Sự chậm trễ của Usenet: {0}",
    "UsenetDisabled": "Usenet bị vô hiệu hóa",
    "UseProxy": "Sử dụng Proxy",
    "VisitTheWikiForMoreDetails": "Truy cập wiki để biết thêm chi tiết: ",
    "Wanted": "Muốn",
    "Warn": "Cảnh báo",
    "Weeks": "Tuần",
    "WhitelistedSubtitleTags": "Thẻ phụ đề trong danh sách trắng",
    "Wiki": "Wiki",
    "Year": "Năm",
    "YesCancel": "Có, Hủy bỏ",
    "MoveMovieFoldersMoveFiles": "Có, di chuyển tệp",
    "YouCanAlsoSearch": "Bạn cũng có thể tìm kiếm bằng cách sử dụng TMDb ID hoặc IMDb ID của một bộ phim. ví dụ. `tmdb: 71663 '",
    "MissingNotMonitored": "Thiếu (Không được giám sát)",
    "KeyboardShortcutsMovieDetailsPreviousMovie": "Chi tiết phim: Phim trước",
    "MovieEditor": "Biên tập phim",
    "Edit": "Biên tập",
    "SqliteVersionCheckUpgradeRequiredMessage": "Phiên bản SQLite được cài đặt hiện tại {0} không còn được hỗ trợ. Vui lòng nâng cấp SQLite lên ít nhất phiên bản {1}.",
    "ShowCinemaRelease": "Ngày phát hành rạp chiếu phim",
    "ShowReleaseDate": "Hiển thị ngày phát hành",
    "ShowReleaseDateHelpText": "Hiển thị ngày phát hành dưới áp phích",
    "OnMovieDelete": "Trên phim Xóa",
    "OnMovieFileDelete": "Trên phim xóa tệp",
    "OnMovieFileDeleteForUpgrade": "Trên tệp phim, xóa để nâng cấp",
    "Reddit": "Reddit",
    "More": "Hơn",
    "Download": "Tải xuống",
    "DownloadClientRootFolderHealthCheckMessage": "Tải xuống ứng dụng khách {downloadClientName} đặt các bản tải xuống trong thư mục gốc {rootFolderPath}. Bạn không nên tải xuống thư mục gốc.",
    "Blocklist": "Danh sách chặn",
    "BlocklistRelease": "Chặn bản phát hành",
    "RemoveFromBlocklist": "Xóa khỏi danh sách đen",
    "Blocklisted": "Bị thêm vào danh sách chặn",
    "BlocklistReleases": "Phát hành danh sách đen",
    "Rating": "Xếp hạng",
    "Filters": "Bộ lọc",
    "ImportList": "Danh sách",
    "SelectLanguages": "Chọn ngôn ngữ",
    "AllCollectionsHiddenDueToFilter": "Tất cả phim đều bị ẩn do áp dụng bộ lọc.",
    "Collections": "Bộ sưu tập",
    "MonitorMovies": "Theo dõi phim",
    "NoCollections": "Không tìm thấy phim nào, để bắt đầu, bạn sẽ muốn thêm phim mới hoặc nhập một số phim hiện có.",
    "RssSyncIntervalHelpText": "Khoảng thời gian tính bằng phút. Đặt thành 0 để tắt (điều này sẽ dừng tất cả việc lấy bản phát hành tự động)",
    "File": "Các tập tin",
    "EditMovies": "Chỉnh sửa phim",
    "ShowCinemaReleaseHelpText": "Hiển thị ngày phát hành dưới áp phích",
    "DeleteRemotePathMapping": "Chỉnh sửa ánh xạ đường dẫn từ xa",
    "Auto": "Tự động",
    "AnnouncedMovieDescription": "Phim đã được công bố",
    "ApplicationURL": "URL của ứng dụng",
    "BypassDelayIfHighestQuality": "Bỏ qua nếu chất lượng cao nhất",
    "ApiKeyValidationHealthCheckMessage": "Hãy cập nhật mã API để dài ít nhất {length} kí tự. Bạn có thể làm điều này trong cài đặt hoặc trong tập config",
    "AutomaticAdd": "Tự động thêm",
    "MoveAutomatically": "Nhập nhanh",
    "IncludeHealthWarnings": "Bao gồm các cảnh báo về sức khỏe",
    "DownloadClientsLoadError": "Không thể tải ứng dụng khách tải xuống",
    "AddRootFolderError": "Không thể tải các thư mục gốc",
    "DeleteReleaseProfile": "Xóa hồ sơ độ trễ",
    "FormatAgeHours": "Giờ",
    "DeleteSpecification": "Xóa thông báo",
    "DeleteDelayProfileMessageText": "Bạn có chắc chắn muốn xóa hồ sơ trì hoãn này không?",
    "DeleteSelectedIndexers": "Xóa trình lập chỉ mục",
    "GrabId": "Lấy ID",
    "QueueLoadError": "Không tải được hàng đợi",
    "DeleteSelectedDownloadClients": "Xóa ứng dụng khách tải xuống",
    "ConditionUsingRegularExpressions": "Điều kiện này phù hợp với việc sử dụng Biểu thức chính quy. Lưu ý rằng các ký tự {0} có ý nghĩa đặc biệt và cần thoát bằng {1}",
    "InteractiveImportLoadError": "Không thể tải các mục nhập thủ công",
    "InteractiveSearchModalHeader": "Tìm kiếm tương tác",
    "MustNotContainHelpText": "Bản phát hành sẽ bị từ chối nếu nó chứa một hoặc nhiều điều khoản (không phân biệt chữ hoa chữ thường)",
    "RestartLater": "Tôi sẽ khởi động lại sau",
    "RetryingDownloadOn": "Đang thử tải xuống lại {0} lúc {1}",
    "TablePageSizeHelpText": "Số mục hiển thị trên mỗi trang",
    "ApplyChanges": "Áp dụng thay đổi",
    "DeletedReasonUpgrade": "Tệp đã bị xóa để nhập bản nâng cấp",
    "RemoveQueueItemConfirmation": "Bạn có chắc chắn muốn xóa {0} khỏi hàng đợi không?",
    "FormatAgeMinute": "Phút",
    "FormatAgeMinutes": "Phút",
    "ApplyTagsHelpTextAdd": "Thêm: Thêm thẻ vào danh sách thẻ hiện có",
    "ApplyTagsHelpTextHowToApplyDownloadClients": "Cách áp dụng thẻ cho các phim đã chọn",
    "ApplyTagsHelpTextHowToApplyImportLists": "Cách áp dụng thẻ cho các phim đã chọn",
    "ApplyTagsHelpTextHowToApplyIndexers": "Cách áp dụng thẻ cho các phim đã chọn",
    "ApplyTagsHelpTextRemove": "Xóa: Xóa các thẻ đã nhập",
    "ApplyTagsHelpTextReplace": "Thay thế: Thay thế các thẻ bằng các thẻ đã nhập (không nhập thẻ nào để xóa tất cả các thẻ)",
    "SelectDropdown": "'Lựa chọn...",
    "DeleteConditionMessageText": "Bạn có chắc chắn muốn xóa cấu hình chất lượng không {0}",
    "DeleteImportListExclusionMessageText": "Bạn có chắc chắn muốn xóa loại trừ danh sách nhập này không?",
    "NotificationStatusAllClientHealthCheckMessage": "Tất cả danh sách không có sẵn do lỗi",
    "DisabledForLocalAddresses": "Bị vô hiệu hóa đối với địa chỉ địa phương",
    "AutoRedownloadFailed": "Tải xuống không thành công",
    "BypassDelayIfAboveCustomFormatScoreMinimumScore": "Điểm định dạng tùy chỉnh tối thiểu",
    "DeleteAutoTagHelpText": "Bạn có chắc chắn muốn xóa cấu hình chất lượng không {0}",
    "OrganizeLoadError": "Lỗi khi tải bản xem trước",
    "OrganizeNothingToRename": "Sự thành công! Công việc của tôi đã xong, không có tệp nào để đổi tên.",
    "ResetAPIKeyMessageText": "Bạn có chắc chắn muốn đặt lại Khóa API của mình không?",
    "BlocklistLoadError": "Không thể tải danh sách đen",
    "NotificationStatusSingleClientHealthCheckMessage": "Danh sách không có sẵn do lỗi: {notificationNames}",
    "QualitiesLoadError": "Không thể tải chất lượng",
    "DelayingDownloadUntil": "Trì hoãn tải xuống cho đến {0} lúc {1}",
    "MustContainHelpText": "Bản phát hành phải chứa ít nhất một trong các điều khoản này (không phân biệt chữ hoa chữ thường)",
    "RemoveSelectedItemQueueMessageText": "Bạn có chắc chắn muốn xóa {0} khỏi hàng đợi không?",
    "No": "Không",
    "ReleaseProfilesLoadError": "Không thể tải hồ sơ độ trễ",
    "TablePageSize": "Kích thước trang",
    "ConnectionLostReconnect": "Radarr sẽ cố gắng kết nối tự động hoặc bạn có thể nhấp vào tải lại bên dưới.",
    "ReleaseGroups": "Nhóm phát hành",
    "CustomFilter": "Bộ lọc tùy chỉnh",
    "AddListExclusion": "Thêm loại trừ danh sách",
    "AutoTaggingNegateHelpText": "Nếu được chọn, định dạng tùy chỉnh sẽ không áp dụng nếu điều kiện {0} này phù hợp.",
    "DelayProfileMovieTagsHelpText": "Áp dụng cho phim có ít nhất một thẻ phù hợp",
    "HistoryLoadError": "Không thể tải lịch sử",
    "Release": "Phát hành",
    "Yes": "Đúng",
    "AddAutoTagError": "Không thể thêm danh sách mới, vui lòng thử lại.",
    "DeleteSpecificationHelpText": "Bạn có chắc chắn muốn xóa cấu hình chất lượng không {0}",
    "Lists": "Danh sách",
    "ApplyTagsHelpTextHowToApplyMovies": "Cách áp dụng thẻ cho các phim đã chọn",
    "DeleteSelectedMovieFilesHelpText": "Bạn có chắc chắn muốn xóa các tệp phim đã chọn không?",
    "DeleteCustomFormatMessageText": "Bạn có chắc chắn muốn xóa thẻ '{0}' không?",
    "DeleteQualityProfileMessageText": "Bạn có chắc chắn muốn xóa cấu hình chất lượng không {0}",
    "DeletedReasonMovieMissingFromDisk": "{appName} không thể tìm thấy tệp trên đĩa nên nó đã bị xóa",
    "MovieIsNotMonitored": "Phim không được giám sát",
    "SearchOnAddCollectionHelpText": "Tìm kiếm phim trong danh sách này khi được thêm vào {appName}",
    "DeleteFormatMessageText": "Bạn có chắc chắn muốn xóa thẻ '{0}' không?",
    "MovieSearchResultsLoadError": "Không thể tải kết quả cho tìm kiếm phim này. Thử lại sau",
    "MovieFileDeleted": "Trên phim xóa tệp",
    "NotificationsSimplepushSettingsEvent": "Sự kiện",
    "RemoveSelectedItemsQueueMessageText": "Bạn có chắc chắn muốn xóa {0} khỏi hàng đợi không?",
    "ShowUnknownMovieItemsHelpText": "Hiển thị các mục không có phim trong hàng đợi. Điều này có thể bao gồm các phim đã bị xóa hoặc bất kỳ thứ gì khác trong danh mục của {appName}",
    "FormatAgeHour": "Giờ",
    "DownloadClientSettingsRecentPriority": "Ưu tiên khách hàng",
    "IndexerSettingsMultiLanguageRelease": "Đa ngôn ngữ",
    "IMDbId": "Id TMDb",
    "DeleteImportListMessageText": "Bạn có chắc chắn muốn xóa cấu hình chất lượng không {0}",
    "DeleteReleaseProfileMessageText": "Bạn có chắc chắn muốn xóa cấu hình chất lượng không {0}",
    "AddDelayProfileError": "Không thể thêm hồ sơ chất lượng mới, vui lòng thử lại.",
    "MovieFileDeletedTooltip": "Trên phim xóa tệp",
    "DeleteMovieFolders": "Xóa thư mục phim",
    "DeleteMovieFoldersHelpText": "Xóa thư mục phim và nội dung của nó",
    "DeleteSelectedMovies": "Xóa các tệp phim đã chọn",
    "DeleteSelectedImportListExclusionsMessageText": "Bạn có chắc chắn muốn xóa loại trừ danh sách nhập này không?",
    "DeleteSelectedCustomFormats": "Xóa định dạng tùy chỉnh",
    "ReleaseDate": "Ngày phát hành",
    "ShowPhysicalReleaseHelpText": "Hiển thị ngày phát hành dưới áp phích",
    "ShowDigitalRelease": "Ngày phát hành rạp chiếu phim",
    "ShowDigitalReleaseHelpText": "Hiển thị ngày phát hành dưới áp phích",
    "ShowPhysicalRelease": "Ngày phát hành vật lý",
    "FolderNameTokens": "Mã thông báo tên tệp",
    "AudioLanguages": "Ngôn ngữ của âm thanh",
    "AuthenticationRequired": "Bắt buộc phải xác thực",
    "AuthenticationMethod": "Phương thức xác thực",
    "AuthenticationRequiredPasswordHelpTextWarning": "Nhập mật khẩu mới",
    "AuthenticationRequiredUsernameHelpTextWarning": "Nhập tên người dùng mới",
    "AddIndexerImplementation": "Thêm trình lập chỉ mục - {implementationName}",
    "AddImportListImplementation": "Thêm danh sách nhập - {implementationName}",
    "AuthenticationRequiredWarning": "Để ngăn truy cập từ xa mà không cần xác thực, {appName} hiện yêu cầu bật xác thực. Bạn có thể tùy ý tắt xác thực từ các địa chỉ cục bộ.",
    "UpdateAvailableHealthCheckMessage": "Có cập nhật mới: {version}",
    "WantMoreControlAddACustomFormat": "Bạn muốn kiểm soát nhiều hơn những nội dung tải xuống nào được ưu tiên? Thêm [Custom Format](/settings/customformats)",
    "AppUpdated": "{appName} đã cập nhật",
    "AppUpdatedVersion": "{appName} đã được cập nhật lên phiên bản `{version}`, để nhận được những thay đổi mới nhất, bạn cần tải lại {appName}",
    "AddCondition": "Thêm điều kiện",
    "AddAutoTag": "Thêm thẻ tự động",
    "AutoTagging": "Tự động gắn thẻ",
    "Unknown": "Không rõ",
    "Waiting": "Đang chờ",
    "AutomaticUpdatesDisabledDocker": "Cập nhật tự động không được hỗ trợ trực tiếp khi sử dụng cơ chế cập nhật Docker. Bạn sẽ cần cập nhật container image của {appName} hoặc sử dụng tập lệnh",
    "AddConnection": "Thêm kết nối",
    "AddConditionImplementation": "Thêm điều kiện - {implementationName}",
    "AddConnectionImplementation": "Thêm điều kiện - {implementationName}",
    "AddImportList": "Thêm danh sách nhập",
    "AddDownloadClientImplementation": "Thêm trình tải xuống - {implementationName}",
    "AuthenticationRequiredPasswordConfirmationHelpTextWarning": "Xác nhận mật khẩu mới",
    "UseSsl": "Dùng SSL",
    "UpdaterLogFiles": "Tệp nhật ký của trình cập nhật",
    "AnnouncedMovieAvailabilityDescription": "Phim được coi là có sẵn ngay khi chúng được thêm vào {appName}.",
    "AuthenticationMethodHelpTextWarning": "Vui lòng chọn một phương thức xác thực hợp lệ",
    "AutoTaggingLoadError": "Không thể tải tính năng tự động gắn thẻ",
    "BlocklistAndSearch": "Danh sách chặn và tìm kiếm",
    "YesterdayAt": "Hôm qua lúc {time}",
    "WhySearchesCouldBeFailing": "Nhấp vào đây để tìm hiểu lý do tại sao tìm kiếm thất bại",
    "UnknownEventTooltip": "Sự kiện không rõ",
    "EditReleaseProfile": "Chỉnh sửa hồ sơ độ trễ",
    "Clone": "Đóng",
    "AllTitles": "Tất cả các tệp",
    "DownloadClientUnavailable": "Ứng dụng khách tải xuống không khả dụng",
    "AddReleaseProfile": "Chỉnh sửa hồ sơ độ trễ",
    "EditConditionImplementation": "Thêm điều kiện - {implementationName}",
    "EditIndexerImplementation": "Thêm điều kiện - {implementationName}",
    "AutoTaggingSpecificationOriginalLanguage": "Ngôn ngữ",
    "AutoTaggingSpecificationQualityProfile": "Hồ sơ chất lượng",
    "AutoTaggingSpecificationRootFolder": "Thư mục gốc",
    "AutoTaggingSpecificationStatus": "Trạng thái",
    "CustomFormatsSpecificationLanguage": "Ngôn ngữ",
    "CustomFormatsSpecificationMaximumSize": "Kích thước tối đa",
    "CustomFormatsSpecificationSource": "Nguồn",
    "Mixed": "đã sửa",
    "ImportListsTraktSettingsCertification": "Chứng chỉ",
    "ImportListsTraktSettingsGenres": "Thể loại",
    "ImportListsTraktSettingsRating": "Xếp hạng",
    "IndexerHDBitsSettingsMediums": "Trung bình"
}
