{
    "StopSelecting": "선택 취소",
    "Sort": "정렬",
    "AddedToDownloadQueue": "다운로드 대기열에 추가됨",
    "Calendar": "달력",
    "CalendarOptions": "달력 옵션",
    "System": "시스템",
    "AddToDownloadQueue": "다운로드 대기열에 추가됨",
    "NoHistory": "내역 없음",
    "SelectAll": "모두 선택",
    "View": "표시 변경",
    "AuthenticationMethodHelpText": "{appName}에 접근하려면 사용자 이름과 암호가 필요합니다",
    "AddNew": "새로 추가하기",
    "History": "내역",
    "Sunday": "일요일"
}
