{
    "BlocklistRelease": "Dodaj wersję do czarnej listy",
    "ApplyChanges": "Zastosuj zmiany",
    "AddAutoTag": "Dodaj automatyczne tagi",
    "AddCondition": "Dodaj warunek",
    "AutoTagging": "Automatyczne tagowanie",
    "AllTitles": "Wszystkie tytuły",
    "Apply": "Zastosuj",
    "ApplyTagsHelpTextHowToApplyImportLists": "Jak zastosować tagi do wybranych list",
    "ApplyTagsHelpTextHowToApplyDownloadClients": "Jak",
    "ApplyTagsHelpTextRemove": "Usuń: usuń wprowadzone tagi",
    "ApplicationUrlHelpText": "Zewnętrzny URL tej aplikacji zawierający http(s)://, port i adres URL",
    "ApplyTagsHelpTextHowToApplyIndexers": "Jak zastosować tagi do wybranych indeksatorów",
    "Authentication": "Autoryzacja",
    "BlocklistReleases": "Dodaj wersje do czarnej listy",
    "ApiKeyValidationHealthCheckMessage": "Zaktualizuj swój klucz API aby był długi na co najmniej {length} znaków. Możesz to zrobić poprzez ustawienia lub plik konfiguracyjny",
    "AudioInfo": "Informacje o audio",
    "AddAutoTagError": "Nie można dodać nowego tagu automatycznego, spróbuj ponownie.",
    "AddConditionError": "Nie można dodać nowego warunku, spróbuj ponownie.",
    "AddConnection": "Dodaj połączenie",
    "AddCustomFilter": "Dodaj spersonalizowany filtr",
    "Close": "Zamknij",
    "AddDelayProfile": "Dodaj profil opóźnienia",
    "AddDownloadClient": "Dodaj klienta pobierania",
    "AddDownloadClientError": "Nie można dodać nowego klienta pobierania, spróbuj ponownie.",
    "AddExclusion": "Dodaj wyjątek",
    "AddImportListExclusion": "Dodaj wykluczenie listy importu",
    "AddImportListExclusionError": "Nie można dodać nowego wykluczenia listy, spróbuj ponownie.",
    "AddListError": "Nie można dodać nowej listy, spróbuj ponownie.",
    "AddList": "Dodaj listę",
    "AddNewRestriction": "Dodaj nowe ograniczenie",
    "AddListExclusionError": "Nie można dodać nowego wykluczenia listy, spróbuj ponownie.",
    "AddListExclusion": "Dodaj wykluczenie z listy",
    "Add": "Dodaj",
    "Activity": "Aktywność",
    "AddNew": "Dodaj nowy",
    "AddCustomFormat": "Dodaj format niestandardowy",
    "AddCustomFormatError": "Nie można dodać nowego formatu niestandardowego, spróbuj ponownie.",
    "AddIndexer": "Dodaj indekser",
    "AddIndexerError": "Nie można dodać nowego indeksatora, spróbuj ponownie.",
    "Actions": "Akcje",
    "AddNewSeriesError": "Nie udało się załadować wyników wyszukiwania, spróbuj ponownie.",
    "AddConditionImplementation": "Dodaj condition - {implementationName}",
    "AddConnectionImplementation": "Dodaj Connection - {implementationName}",
    "AddDownloadClientImplementation": "Dodaj klienta pobierania - {implementationName}"
}
