{
    "LogLevel": "छांटने का स्तर",
    "Message": "संदेश",
    "Name": "नाम",
    "Add": "जोड़ना",
    "Date": "दिनांक",
    "Tomorrow": "आने वाला कल",
    "Apply": "लागू",
    "AuthenticationMethodHelpText": "{appName} का उपयोग करने के लिए उपयोगकर्ता नाम और पासवर्ड की आवश्यकता है",
    "Automatic": "स्वचालित",
    "Backup": "बैकअप",
    "Indexers": "indexers",
    "Level": "स्तर",
    "LogFiles": "फाइल्स लॉग करें # लॉग फाइलें",
    "Logging": "लॉगिंग",
    "LogLevelTraceHelpTextWarning": "ट्रेस लॉगिंग को केवल अस्थायी रूप से सक्षम किया जाना चाहिए",
    "Logs": "लॉग्स",
    "Manual": "गाइड",
    "Mechanism": "तंत्र",
    "MIA": "एमआईए",
    "Mode": "मोड",
    "Proxy": "प्रतिनिधि",
    "ProxyBypassFilterHelpText": "एक विभाजक के रूप में ',' और '*' का प्रयोग करें। उपडोमेन के लिए एक वाइल्डकार्ड के रूप में",
    "Queue": "कतार",
    "SettingsEnableColorImpairedModeHelpText": "रंग बिगड़ा हुआ उपयोगकर्ताओं को बेहतर रंग कोडित जानकारी को अलग करने की अनुमति देने के लिए बदल शैली",
    "ShowSearchHelpText": "होवर पर खोज बटन दिखाएं",
    "Sort": "तरह",
    "SSLCertPasswordHelpText": "Pfx फ़ाइल के लिए पासवर्ड",
    "SSLCertPassword": "एसएसएल सर्टिफिकेट पासवर्ड",
    "SSLCertPath": "एसएसएल सर्टिफिकेट पाथ",
    "SSLCertPathHelpText": "Pfx फ़ाइल का पथ",
    "SSLPort": "एसएसएल पोर्ट",
    "StartTypingOrSelectAPathBelow": "टाइप करना शुरू करें या नीचे एक पथ चुनें",
    "Style": "अंदाज",
    "System": "प्रणाली",
    "Tags": "टैग",
    "Test": "परीक्षा",
    "Port": "बंदरगाह",
    "PortNumber": "पोर्ट संख्या",
    "RssIsNotSupportedWithThisIndexer": "RSS इस अनुक्रमणिका के साथ समर्थित नहीं है",
    "SendAnonymousUsageData": "अनाम उपयोग डेटा भेजें",
    "SetTags": "टैग सेट करें",
    "About": "के बारे में",
    "AcceptConfirmationModal": "पुष्टि मोडल स्वीकार करें",
    "Actions": "कार्रवाई",
    "Added": "जोड़ा",
    "AddIndexer": "सूचकांक जोड़ें",
    "AddingTag": "टैग जोड़ना",
    "Age": "उम्र",
    "All": "सब",
    "ApiKey": "एपीआई कुंजी",
    "AppDataDirectory": "AppData निर्देशिका",
    "ApplyTags": "टैग लागू करें",
    "Authentication": "प्रमाणीकरण",
    "ClientPriority": "ग्राहक प्राथमिकता",
    "Connections": "सम्बन्ध",
    "DownloadClientStatusSingleClientHealthCheckMessage": "विफलताओं के कारण अनुपलब्ध ग्राहक डाउनलोड करें: {downloadClientNames}",
    "NoChanges": "कोई बदलाव नहीं",
    "Yesterday": "बिता कल",
    "DeleteIndexerProxyMessageText": "क्या आप वाकई '{0}' टैग हटाना चाहते हैं?",
    "DeleteNotification": "अधिसूचना हटाएं",
    "DeleteTag": "टैग हटाएं",
    "Details": "विवरण",
    "EditIndexer": "अनुक्रमणिका संपादित करें",
    "Enable": "सक्षम",
    "Filter": "फ़िल्टर",
    "Fixed": "फिक्स्ड",
    "Peers": "साथियों",
    "Save": "सहेजें",
    "SaveChanges": "परिवर्तनों को सुरक्षित करें",
    "SaveSettings": "समायोजन बचाओ",
    "Scheduled": "अनुसूचित",
    "Security": "सुरक्षा",
    "Seeders": "बीज",
    "SelectAll": "सभी का चयन करे",
    "Settings": "समायोजन",
    "SettingsLongDateFormat": "लंबी तिथि प्रारूप",
    "SettingsShortDateFormat": "लघु तिथि प्रारूप",
    "SettingsShowRelativeDates": "रिलेटिव डेट्स दिखाएं",
    "SettingsShowRelativeDatesHelpText": "रिश्तेदार (आज / कल / आदि) या पूर्ण तिथियां दिखाएं",
    "Shutdown": "बंद करना",
    "TagCannotBeDeletedWhileInUse": "उपयोग करते समय हटाया नहीं जा सकता",
    "TagIsNotUsedAndCanBeDeleted": "टैग का उपयोग नहीं किया जाता है और इसे हटाया जा सकता है",
    "Type": "प्रकार",
    "UISettings": "यूआई सेटिंग्स",
    "AddDownloadClient": "डाउनलोड क्लाइंट जोड़ें",
    "BackupIntervalHelpText": "स्वचालित बैकअप के बीच अंतराल",
    "Backups": "बैकअप",
    "Delete": "हटाएं",
    "Indexer": "इंडेक्सर",
    "ShowAdvanced": "शो पहले होगा",
    "ShowSearch": "खोज दिखाएँ",
    "UI": "यूआई",
    "UILanguage": "यूआई भाषा",
    "UILanguageHelpText": "वह भाषा जिसे रेडर यूआई के लिए उपयोग करेगा",
    "UILanguageHelpTextWarning": "ब्राउज़र रीलोड आवश्यक है",
    "ChangeHasNotBeenSavedYet": "परिवर्तन अभी तक सहेजा नहीं गया है",
    "TableOptions": "तालिका विकल्प",
    "Size": "आकार",
    "ApplicationStatusCheckAllClientMessage": "सभी सूचियाँ विफल होने के कारण अनुपलब्ध हैं",
    "BackupRetentionHelpText": "अवधारण अवधि से अधिक पुराने स्वचालित बैकअप स्वचालित रूप से साफ हो जाएंगे",
    "Columns": "कॉलम",
    "Component": "अंग",
    "DownloadClientSettings": "क्लाइंट सेटिंग्स डाउनलोड करें",
    "EventType": "घटना प्रकार",
    "Exception": "अपवाद",
    "IndexerStatusAllUnavailableHealthCheckMessage": "विफलताओं के कारण सभी अनुक्रमणिका अनुपलब्ध हैं",
    "IndexerStatusUnavailableHealthCheckMessage": "अनुक्रमणिका विफलताओं के कारण अनुपलब्ध: {indexerNames}",
    "Info": "जानकारी",
    "Language": "भाषा: हिन्दी",
    "UnableToAddANewDownloadClientPleaseTryAgain": "नया डाउनलोड क्लाइंट जोड़ने में असमर्थ, कृपया पुनः प्रयास करें।",
    "UnableToAddANewIndexerPleaseTryAgain": "नया अनुक्रमणिका जोड़ने में असमर्थ, कृपया पुनः प्रयास करें।",
    "UnableToAddANewIndexerProxyPleaseTryAgain": "नया अनुक्रमणिका जोड़ने में असमर्थ, कृपया पुनः प्रयास करें।",
    "UnableToLoadBackups": "बैकअप लोड करने में असमर्थ",
    "NoTagsHaveBeenAddedYet": "अभी तक कोई टैग नहीं जोड़े गए हैं",
    "Reddit": "reddit",
    "UpdateMechanismHelpText": "रेडर के बिल्ट इन अपडेटर या स्क्रिप्ट का उपयोग करें",
    "Updates": "अपडेट",
    "MoreInfo": "और जानकारी",
    "New": "नया",
    "CustomFilters": "कस्टम फ़िल्टर",
    "Dates": "खजूर",
    "DatabaseMigration": "DB प्रवासन",
    "DeleteApplicationMessageText": "क्या आप वाकई '{0}' की सूचना हटाना चाहते हैं?",
    "DeleteBackup": "बैकअप हटाएं",
    "DeleteBackupMessageText": "क्या आप वाकई '{0}' बैकअप हटाना चाहते हैं?",
    "DeleteDownloadClient": "डाउनलोड क्लाइंट हटाएं",
    "DeleteDownloadClientMessageText": "क्या आप वाकई डाउनलोड क्लाइंट '{0}' को हटाना चाहते हैं?",
    "GeneralSettingsSummary": "पोर्ट, एसएसएल, उपयोगकर्ता नाम / पासवर्ड, प्रॉक्सी, एनालिटिक्स और अपडेट",
    "UrlBaseHelpText": "रिवर्स प्रॉक्सी समर्थन के लिए, डिफ़ॉल्ट खाली है",
    "MovieIndexScrollBottom": "मूवी इंडेक्स: नीचे स्क्रॉल करें",
    "MovieIndexScrollTop": "मूवी इंडेक्स: टॉप स्क्रॉल करें",
    "NoLinks": "कोई लिंक नहीं",
    "BindAddress": "बाँध का पता",
    "Branch": "डाली",
    "ProxyBadRequestHealthCheckMessage": "प्रॉक्सी का परीक्षण करने में विफल। स्थिति कोड: {statusCode}",
    "ProxyFailedToTestHealthCheckMessage": "प्रॉक्सी का परीक्षण करने में विफल: {url}",
    "ProxyResolveIpHealthCheckMessage": "कॉन्फ़िगर प्रॉक्सी होस्ट {proxyHostName} के लिए आईपी एड्रेस को हल करने में विफल",
    "ProxyPasswordHelpText": "यदि आवश्यक हो तो आपको केवल एक उपयोगकर्ता नाम और पासवर्ड दर्ज करना होगा। उन्हें खाली छोड़ दें अन्यथा।",
    "ProxyType": "प्रॉक्सी प्रकार",
    "ProxyUsernameHelpText": "यदि आवश्यक हो तो आपको केवल एक उपयोगकर्ता नाम और पासवर्ड दर्ज करना होगा। उन्हें खाली छोड़ दें अन्यथा।",
    "ReadTheWikiForMoreInformation": "अधिक जानकारी के लिए विकी पढ़ें",
    "Refresh": "ताज़ा करना",
    "RefreshMovie": "फिल्म को रिफ्रेश करें",
    "ReleaseBranchCheckOfficialBranchMessage": "शाखा {0} वैध रेडीआर रिलीज शाखा नहीं है, आपको अपडेट नहीं मिलेगा",
    "ReleaseStatus": "रिलीज की स्थिति",
    "Reload": "पुनः लोड करें",
    "RemovedFromTaskQueue": "कार्य कतार से हटा दिया गया",
    "RemoveFilter": "फ़िल्टर निकालें",
    "RemovingTag": "टैग हटाना",
    "Reset": "रीसेट",
    "ResetAPIKey": "एपीआई कुंजी को रीसेट करें",
    "Restart": "पुनर्प्रारंभ करें",
    "Source": "स्रोत",
    "StartupDirectory": "स्टार्टअप निर्देशिका",
    "SuggestTranslationChange": "अनुवाद परिवर्तन का सुझाव दें",
    "SystemTimeCheckMessage": "सिस्टम का समय 1 दिन से अधिक बंद है। जब तक समय सही नहीं होगा तब तक शेड्यूल किए गए कार्य सही तरीके से नहीं चल सकते हैं",
    "TableOptionsColumnsMessage": "चुनें कि कौन से कॉलम दिखाई दे रहे हैं और वे किस क्रम में दिखाई देते हैं",
    "TagsSettingsSummary": "सभी टैग देखें और उनका उपयोग कैसे किया जाता है। अप्रयुक्त टैग को हटाया जा सकता है",
    "TestAll": "सभी का परीक्षण करें",
    "TestAllClients": "सभी ग्राहकों का परीक्षण करें",
    "Title": "शीर्षक",
    "Today": "आज",
    "Torrent": "टोरेंट",
    "Torrents": "टोरेंट",
    "UnableToAddANewApplicationPleaseTryAgain": "नई अधिसूचना जोड़ने में असमर्थ, कृपया पुनः प्रयास करें।",
    "UnableToAddANewAppProfilePleaseTryAgain": "नई गुणवत्ता प्रोफ़ाइल जोड़ने में असमर्थ, कृपया पुनः प्रयास करें।",
    "UnableToLoadTags": "टैग लोड करने में असमर्थ",
    "UnableToLoadUISettings": "UI सेटिंग्स लोड करने में असमर्थ",
    "UnsavedChanges": "बिना बदलाव किए",
    "UnselectAll": "सभी का चयन रद्द",
    "UpdateAutomaticallyHelpText": "अपडेट को स्वचालित रूप से डाउनलोड और इंस्टॉल करें। आप अभी भी सिस्टम से अपडेट कर पाएंगे: अपडेट",
    "UpdateUiNotWritableHealthCheckMessage": "अद्यतन स्थापित नहीं कर सकता क्योंकि UI फ़ोल्डर '{uiFolder}' उपयोगकर्ता '{userName}' द्वारा लिखने योग्य नहीं है।",
    "Uptime": "अपटाइम",
    "URLBase": "URL बेस",
    "YesCancel": "हाँ, रद्द करें",
    "AllIndexersHiddenDueToFilter": "सभी फिल्में लागू फिल्टर के कारण छिपी हुई हैं।",
    "Analytics": "एनालिटिक्स",
    "AnalyticsEnabledHelpText": "बेनामी उपयोग और त्रुटि जानकारी को {appName} के सर्वर पर भेजें। इसमें आपके ब्राउज़र की जानकारी शामिल है, जो आपके द्वारा उपयोग किए जाने वाले रेडर वेबयूआई पृष्ठों, त्रुटि रिपोर्टिंग के साथ-साथ ओएस और रनटाइम संस्करण भी है। हम इस जानकारी का उपयोग सुविधाओं और बग फिक्स को प्राथमिकता देने के लिए करेंगे।",
    "TagsHelpText": "कम से कम एक मिलान टैग के साथ फिल्मों पर लागू होता है",
    "DeleteTagMessageText": "क्या आप वाकई '{0}' टैग हटाना चाहते हैं?",
    "Disabled": "विकलांग",
    "Discord": "कलह",
    "Docker": "डाक में काम करनेवाला मज़दूर",
    "Donations": "दान",
    "DownloadClient": "क्लाइंट डाउनलोड करें",
    "DownloadClients": "ग्राहक डाउनलोड करें",
    "PendingChangesDiscardChanges": "परिवर्तन छोड़ें और छोड़ें",
    "PendingChangesMessage": "आपने परिवर्तन रद्द कर दिए हैं, क्या आप वाकई इस पृष्ठ को छोड़ना चाहते हैं?",
    "RestartRequiredHelpTextWarning": "प्रभावी करने के लिए पुनरारंभ की आवश्यकता है",
    "Restore": "पुनर्स्थापित",
    "RestoreBackup": "बैकअप बहाल",
    "Result": "परिणाम",
    "Retention": "अवधारण",
    "Rss": "आरएसएस",
    "ScriptPath": "पटकथा पथ",
    "Search": "खोज",
    "SettingsTimeFormat": "समय प्रारूप",
    "Tasks": "कार्य",
    "UnableToLoadHistory": "इतिहास लोड करने में असमर्थ",
    "AppDataLocationHealthCheckMessage": "अद्यतन पर अद्यतन AppData को रोकने के लिए अद्यतन करना संभव नहीं होगा",
    "Usenet": "यूज़नेट",
    "UseProxy": "प्रॉक्सी का उपयोग करें",
    "Username": "उपयोगकर्ता नाम",
    "Version": "संस्करण",
    "View": "राय",
    "Warn": "चेतावनी देना",
    "Wiki": "विकि",
    "ConnectionLost": "संपर्क टूट गया",
    "ConnectSettings": "कनेक्ट सेटिंग्स",
    "CouldNotConnectSignalR": "सिग्नलआर से कनेक्ट नहीं हो सका, UI अपडेट नहीं होगा",
    "Custom": "रिवाज",
    "DeleteNotificationMessageText": "क्या आप वाकई '{0}' की सूचना हटाना चाहते हैं?",
    "IgnoredAddresses": "उपेक्षित पते",
    "IllRestartLater": "मैं बाद में पुनः आरंभ करूँगा",
    "NotificationTriggers": "अधिसूचना ट्रिगर",
    "PageSize": "पृष्ठ आकार",
    "Time": "समय",
    "UpdateScriptPathHelpText": "एक कस्टम स्क्रिप्ट का पथ जो एक निकाला गया अद्यतन पैकेज लेता है और शेष अद्यतन प्रक्रिया को संभालता है",
    "ApplicationStatusCheckSingleClientMessage": "विफलताओं के कारण अनुपलब्ध सूची: {0}",
    "AutomaticSearch": "स्वचालित खोज",
    "BackupFolderHelpText": "रिलेटिव पाथ रेडर के ऐपडाटा डायरेक्टरी के तहत होगा",
    "BackupNow": "अब समर्थन देना",
    "BeforeUpdate": "अपडेट करने से पहले",
    "BindAddressHelpText": "सभी इंटरफेस के लिए वैध IP4 पता या '*'",
    "BranchUpdate": "रेडर को अपडेट करने के लिए उपयोग करने के लिए शाखा",
    "BranchUpdateMechanism": "बाहरी अद्यतन तंत्र द्वारा उपयोग की जाने वाली शाखा",
    "BypassProxyForLocalAddresses": "स्थानीय पते के लिए बायपास प्रॉक्सी",
    "Cancel": "रद्द करना",
    "CancelPendingTask": "क्या आप वाकई इस लंबित कार्य को रद्द करना चाहते हैं?",
    "CertificateValidation": "प्रमाणपत्र सत्यापन",
    "CertificateValidationHelpText": "बदलें कि HTTPS प्रमाणन सत्यापन कितना सख्त है",
    "Clear": "स्पष्ट",
    "CloneProfile": "क्लोन प्रोफ़ाइल",
    "Close": "बंद करे",
    "CloseCurrentModal": "वर्तमान मोडल को बंद करें",
    "DownloadClientStatusAllClientHealthCheckMessage": "सभी डाउनलोड क्लाइंट विफलताओं के कारण अनुपलब्ध हैं",
    "Edit": "संपादित करें",
    "EnableAutomaticSearch": "स्वचालित खोज सक्षम करें",
    "EnableAutomaticSearchHelpText": "यूआई के माध्यम से या रेडर द्वारा स्वचालित खोज किए जाने पर उपयोग किया जाएगा",
    "Enabled": "सक्रिय",
    "EnableInteractiveSearch": "इंटरएक्टिव खोज सक्षम करें",
    "EnableInteractiveSearchHelpText": "इंटरैक्टिव खोज का उपयोग करने पर उपयोग किया जाएगा",
    "EnableRss": "आरएसएस को सक्षम करें",
    "EnableSSL": "SSL सक्षम करें",
    "EnableSslHelpText": " प्रभावी होने के लिए प्रशासक के रूप में पुनः आरंभ करने की आवश्यकता है",
    "Error": "त्रुटि",
    "ErrorLoadingContents": "सामग्री लोड करने में त्रुटि",
    "Events": "आयोजन",
    "ExistingTag": "मौजूदा टैग",
    "Failed": "अनुत्तीर्ण होना",
    "FeatureRequests": "सुविधा का अनुरोध",
    "Filename": "फ़ाइल का नाम",
    "Files": "फ़ाइलें",
    "FocusSearchBox": "फोकस बॉक्स खोजें",
    "Folder": "फ़ोल्डर",
    "ForMoreInformationOnTheIndividualDownloadClients": "व्यक्तिगत डाउनलोड क्लाइंट के बारे में अधिक जानकारी के लिए, जानकारी बटन पर क्लिक करें।",
    "General": "आम",
    "GeneralSettings": "सामान्य सेटिंग्स",
    "Grabbed": "पकड़ा",
    "Grabs": "लपकना",
    "Health": "स्वास्थ्य",
    "HealthNoIssues": "आपके कॉन्फ़िगरेशन के साथ कोई समस्या नहीं है",
    "HideAdvanced": "उन्नत छिपाएँ",
    "History": "इतिहास",
    "HomePage": "मुख पृष्ठ",
    "Host": "मेज़बान",
    "Hostname": "होस्ट का नाम",
    "IncludeHealthWarningsHelpText": "स्वास्थ्य चेतावनी शामिल करें",
    "IndexerFlags": "इंडेक्स फ्लैग",
    "IndexerLongTermStatusAllUnavailableHealthCheckMessage": "6 घंटे से अधिक समय तक विफलताओं के कारण सभी सूचकांक अनुपलब्ध हैं",
    "IndexerLongTermStatusUnavailableHealthCheckMessage": "6 घंटे से अधिक समय तक विफलताओं के कारण सूचकांक उपलब्ध नहीं: {indexerNames}",
    "IndexerPriority": "सूचकांक प्राथमिकता",
    "IndexerPriorityHelpText": "इंडेक्सर प्राथमिकता 1 (उच्चतम) से 50 (सबसे कम)। डिफ़ॉल्ट: 25",
    "IndexerProxyStatusAllUnavailableHealthCheckMessage": "सभी सूचियाँ विफल होने के कारण अनुपलब्ध हैं",
    "IndexerProxyStatusUnavailableHealthCheckMessage": "अनुक्रमणिका विफलताओं के कारण अनुपलब्ध: {indexerProxyNames}",
    "InteractiveSearch": "इंटरएक्टिव खोज",
    "Interval": "मध्यान्तर",
    "KeyboardShortcuts": "कुंजीपटल अल्प मार्ग",
    "LastWriteTime": "अंतिम समय लिखें",
    "LaunchBrowserHelpText": " एक वेब ब्राउज़र खोलें और ऐप स्टार्ट पर रेडर होमपेज पर नेविगेट करें।",
    "NoBackupsAreAvailable": "कोई बैकअप उपलब्ध नहीं हैं",
    "NoChange": "कोई परिवर्तन नहीं होता है",
    "NoLeaveIt": "नहीं, इसे छोड़ो",
    "NoLogFiles": "कोई लॉग फ़ाइल नहीं",
    "Ok": "ठीक",
    "PackageVersion": "पैकेज संस्करण",
    "PageSizeHelpText": "प्रत्येक पृष्ठ पर दिखाने के लिए मदों की संख्या",
    "Password": "कुंजिका",
    "PendingChangesStayReview": "रहें और परिवर्तनों की समीक्षा करें",
    "Presets": "प्रीसेट",
    "Priority": "वरीयता",
    "Protocol": "मसविदा बनाना",
    "RestartNow": "अब पुनःचालू करें",
    "SettingsEnableColorImpairedMode": "रंग-बिगड़ा मोड सक्षम करें",
    "UnableToAddANewNotificationPleaseTryAgain": "नई अधिसूचना जोड़ने में असमर्थ, कृपया पुनः प्रयास करें।",
    "DownloadClientsLoadError": "डाउनलोड क्लाइंट लोड करने में असमर्थ",
    "UnableToLoadGeneralSettings": "सामान्य सेटिंग्स लोड करने में असमर्थ",
    "UnableToLoadNotifications": "सूचनाएं लोड करने में असमर्थ",
    "UpdateStartupNotWritableHealthCheckMessage": "अपडेट स्थापित नहीं किया जा सकता क्योंकि स्टार्टअप फ़ोल्डर '{startupFolder}' उपयोगकर्ता '{userName}' द्वारा लिखने योग्य नहीं है।",
    "UpdateStartupTranslocationHealthCheckMessage": "अपडेट स्थापित नहीं किया जा सकता क्योंकि स्टार्टअप फ़ोल्डर '{startupFolder}' ऐप ट्रांसलेशन फ़ोल्डर में है।",
    "NoUpdatesAreAvailable": "कोई अद्यतन उपलब्ध नहीं हैं",
    "OAuthPopupMessage": "आपके ब्राउज़र द्वारा पॉप-अप्स को ब्लॉक किया जा रहा है",
    "OnHealthIssueHelpText": "स्वास्थ्य के मुद्दे पर",
    "OpenBrowserOnStart": "प्रारंभ पर ब्राउज़र खोलें",
    "OpenThisModal": "इस मोडल को खोलें",
    "Options": "विकल्प",
    "Status": "स्थिति",
    "OnGrab": "हड़पने पर",
    "OnHealthIssue": "स्वास्थ्य के मुद्दे पर",
    "TestAllIndexers": "सभी सूचकांक का परीक्षण करें",
    "MaintenanceRelease": "रखरखाव रिलीज: बग फिक्स और अन्य सुधार। अधिक जानकारी के लिए गितुब कमिट इतिहास देखें",
    "Filters": "फ़िल्टर",
    "HistoryCleanupDaysHelpText": "स्वचालित सफाई को अक्षम करने के लिए 0 पर सेट करें",
    "HistoryCleanupDaysHelpTextWarning": "रीसायकल बिन में चयनित दिनों की तुलना में पुरानी फाइलें अपने आप साफ हो जाएंगी",
    "NetCore": ".NET कोर",
    "GrabReleases": "पकड़ो रिलीज",
    "Yes": "हाँ",
    "Link": "लिंक",
    "MappedDrivesRunningAsService": "विंडोज सर्विस के रूप में चलने पर मैप्ड नेटवर्क ड्राइव उपलब्ध नहीं हैं। अधिक जानकारी के लिए कृपया FAQ देखें",
    "No": "नहीं",
    "UnableToLoadIndexers": "अनुक्रमणिका लोड करने में असमर्थ",
    "ApplicationLongTermStatusCheckAllClientMessage": "6 घंटे से अधिक समय तक विफलताओं के कारण सभी सूचकांक अनुपलब्ध हैं",
    "ApplicationLongTermStatusCheckSingleClientMessage": "6 घंटे से अधिक समय तक विफलताओं के कारण सूचकांक उपलब्ध नहीं: {0}",
    "Ended": "समाप्त",
    "NextExecution": "अगला निष्पादन",
    "LastDuration": "lastDuration",
    "LastExecution": "अंतिम निष्पादन",
    "Queued": "कतारबद्ध",
    "Remove": "हटाना",
    "TheLatestVersionIsAlreadyInstalled": "रेडर का नवीनतम संस्करण पहले से ही स्थापित है",
    "Replace": "बदलने के",
    "More": "अधिक",
    "DeleteSelectedDownloadClients": "डाउनलोड क्लाइंट हटाएं",
    "Track": "निशान",
    "ApplyTagsHelpTextHowToApplyApplications": "चयनित फिल्मों के लिए टैग कैसे लागू करें",
    "ApplyTagsHelpTextAdd": "जोड़ें: टैग की मौजूदा सूची में टैग जोड़ें",
    "ApplyTagsHelpTextHowToApplyIndexers": "चयनित फिल्मों के लिए टैग कैसे लागू करें",
    "ApplyTagsHelpTextRemove": "निकालें: दर्ज किए गए टैग निकालें",
    "ApplyTagsHelpTextReplace": "प्रतिस्थापित करें: दर्ज किए गए टैगों के साथ टैग बदलें (सभी टैग्स को खाली करने के लिए कोई टैग दर्ज न करें)",
    "DownloadClientPriorityHelpText": "एकाधिक डाउनलोड ग्राहकों को प्राथमिकता दें। राउंड-रॉबिन का उपयोग उसी प्राथमिकता वाले ग्राहकों के लिए किया जाता है।",
    "Year": "साल",
    "Genre": "शैलियां",
    "ConnectionLostReconnect": "Radarr अपने आप कनेक्ट होने का प्रयास करेगा, या आप नीचे पुनः लोड कर सकते हैं।",
    "RecentChanges": "हाल में हुए बदलाव",
    "WhatsNew": "नया क्या है?",
    "minutes": "मिनट",
    "DeleteAppProfileMessageText": "क्या आप वाकई गुणवत्ता प्रोफ़ाइल {0} को हटाना चाहते हैं",
    "NotificationStatusAllClientHealthCheckMessage": "सभी सूचियाँ विफल होने के कारण अनुपलब्ध हैं",
    "NotificationStatusSingleClientHealthCheckMessage": "विफलताओं के कारण अनुपलब्ध सूची: {notificationNames}",
    "AuthBasic": "बेसिक (ब्राउज़र पॉपअप)",
    "AuthForm": "प्रपत्र (लॉग इन पेज)",
    "DisabledForLocalAddresses": "स्थानीय पते के लिए अक्षम",
    "None": "कोई नहीं",
    "ResetAPIKeyMessageText": "क्या आप वाकई अपनी API कुंजी को रीसेट करना चाहते हैं?",
    "IndexerHDBitsSettingsMediums": "मध्यम",
    "CustomFilter": "कस्टम फ़िल्टर",
    "ProxyValidationBadRequest": "प्रॉक्सी का परीक्षण करने में विफल। स्थिति कोड: {statusCode}",
    "GrabRelease": "पकड़ो रिलीज",
    "BuiltIn": "में निर्मित",
    "Script": "लिपि",
    "PublishedDate": "प्रकाशित तिथि",
    "AllSearchResultsHiddenByFilter": "सभी परिणाम लागू फ़िल्टर द्वारा छिपे हुए हैं"
}
