{
    "Age": "Starost",
    "Analytics": "Analitika",
    "ApiKey": "API ključ",
    "Application": "Aplikacije",
    "Connect": "Obavijest",
    "Connections": "Veze",
    "Custom": "Prilagođeno",
    "Delete": "Obriši",
    "Details": "detalji",
    "Disabled": "onemogućeno",
    "DownloadClients": "Klijent za preuzimanje",
    "Filter": "Filter",
    "Filters": "Filteri",
    "Indexer": "Indekser",
    "Info": "Informacije",
    "Language": "jezik",
    "New": "Novo",
    "Notification": "Obavijest",
    "Notifications": "Obavijest",
    "Peers": "Peers",
    "Queue": "Red",
    "Queued": "Red",
    "Reddit": "Reddit",
    "Refresh": "Osvježi",
    "Reload": "Ponovno Učitaj",
    "Remove": "Ukloni",
    "Replace": "Zamijeni",
    "Reset": "Resetiraj",
    "Rss": "RSS",
    "Scheduled": "Zakazano",
    "Search": "Traži",
    "Seeders": "Seederi",
    "Settings": "Postavke",
    "Title": "Naslov",
    "URLBase": "URL Base",
    "Usenet": "Usenet",
    "Applications": "Aplikacije",
    "Apply": "Primjeni",
    "Authentication": "Autentikacija",
    "Backup": "Sigurnosna kopija",
    "BackupNow": "Napravi sigurnosnu kopiju sada",
    "Backups": "Sigurnosna kopija",
    "Branch": "Grana",
    "Cancel": "Otkaži",
    "Categories": "Kategorije",
    "Clear": "Očisti",
    "Discord": "Discord",
    "Docker": "Docker",
    "DownloadClient": "Klijent za preuzimanje",
    "Enable": "Omogući",
    "Enabled": "Omogući",
    "Encoding": "Kodiranje",
    "Events": "Događaj",
    "Files": "Datoteka",
    "Grabs": "Dohvati",
    "Host": "Domaćin",
    "Hostname": "Ime Domaćina",
    "Indexers": "Indekseri",
    "NetCore": ".NET",
    "Password": "Lozinka",
    "Port": "Port",
    "Protocol": "Protokol",
    "Torrent": "Torrent",
    "Torrents": "Torrenti",
    "UI": "Korisničko sučelje",
    "Updates": "Ažuriraj",
    "Username": "Korisničko Ime",
    "Add": "Dodaj",
    "AddingTag": "Dodaj oznaku",
    "Added": "Dodano",
    "AddIndexer": "Dodaj Indexer",
    "ApplyTags": "Primjeni Oznake",
    "Automatic": "Automatski",
    "AutomaticSearch": "Automatska Pretraga",
    "BackupIntervalHelpText": "Interval između automatskih sigurnosnih kopija",
    "BackupRetentionHelpText": "Automatske sigurnosne kopije starije od vremena zadržavanja će biti očišćene automatski",
    "BeforeUpdate": "Prije ažuriranja",
    "BindAddress": "Poveži Adrese",
    "BindAddressHelpText": "Ispravna IP adresa, localhost ili '*' za sva sučelja",
    "BranchUpdateMechanism": "Grana korištena od strane vanjskog mehanizma za ažuriranje",
    "About": "O",
    "Actions": "Akcije",
    "AcceptConfirmationModal": "Prihvati Modal Potvrde",
    "AddDownloadClient": "Dodaj Klijenta za Preuzimanje",
    "All": "Sve",
    "AppDataDirectory": "AppData direktorij",
    "BypassProxyForLocalAddresses": "Zaobiđi Proxy za Lokalne Adrese",
    "CancelPendingTask": "Jeste li sigurni da želite otkazati ovaj zadatak na čekanju?",
    "CertificateValidation": "Potvrda Certifikata",
    "ChangeHasNotBeenSavedYet": "Promjene još nisu spremljene",
    "CloneProfile": "Kloniraj Profil",
    "Close": "Zatvori",
    "Columns": "Stupci",
    "AppDataLocationHealthCheckMessage": "Ažuriranje ne može spriječiti brisanje AppData pri ažuriranju",
    "ClientPriority": "Prioritet Klijenata",
    "CloseCurrentModal": "Zatvori Trenutni Modal",
    "ApplicationURL": "URL Aplikacije",
    "ApplyTagsHelpTextHowToApplyIndexers": "Kako primjeniti oznake za odabrane filmove",
    "DeleteSelectedApplicationsMessageText": "Jeste li sigurni da želite obrisati oznaku formata {0}?",
    "DeleteSelectedDownloadClientsMessageText": "Jeste li sigurni da želite obrisati oznaku formata {0}?",
    "DeleteNotificationMessageText": "Jeste li sigurni da želite obrisati oznaku formata {0}?",
    "ApplicationUrlHelpText": "Vanjski URL ove aplikacije uključuje http(s)://, port i URL base",
    "ApplyTagsHelpTextAdd": "Dodaj: Dodaj oznake u postojeću listu oznaka",
    "ApplyTagsHelpTextHowToApplyApplications": "Kako primjeniti oznake za odabrane filmove",
    "ApplyTagsHelpTextRemove": "Ukloni: Ukloni unešene oznake",
    "ApplyTagsHelpTextReplace": "Zamijeni: Zamijeni oznake sa unešenim oznakama (ostavi prazno kako bi poništio oznake)",
    "DeleteSelectedIndexersMessageText": "Jeste li sigurni da želite obrisati oznaku formata {0}?",
    "Label": "Oznaka",
    "AnalyticsEnabledHelpText": "Pošalji anonimnu informaciju o uporabi i pogreškama Radarr serverima. Ovo uključuje informacije o Vašem pregledniku, koje Radarr WebUI stranice koristite, prijave o greškama kao i o OS i runtime verziji. Ove podatke koristimo kako bismo dali prioritet značajkama i popravili greške.",
    "AuthenticationMethodHelpText": "Zahtjevaj korisničko ime i lozinku za pristup Radarru",
    "BackupFolderHelpText": "Relativne putanje će biti unutar Radarrovog AppData direktorija",
    "BranchUpdate": "Grana korištena za ažuriranje Radarra",
    "DeleteApplicationMessageText": "Jeste li sigurni da želite obrisati oznaku formata {0}?",
    "DeleteBackupMessageText": "Jeste li sigurni da želite obrisati oznaku formata {0}?",
    "DeleteDownloadClientMessageText": "Jeste li sigurni da želite obrisati oznaku formata {0}?",
    "DeleteIndexerProxyMessageText": "Jeste li sigurni da želite obrisati oznaku formata {0}?",
    "DeleteTagMessageText": "Jeste li sigurni da želite obrisati oznaku formata {0}?",
    "Season": "Sezona",
    "Episode": "epizoda",
    "Theme": "Tema",
    "AllIndexersHiddenDueToFilter": "Svi filmovi su skriveni zbog primjenjenog filtera.",
    "Publisher": "Izdavač",
    "Album": "album",
    "Artist": "umjetnik",
    "Size": "Veličina",
    "Sort": "Sortiraj",
    "QueryType": "Tip upita",
    "No": "Ne",
    "Stats": "Statistika",
    "Style": "Stil",
    "Year": "Godina",
    "Private": "Privatno",
    "RemoveFilter": "Ukloni filter",
    "Restart": "Resetiraj",
    "RestartNow": "Resetiraj sad",
    "RestartProwlarr": "Resetiraj {appName}",
    "Save": "Spremi",
    "SelectAll": "Odaberi sve",
    "Security": "Sigurnost",
    "System": "Sustav",
    "UnselectAll": "Odznači sve",
    "QueryResults": "Rezultati upita",
    "Version": "Verzija",
    "Options": "Opcije",
    "Source": "Izvor",
    "Status": "Status",
    "Ok": "Ok",
    "Parameters": "Parametri",
    "Query": "Upit",
    "Public": "Javno",
    "Tomorrow": "Sutra",
    "Today": "Danas",
    "Time": "Vrijeme",
    "Type": "Tip",
    "UseProxy": "Koristi proxy",
    "Yes": "Da",
    "YesCancel": "Da, otkaži",
    "Yesterday": "Jučer",
    "minutes": "minute",
    "days": "dani",
    "Redirect": "Preusmjeri",
    "SaveSettings": "Spremi postavke",
    "History": "Povijest",
    "Genre": "Žanr",
    "Health": "Zdravlje",
    "Name": "Ime",
    "Privacy": "Privatnost",
    "Priority": "Prioritet",
    "Url": "Url",
    "Result": "Rezultat",
    "SaveChanges": "Spremi izmjene",
    "DeleteAppProfileMessageText": "Jeste li sigurni da želite obrisati ovaj profil odgode?",
    "DisabledForLocalAddresses": "Onemogućeno za Lokalne Adrese",
    "ResetAPIKeyMessageText": "Jeste li sigurni da želite resetirati vaš API Ključ?",
    "AuthBasic": "Osnovno (Skočni prozor preglednika)",
    "AuthForm": "Forme (Login Stranica)",
    "Id": "ID",
    "CountApplicationsSelected": "{count} Kolekcija odabrano",
    "IndexerHDBitsSettingsCodecs": "Kodek",
    "Directory": "Direktorij",
    "BuiltIn": "Ugrađeno",
    "Redirected": "Preusmjeri",
    "AllSearchResultsHiddenByFilter": "Svi rezultati su skriveni zbog primjenjenog filtera"
}
