{
    "About": "Névjegy",
    "Analytics": "Analitika",
    "AddIndexer": "Indexelő hozzáadása",
    "AddingTag": "Címke hozzáadása",
    "Error": "Hiba",
    "DeleteTag": "Címke törlése",
    "EnableAutomaticSearchHelpText": "Akkor lesz használatos, ha automatikus keresést hajt végre a felhasználói felületen vagy a(z) {appName} alkalmazáson keresztül",
    "EnableAutomaticSearch": "Engedélyezd az Automatikus Keresést",
    "Enable": "Aktiválás",
    "EditIndexer": "Indexer Szerkesztése",
    "Edit": "Szerkeszt",
    "DownloadClientStatusSingleClientHealthCheckMessage": "Letöltőkliens hiba miatt nem elérhető: {downloadClientNames}",
    "DownloadClientStatusAllClientHealthCheckMessage": "Az összes letöltőkliens elérhetetlen, hiba miatt",
    "DownloadClientsSettingsSummary": "Letöltőkliens konfigurációja a {appName} felhasználói felület keresésbe történő integráláshoz",
    "DownloadClientSettings": "Letöltőkliens Beállítások",
    "DownloadClients": "Letöltő kliensek",
    "DownloadClient": "Letöltési kliens",
    "Docker": "Docker",
    "Disabled": "Tiltva",
    "Details": "részletek",
    "DeleteTagMessageText": "Biztosan törli a „{label}” címkét?",
    "DeleteNotificationMessageText": "Biztosan törli a(z) „{name}” értesítést?",
    "DeleteNotification": "Értesítés törlése",
    "DeleteDownloadClientMessageText": "Biztosan törli a(z) \"{name}\" letöltési klienst?",
    "DeleteDownloadClient": "Letöltőkliens törlése",
    "DeleteBackupMessageText": "Biztosan törli a '{name}' biztonsági mentést?",
    "DeleteBackup": "Biztonsági Mentés törlése",
    "Delete": "Törlés",
    "DatabaseMigration": "Adatbázis-migráció",
    "Dates": "Dátumok",
    "Date": "Dátum",
    "CustomFilters": "Egyedi Szűrők",
    "ConnectSettingsSummary": "Értesítések és egyéni szkriptek",
    "ConnectSettings": "Csatlakozási beállítások",
    "Connections": "Kapcsolatok",
    "ConnectionLost": "A kapcsolat megszakadt",
    "Connect": "Értesítések",
    "Component": "Összetevő",
    "Columns": "Oszlopok",
    "CloseCurrentModal": "Aktuális Mód Bezárása",
    "Close": "Bezárás",
    "CloneProfile": "Profil klónozása",
    "ClientPriority": "Kliens prioritás",
    "Clear": "Törölni",
    "ChangeHasNotBeenSavedYet": "A változások még nem lettek elmentve",
    "CertificateValidationHelpText": "Módosítsa a HTTPS tanúsítás szigorúságát",
    "CertificateValidation": "Tanúsítvány érvényesítése",
    "CancelPendingTask": "Biztosan törölni szeretné ezt a függőben lévő feladatot?",
    "Cancel": "Mégse",
    "BypassProxyForLocalAddresses": "Proxy megkerülése a helyi hálózatos címekhez",
    "BranchUpdateMechanism": "Külső frissítési mechanizmus által használt ág",
    "BranchUpdate": "A(z) {appName} frissítéséhez használt fiók",
    "Branch": "Ágazat",
    "BindAddressHelpText": "Érvényes IP-cím, localhost vagy '*' minden interfészhez",
    "BindAddress": "Kötési cím",
    "BeforeUpdate": "Frissítés előtt",
    "Backups": "Biztonsági mentések",
    "BackupRetentionHelpText": "A megőrzési időszaknál régebbi automatikus biztonsági másolatok automatikusan törlődnek",
    "BackupNow": "Biztonsági Mentés",
    "BackupIntervalHelpText": "Az automatikus biztonsági mentések közötti időköz",
    "BackupFolderHelpText": "A relatív elérési utak a(z) {appName} AppData könyvtárában találhatók",
    "Backup": "Biztonsági mentés",
    "AutomaticSearch": "Automatikus keresés",
    "Automatic": "Automatikus",
    "AnalyticsEnabledHelpText": "Névtelen használati és hibainformáció küldése {appName} szervereinek. Ez magában foglalja a böngészővel kapcsolatos információkat, a használt {appName} WebUI oldalakat, a hibajelentéseket, valamint az operációs rendszert és a futásidejű verziót. Ezeket az információkat a funkciók és a hibajavítások fontossági sorrendjének meghatározására fogjuk használni.",
    "AuthenticationMethodHelpText": "Felhasználónév és jelszó szükséges a(z) {appName} eléréséhez",
    "Authentication": "Hitelesítés",
    "ApplyTags": "Címkék alkalmazása",
    "Age": "Kor",
    "ApiKey": "API Kulcs",
    "All": "Összes",
    "AcceptConfirmationModal": "Változás Megerősítése",
    "Apply": "Alkamaz",
    "AppDataLocationHealthCheckMessage": "A frissítés nem lehetséges az alkalmazás adatok törlése nélkül",
    "AppDataDirectory": "AppData Könyvtár",
    "Added": "Hozzáadva",
    "Actions": "Teendők",
    "History": "Előzmény",
    "HideAdvanced": "Haladó Elrejtése",
    "HealthNoIssues": "Nincs hiba a konfigurációval",
    "Health": "Egészség",
    "GeneralSettingsSummary": "Port, SSL, felhasználónév / jelszó, proxy, elemzések, és frissítések",
    "ForMoreInformationOnTheIndividualDownloadClients": "Ha többet szeretnél megtudni a különböző letöltési kliensekről, kattints az információs gombokra.",
    "Folder": "Mappa",
    "FocusSearchBox": "Fókusz Keresőmező",
    "Fixed": "Rögzített",
    "FilterPlaceHolder": "Filmek Keresése",
    "Filter": "Szűrő",
    "Files": "Fájlok",
    "Filename": "Fájl név",
    "Failed": "Nem sikerült",
    "ExistingTag": "Létező címke",
    "Exception": "Kivétel",
    "EventType": "Esemény típus",
    "Events": "Események",
    "ErrorLoadingContents": "Hiba a tartalom betöltésekor",
    "EnableSslHelpText": " A hatálybalépéshez újra kell indítani rendszergazdaként",
    "EnableSSL": "SSL Engedélyezése",
    "EnableInteractiveSearchHelpText": "Interaktív keresés esetén lesz használatos",
    "EnableInteractiveSearch": "Interaktív Keresés Engedélyezése",
    "System": "Rendszer",
    "SuggestTranslationChange": "Javasolj fordítási változtatást",
    "Style": "Stílus",
    "Status": "Állapot",
    "StartupDirectory": "Indítási könyvtár",
    "StartTypingOrSelectAPathBelow": "Kezdd el gépelni, vagy válassz az alábbi útvonalak közül",
    "SSLPort": "SSL Port",
    "SSLCertPathHelpText": "A PFX fájl elérési útvonala",
    "SSLCertPath": "Az SSL tanúsítvány elérési útvonala",
    "SSLCertPasswordHelpText": "Jelszó a Pfx fájlhoz",
    "SSLCertPassword": "SSL Tanúsítvány jelszava",
    "Source": "Forrás",
    "Sort": "Fajta",
    "Size": "Méret",
    "Shutdown": "Leállitás",
    "ShowSearchHelpText": "Keresés gomb megjelenítése az egérrel",
    "ShowAdvanced": "Haladó nézet",
    "SettingsTimeFormat": "Időformátum",
    "SettingsShowRelativeDatesHelpText": "Relatív (Ma / Tegnap / stb.) vagy valós dátumok megjelenítése",
    "SettingsShowRelativeDates": "Relatív dátumok megjelenítése",
    "SettingsShortDateFormat": "Rövid dátumformátum",
    "SettingsLongDateFormat": "Hosszú dátumformátum",
    "SettingsEnableColorImpairedModeHelpText": "Megváltoztatott stílus, hogy a színtévesztő felhasználók jobban megkülönböztessék a színkódolt információkat",
    "SettingsEnableColorImpairedMode": "Színtévesztő mód bekapcsolása",
    "Settings": "Beállítások",
    "SendAnonymousUsageData": "Névtelen használati adatok küldése",
    "SelectAll": "Mindet kiválaszt",
    "Seeders": "Seederek",
    "Security": "Biztonság",
    "Search": "Keresés",
    "ScriptPath": "Script útvonal",
    "Scheduled": "Ütemezve",
    "SaveSettings": "Beállítások mentése",
    "SaveChanges": "Változtatások mentése",
    "Save": "Mentés",
    "RssIsNotSupportedWithThisIndexer": "Ez az indexelő nem támogatja az RSS-t",
    "Retention": "Visszatartás",
    "Result": "Eredmény",
    "RestoreBackup": "Biztonsági mentés visszaállítása",
    "Restore": "Visszaállít",
    "RestartRequiredHelpTextWarning": "Újraindítás szükséges az életbe lépéshez",
    "RestartProwlarr": "{appName} Újraindítása",
    "RestartNow": "Újraindítás most",
    "Restart": "Újrakezd",
    "ResetAPIKey": "API Kulcs Visszaállítása",
    "Reset": "Visszaállítás",
    "RemovingTag": "Címke eltávolítása",
    "RemoveFilter": "Szűrő Eltávolítás",
    "RemovedFromTaskQueue": "Eltávolítva a feladatsorból",
    "Reload": "Újratölt",
    "ReleaseStatus": "Kiadás státusza",
    "ReleaseBranchCheckOfficialBranchMessage": "A(z) {0} nem érvényes {appName} frissítési ágazat, ezért nem kap frissítéseket",
    "RefreshMovie": "Film frissítése",
    "Refresh": "Frissítés",
    "ReadTheWikiForMoreInformation": "További információkért olvassa el a Wikit",
    "ProwlarrSupportsAnyIndexer": "A {appName} számos indexert támogat, minden olyan indexelő mellett, amely a Newznab / Torznab szabványt használja, valamint a 'Generic Newznab' (usenethez) vagy a 'Generic Torznab' (torrentekhez) használatával. Keresés és az alább felsorolt indexelők kiválasztása.",
    "ProwlarrSupportsAnyDownloadClient": "A {appName} minden olyan letöltési klienst támogat, amely a Newznab szabványt használja, valamint az alább felsorolt letöltési klienseket.",
    "Queue": "Várakozási sor",
    "ProxyUsernameHelpText": "Csak akkor kell megadnia egy felhasználónevet és jelszót, ha szükséges. Ellenkező esetben hagyja üresen.",
    "ProxyType": "Proxy típus",
    "ProxyPasswordHelpText": "Csak akkor kell megadnia egy felhasználónevet és jelszót, ha szükséges. Ellenkező esetben hagyja üresen.",
    "ProxyResolveIpHealthCheckMessage": "Nem sikerült megoldani a konfigurált proxykiszolgáló IP-címét {proxyHostName}",
    "ProxyFailedToTestHealthCheckMessage": "Proxy tesztelése sikertelen: {url}",
    "ProxyBadRequestHealthCheckMessage": "Proxy tesztelése sikertelen. Állapotkód: {statusCode}",
    "ProxyBypassFilterHelpText": "Használja a ',' jelet elválasztóként és a '*' jelet. helyettesítő karakterként az aldomainekhez",
    "Proxy": "Proxy",
    "Protocol": "Protokoll",
    "Priority": "Prioritás",
    "PortNumber": "Port száma",
    "Port": "Port",
    "PendingChangesStayReview": "Maradjon és tekintse át a változtatásokat",
    "PendingChangesMessage": "Vannak nem mentett módosításai. Biztosan elhagyja ezt az oldalt?",
    "PendingChangesDiscardChanges": "Vesse el a változtatásokat, és lépjen ki",
    "Peers": "Peerek",
    "Password": "Jelszó",
    "PageSizeHelpText": "Az egyes oldalakon megjelenítendő elemek száma",
    "PageSize": "Oldal mérete",
    "PackageVersion": "Csomagverzió",
    "Options": "Lehetőségek",
    "OpenThisModal": "Nyissa meg ezt a modált",
    "OpenBrowserOnStart": "Indításkor nyissa meg a böngészőt",
    "OnHealthIssueHelpText": "Állapotprobléma",
    "Ok": "Ok",
    "OAuthPopupMessage": "A böngésződ blokkolja az előugró ablakokat",
    "NoUpdatesAreAvailable": "Nem érhetők el frissítések",
    "NoTagsHaveBeenAddedYet": "Még nem adtak hozzá címkéket",
    "NoLogFiles": "Nincsenek naplófájlok",
    "NoLeaveIt": "Nem, Hagyd",
    "NoChanges": "Nincs változás",
    "NoChange": "Nincs változás",
    "NoBackupsAreAvailable": "Nincsenek biztonsági mentések",
    "New": "Új",
    "NetCore": ".NET",
    "Name": "Név",
    "MovieIndexScrollTop": "Film Index: Görgess fel",
    "MovieIndexScrollBottom": "Film Index: Görgess le",
    "MoreInfo": "Több információ",
    "Mode": "Mód",
    "MIA": "MIA",
    "Message": "Üzenet",
    "Mechanism": "Gépezet",
    "Manual": "Kézi",
    "MaintenanceRelease": "Karbantartási kiadás: hibajavítások és egyéb fejlesztések. További részletekért lásd: Github Commit History",
    "Logs": "Naplók",
    "LogLevelTraceHelpTextWarning": "A nyomkövetési naplózást csak ideiglenesen szabad engedélyezni",
    "LogLevel": "Napló szint",
    "Logging": "Loggolás",
    "LogFiles": "Naplófájlok",
    "Level": "Szint",
    "LaunchBrowserHelpText": " Nyisson meg egy böngészőt, és az alkalmazás indításakor lépjen a {appName} kezdőlapjára.",
    "LastWriteTime": "Utolsó írási idő",
    "Language": "Nyelv",
    "KeyboardShortcuts": "Gyorsbillentyűket",
    "Interval": "Intervallum",
    "InteractiveSearch": "Interaktív Keresés",
    "Info": "Infó",
    "IndexerStatusUnavailableHealthCheckMessage": "Indexerek elérhetetlenek a következő hiba miatt: {indexerNames}",
    "Hostname": "Hosztnév",
    "Host": "Hoszt",
    "Grabbed": "Megragadta",
    "GeneralSettings": "Általános Beállítások",
    "General": "Általános",
    "UnableToLoadHistory": "Nem sikerült betölteni az előzményeket",
    "UnableToLoadGeneralSettings": "Nem sikerült betölteni az általános beállításokat",
    "DownloadClientsLoadError": "Nem sikerült betölteni a letöltőkliens(eke)t",
    "UnableToLoadBackups": "Biztonsági mentés(ek) betöltése sikertelen",
    "UnableToAddANewNotificationPleaseTryAgain": "Nem lehet új értesítést hozzáadni, próbálkozz újra.",
    "UnableToAddANewIndexerPleaseTryAgain": "Nem lehet új indexert hozzáadni, próbálkozz újra.",
    "UnableToAddANewDownloadClientPleaseTryAgain": "Nem lehet új letöltőklienst hozzáadni, próbálkozz újra.",
    "UISettingsSummary": "Dátum-, nyelv- és színtévesztő lehetőségek",
    "UISettings": "A felhasználói felület beállításai",
    "UILanguageHelpTextWarning": "Böngésző újratöltése szükséges",
    "UILanguageHelpText": "A {appName} által a felhasználói felülethez használt nyelv",
    "UILanguage": "Felület nyelve",
    "UI": "Felület",
    "Type": "Típus",
    "Torrents": "Torrentek",
    "Title": "Cím",
    "Time": "Idő",
    "TestAllClients": "Minden ügyfél tesztelése",
    "TestAll": "Összes Tesztelése",
    "Test": "Teszt",
    "Tasks": "Feladatok",
    "TagsSettingsSummary": "Tekintse meg az összes címkét és azok felhasználási módját. A fel nem használt címkék eltávolíthatók",
    "TagsHelpText": "Legalább egy megfelelő címkével rendelkező filmekre vonatkozik",
    "Tags": "Címkék",
    "TagIsNotUsedAndCanBeDeleted": "A címke nincs használatban, törölhető",
    "TagCannotBeDeletedWhileInUse": "Használat közben nem törölhető",
    "TableOptionsColumnsMessage": "Válasszd ki, mely oszlopok legyenek láthatóak, és milyen sorrendben jelenjenek meg",
    "SystemTimeCheckMessage": "A rendszeridő több mint 1 napja nem frissült. Előfordulhat, hogy az ütemezett feladatok az idő kijavításáig nem futnak megfelelően",
    "IndexerStatusAllUnavailableHealthCheckMessage": "Az összes indexer elérhetetlen hiba miatt",
    "Indexers": "Indexerek",
    "IndexerPriorityHelpText": "Indexelő prioritás 1-től (legmagasabb) 50-ig (legalacsonyabb). Alapértelmezés: 25.",
    "IndexerPriority": "Indexer Prioritása",
    "IndexerFlags": "Indexer Zászló",
    "Indexer": "Indexelő",
    "IncludeHealthWarningsHelpText": "Tartalmazza a Állapot Figyelmeztetéseket",
    "IllRestartLater": "Később Újraindítom",
    "IgnoredAddresses": "Ignorált címek",
    "YesCancel": "Igen, elvet",
    "Warn": "Figyelmeztetés",
    "View": "Nézet",
    "Version": "Verzió",
    "Username": "Felhasználónév",
    "UseProxy": "Proxy használata",
    "Usenet": "Usenet",
    "UrlBaseHelpText": "Fordított proxy támogatás esetén az alapértelmezett érték üres",
    "URLBase": "URL Bázis",
    "Uptime": "Üzemidő",
    "UpdateScriptPathHelpText": "Keresse meg az egyéni parancsfájl elérési útját, amely kibontott frissítési csomagot vesz fel, és kezeli a frissítési folyamat fennmaradó részét",
    "Updates": "Frissítések",
    "UpdateMechanismHelpText": "Használja a {appName} beépített frissítőjét vagy szkriptjét",
    "UpdateUiNotWritableHealthCheckMessage": "Nem lehet telepíteni a frissítést, mert a(z) „{uiFolder}” felhasználói felület mappát nem írhatja a „{userName}” felhasználó.",
    "UpdateStartupTranslocationHealthCheckMessage": "Nem lehet telepíteni a frissítést, mert a (z) „{startupFolder}” indítási mappa az Alkalmazások Transzlokációs mappájában található.",
    "UpdateStartupNotWritableHealthCheckMessage": "A frissítés nem telepíthető, mert a (z) „{startupFolder}” indítási mappát a „{userName}” felhasználó nem írhatja.",
    "UpdateAutomaticallyHelpText": "A frissítések automatikus letöltése és telepítése. A Rendszer: Frissítések alkalmazásból továbbra is telepíteni tudja",
    "UnselectAll": "Minden kijelölés megszüntetése",
    "UnsavedChanges": "Nem mentett változások",
    "UnableToLoadUISettings": "Nem sikerült betölteni a felhasználói felület beállításait",
    "UnableToLoadTags": "Nem sikerült betölteni a címkéket",
    "UnableToLoadNotifications": "Nem sikerült betölteni az Értesítéseket",
    "TableOptions": "Táblázat Beállítások",
    "ShowSearch": "Keresés mutatása",
    "SetTags": "Címkék beállítása",
    "NotificationTriggers": "Értesítési triggerek",
    "IndexerLongTermStatusUnavailableHealthCheckMessage": "Az összes indexer elérhetetlen több mint 6 órája, meghibásodás miatt: {indexerNames}",
    "IndexerLongTermStatusAllUnavailableHealthCheckMessage": "Az összes indexer elérhetetlen több mint 6 órája, meghibásodás miatt",
    "SettingsLogSql": "SQL naplózás",
    "IndexerRss": "Indexer Rss",
    "IndexerAuth": "Indexelő auth",
    "Yesterday": "Tegnap",
    "UnableToLoadDevelopmentSettings": "Nem sikerült betölteni a fejlesztési beállításokat",
    "Tomorrow": "Holnap",
    "Today": "Ma",
    "TestAllApps": "Összes alkalmazás tesztelése",
    "SyncAppIndexers": "Szinkronizálja az alkalmazás indexelőket",
    "SettingsSqlLoggingHelpText": "Naplózza az összes SQL-lekérdezést a {appName}-ból",
    "SettingsLogRotateHelpText": "A naplók mappába mentett naplófájlok maximális száma",
    "SettingsLogRotate": "Napló forgatása",
    "SettingsIndexerLoggingHelpText": "További Indexelő adatok naplózása a válaszokkal együtt",
    "SettingsIndexerLogging": "Továbbfejlesztett indexelő naplózás",
    "SettingsFilterSentryEventsHelpText": "Szűrje le az ismert felhasználói hibaeseményeket Analytics-küldésről",
    "SettingsFilterSentryEvents": "Az Analytics-események szűrése",
    "SettingsConsoleLogLevel": "Konzol naplószint",
    "SearchIndexers": "Indexelők keresése",
    "IndexerQuery": "Indexelő lekérdezés",
    "IndexerHealthCheckNoIndexers": "Nincs engedélyezve indexelő, a {appName} nem ad vissza keresési eredményeket",
    "EnableIndexer": "Indexelő engedélyezése",
    "IndexerObsoleteCheckMessage": "Az indexelők elavultak vagy frissültek: {0}. Kérjük, távolítsa el és (vagy) add újra a hozzá a {appName}-ba",
    "DevelopmentSettings": "Fejlesztési beállítások",
    "DeleteApplicationMessageText": "Biztosan törli a(z) „{0}” alkalmazást?",
    "DeleteApplication": "Alkalmazás törlése",
    "ClearHistoryMessageText": "Biztosan törlöd a {appName} összes előzményét?",
    "ClearHistory": "Előzmények törlése",
    "ApplicationStatusCheckSingleClientMessage": "Az alkalmazás nem áll rendelkezésre az alábbi hibák miatt: {0}",
    "ApplicationStatusCheckAllClientMessage": "Összes alkalmazás elérhetetlen hiba miatt",
    "AllIndexersHiddenDueToFilter": "Az összes indexelő rejtve van az alkalmazott szűrő miatt.",
    "AddToDownloadClient": "Kiadás hozzáadása a kliens letöltéséhez",
    "AddNewIndexer": "Új indexelő hozzáadása",
    "AddedToDownloadClient": "Kiadás hozzáadva a klienshez",
    "EnableRssHelpText": "RSS Engedélyezése az Indexerekhez",
    "EnableRss": "RSS Aktiválás",
    "Wiki": "Wiki",
    "Rss": "RSS",
    "RedirectHelpText": "Átirányítja a bejövő letöltési kérelmet az indexelő számára, és közvetlenül adja át a fájlt ahelyett, hogy a kérést a {appName}-en keresztül proxyba tenné",
    "Redirect": "Átirányítás",
    "Reddit": "Reddit",
    "HomePage": "Kezdőlap",
    "FeatureRequests": "Funkciókérés",
    "Discord": "Discord",
    "AppProfileSelectHelpText": "Az alkalmazásprofilok az RSS vezérlésére szolgálnak, Automatikus keresés és Interaktív keresés beállításai az alkalmazás szinkronizálásakor",
    "UnableToAddANewApplicationPleaseTryAgain": "Nem lehet új alkalmazást hozzáadni, próbálkozzon újra.",
    "UnableToAddANewAppProfilePleaseTryAgain": "Nem lehet új alkalmazásprofilt hozzáadni, próbálkozzon újra.",
    "AddDownloadClient": "Letöltési kliens hozzáadása",
    "Applications": "Alkalmazások",
    "AppProfileInUse": "Használatban lévő alkalmazásprofil",
    "Apps": "Appok",
    "Auth": "Engedélyek",
    "Category": "Kategória",
    "CouldNotConnectSignalR": "Nem sikerült csatlakozni a SignalR-hez, a felhasználói felület nem frissül",
    "Custom": "Egyedi",
    "DeleteAppProfile": "Alkalmazásprofil törlése",
    "Description": "Leírás",
    "Donations": "Adományok",
    "Enabled": "Engedélyezve",
    "Encoding": "Kódolás",
    "Grabs": "Megfogások",
    "Id": "Azonosító",
    "NotificationTriggersHelpText": "Válassza ki, hogy mely események váltsák ki ezt az értesítést",
    "Presets": "Előbeállítások",
    "Privacy": "Titkosítás",
    "Query": "Lekérdezés",
    "Stats": "Statisztikák",
    "Torrent": "Torrent",
    "UnableToLoadAppProfiles": "Nem sikerült betölteni az alkalmazásprofilokat",
    "SyncLevelFull": "Teljes szinkronizálás: Az alkalmazás indexereit teljesen szinkronban tartja. A {appName} indexerein végrehajtott módosítások ezután szinkronizálódnak ezzel az alkalmazással. A {appName} a következő szinkronizáláskor felülírja az indexerekben távolról végrehajtott módosításokat.",
    "SyncLevelAddRemove": "Hozzáadás és eltávolítás: Ha indexereket ad hozzá vagy távolít el a {appName}-ból, az frissíti ezt a távoli alkalmazást.",
    "SyncLevel": "Szinkronizálás Szintje",
    "FullSync": "Teljes Szinkron",
    "AddRemoveOnly": "Csak hozzáadás és eltávolítás",
    "AddDownloadClientToProwlarr": "Letöltőkliens hozzáadásával a {appName} kézi keresés közben közvetlenül a felhasználói felületről küldhet kiadásokat.",
    "Add": "Hozzáadás",
    "NoSearchResultsFound": "Nincs találat. Próbálkozzon új kereséssel.",
    "AppSettingsSummary": "Alkalmazások és beállítások a {appName} interakciójának beállításához a PVR programjaiddal",
    "DeleteIndexerProxy": "Indexer Proxy törlése",
    "DeleteIndexerProxyMessageText": "Biztosan törlöd a(z) „{0}” proxyt?",
    "IndexerProxies": "Indexer Proxy(k)",
    "IndexerProxyStatusAllUnavailableHealthCheckMessage": "Az összes Proxy elérhetetlen, hiba miatt",
    "IndexerProxyStatusUnavailableHealthCheckMessage": "Proxyk elérhetetlenek az alábbi hibák miatt: {indexerProxyNames}",
    "IndexerTagsHelpText": "Címkék segítségével megadhatod az indexer proxykat amelyekkel az indexer szinkronizálva van, vagy egyszerűen az indexelők rendszerezéséhez.",
    "UnableToLoadIndexerProxies": "Nem lehet betölteni az Indexer Proxyt",
    "AddIndexerProxy": "Indexer Proxy hozzáadása",
    "IndexerSettingsSummary": "Konfigurálja a különböző globális indexer beállításokat, beleértve a proxykat is.",
    "Notifications": "Értesítések",
    "UnableToAddANewIndexerProxyPleaseTryAgain": "Nem lehet új Indexer Proxyt hozzáadni, próbálja újra.",
    "IndexerVipExpiredHealthCheckMessage": "Az Indexer VIP előnyei lejártak: {indexerNames}",
    "IndexerVipExpiringHealthCheckMessage": "Az Indexer VIP előnyei hamarosan lejárnak: {indexerNames}",
    "IndexerProxy": "Indexelő Proxy",
    "NoLinks": "Nincsenek Linkek",
    "Notification": "Értesítés",
    "BookSearch": "Könyv kereső",
    "TvSearch": "TV keresés",
    "AudioSearch": "Hang keresés",
    "MovieSearch": "Film Kereső",
    "QueryOptions": "Lekérdezési beállítások",
    "SearchType": "Keresés típusa",
    "Categories": "Kategóriák",
    "Database": "Adatbázis",
    "Filters": "Szűrők",
    "HistoryCleanup": "Előzmények törlése",
    "HistoryCleanupDaysHelpText": "Állítsd 0-ra az automatikus tisztítás letiltásához",
    "HistoryCleanupDaysHelpTextWarning": "A kiválasztott napszámnál régebbi előzmények automatikusan törlődnek",
    "IndexerAlreadySetup": "Az indexelő legalább egy példánya már be van állítva",
    "IndexerInfo": "Indexer információ",
    "IndexerNoDefinitionCheckHealthCheckMessage": "Az indexereknek nincs definíciójuk, és nem működnek: {0}. Kérjük, távolítsa el és (vagy) adja hozzá újra a {appName}hoz",
    "MassEditor": "Tömeges szerkesztő",
    "OnApplicationUpdate": "Alkalmazásfrissítésről",
    "OnApplicationUpdateHelpText": "Alkalmazásfrissítésről",
    "OnGrab": "Kiválasztás alatt",
    "OnHealthIssue": "Állapotprobléma",
    "Private": "Privát",
    "Proxies": "Proxyk",
    "Public": "Publikus",
    "QueryResults": "Lekérdezési eredmények",
    "SemiPrivate": "Fél-Privát",
    "TestAllIndexers": "Tesztelje az összes indexelőt",
    "ApplicationsLoadError": "Nem sikerült betölteni az alkalmazáslistát",
    "Url": "URL",
    "UserAgentProvidedByTheAppThatCalledTheAPI": "Az API-t hívó alkalmazás biztosítja a User-Agent szolgáltatást",
    "Website": "Weboldal",
    "Application": "Alkalmazások",
    "GrabReleases": "Release megragadása",
    "UnableToLoadIndexers": "Nem lehet betölteni az indexereket",
    "Yes": "Igen",
    "Link": "Linkek",
    "MappedDrivesRunningAsService": "A hozzárendelt hálózati meghajtók nem érhetők el, ha Windows szolgáltatásként futnak. További információkért olvasd át a GYIK-et",
    "No": "Nem",
    "SearchTypes": "Keresés típusa",
    "BookSearchTypes": "Könyvkeresés típusai",
    "IndexerDetails": "Indexer adatai",
    "IndexerName": "Indexer neve",
    "IndexerSite": "Indexer oldal",
    "MovieSearchTypes": "Filmkeresés típusai",
    "MusicSearchTypes": "Zenekeresés típusai",
    "NotSupported": "Nem támogatott",
    "RawSearchSupported": "Nyers keresés támogatott",
    "SearchCapabilities": "Keresési lehetőségek",
    "TVSearchTypes": "TV-Sorozat keresési típusok",
    "MinimumSeeders": "Minimális Seederek Száma",
    "SyncProfile": "Szinkronizálási profil",
    "SyncProfiles": "Szinkronizálási profilok",
    "AddSyncProfile": "Szinkronizálási profil hozzáadása",
    "EditSyncProfile": "Szinkronizálási profil szerkesztése",
    "MinimumSeedersHelpText": "Az alkalmazás által megkövetelt minimális Seeder az indexer számára",
    "InstanceName": "Példány Neve",
    "InstanceNameHelpText": "Példánynév a böngésző lapon és a syslog alkalmazás neve",
    "ThemeHelpText": "Változtasd meg az alkalmazás felhasználói felület témáját. Az „Auto” téma az operációs rendszer témáját használja a Világos vagy Sötét mód beállításához. Ihlette: {0}",
    "Duration": "Időtartam",
    "ElapsedTime": "Eltelt idő",
    "EnabledRedirected": "Engedélyezve, átirányítva",
    "Ended": "Vége lett",
    "GrabTitle": "Cím megragadása",
    "LastDuration": "Utolsó időtartam",
    "LastExecution": "Utolsó végrehajtás",
    "Parameters": "Paraméterek",
    "Queued": "Sorban",
    "Started": "Elindult",
    "NextExecution": "Következő végrehajtás",
    "ApplicationLongTermStatusCheckSingleClientMessage": "Az alkamazások elérhetetlenek több mint 6 órája az alábbi hiba miatt: {0}",
    "ApplicationLongTermStatusCheckAllClientMessage": "Az összes alkalmazás elérhetetlen több mint 6 órája meghibásodás miatt",
    "AreYouSureYouWantToDeleteCategory": "Biztosan törölni szeretnéd a leképezett kategóriát?",
    "DeleteClientCategory": "Letöltési kliens kategória törlése",
    "MappedCategories": "Térképezett kategóriák",
    "DownloadClientCategory": "Letöltési kliens kategória",
    "AuthenticationRequired": "Azonosítás szükséges",
    "AuthenticationRequiredHelpText": "Módosítsa, hogy mely kérésekhez van szükség hitelesítésre. Ne változtasson, hacsak nem érti a kockázatokat.",
    "AuthenticationRequiredWarning": "A hitelesítés nélküli távoli hozzáférés megakadályozása érdekében a(z) {appName} alkalmazásnak engedélyeznie kell a hitelesítést. Opcionálisan letilthatja a helyi címekről történő hitelesítést.",
    "TheLatestVersionIsAlreadyInstalled": "A {appName} legújabb verziója már telepítva van",
    "Remove": "Eltávolítás",
    "Replace": "Kicserél",
    "ApplicationURL": "Alkalmazás URL",
    "ApplicationUrlHelpText": "Ennek az alkalmazásnak a külső URL-címe, beleértve a http-eket",
    "More": "Több",
    "Publisher": "Kiadó",
    "ApplyChanges": "Változások alkalmazása",
    "ApplyTagsHelpTextReplace": "Csere: Cserélje ki a címkéket a megadott címkékkel (az összes címke törléséhez ne írjon be címkéket)",
    "EditSelectedIndexers": "Kiválasztott indexelők szerkesztése",
    "ApplyTagsHelpTextAdd": "Hozzáadás: Adja hozzá a címkéket a meglévő címkék listájához",
    "ApplyTagsHelpTextHowToApplyApplications": "Hogyan adjunk hozzá címkéket a kiválasztott filmhez",
    "ApplyTagsHelpTextHowToApplyIndexers": "Címkék alkalmazása a kiválasztott indexelőkre",
    "ApplyTagsHelpTextRemove": "Eltávolítás: Távolítsa el a beírt címkéket",
    "CountIndexersSelected": "{count} indexelő(k) kiválasztva",
    "DeleteSelectedDownloadClients": "Letöltési kliens(ek) törlése",
    "DownloadClientPriorityHelpText": "Priorizálj több letöltési klienst. A Round-Robint azonos prioritású letöltőkliensek használják.",
    "EditSelectedDownloadClients": "Kijelölt letöltési kliensek szerkesztése",
    "Label": "Címke",
    "SelectIndexers": "Indexelők keresése",
    "ApiKeyValidationHealthCheckMessage": "Kérlek frissítsd az API kulcsot, ami legalább {length} karakter hosszú. Ezt megteheted a Beállításokban, vagy a config file-ban",
    "Episode": "Epizód",
    "Genre": "Műfajok",
    "Theme": "Téma",
    "Track": "Dal",
    "UpdateAvailableHealthCheckMessage": "Új frissítés elérhető",
    "Year": "Év",
    "Book": "Könyv",
    "Season": "Évad",
    "Album": "Album",
    "Artist": "Előadó",
    "Author": "Szerző",
    "ConnectionLostReconnect": "A(z) {appName} automatikusan megpróbál csatlakozni, vagy kattintson az újratöltés gombra lent.",
    "DeleteAppProfileMessageText": "Biztosan törli a {0} minőségi profilt?",
    "RecentChanges": "Friss változások",
    "WhatsNew": "Mi az újdonság?",
    "ConnectionLostToBackend": "A(z) {appName} megszakadt a kapcsolat a háttérrendszerrel, ezért újra kell tölteni a működés visszaállításához.",
    "minutes": "percek",
    "AddConnection": "Csatlakozás hozzáadása",
    "NotificationStatusAllClientHealthCheckMessage": "Az összes értesítés nem érhető el hibák miatt",
    "NotificationStatusSingleClientHealthCheckMessage": "Az alkalmazás nem áll rendelkezésre az alábbi hibák miatt: {notificationNames}",
    "AuthBasic": "Alap (böngésző előugró ablak)",
    "AuthForm": "Űrlapok (bejelentkezési oldal)",
    "DisabledForLocalAddresses": "Helyi címeknél letiltva",
    "None": "Egyik sem",
    "ResetAPIKeyMessageText": "Biztosan visszaállítja API-kulcsát?",
    "AuthenticationRequiredPasswordHelpTextWarning": "Adjon meg új jelszót",
    "AuthenticationRequiredUsernameHelpTextWarning": "Adjon meg új felhasználónevet",
    "AppUpdated": "{appName} frissítve",
    "AddApplication": "Alkalmazás hozzáadása",
    "AddCustomFilter": "Egyéni szűrő hozzáadása",
    "Clone": "Klón",
    "Implementation": "Végrehajtás",
    "AddConnectionImplementation": "Csatlakozás hozzáadása - {implementationName}",
    "AddDownloadClientImplementation": "Letöltési kliens hozzáadása – {implementationName}",
    "AddIndexerImplementation": "Indexelő hozzáadása - {implementationName}",
    "ActiveApps": "Aktív alkalmazások",
    "ActiveIndexers": "Indexerek",
    "AuthenticationMethod": "Hitelesítési Módszer",
    "AuthenticationMethodHelpTextWarning": "Kérjük, válasszon érvényes hitelesítési módot",
    "AuthenticationRequiredPasswordConfirmationHelpTextWarning": "Erősítsd meg az új jelszót",
    "DefaultNameCopiedProfile": "{name} - Másolat",
    "EditConnectionImplementation": "Kapcsolat szerkesztése - {implementationName}",
    "EditIndexerProxyImplementation": "Indexelő hozzáadása - {megvalósítás neve}",
    "AddApplicationImplementation": "Csatlakozás hozzáadása - {implementationName}",
    "AddIndexerProxyImplementation": "Indexelő hozzáadása - {implementationName}",
    "EditIndexerImplementation": "Indexelő szerkesztése – {implementationName}",
    "EditApplicationImplementation": "Csatlakozás hozzáadása - {megvalósítás neve}",
    "EditDownloadClientImplementation": "Letöltési kliens szerkesztése – {implementationName}",
    "NoIndexersFound": "Nem található indexelő",
    "NoDownloadClientsFound": "Nem találhatók letöltő kliensek",
    "AdvancedSettingsShownClickToHide": "Haladó beállítások megjelenítve, kattints az elrejtéshez",
    "AdvancedSettingsHiddenClickToShow": "Haladó beállítások rejtve, kattints a megjelenítéshez",
    "AppUpdatedVersion": "{appName} frissítve lett `{version}` verzióra, ahhoz hogy a legutóbbi változtatások életbelépjenek, töltsd újra a {appName}-t",
    "AddCategory": "Kategória hozzáadása",
    "External": "Külső",
    "NoHistoryFound": "Nem található előzmény",
    "InvalidUILanguage": "A felhasználói felület érvénytelen nyelvre van állítva, javítsa ki, és mentse el a beállításait",
    "ManageDownloadClients": "Letöltési kliensek kezelése",
    "DownloadClientAriaSettingsDirectoryHelpText": "Választható hely a letöltések elhelyezéséhez, hagyja üresen az alapértelmezett Aria2 hely használatához",
    "DeleteSelectedIndexersMessageText": "Biztosan törölni szeretne {count} kiválasztott indexelőt?",
    "DownloadClientQbittorrentSettingsContentLayout": "Tartalom elrendezése",
    "DownloadClientQbittorrentSettingsContentLayoutHelpText": "Függetlenül attól, hogy a qBittorrent konfigurált tartalomelrendezését használja, az eredeti elrendezést a torrentből, vagy mindig hozzon létre egy almappát (qBittorrent 4.3.2)",
    "DeleteSelectedDownloadClientsMessageText": "Biztosan törölni szeretné a kiválasztott {count} letöltési klienst?",
    "CountDownloadClientsSelected": "{count} letöltési kliens kiválasztva",
    "StopSelecting": "Kiválasztás leállítása",
    "days": "napok",
    "DeleteSelectedApplicationsMessageText": "Biztosan törölni szeretne {count} kiválasztott importlistát?",
    "CountApplicationsSelected": "{count} Gyűjtemény(ek) kiválasztva",
    "ManageClients": "Ügyfelek kezelése",
    "IndexerDownloadClientHealthCheckMessage": "Indexelők érvénytelen letöltési kliensekkel: {indexerNames}.",
    "PasswordConfirmation": "Jelszó megerősítése",
    "SecretToken": "Titkos token",
    "UseSsl": "SSL használata",
    "Donate": "Adományoz",
    "IndexerBeyondHDSettingsSearchTypes": "Keresés típusa",
    "Mixed": "Mixed",
    "TorrentBlackholeSaveMagnetFiles": "Magnet fájlok mentése",
    "DownloadClientSettingsInitialState": "Kezdeti állapot",
    "DownloadClientSettingsInitialStateHelpText": "A torrentek kezdeti állapota hozzáadva a következőhöz {clientName}",
    "DownloadClientTransmissionSettingsDirectoryHelpText": "Választható hely a letöltések elhelyezéséhez, hagyja üresen az alapértelmezett Aria2 hely használatához",
    "IndexerHDBitsSettingsCodecs": "Kodek",
    "IndexerHDBitsSettingsMediums": "Közepes",
    "BlackholeFolderHelpText": "Mappa, amelyben az {appName} tárolja az {extension} fájlt",
    "Destination": "Rendeltetési hely",
    "Directory": "Könyvtár",
    "DownloadClientFloodSettingsAdditionalTags": "További címkék",
    "DownloadClientFloodSettingsAdditionalTagsHelpText": "Hozzáadja a média tulajdonságait címkékként. A tippek példák.",
    "TorrentBlackholeSaveMagnetFilesExtension": "Magnet Files kiterjesztés mentése",
    "TorrentBlackholeTorrentFolder": "Torrent mappa",
    "DownloadClientDelugeSettingsUrlBaseHelpText": "Előtagot ad a deluge json URL-hez, lásd: {url}",
    "CustomFilter": "Egyedi Szűrők",
    "DownloadClientDownloadStationSettingsDirectoryHelpText": "Opcionális megosztott mappa a letöltések elhelyezéséhez, hagyja üresen az alapértelmezett Download Station hely használatához",
    "DownloadClientRTorrentSettingsDirectoryHelpText": "Választható hely a letöltések elhelyezéséhez, hagyja üresen az alapértelmezett Aria2 hely használatához",
    "DownloadClientSettingsUseSslHelpText": "Biztonságos kapcsolat használata, amikor a(z) {clientName} szolgáltatással csatlakozik",
    "GrabRelease": "Release megragadása",
    "ManualGrab": "Megfog",
    "PrioritySettings": "Prioritás: {priority}",
    "ProxyValidationBadRequest": "Proxy tesztelése sikertelen. Állapotkód: {statusCode}",
    "Default": "Alapértelmezett",
    "BuiltIn": "Beépített",
    "Script": "Szkript",
    "Any": "Bármi",
    "PublishedDate": "Közzététel dátuma",
    "Redirected": "Átirányítás",
    "AllSearchResultsHiddenByFilter": "Az alkalmazott szűrők miatt, az összes keresési eredmény rejtve marad"
}
