{
    "Add": "إضافة",
    "AddDownloadClient": "إضافة وكيل التحميل",
    "About": "نبدة عن",
    "AcceptConfirmationModal": "نموذج قبول التأكيد",
    "Actions": "أجراءات",
    "MoreInfo": "مزيد من المعلومات",
    "BranchUpdateMechanism": "يستخدم الفرع بواسطة آلية التحديث الخارجية",
    "Added": "مضاف",
    "AddIndexer": "أضف مفهرس",
    "AddingTag": "مضيفا العلامة",
    "AllIndexersHiddenDueToFilter": "جميع الأفلام مخفية بسبب الفلتر المطبق.",
    "ApplicationStatusCheckAllClientMessage": "جميع القوائم غير متاحة بسبب الإخفاقات",
    "ApplicationStatusCheckSingleClientMessage": "القوائم غير متاحة بسبب الإخفاقات: {0}",
    "Authentication": "المصادقة",
    "BackupIntervalHelpText": "الفاصل الزمني بين النسخ الاحتياطية التلقائية",
    "BackupNow": "اعمل نسخة احتياطية الان",
    "BackupRetentionHelpText": "سيتم تنظيف النسخ الاحتياطية التلقائية الأقدم من فترة الاحتفاظ تلقائيًا",
    "Backups": "النسخ الاحتياطية",
    "BindAddressHelpText": "عنوان IP4 صالح أو \"*\" لجميع الواجهات",
    "BypassProxyForLocalAddresses": "تجاوز الوكيل للعناوين المحلية",
    "Cancel": "إلغاء",
    "CertificateValidation": "التحقق من صحة الشهادة",
    "Custom": "مخصص",
    "CustomFilters": "مرشحات مخصصة",
    "Date": "تاريخ",
    "DeleteApplicationMessageText": "هل تريد بالتأكيد حذف الإشعار \"{0}\"؟",
    "DeleteDownloadClient": "حذف Download Client",
    "DeleteDownloadClientMessageText": "هل أنت متأكد أنك تريد حذف برنامج التنزيل \"{0}\"؟",
    "Filename": "اسم الملف",
    "HomePage": "الصفحة الرئيسية",
    "IndexerProxyStatusUnavailableHealthCheckMessage": "المفهرسات غير متاحة بسبب الإخفاقات: {indexerProxyNames}",
    "Language": "لغة",
    "Usenet": "يوزنت",
    "MovieIndexScrollTop": "فهرس الفيلم: قم بالتمرير لأعلى",
    "New": "جديد",
    "NoLinks": "لا روابط",
    "PackageVersion": "إصدار الحزمة",
    "PageSizeHelpText": "عدد العناصر التي سيتم عرضها في كل صفحة",
    "Peers": "الأقران",
    "PendingChangesMessage": "لديك تغييرات لم يتم حفظها ، هل أنت متأكد أنك تريد مغادرة هذه الصفحة؟",
    "PendingChangesStayReview": "البقاء ومراجعة التغييرات",
    "PortNumber": "رقم المنفذ",
    "Presets": "الإعدادات المسبقة",
    "Priority": "أفضلية",
    "Age": "عمر",
    "Protocol": "بروتوكول",
    "Analytics": "تحليلات",
    "ProxyBypassFilterHelpText": "استخدم \"،\" كفاصل ، و \"*.\" كحرف بدل للنطاقات الفرعية",
    "ProxyBadRequestHealthCheckMessage": "فشل اختبار الوكيل. رمز الحالة: {statusCode}",
    "ProxyFailedToTestHealthCheckMessage": "فشل اختبار الوكيل: {url}",
    "ProxyPasswordHelpText": "ما عليك سوى إدخال اسم مستخدم وكلمة مرور إذا كان أحدهما مطلوبًا. اتركها فارغة وإلا.",
    "ProxyUsernameHelpText": "ما عليك سوى إدخال اسم مستخدم وكلمة مرور إذا كان أحدهما مطلوبًا. اتركها فارغة وإلا.",
    "Queue": "طابور",
    "ReadTheWikiForMoreInformation": "اقرأ Wiki لمزيد من المعلومات",
    "Reddit": "رديت",
    "Security": "الأمان",
    "Seeders": "بزار",
    "SelectAll": "اختر الكل",
    "SendAnonymousUsageData": "إرسال بيانات الاستخدام المجهولة",
    "Style": "أسلوب",
    "SystemTimeHealthCheckMessage": "توقف وقت النظام بأكثر من يوم واحد. قد لا تعمل المهام المجدولة بشكل صحيح حتى يتم تصحيح الوقت",
    "TableOptionsColumnsMessage": "اختر الأعمدة المرئية والترتيب الذي تظهر به",
    "TagCannotBeDeletedWhileInUse": "لا يمكن حذفه أثناء الاستخدام",
    "Tasks": "مهام",
    "UnableToAddANewAppProfilePleaseTryAgain": "غير قادر على إضافة ملف تعريف جودة جديد ، يرجى المحاولة مرة أخرى.",
    "UnableToAddANewDownloadClientPleaseTryAgain": "غير قادر على إضافة عميل تنزيل جديد ، يرجى المحاولة مرة أخرى.",
    "UnableToAddANewIndexerPleaseTryAgain": "غير قادر على إضافة مفهرس جديد ، يرجى المحاولة مرة أخرى.",
    "BackupsLoadError": "تعذر تحميل النسخ الاحتياطية",
    "UnsavedChanges": "التغييرات غير المحفوظة",
    "UpdateUiNotWritableHealthCheckMessage": "لا يمكن تثبيت التحديث لأن مجلد واجهة المستخدم '{uiFolder}' غير قابل للكتابة بواسطة المستخدم '{userName}'",
    "UpdateScriptPathHelpText": "المسار إلى برنامج نصي مخصص يأخذ حزمة تحديث مستخرجة ويتعامل مع ما تبقى من عملية التحديث",
    "Username": "اسم المستخدم",
    "Warn": "حذر",
    "Yesterday": "في الامس",
    "EnableInteractiveSearch": "تمكين البحث التفاعلي",
    "Source": "مصدر",
    "SSLCertPassword": "كلمة مرور شهادة SSL",
    "UpdateStartupNotWritableHealthCheckMessage": "لا يمكن تثبيت التحديث لأن مجلد بدء التشغيل \"{startupFolder}\" غير قابل للكتابة بواسطة المستخدم \"{userName}\".",
    "UpdateMechanismHelpText": "استخدم المحدث أو البرنامج النصي المدمج في {appName}",
    "AppDataDirectory": "دليل AppData",
    "ConnectSettings": "ربط الإعدادات",
    "CouldNotConnectSignalR": "تعذر الاتصال بـ SignalR ، لن يتم تحديث واجهة المستخدم",
    "Dates": "تواريخ",
    "DatabaseMigration": "ترحيل DB",
    "Delete": "حذف",
    "Details": "تفاصيل",
    "Donations": "التبرعات",
    "DownloadClient": "تحميل العميل",
    "IndexerStatusAllUnavailableHealthCheckMessage": "جميع المفهرسات غير متوفرة بسبب الفشل",
    "IndexerStatusUnavailableHealthCheckMessage": "المفهرسات غير متاحة بسبب الإخفاقات: {indexerNames}",
    "Info": "معلومات",
    "Interval": "فترة",
    "Manual": "كتيب",
    "General": "جنرال لواء",
    "GeneralSettings": "الاعدادات العامة",
    "Grabbed": "اقتطف",
    "AppDataLocationHealthCheckMessage": "لن يكون التحديث ممكنًا لمنع حذف AppData عند التحديث",
    "AutomaticSearch": "البحث التلقائي",
    "Backup": "دعم",
    "BackupFolderHelpText": "ستكون المسارات النسبية ضمن دليل AppData الخاص بـ {appName}",
    "BeforeUpdate": "قبل التحديث",
    "BindAddress": "عنوان ملزم",
    "CertificateValidationHelpText": "تغيير مدى صرامة التحقق من صحة شهادة HTTPS",
    "CloneProfile": "الملف الشخصي استنساخ",
    "Close": "قريب",
    "CloseCurrentModal": "إغلاق Modal الحالي",
    "Columns": "الأعمدة",
    "Component": "مكون",
    "DeleteBackup": "حذف النسخة الاحتياطية",
    "DeleteBackupMessageText": "هل تريد بالتأكيد حذف النسخة الاحتياطية \"{0}\"؟",
    "DownloadClientSettings": "تنزيل إعدادات العميل",
    "EnableInteractiveSearchHelpText": "سيتم استخدامها عند استخدام البحث التفاعلي",
    "EnableRss": "تمكين RSS",
    "EnableSSL": "تمكين SSL",
    "EnableSslHelpText": " يتطلب إعادة التشغيل قيد التشغيل كمسؤول ليصبح ساري المفعول",
    "Error": "خطأ",
    "ErrorLoadingContents": "خطأ في تحميل المحتويات",
    "Events": "الأحداث",
    "EventType": "نوع الحدث",
    "Exception": "استثناء",
    "Files": "الملفات",
    "Filter": "منقي",
    "FocusSearchBox": "التركيز على مربع البحث",
    "Folder": "مجلد",
    "Health": "الصحة",
    "NoIssuesWithYourConfiguration": "لا مشاكل مع التكوين الخاص بك",
    "Host": "مضيف",
    "IllRestartLater": "سأعيد التشغيل لاحقًا",
    "IncludeHealthWarningsHelpText": "قم بتضمين التحذيرات الصحية",
    "Indexer": "مفهرس",
    "IndexerFlags": "أعلام المفهرس",
    "IndexerLongTermStatusAllUnavailableHealthCheckMessage": "جميع المفهرسات غير متوفرة بسبب الفشل لأكثر من 6 ساعات",
    "IndexerLongTermStatusUnavailableHealthCheckMessage": "المفهرسات غير متاحة بسبب الإخفاقات لأكثر من 6 ساعات: {indexerNames}",
    "IndexerPriorityHelpText": "أولوية المفهرس من 1 (الأعلى) إلى 50 (الأدنى). الافتراضي: 25.",
    "IndexerProxyStatusAllUnavailableHealthCheckMessage": "جميع المفهرسات غير متوفرة بسبب الفشل",
    "NoChange": "لا تغيير",
    "NoLogFiles": "لا توجد ملفات سجل",
    "NoTagsHaveBeenAddedYet": "لم يتم إضافة أي علامات حتى الان",
    "NotificationTriggers": "مشغلات الإخطار",
    "NoUpdatesAreAvailable": "لا توجد تحديثات متوفرة",
    "OAuthPopupMessage": "يتم حظر النوافذ المنبثقة بواسطة متصفحك",
    "OnHealthIssueHelpText": "في قضية الصحة",
    "OpenBrowserOnStart": "افتح المتصفح عند البدء",
    "OpenThisModal": "افتح هذا النموذج",
    "SSLCertPathHelpText": "مسار ملف pfx",
    "ReleaseBranchCheckOfficialBranchMessage": "الفرع {0} ليس فرع إصدار {appName} صالح ، لن تتلقى تحديثات",
    "RemovedFromTaskQueue": "تمت إزالته من قائمة انتظار المهام",
    "RemoveFilter": "قم بإزالة الفلتر",
    "RemovingTag": "إزالة العلامة",
    "Reset": "إعادة تعيين",
    "ResetAPIKey": "إعادة تعيين مفتاح API",
    "RssIsNotSupportedWithThisIndexer": "لا يتم دعم RSS مع هذا المفهرس",
    "Save": "حفظ",
    "ScriptPath": "مسار البرنامج النصي",
    "SettingsEnableColorImpairedMode": "تفعيل وضع ضعف الألوان",
    "SettingsEnableColorImpairedModeHelpText": "تم تغيير النمط للسماح للمستخدمين الذين يعانون من ضعف الألوان بتمييز المعلومات المشفرة بالألوان بشكل أفضل",
    "Time": "زمن",
    "Title": "عنوان",
    "Today": "اليوم",
    "ChangeHasNotBeenSavedYet": "لم يتم حفظ التغيير بعد",
    "Clear": "واضح",
    "ClientPriority": "أولوية العميل",
    "Tomorrow": "غدا",
    "Torrent": "السيول",
    "Torrents": "السيول",
    "ExistingTag": "علامة موجودة",
    "Failed": "فشل",
    "FeatureRequests": "طلبات مخصصة",
    "GeneralSettingsSummary": "المنفذ ، SSL ، اسم المستخدم / كلمة المرور ، الوكيل ، التحليلات والتحديثات",
    "Grabs": "إختطاف",
    "Type": "اكتب",
    "UI": "واجهة المستخدم",
    "HideAdvanced": "إخفاء الإعدادات المتقدمة",
    "History": "التاريخ",
    "Hostname": "اسم المضيف",
    "IgnoredAddresses": "العناوين التي تم تجاهلها",
    "UILanguage": "لغة واجهة المستخدم",
    "UILanguageHelpText": "اللغة التي سيستخدمها {appName} لواجهة المستخدم",
    "UILanguageHelpTextWarning": "يلزم إعادة تحميل المتصفح",
    "KeyboardShortcuts": "اختصارات لوحة المفاتيح",
    "LogFiles": "ملفات الدخول",
    "LogLevelTraceHelpTextWarning": "يجب تمكين تسجيل التتبع مؤقتًا فقط",
    "Name": "اسم",
    "NetCore": ".شبكة",
    "Password": "كلمه السر",
    "Proxy": "الوكيل",
    "ProxyResolveIpHealthCheckMessage": "فشل حل عنوان IP لمضيف الخادم الوكيل المكون {proxyHostName}",
    "ProxyType": "نوع الوكيل",
    "ReleaseStatus": "حالة الإصدار",
    "Search": "بحث",
    "SettingsShortDateFormat": "تنسيق التاريخ القصير",
    "SettingsShowRelativeDates": "إظهار التواريخ النسبية",
    "SettingsShowRelativeDatesHelpText": "عرض نسبي (اليوم / أمس / إلخ) أو التواريخ المطلقة",
    "StartTypingOrSelectAPathBelow": "ابدأ الكتابة أو حدد المسار أدناه",
    "StartupDirectory": "دليل بدء التشغيل",
    "SuggestTranslationChange": "اقترح تغيير الترجمة",
    "TableOptions": "خيارات الجدول",
    "TagsSettingsSummary": "اطلع على جميع العلامات وكيفية استخدامها. يمكن إزالة العلامات غير المستخدمة",
    "UnableToAddANewIndexerProxyPleaseTryAgain": "غير قادر على إضافة مفهرس جديد ، يرجى المحاولة مرة أخرى.",
    "UnableToAddANewNotificationPleaseTryAgain": "تعذر إضافة إشعار جديد ، يرجى المحاولة مرة أخرى.",
    "UnableToLoadGeneralSettings": "تعذر تحميل الإعدادات العامة",
    "UnableToLoadHistory": "تعذر تحميل التاريخ",
    "UnableToLoadNotifications": "تعذر تحميل الإخطارات",
    "UnselectAll": "إلغاء تحديد الكل",
    "URLBase": "قاعدة URL",
    "UrlBaseHelpText": "لدعم الوكيل العكسي ، الافتراضي فارغ",
    "UseProxy": "استخدام بروكسي",
    "View": "رأي",
    "Wiki": "ويكي",
    "YesCancel": "نعم إلغاء",
    "DeleteIndexerProxyMessageText": "هل أنت متأكد أنك تريد حذف العلامة \"{0}\"؟",
    "DeleteNotification": "حذف الإعلام",
    "DownloadClients": "تحميل العملاء",
    "DownloadClientStatusAllClientHealthCheckMessage": "جميع عملاء التنزيل غير متاحين بسبب الفشل",
    "DownloadClientStatusSingleClientHealthCheckMessage": "برامج التنزيل غير متاحة بسبب الإخفاقات: {downloadClientNames}",
    "Edit": "تعديل",
    "EditIndexer": "تحرير المفهرس",
    "Enable": "ممكن",
    "EnableAutomaticSearch": "تمكين البحث التلقائي",
    "Enabled": "ممكن",
    "IndexerPriority": "أولوية المفهرس",
    "Port": "ميناء",
    "SettingsTimeFormat": "تنسيق الوقت",
    "ShowAdvanced": "عرض متقدمة",
    "ShowSearch": "إظهار البحث",
    "ShowSearchHelpText": "إظهار زر البحث عند التمرير",
    "Shutdown": "اغلق",
    "Size": "بحجم",
    "Sort": "فرز",
    "SSLCertPasswordHelpText": "كلمة المرور لملف pfx",
    "SSLCertPath": "مسار شهادة SSL",
    "SSLPort": "منفذ SSL",
    "UpdateAutomaticallyHelpText": "تنزيل التحديثات وتثبيتها تلقائيًا. ستظل قادرًا على التثبيت من النظام: التحديثات",
    "All": "الكل",
    "AnalyticsEnabledHelpText": "إرسال معلومات الاستخدام والخطأ المجهولة إلى خوادم {appName}. يتضمن ذلك معلومات حول متصفحك ، وصفحات {appName} WebUI التي تستخدمها ، والإبلاغ عن الأخطاء بالإضافة إلى إصدار نظام التشغيل ووقت التشغيل. سنستخدم هذه المعلومات لتحديد أولويات الميزات وإصلاحات الأخطاء.",
    "ApplyTags": "تطبيق العلامات",
    "Branch": "فرع شجرة",
    "BranchUpdate": "فرع لاستخدامه لتحديث {appName}",
    "CancelPendingTask": "هل أنت متأكد أنك تريد إلغاء هذه المهمة المعلقة؟",
    "DeleteNotificationMessageText": "هل تريد بالتأكيد حذف الإشعار \"{0}\"؟",
    "DeleteTag": "حذف العلامة",
    "Logging": "تسجيل",
    "LogLevel": "تسجيل مستوى",
    "PageSize": "مقاس الصفحه",
    "SettingsLongDateFormat": "تنسيق التاريخ الطويل",
    "ConnectionLost": "انقطع الاتصال",
    "Connections": "روابط",
    "MovieIndexScrollBottom": "فهرس الفيلم: التمرير لأسفل",
    "NoBackupsAreAvailable": "لا توجد نسخ احتياطية متاحة",
    "NoChanges": "لا تغيرات",
    "NoLeaveIt": "لا ، اتركها",
    "PendingChangesDiscardChanges": "تجاهل التغييرات واترك",
    "Rss": "RSS",
    "System": "النظام",
    "TagIsNotUsedAndCanBeDeleted": "العلامة غير مستخدمة ويمكن حذفها",
    "Tags": "العلامات",
    "TagsHelpText": "ينطبق على الأفلام التي تحتوي على علامة مطابقة واحدة على الأقل",
    "UISettings": "إعدادات واجهة المستخدم",
    "DownloadClientsLoadError": "تعذر تحميل عملاء التنزيل",
    "UnableToLoadTags": "تعذر تحميل العلامات",
    "UnableToLoadUISettings": "تعذر تحميل إعدادات واجهة المستخدم",
    "UpdateStartupTranslocationHealthCheckMessage": "لا يمكن تثبيت التحديث لأن مجلد بدء التشغيل \"{startupFolder}\" موجود في مجلد App Translocation.",
    "Updates": "التحديثات",
    "Version": "الإصدار",
    "ApiKey": "مفتاح API",
    "Apply": "تطبيق",
    "DeleteTagMessageText": "هل أنت متأكد أنك تريد حذف العلامة \"{0}\"؟",
    "Disabled": "معاق",
    "Discord": "الخلاف",
    "Docker": "عامل ميناء",
    "Fixed": "ثابت",
    "ForMoreInformationOnTheIndividualDownloadClients": "لمزيد من المعلومات حول عملاء التنزيل الفرديين ، انقر فوق أزرار المعلومات.",
    "Indexers": "مفهرسات",
    "InteractiveSearch": "بحث تفاعلي",
    "LastWriteTime": "وقت الكتابة الأخير",
    "LaunchBrowserHelpText": " افتح مستعرض ويب وانتقل إلى صفحة {appName} الرئيسية عند بدء التطبيق.",
    "Level": "مستوى",
    "Logs": "السجلات",
    "Mechanism": "آلية",
    "Message": "رسالة",
    "MIA": "MIA",
    "RefreshMovie": "تحديث الفيلم",
    "EnableAutomaticSearchHelpText": "سيتم استخدامه عند إجراء عمليات البحث التلقائي عبر واجهة المستخدم أو بواسطة {appName}",
    "Status": "الحالة",
    "Uptime": "مدة التشغيل",
    "AuthenticationMethodHelpText": "طلب اسم المستخدم وكلمة المرور للوصول إلى {appName}",
    "Automatic": "تلقائي",
    "Mode": "الوضع",
    "Options": "خيارات",
    "Ok": "موافق",
    "Refresh": "تحديث",
    "Reload": "إعادة تحميل",
    "Restart": "إعادة تشغيل",
    "RestartNow": "اعد البدء الان",
    "RestartRequiredHelpTextWarning": "يتطلب إعادة التشغيل ليصبح ساري المفعول",
    "Restore": "استعادة",
    "RestoreBackup": "استرجاع النسخة الاحتياطية",
    "Result": "نتيجة",
    "Retention": "احتفاظ",
    "SaveChanges": "حفظ التغييرات",
    "SaveSettings": "احفظ التغييرات",
    "Scheduled": "المقرر",
    "SetTags": "تعيين العلامات",
    "Settings": "الإعدادات",
    "Test": "اختبار",
    "TestAll": "اختبار الكل",
    "TestAllClients": "اختبر كل العملاء",
    "UnableToAddANewApplicationPleaseTryAgain": "تعذر إضافة إشعار جديد ، يرجى المحاولة مرة أخرى.",
    "MaintenanceRelease": "إصدار الصيانة: إصلاحات الأخطاء والتحسينات الأخرى. راجع Github Commit History لمزيد من التفاصيل",
    "Filters": "منقي",
    "HistoryCleanupDaysHelpText": "اضبط على 0 لتعطيل التنظيف التلقائي",
    "HistoryCleanupDaysHelpTextWarning": "سيتم تنظيف الملفات الموجودة في سلة المحذوفات الأقدم من عدد الأيام المحدد تلقائيًا",
    "OnGrab": "عند الاستيلاء",
    "OnHealthIssue": "في قضية الصحة",
    "TestAllIndexers": "اختبار كافة المفهرسات",
    "Link": "الروابط",
    "MappedDrivesRunningAsService": "لا تتوفر محركات أقراص الشبكة المعينة عند التشغيل كخدمة Windows. يرجى الاطلاع على التعليمات لمزيد من المعلومات",
    "UnableToLoadIndexers": "تعذر تحميل المفهرسات",
    "Yes": "نعم",
    "GrabReleases": "انتزاع الإصدار",
    "No": "لا",
    "Ended": "انتهى",
    "LastDuration": "المدة الماضية",
    "ApplicationLongTermStatusCheckAllClientMessage": "جميع المفهرسات غير متوفرة بسبب الفشل لأكثر من 6 ساعات",
    "ApplicationLongTermStatusCheckSingleClientMessage": "المفهرسات غير متاحة بسبب الإخفاقات لأكثر من 6 ساعات: {0}",
    "LastExecution": "آخر تنفيذ",
    "NextExecution": "التنفيذ القادم",
    "Queued": "في قائمة الانتظار",
    "Remove": "إزالة",
    "Replace": "يحل محل",
    "OnLatestVersion": "تم بالفعل تثبيت أحدث إصدار من {0}",
    "DownloadClientPriorityHelpText": "تحديد أولويات عملاء التنزيل المتعددين. يتم استخدام Round-Robin للعملاء الذين لديهم نفس الأولوية.",
    "ApplyTagsHelpTextAdd": "إضافة: أضف العلامات إلى قائمة العلامات الموجودة",
    "ApplyTagsHelpTextHowToApplyApplications": "كيفية تطبيق العلامات على الأفلام المختارة",
    "ApplyTagsHelpTextHowToApplyIndexers": "كيفية تطبيق العلامات على الأفلام المختارة",
    "ApplyTagsHelpTextRemove": "إزالة: قم بإزالة العلامات التي تم إدخالها",
    "ApplyTagsHelpTextReplace": "استبدال: استبدل العلامات بالعلامات التي تم إدخالها (لا تدخل أي علامات لمسح جميع العلامات)",
    "DeleteSelectedDownloadClients": "حذف Download Client",
    "Genre": "الأنواع",
    "More": "أكثر",
    "Track": "أثر",
    "Year": "عام",
    "ConnectionLostReconnect": "سيحاول {appName} الاتصال تلقائيًا ، أو يمكنك النقر فوق إعادة التحميل أدناه.",
    "DeleteAppProfileMessageText": "هل أنت متأكد من أنك تريد حذف ملف تعريف الجودة {0}",
    "RecentChanges": "التغييرات الأخيرة",
    "WhatsNew": "ما هو الجديد؟",
    "minutes": "الدقائق",
    "NotificationStatusAllClientHealthCheckMessage": "جميع القوائم غير متاحة بسبب الإخفاقات",
    "NotificationStatusSingleClientHealthCheckMessage": "القوائم غير متاحة بسبب الإخفاقات: {notificationNames}",
    "AuthBasic": "أساسي (المتصفح المنبثق)",
    "AuthForm": "النماذج (صفحة تسجيل الدخول)",
    "DisabledForLocalAddresses": "معطل بسبب العناوين المحلية",
    "None": "لا شيء",
    "ResetAPIKeyMessageText": "هل أنت متأكد أنك تريد إعادة تعيين مفتاح API الخاص بك؟",
    "RestartProwlarr": "أعد تشغيل {appName}",
    "CustomFilter": "مرشحات مخصصة",
    "IndexerHDBitsSettingsMediums": "متوسط",
    "GrabRelease": "انتزاع الإصدار",
    "ProxyValidationBadRequest": "فشل اختبار الوكيل. رمز الحالة: {statusCode}",
    "Script": "النصي",
    "BuiltIn": "مدمج",
    "PublishedDate": "تاريخ النشر",
    "AllSearchResultsHiddenByFilter": "يتم إخفاء جميع النتائج بواسطة عامل التصفية المطبق",
    "NoEventsFound": "لم يتم العثور على أحداث",
    "RestartReloadNote": "ملاحظة: سيتم إعادة تشغيل {appName} تلقائيًا وإعادة تحميل واجهة المستخدم أثناء عملية الاستعادة.",
    "UpdateAppDirectlyLoadError": "تعذر تحديث {appName} مباشرة ،",
    "DockerUpdater": "تحديث حاوية عامل الإرساء لتلقي التحديث",
    "Download": "تحميل",
    "ErrorRestoringBackup": "خطأ في استعادة النسخة الاحتياطية",
    "ExternalUpdater": "تم تكوين {appName} لاستخدام آلية تحديث خارجية",
    "InstallLatest": "تثبيت الأحدث",
    "AptUpdater": "استخدم apt لتثبيت التحديث",
    "Clone": "قريب",
    "Stats": "الحالة",
    "CurrentlyInstalled": "مثبتة حاليا",
    "Season": "السبب",
    "Mixed": "ثابت"
}
