{
  "About": "About",
  "AcceptConfirmationModal": "Accept Confirmation Modal",
  "Actions": "Actions",
  "ActiveApps": "Active Apps",
  "ActiveIndexers": "Active Indexers",
  "Add": "Add",
  "AddApplication": "Add Application",
  "AddApplicationImplementation": "Add Application - {implementationName}",
  "AddCategory": "Add Category",
  "AddConnection": "Add Connection",
  "AddConnectionImplementation": "Add Connection - {implementationName}",
  "AddCustomFilter": "Add Custom Filter",
  "AddDownloadClient": "Add Download Client",
  "AddDownloadClientImplementation": "Add Download Client - {implementationName}",
  "AddDownloadClientToProwlarr": "Adding a download client allows {appName} to send releases direct from the UI while doing a manual search.",
  "AddIndexer": "Add Indexer",
  "AddIndexerImplementation": "Add Indexer - {implementationName}",
  "AddIndexerProxy": "Add Indexer Proxy",
  "AddIndexerProxyImplementation": "Add Indexer Proxy - {implementationName}",
  "AddNewIndexer": "Add New Indexer",
  "AddRemoveOnly": "Add and Remove Only",
  "AddSyncProfile": "Add Sync Profile",
  "AddToDownloadClient": "Add release to download client",
  "Added": "Added",
  "AddedToDownloadClient": "Release added to client",
  "AddingTag": "Adding tag",
  "AdvancedSettingsHiddenClickToShow": "Advanced settings hidden, click to show",
  "AdvancedSettingsShownClickToHide": "Advanced settings shown, click to hide",
  "Age": "Age",
  "Album": "Album",
  "All": "All",
  "AllIndexersHiddenDueToFilter": "All indexers are hidden due to applied filter.",
  "AllSearchResultsHiddenByFilter": "All search results are hidden by the applied filter.",
  "Analytics": "Analytics",
  "AnalyticsEnabledHelpText": "Send anonymous usage and error information to {appName}'s servers. This includes information on your browser, which {appName} WebUI pages you use, error reporting as well as OS and runtime version. We will use this information to prioritize features and bug fixes.",
  "Any": "Any",
  "ApiKey": "API Key",
  "ApiKeyValidationHealthCheckMessage": "Please update your API key to be at least {length} characters long. You can do this via settings or the config file",
  "AppDataDirectory": "AppData Directory",
  "AppDataLocationHealthCheckMessage": "Updating will not be possible to prevent deleting AppData on Update",
  "AppProfileInUse": "App Profile in Use",
  "AppProfileSelectHelpText": "App profiles are used to control RSS, Automatic Search and Interactive Search settings on application sync",
  "AppSettingsSummary": "Applications and settings to configure how {appName} interacts with your PVR programs",
  "AppUpdated": "{appName} Updated",
  "AppUpdatedVersion": "{appName} has been updated to version `{version}`, in order to get the latest changes you'll need to reload {appName}",
  "Application": "Application",
  "ApplicationLongTermStatusCheckAllClientMessage": "All applications are unavailable due to failures for more than 6 hours",
  "ApplicationLongTermStatusCheckSingleClientMessage": "Applications unavailable due to failures for more than 6 hours: {0}",
  "ApplicationSettingsSyncRejectBlocklistedTorrentHashes": "Sync Reject Blocklisted Torrent Hashes While Grabbing",
  "ApplicationSettingsSyncRejectBlocklistedTorrentHashesHelpText": "If a torrent is blocked by hash it may not properly be rejected during RSS/Search for some indexers, enabling this will allow it to be rejected after the torrent is grabbed, but before it is sent to the client.",
  "ApplicationStatusCheckAllClientMessage": "All applications are unavailable due to failures",
  "ApplicationStatusCheckSingleClientMessage": "Applications unavailable due to failures: {0}",
  "ApplicationTagsHelpText": "Sync Indexers to this application that have one or more matching tags. If no tags are listed here, then no indexers will be prevented from syncing due to their tags.",
  "ApplicationTagsHelpTextWarning": "Tags should be used with caution, they can have unintended effects. An app with a tag will only sync with indexers having the same tag.",
  "ApplicationURL": "Application URL",
  "ApplicationUrlHelpText": "This application's external URL including http(s)://, port and URL base",
  "Applications": "Applications",
  "ApplicationsLoadError": "Unable to load application list",
  "Apply": "Apply",
  "ApplyChanges": "Apply Changes",
  "ApplyTags": "Apply Tags",
  "ApplyTagsHelpTextAdd": "Add: Add the tags the existing list of tags",
  "ApplyTagsHelpTextHowToApplyApplications": "How to apply tags to the selected applications",
  "ApplyTagsHelpTextHowToApplyIndexers": "How to apply tags to the selected indexers",
  "ApplyTagsHelpTextRemove": "Remove: Remove the entered tags",
  "ApplyTagsHelpTextReplace": "Replace: Replace the tags with the entered tags (enter no tags to clear all tags)",
  "Apps": "Apps",
  "AppsMinimumSeeders": "Apps Minimum Seeders",
  "AppsMinimumSeedersHelpText": "Minimum seeders required by the Applications for the indexer to grab, empty is Sync profile's default",
  "AptUpdater": "Use apt to install the update",
  "AreYouSureYouWantToDeleteCategory": "Are you sure you want to delete mapped category?",
  "AreYouSureYouWantToDeleteIndexer": "Are you sure you want to delete '{name}' from {appName}?",
  "Artist": "Artist",
  "AudioSearch": "Audio Search",
  "Auth": "Auth",
  "AuthBasic": "Basic (Browser Popup)",
  "AuthForm": "Forms (Login Page)",
  "AuthQueries": "Auth Queries",
  "Authentication": "Authentication",
  "AuthenticationMethod": "Authentication Method",
  "AuthenticationMethodHelpText": "Require Username and Password to access {appName}",
  "AuthenticationMethodHelpTextWarning": "Please select a valid authentication method",
  "AuthenticationRequired": "Authentication Required",
  "AuthenticationRequiredHelpText": "Change which requests authentication is required for. Do not change unless you understand the risks.",
  "AuthenticationRequiredPasswordConfirmationHelpTextWarning": "Confirm new password",
  "AuthenticationRequiredPasswordHelpTextWarning": "Enter a new password",
  "AuthenticationRequiredUsernameHelpTextWarning": "Enter a new username",
  "AuthenticationRequiredWarning": "To prevent remote access without authentication, {appName} now requires authentication to be enabled. You can optionally disable authentication from local addresses.",
  "Author": "Author",
  "Automatic": "Automatic",
  "AutomaticSearch": "Automatic Search",
  "AverageGrabs": "Average Grabs",
  "AverageQueries": "Average Queries",
  "AverageResponseTimesMs": "Average Indexer Response Times (ms)",
  "Backup": "Backup",
  "BackupFolderHelpText": "Relative paths will be under {appName}'s AppData directory",
  "BackupIntervalHelpText": "Interval between automatic backups",
  "BackupNow": "Backup Now",
  "BackupRetentionHelpText": "Automatic backups older than the retention period will be cleaned up automatically",
  "Backups": "Backups",
  "BackupsLoadError": "Unable to load backups",
  "BasicSearch": "Basic Search",
  "BeforeUpdate": "Before update",
  "BindAddress": "Bind Address",
  "BindAddressHelpText": "Valid IP address, localhost or '*' for all interfaces",
  "BlackholeFolderHelpText": "Folder in which {appName} will store the {extension} file",
  "Book": "Book",
  "BookSearch": "Book Search",
  "BookSearchTypes": "Book Search Types",
  "Branch": "Branch",
  "BranchUpdate": "Branch to use to update {appName}",
  "BranchUpdateMechanism": "Branch used by external update mechanism",
  "BuiltIn": "Built-In",
  "BypassProxyForLocalAddresses": "Bypass Proxy for Local Addresses",
  "Cancel": "Cancel",
  "CancelPendingTask": "Are you sure you want to cancel this pending task?",
  "Categories": "Categories",
  "Category": "Category",
  "CertificateValidation": "Certificate Validation",
  "CertificateValidationHelpText": "Change how strict HTTPS certification validation is",
  "ChangeHasNotBeenSavedYet": "Change has not been saved yet",
  "Clear": "Clear",
  "ClearHistory": "Clear History",
  "ClearHistoryMessageText": "Are you sure you want to clear all {appName} history?",
  "ClickToChangeQueryOptions": "Click to change query options",
  "ClientPriority": "Client Priority",
  "Clone": "Clone",
  "CloneProfile": "Clone Profile",
  "Close": "Close",
  "CloseCurrentModal": "Close Current Modal",
  "Columns": "Columns",
  "Component": "Component",
  "Connect": "Notifications",
  "ConnectSettings": "Connect Settings",
  "ConnectSettingsSummary": "Notifications and custom scripts",
  "ConnectionLost": "Connection Lost",
  "ConnectionLostReconnect": "{appName} will try to connect automatically, or you can click reload below.",
  "ConnectionLostToBackend": "{appName} has lost its connection to the backend and will need to be reloaded to restore functionality.",
  "Connections": "Connections",
  "CouldNotConnectSignalR": "Could not connect to SignalR, UI won't update",
  "CountApplicationsSelected": "{count} application(s) selected",
  "CountDownloadClientsSelected": "{count} download client(s) selected",
  "CountIndexersAvailable": "{count} indexer(s) available",
  "CountIndexersSelected": "{count} indexer(s) selected",
  "CurrentlyInstalled": "Currently Installed",
  "Custom": "Custom",
  "CustomFilter": "Custom Filter",
  "CustomFilters": "Custom Filters",
  "Database": "Database",
  "DatabaseMigration": "Database Migration",
  "Date": "Date",
  "Dates": "Dates",
  "Default": "Default",
  "DefaultCategory": "Default Category",
  "DefaultNameCopiedProfile": "{name} - Copy",
  "Delete": "Delete",
  "DeleteAppProfile": "Delete App Profile",
  "DeleteAppProfileMessageText": "Are you sure you want to delete the app profile '{name}'?",
  "DeleteApplication": "Delete Application",
  "DeleteApplicationMessageText": "Are you sure you want to delete the application '{name}'?",
  "DeleteBackup": "Delete Backup",
  "DeleteBackupMessageText": "Are you sure you want to delete the backup '{name}'?",
  "DeleteClientCategory": "Delete Download Client Category",
  "DeleteDownloadClient": "Delete Download Client",
  "DeleteDownloadClientMessageText": "Are you sure you want to delete the download client '{name}'?",
  "DeleteIndexerProxy": "Delete Indexer Proxy",
  "DeleteIndexerProxyMessageText": "Are you sure you want to delete the indexer proxy '{name}'?",
  "DeleteNotification": "Delete Notification",
  "DeleteNotificationMessageText": "Are you sure you want to delete the notification '{name}'?",
  "DeleteSelectedApplications": "Delete Selected Applications",
  "DeleteSelectedApplicationsMessageText": "Are you sure you want to delete {count} selected application(s)?",
  "DeleteSelectedDownloadClients": "Delete Download Client(s)",
  "DeleteSelectedDownloadClientsMessageText": "Are you sure you want to delete {count} selected download client(s)?",
  "DeleteSelectedIndexer": "Delete Selected Indexer",
  "DeleteSelectedIndexers": "Delete Selected Indexers",
  "DeleteSelectedIndexersMessageText": "Are you sure you want to delete {count} selected indexer(s)?",
  "DeleteTag": "Delete Tag",
  "DeleteTagMessageText": "Are you sure you want to delete the tag '{label}'?",
  "Description": "Description",
  "Destination": "Destination",
  "Details": "Details",
  "DevelopmentSettings": "Development Settings",
  "Directory": "Directory",
  "Disabled": "Disabled",
  "DisabledForLocalAddresses": "Disabled for Local Addresses",
  "DisabledUntil": "Disabled Until",
  "Discord": "Discord",
  "Docker": "Docker",
  "DockerUpdater": "Update the docker container to receive the update",
  "Donate": "Donate",
  "Donations": "Donations",
  "Download": "Download",
  "DownloadClient": "Download Client",
  "DownloadClientAriaSettingsDirectoryHelpText": "Optional location to put downloads in, leave blank to use the default Aria2 location",
  "DownloadClientCategory": "Download Client Category",
  "DownloadClientDelugeSettingsUrlBaseHelpText": "Adds a prefix to the deluge json url, see {url}",
  "DownloadClientDownloadStationSettingsDirectoryHelpText": "Optional shared folder to put downloads into, leave blank to use the default Download Station location",
  "DownloadClientFloodSettingsAdditionalTags": "Additional Tags",
  "DownloadClientFloodSettingsAdditionalTagsHelpText": "Adds properties of media as tags. Hints are examples.",
  "DownloadClientFloodSettingsTagsHelpText": "Initial tags of a download. To be recognized, a download must have all initial tags. This avoids conflicts with unrelated downloads.",
  "DownloadClientFloodSettingsUrlBaseHelpText": "Adds a prefix to the Flood API, such as {url}",
  "DownloadClientFreeboxSettingsApiUrl": "API URL",
  "DownloadClientFreeboxSettingsApiUrlHelpText": "Define Freebox API base URL with API version, eg '{url}', defaults to '{defaultApiUrl}'",
  "DownloadClientFreeboxSettingsAppId": "App ID",
  "DownloadClientFreeboxSettingsAppIdHelpText": "App ID given when creating access to Freebox API (ie 'app_id')",
  "DownloadClientFreeboxSettingsAppToken": "App Token",
  "DownloadClientFreeboxSettingsAppTokenHelpText": "App token retrieved when creating access to Freebox API (ie 'app_token')",
  "DownloadClientFreeboxSettingsHostHelpText": "Hostname or host IP address of the Freebox, defaults to '{url}' (will only work if on same network)",
  "DownloadClientFreeboxSettingsPortHelpText": "Port used to access Freebox interface, defaults to '{port}'",
  "DownloadClientNzbgetSettingsAddPausedHelpText": "This option requires at least NzbGet version 16.0",
  "DownloadClientPneumaticSettingsNzbFolder": "Nzb Folder",
  "DownloadClientPneumaticSettingsNzbFolderHelpText": "This folder will need to be reachable from XBMC",
  "DownloadClientPneumaticSettingsStrmFolder": "Strm Folder",
  "DownloadClientPneumaticSettingsStrmFolderHelpText": ".strm files in this folder will be import by drone",
  "DownloadClientPriorityHelpText": "Prioritize multiple Download Clients. Round-Robin is used for clients with the same priority.",
  "DownloadClientQbittorrentSettingsContentLayout": "Content Layout",
  "DownloadClientQbittorrentSettingsContentLayoutHelpText": "Whether to use qBittorrent's configured content layout, the original layout from the torrent or always create a subfolder (qBittorrent 4.3.2+)",
  "DownloadClientQbittorrentSettingsFirstAndLastFirst": "First and Last First",
  "DownloadClientQbittorrentSettingsFirstAndLastFirstHelpText": "Download first and last pieces first (qBittorrent 4.1.0+)",
  "DownloadClientQbittorrentSettingsInitialStateHelpText": "Initial state for torrents added to qBittorrent. Note that Forced Torrents do not abide by seed restrictions",
  "DownloadClientQbittorrentSettingsSequentialOrder": "Sequential Order",
  "DownloadClientQbittorrentSettingsSequentialOrderHelpText": "Download in sequential order (qBittorrent 4.1.0+)",
  "DownloadClientQbittorrentSettingsUseSslHelpText": "Use a secure connection. See Options -> Web UI -> 'Use HTTPS instead of HTTP' in qBittorrent.",
  "DownloadClientRTorrentSettingsAddStopped": "Add Stopped",
  "DownloadClientRTorrentSettingsAddStoppedHelpText": "Enabling will add torrents and magnets to rTorrent in a stopped state. This may break magnet files.",
  "DownloadClientRTorrentSettingsDirectoryHelpText": "Optional location to put downloads in, leave blank to use the default rTorrent location",
  "DownloadClientRTorrentSettingsUrlPath": "Url Path",
  "DownloadClientRTorrentSettingsUrlPathHelpText": "Path to the XMLRPC endpoint, see {url}. This is usually RPC2 or [path to ruTorrent]{url2} when using ruTorrent.",
  "DownloadClientSettings": "Download Client Settings",
  "DownloadClientSettingsAddPaused": "Add Paused",
  "DownloadClientSettingsDefaultCategoryHelpText": "Default fallback category if no mapped category exists for a release. Adding a category specific to {appName} avoids conflicts with unrelated non-{appName} downloads. Using a category is optional, but strongly recommended.",
  "DownloadClientSettingsDefaultCategorySubFolderHelpText": "Default fallback category if no mapped category exists for a release. Adding a category specific to {appName} avoids conflicts with unrelated non-{appName} downloads. Using a category is optional, but strongly recommended. Creates a [category] subdirectory in the output directory.",
  "DownloadClientSettingsDestinationHelpText": "Manually specifies download destination, leave blank to use the default",
  "DownloadClientSettingsInitialState": "Initial State",
  "DownloadClientSettingsInitialStateHelpText": "Initial state for torrents added to {clientName}",
  "DownloadClientSettingsPriorityItemHelpText": "Priority to use when grabbing items",
  "DownloadClientSettingsUrlBaseHelpText": "Adds a prefix to the {clientName} url, such as {url}",
  "DownloadClientSettingsUseSslHelpText": "Use secure connection when connection to {clientName}",
  "DownloadClientStatusAllClientHealthCheckMessage": "All download clients are unavailable due to failures",
  "DownloadClientStatusSingleClientHealthCheckMessage": "Download clients unavailable due to failures: {downloadClientNames}",
  "DownloadClientTransmissionSettingsDirectoryHelpText": "Optional location to put downloads in, leave blank to use the default Transmission location",
  "DownloadClientTransmissionSettingsUrlBaseHelpText": "Adds a prefix to the {clientName} rpc url, eg {url}, defaults to '{defaultUrl}'",
  "DownloadClientUTorrentProviderMessage": "uTorrent has a history of including cryptominers, malware and ads, we strongly encourage you to choose a different client.",
  "DownloadClients": "Download Clients",
  "DownloadClientsLoadError": "Unable to load download clients",
  "DownloadClientsSettingsSummary": "Download clients configuration for integration into {appName} UI search",
  "Duration": "Duration",
  "Edit": "Edit",
  "EditApplicationImplementation": "Edit Application - {implementationName}",
  "EditCategory": "Edit Category",
  "EditConnectionImplementation": "Edit Connection - {implementationName}",
  "EditDownloadClientImplementation": "Edit Download Client - {implementationName}",
  "EditIndexer": "Edit Indexer",
  "EditIndexerImplementation": "Edit Indexer - {implementationName}",
  "EditIndexerProxyImplementation": "Edit Indexer Proxy - {implementationName}",
  "EditSelectedDownloadClients": "Edit Selected Download Clients",
  "EditSelectedIndexers": "Edit Selected Indexers",
  "EditSyncProfile": "Edit Sync Profile",
  "ElapsedTime": "Elapsed Time",
  "Enable": "Enable",
  "EnableAutomaticSearch": "Enable Automatic Search",
  "EnableAutomaticSearchHelpText": "Will be used when automatic searches are performed via the UI or by {appName}",
  "EnableIndexer": "Enable Indexer",
  "EnableInteractiveSearch": "Enable Interactive Search",
  "EnableInteractiveSearchHelpText": "Will be used when interactive search is used",
  "EnableRss": "Enable RSS",
  "EnableRssHelpText": "Enable RSS feed for Indexer",
  "EnableSSL": "Enable SSL",
  "EnableSslHelpText": " Requires restart running as administrator to take effect",
  "Enabled": "Enabled",
  "EnabledRedirected": "Enabled, Redirected",
  "Encoding": "Encoding",
  "Ended": "Ended",
  "Episode": "Episode",
  "Error": "Error",
  "ErrorLoadingContents": "Error loading contents",
  "ErrorRestoringBackup": "Error restoring backup",
  "EventType": "Event Type",
  "Events": "Events",
  "Exception": "Exception",
  "ExistingTag": "Existing tag",
  "External": "External",
  "ExternalUpdater": "{appName} is configured to use an external update mechanism",
  "Failed": "Failed",
  "FailedToFetchSettings": "Failed to fetch settings",
  "FailedToFetchUpdates": "Failed to fetch updates",
  "FeatureRequests": "Feature Requests",
  "Filename": "Filename",
  "Files": "Files",
  "Filter": "Filter",
  "FilterPlaceHolder": "Search indexers",
  "Filters": "Filters",
  "Fixed": "Fixed",
  "FocusSearchBox": "Focus Search Box",
  "Folder": "Folder",
  "ForMoreInformationOnTheIndividualDownloadClients": "For more information on the individual download clients, click on the info buttons.",
  "FoundCountReleases": "Found {itemCount} releases",
  "FullSync": "Full Sync",
  "General": "General",
  "GeneralSettings": "General Settings",
  "GeneralSettingsSummary": "Port, SSL, username/password, proxy, analytics, and updates",
  "Genre": "Genre",
  "GoToApplication": "Go to application",
  "GrabRelease": "Grab Release",
  "GrabReleases": "Grab Release(s)",
  "GrabTitle": "Grab Title",
  "Grabbed": "Grabbed",
  "Grabs": "Grabs",
  "Health": "Health",
  "HealthMessagesInfoBox": "You can find more information about the cause of these health check messages by clicking the wiki link (book icon) at the end of the row, or by checking your [logs]({link}). If you have difficulty interpreting these messages then you can reach out to our support, at the links below.",
  "HideAdvanced": "Hide Advanced",
  "History": "History",
  "HistoryCleanup": "History Cleanup",
  "HistoryCleanupDaysHelpText": "Set to 0 to disable automatic cleanup",
  "HistoryCleanupDaysHelpTextWarning": "History items older than the selected number of days will be cleaned up automatically",
  "HistoryDetails": "History Details",
  "HomePage": "Home Page",
  "Host": "Host",
  "Hostname": "Hostname",
  "Id": "ID",
  "IgnoredAddresses": "Ignored Addresses",
  "IllRestartLater": "I'll restart later",
  "Implementation": "Implementation",
  "IncludeHealthWarningsHelpText": "Include Health Warnings",
  "IncludeManualGrabsHelpText": "Include Manual Grabs made within {appName}",
  "Indexer": "Indexer",
  "IndexerAlphaRatioSettingsExcludeScene": "Exclude SCENE",
  "IndexerAlphaRatioSettingsExcludeSceneHelpText": "Exclude SCENE releases from results",
  "IndexerAlphaRatioSettingsFreeleechOnlyHelpText": "Search freeleech releases only",
  "IndexerAlreadySetup": "At least one instance of indexer is already setup",
  "IndexerAuth": "Indexer Auth",
  "IndexerAvistazSettingsFreeleechOnlyHelpText": "Search freeleech releases only",
  "IndexerAvistazSettingsPasswordHelpText": "Site Password",
  "IndexerAvistazSettingsPidHelpText": "PID from My Account or My Profile page",
  "IndexerAvistazSettingsUsernameHelpText": "Site Username",
  "IndexerAvistazSettingsUsernameHelpTextWarning": "Only member rank and above can use the API on this indexer.",
  "IndexerBeyondHDSettingsApiKeyHelpText": "API Key from the Site (Found in My Security => API Key)",
  "IndexerBeyondHDSettingsFreeleechOnlyHelpText": "Search freeleech releases only",
  "IndexerBeyondHDSettingsLimitedOnly": "Limited Only",
  "IndexerBeyondHDSettingsLimitedOnlyHelpText": "Search freeleech only (Limited UL)",
  "IndexerBeyondHDSettingsRefundOnly": "Refund Only",
  "IndexerBeyondHDSettingsRefundOnlyHelpText": "Search refund only",
  "IndexerBeyondHDSettingsRewindOnly": "Rewind Only",
  "IndexerBeyondHDSettingsRewindOnlyHelpText": "Search rewind only",
  "IndexerBeyondHDSettingsRssKeyHelpText": "RSS Key from the Site (Found in My Security => RSS Key)",
  "IndexerBeyondHDSettingsSearchTypes": "Search Types",
  "IndexerBeyondHDSettingsSearchTypesHelpText": "Select the types of releases that you are interested in. If none selected, all options are used.",
  "IndexerCategories": "Indexer Categories",
  "IndexerDetails": "Indexer Details",
  "IndexerDisabled": "Indexer Disabled",
  "IndexerDownloadClientHealthCheckMessage": "Indexers with invalid download clients: {indexerNames}.",
  "IndexerDownloadClientHelpText": "Specify which download client is used for grabs made within {appName} from this indexer",
  "IndexerFailureRate": "Indexer Failure Rate",
  "IndexerFileListSettingsFreeleechOnlyHelpText": "Search freeleech releases only",
  "IndexerFileListSettingsPasskeyHelpText": "Site Passkey (This is the alphanumeric string in the tracker url shown in your download client)",
  "IndexerFileListSettingsUsernameHelpText": "Site Username",
  "IndexerFlags": "Indexer Flags",
  "IndexerGazelleGamesSettingsApiKeyHelpText": "API Key from the Site (Found in Settings => Access Settings)",
  "IndexerGazelleGamesSettingsApiKeyHelpTextWarning": "Must have User and Torrents permissions",
  "IndexerGazelleGamesSettingsFreeleechOnlyHelpText": "Search freeleech releases only",
  "IndexerGazelleGamesSettingsSearchGroupNames": "Search Group Names",
  "IndexerGazelleGamesSettingsSearchGroupNamesHelpText": "Search releases by group names",
  "IndexerHDBitsSettingsCodecs": "Codecs",
  "IndexerHDBitsSettingsCodecsHelpText": "If unspecified, all options are used.",
  "IndexerHDBitsSettingsFreeleechOnlyHelpText": "Show freeleech releases only",
  "IndexerHDBitsSettingsMediums": "Mediums",
  "IndexerHDBitsSettingsMediumsHelpText": "If unspecified, all options are used.",
  "IndexerHDBitsSettingsOrigins": "Origins",
  "IndexerHDBitsSettingsOriginsHelpText": "If unspecified, all options are used.",
  "IndexerHDBitsSettingsPasskeyHelpText": "Passkey from User Details",
  "IndexerHDBitsSettingsUseFilenames": "Use Filenames",
  "IndexerHDBitsSettingsUseFilenamesHelpText": "Check this option if you want to use torrent filenames as release titles",
  "IndexerHDBitsSettingsUsernameHelpText": "Site Username",
  "IndexerHealthCheckNoIndexers": "No indexers enabled, {appName} will not return search results",
  "IndexerHistoryLoadError": "Error loading indexer history",
  "IndexerIPTorrentsSettingsCookieUserAgent": "Cookie User-Agent",
  "IndexerIPTorrentsSettingsCookieUserAgentHelpText": "User-Agent associated with cookie used from Browser",
  "IndexerIPTorrentsSettingsFreeleechOnlyHelpText": "Search freeleech releases only",
  "IndexerId": "Indexer ID",
  "IndexerInfo": "Indexer Info",
  "IndexerLongTermStatusAllUnavailableHealthCheckMessage": "All indexers are unavailable due to failures for more than 6 hours",
  "IndexerLongTermStatusUnavailableHealthCheckMessage": "Indexers unavailable due to failures for more than 6 hours: {indexerNames}",
  "IndexerMTeamTpSettingsApiKeyHelpText": "API Key from the Site (Found in User Control Panel => Security => Laboratory)",
  "IndexerMTeamTpSettingsFreeleechOnlyHelpText": "Search freeleech releases only",
  "IndexerName": "Indexer Name",
  "IndexerNebulanceSettingsApiKeyHelpText": "API Key from User Settings > Api Keys. Key must have List and Download permissions",
  "IndexerNewznabSettingsAdditionalParametersHelpText": "Additional Newznab parameters",
  "IndexerNewznabSettingsApiKeyHelpText": "Site API Key",
  "IndexerNewznabSettingsVipExpirationHelpText": "Enter date (yyyy-mm-dd) for VIP Expiration or blank, {appName} will notify 1 week from expiration of VIP",
  "IndexerNoDefinitionCheckHealthCheckMessage": "Indexers have no definition and will not work: {indexerNames}. Please remove and (or) re-add to {appName}.",
  "IndexerNzbIndexSettingsApiKeyHelpText": "Site API Key",
  "IndexerObsoleteCheckMessage": "Indexers are obsolete or have been updated: {0}. Please remove and (or) re-add to {appName}",
  "IndexerOrpheusSettingsApiKeyHelpText": "API Key from the Site (Found in Settings => Access Settings)",
  "IndexerPassThePopcornSettingsApiKeyHelpText": "Site API Key",
  "IndexerPassThePopcornSettingsApiUserHelpText": "These settings are found in your PassThePopcorn security settings (Edit Profile > Security).",
  "IndexerPassThePopcornSettingsFreeleechOnlyHelpText": "Search freeleech releases only",
  "IndexerPassThePopcornSettingsGoldenPopcornOnly": "Golden Popcorn only",
  "IndexerPassThePopcornSettingsGoldenPopcornOnlyHelpText": "Search Golden Popcorn releases only",
  "IndexerPriority": "Indexer Priority",
  "IndexerPriorityHelpText": "Indexer Priority from 1 (Highest) to 50 (Lowest). Default: 25.",
  "IndexerProxies": "Indexer Proxies",
  "IndexerProxy": "Indexer Proxy",
  "IndexerProxyStatusAllUnavailableHealthCheckMessage": "All indexer proxies are unavailable due to failures",
  "IndexerProxyStatusUnavailableHealthCheckMessage": "Indexer proxies unavailable due to failures: {indexerProxyNames}",
  "IndexerQuery": "Indexer Query",
  "IndexerRedactedSettingsApiKeyHelpText": "API Key from the Site (Found in Settings => Access Settings)",
  "IndexerRss": "Indexer RSS",
  "IndexerSettingsAdditionalParameters": "Additional Parameters",
  "IndexerSettingsApiPath": "API Path",
  "IndexerSettingsApiPathHelpText": "Path to the api, usually {url}",
  "IndexerSettingsApiUser": "API User",
  "IndexerSettingsAppsMinimumSeeders": "Apps Minimum Seeders",
  "IndexerSettingsAppsMinimumSeedersHelpText": "Minimum seeders required by the Applications for the indexer to grab, empty is Sync profile's default",
  "IndexerSettingsBaseUrl": "Base Url",
  "IndexerSettingsBaseUrlHelpText": "Select which base url {appName} will use for requests to the site",
  "IndexerSettingsCookie": "Cookie",
  "IndexerSettingsCookieHelpText": "Site Cookie",
  "IndexerSettingsFreeleechOnly": "Freeleech Only",
  "IndexerSettingsGrabLimit": "Grab Limit",
  "IndexerSettingsGrabLimitHelpText": "The number of max grabs as specified by the respective unit that {appName} will allow to the site",
  "IndexerSettingsLimitsUnit": "Limits Unit",
  "IndexerSettingsLimitsUnitHelpText": "The unit of time for counting limits per indexer",
  "IndexerSettingsPackSeedTime": "Pack Seed Time",
  "IndexerSettingsPackSeedTimeIndexerHelpText": "The time a pack (season or discography) torrent should be seeded before stopping, empty is app's default",
  "IndexerSettingsPasskey": "Pass Key",
  "IndexerSettingsPreferMagnetUrl": "Prefer Magnet URL",
  "IndexerSettingsPreferMagnetUrlHelpText": "When enabled, this indexer will prefer the use of magnet URLs for grabs with fallback to torrent links",
  "IndexerSettingsQueryLimit": "Query Limit",
  "IndexerSettingsQueryLimitHelpText": "The number of max queries as specified by the respective unit that {appName} will allow to the site",
  "IndexerSettingsRssKey": "RSS Key",
  "IndexerSettingsSeedRatio": "Seed Ratio",
  "IndexerSettingsSeedRatioHelpText": "The ratio a torrent should reach before stopping, empty uses the download client's default. Ratio should be at least 1.0 and follow the indexers rules",
  "IndexerSettingsSeedTime": "Seed Time",
  "IndexerSettingsSeedTimeHelpText": "The time a torrent should be seeded before stopping, empty uses the download client's default",
  "IndexerSettingsSummary": "Configure various global Indexer settings including Proxies.",
  "IndexerSettingsVipExpiration": "VIP Expiration",
  "IndexerSite": "Indexer Site",
  "IndexerStatus": "Indexer Status",
  "IndexerStatusAllUnavailableHealthCheckMessage": "All indexers are unavailable due to failures",
  "IndexerStatusUnavailableHealthCheckMessage": "Indexers unavailable due to failures: {indexerNames}",
  "IndexerTagsHelpText": "Use tags to specify Indexer Proxies or which apps the indexer is synced to.",
  "IndexerTagsHelpTextWarning": "Tags should be used with caution, they can have unintended effects. An indexer with a tag will only sync to apps with the same tag.",
  "IndexerTorrentSyndikatSettingsApiKeyHelpText": "Site API Key",
  "IndexerVipExpiredHealthCheckMessage": "Indexer VIP benefits have expired: {indexerNames}",
  "IndexerVipExpiringHealthCheckMessage": "Indexer VIP benefits expiring soon: {indexerNames}",
  "Indexers": "Indexers",
  "Info": "Info",
  "InfoUrl": "Info URL",
  "InitialFailure": "Initial Failure",
  "Install": "Install",
  "InstallLatest": "Install Latest",
  "InstallMajorVersionUpdate": "Install Update",
  "InstallMajorVersionUpdateMessage": "This update will install a new major version and may not be compatible with your system. Are you sure you want to install this update?",
  "InstallMajorVersionUpdateMessageLink": "Please check [{domain}]({url}) for more information.",
  "InstanceName": "Instance Name",
  "InstanceNameHelpText": "Instance name in tab and for Syslog app name",
  "InteractiveSearch": "Interactive Search",
  "Interval": "Interval",
  "InvalidUILanguage": "Your UI is set to an invalid language, correct it and save your settings",
  "KeyboardShortcuts": "Keyboard Shortcuts",
  "Label": "Label",
  "LabelIsRequired": "Label is required",
  "Language": "Language",
  "LastDuration": "Last Duration",
  "LastExecution": "Last Execution",
  "LastFailure": "Last Failure",
  "LastWriteTime": "Last Write Time",
  "LaunchBrowserHelpText": " Open a web browser and navigate to the {appName} homepage on app start.",
  "Level": "Level",
  "Link": "Link",
  "LogFiles": "Log Files",
  "LogFilesLocation": "Log files are located in: {location}",
  "LogLevel": "Log Level",
  "LogLevelTraceHelpTextWarning": "Trace logging should only be enabled temporarily",
  "LogSizeLimit": "Log Size Limit",
  "LogSizeLimitHelpText": "Maximum log file size in MB before archiving. Default is 1MB.",
  "Logging": "Logging",
  "Logout": "Logout",
  "Logs": "Logs",
  "MIA": "MIA",
  "MaintenanceRelease": "Maintenance Release: bug fixes and other improvements. See Github Commit History for more details",
  "ManageApplications": "Manage Applications",
  "ManageClients": "Manage Clients",
  "ManageDownloadClients": "Manage Download Clients",
  "Manual": "Manual",
  "ManualGrab": "Manual Grab",
  "MappedCategories": "Mapped Categories",
  "MappedDrivesRunningAsService": "Mapped network drives are not available when running as a Windows Service. Please see the FAQ for more information",
  "MassEditor": "Mass Editor",
  "Mechanism": "Mechanism",
  "Menu": "Menu",
  "Message": "Message",
  "MinimumSeeders": "Minimum Seeders",
  "MinimumSeedersHelpText": "Minimum seeders required by the Application for the indexer to grab",
  "Mixed": "Mixed",
  "Mode": "Mode",
  "More": "More",
  "MoreInfo": "More Info",
  "MovieIndexScrollBottom": "Movie Index: Scroll Bottom",
  "MovieIndexScrollTop": "Movie Index: Scroll Top",
  "MovieSearch": "Movie Search",
  "MovieSearchTypes": "Movie Search Types",
  "MusicSearchTypes": "Music Search Types",
  "Name": "Name",
  "NetCore": ".NET",
  "New": "New",
  "NewznabUrl": "Newznab Url",
  "NextExecution": "Next Execution",
  "No": "No",
  "NoApplicationsFound": "No applications found",
  "NoBackupsAreAvailable": "No backups are available",
  "NoChange": "No Change",
  "NoChanges": "No Changes",
  "NoDownloadClientsFound": "No download clients found",
  "NoEventsFound": "No events found",
  "NoHistoryFound": "No history found",
  "NoIndexerCategories": "No categories found for this indexer",
  "NoIndexerHistory": "No history found for this indexer",
  "NoIndexersFound": "No indexers found",
  "NoIssuesWithYourConfiguration": "No issues with your configuration",
  "NoLeaveIt": "No, Leave It",
  "NoLinks": "No Links",
  "NoLogFiles": "No log files",
  "NoSearchResultsFound": "No search results found, try performing a new search below.",
  "NoTagsHaveBeenAddedYet": "No tags have been added yet",
  "NoUpdatesAreAvailable": "No updates are available",
  "None": "None",
  "NotSupported": "Not Supported",
  "Notification": "Notification",
  "NotificationStatusAllClientHealthCheckMessage": "All notifications are unavailable due to failures",
  "NotificationStatusSingleClientHealthCheckMessage": "Notifications unavailable due to failures: {notificationNames}",
  "NotificationTriggers": "Notification Triggers",
  "NotificationTriggersHelpText": "Select which events should trigger this notification",
  "Notifications": "Notifications",
  "NotificationsEmailSettingsUseEncryption": "Use Encryption",
  "NotificationsEmailSettingsUseEncryptionHelpText": "Whether to prefer using encryption if configured on the server, to always use encryption via SSL (Port 465 only) or StartTLS (any other port) or to never use encryption",
  "NotificationsTelegramSettingsIncludeAppName": "Include {appName} in Title",
  "NotificationsTelegramSettingsIncludeAppNameHelpText": "Optionally prefix message title with {appName} to differentiate notifications from different applications",
  "OAuthPopupMessage": "Pop-ups are being blocked by your browser",
  "Ok": "Ok",
  "OnApplicationUpdate": "On Application Update",
  "OnApplicationUpdateHelpText": "On Application Update",
  "OnGrab": "On Release Grab",
  "OnGrabHelpText": "On Release Grab",
  "OnHealthIssue": "On Health Issue",
  "OnHealthIssueHelpText": "On Health Issue",
  "OnHealthRestored": "On Health Restored",
  "OnHealthRestoredHelpText": "On Health Restored",
  "OnLatestVersion": "The latest version of {appName} is already installed",
  "Open": "Open",
  "OpenBrowserOnStart": "Open browser on start",
  "OpenThisModal": "Open This Modal",
  "Options": "Options",
  "OverrideAndAddToDownloadClient": "Override and add to download client",
  "OverrideGrabModalTitle": "Override and Grab - {title}",
  "PackSeedTime": "Pack Seed Time",
  "PackSeedTimeHelpText": "The time a pack (season or discography) torrent should be seeded before stopping, empty is app's default",
  "PackageVersion": "Package Version",
  "PackageVersionInfo": "{packageVersion} by {packageAuthor}",
  "PageSize": "Page Size",
  "PageSizeHelpText": "Number of items to show on each page",
  "Parameters": "Parameters",
  "Password": "Password",
  "PasswordConfirmation": "Password Confirmation",
  "Peers": "Peers",
  "PendingChangesDiscardChanges": "Discard changes and leave",
  "PendingChangesMessage": "You have unsaved changes, are you sure you want to leave this page?",
  "PendingChangesStayReview": "Stay and review changes",
  "Port": "Port",
  "PortNumber": "Port Number",
  "PreferMagnetUrl": "Prefer Magnet URL",
  "PreferMagnetUrlHelpText": "When enabled, this indexer will prefer the use of magnet URLs for grabs with fallback to torrent links",
  "Presets": "Presets",
  "PreviouslyInstalled": "Previously Installed",
  "Priority": "Priority",
  "PrioritySettings": "Priority: {priority}",
  "Privacy": "Privacy",
  "Private": "Private",
  "Protocol": "Protocol",
  "ProwlarrDownloadClientsAlert": "If you intend to do searches directly within {appName}, you need to add Download Clients. Otherwise, you do not need to add them here. For searches from your Apps, the download clients configured there are used instead.",
  "ProwlarrDownloadClientsInAppOnlyAlert": "Download clients are for {appName} in-app searches only and do not sync to apps. There are no plans to add any such functionality.",
  "ProwlarrSupportsAnyDownloadClient": "{appName} supports any of the download clients listed below.",
  "ProwlarrSupportsAnyIndexer": "{appName} supports many indexers in addition to any indexer that uses the Newznab/Torznab standard using 'Generic Newznab' (for usenet) or 'Generic Torznab' (for torrents). Search & Select your indexer from below.",
  "Proxies": "Proxies",
  "Proxy": "Proxy",
  "ProxyBadRequestHealthCheckMessage": "Failed to test proxy. Status code: {statusCode}",
  "ProxyBypassFilterHelpText": "Use ',' as a separator, and '*.' as a wildcard for subdomains",
  "ProxyFailedToTestHealthCheckMessage": "Failed to test proxy: {url}",
  "ProxyPasswordHelpText": "You only need to enter a username and password if one is required. Leave them blank otherwise.",
  "ProxyResolveIpHealthCheckMessage": "Failed to resolve the IP Address for the Configured Proxy Host {proxyHostName}",
  "ProxyType": "Proxy Type",
  "ProxyUsernameHelpText": "You only need to enter a username and password if one is required. Leave them blank otherwise.",
  "ProxyValidationBadRequest": "Failed to test proxy. Status code: {statusCode}",
  "ProxyValidationUnableToConnect": "Unable to connect to proxy: {exceptionMessage}. Check the log surrounding this error for details",
  "Public": "Public",
  "PublishedDate": "Published Date",
  "Publisher": "Publisher",
  "Query": "Query",
  "QueryOptions": "Query Options",
  "QueryResults": "Query Results",
  "QueryType": "Query Type",
  "Queue": "Queue",
  "Queued": "Queued",
  "RawSearchSupported": "Raw Search Supported",
  "ReadTheWikiForMoreInformation": "Read the Wiki for more information",
  "RecentChanges": "Recent Changes",
  "Reddit": "Reddit",
  "Redirect": "Redirect",
  "RedirectHelpText": "Redirect incoming download request for indexer and pass the grab directly instead of proxying the request via {appName}",
  "Redirected": "Redirected",
  "Refresh": "Refresh",
  "RefreshMovie": "Refresh movie",
  "ReleaseBranchCheckOfficialBranchMessage": "Branch {0} is not a valid {appName} release branch, you will not receive updates",
  "ReleaseStatus": "Release Status",
  "Reload": "Reload",
  "Remove": "Remove",
  "RemoveFilter": "Remove filter",
  "RemovedFromTaskQueue": "Removed from task queue",
  "RemovingTag": "Removing tag",
  "RepeatSearch": "Repeat Search",
  "Replace": "Replace",
  "Reset": "Reset",
  "ResetAPIKey": "Reset API Key",
  "ResetAPIKeyMessageText": "Are you sure you want to reset your API Key?",
  "Restart": "Restart",
  "RestartNow": "Restart Now",
  "RestartProwlarr": "Restart {appName}",
  "RestartReloadNote": "Note: {appName} will automatically restart and reload the UI during the restore process.",
  "RestartRequiredHelpTextWarning": "Requires restart to take effect",
  "Restore": "Restore",
  "RestoreBackup": "Restore Backup",
  "Result": "Result",
  "Retention": "Retention",
  "Rss": "RSS",
  "RssFeed": "RSS Feed",
  "RssIsNotSupportedWithThisIndexer": "RSS is not supported with this indexer",
  "RssQueries": "RSS Queries",
  "SSLCertPassword": "SSL Cert Password",
  "SSLCertPasswordHelpText": "Password for pfx file",
  "SSLCertPath": "SSL Cert Path",
  "SSLCertPathHelpText": "Path to pfx file",
  "SSLPort": "SSL Port",
  "Save": "Save",
  "SaveChanges": "Save Changes",
  "SaveSettings": "Save Settings",
  "Scheduled": "Scheduled",
  "Script": "Script",
  "ScriptPath": "Script Path",
  "Search": "Search",
  "SearchAllIndexers": "Search all indexers",
  "SearchCapabilities": "Search Capabilities",
  "SearchCountIndexers": "Search {count} indexer(s)",
  "SearchIndexers": "Search Indexers",
  "SearchQueries": "Search Queries",
  "SearchType": "Search Type",
  "SearchTypes": "Search Types",
  "Season": "Season",
  "SecretToken": "Secret Token",
  "Security": "Security",
  "SeedRatio": "Seed Ratio",
  "SeedRatioHelpText": "The ratio a torrent should reach before stopping, empty is app's default",
  "SeedTime": "Seed Time",
  "SeedTimeHelpText": "The time a torrent should be seeded before stopping, empty is app's default",
  "Seeders": "Seeders",
  "SelectAll": "Select All",
  "SelectDownloadClientModalTitle": "{modalTitle} - Select Download Client",
  "SelectIndexers": "Select Indexers",
  "SelectedCountOfCountReleases": "Selected {selectedCount} of {itemCount} releases",
  "SemiPrivate": "Semi-Private",
  "SendAnonymousUsageData": "Send Anonymous Usage Data",
  "SetTags": "Set Tags",
  "Settings": "Settings",
  "SettingsConsoleLogLevel": "Console Log Level",
  "SettingsEnableColorImpairedMode": "Enable Color-Impaired Mode",
  "SettingsEnableColorImpairedModeHelpText": "Altered style to allow color-impaired users to better distinguish color coded information",
  "SettingsFilterSentryEvents": "Filter Analytics Events",
  "SettingsFilterSentryEventsHelpText": "Filter known user error events from being sent as Analytics",
  "SettingsIndexerLogging": "Enhanced Indexer Logging",
  "SettingsIndexerLoggingHelpText": "Log additional Indexer data including response",
  "SettingsLogRotate": "Log Rotation",
  "SettingsLogRotateHelpText": "Max number of log files to keep saved in logs folder",
  "SettingsLogSql": "Log Sql",
  "SettingsLongDateFormat": "Long Date Format",
  "SettingsShortDateFormat": "Short Date Format",
  "SettingsShowRelativeDates": "Show Relative Dates",
  "SettingsShowRelativeDatesHelpText": "Show relative (Today/Yesterday/etc) or absolute dates",
  "SettingsSqlLoggingHelpText": "Log all SQL queries from {appName}",
  "SettingsTimeFormat": "Time Format",
  "ShowAdvanced": "Show Advanced",
  "ShowSearch": "Show Search",
  "ShowSearchHelpText": "Show search button on hover",
  "Shutdown": "Shutdown",
  "Size": "Size",
  "Sort": "Sort",
  "Source": "Source",
  "StartTypingOrSelectAPathBelow": "Start typing or select a path below",
  "Started": "Started",
  "StartupDirectory": "Startup Directory",
  "Stats": "Stats",
  "Status": "Status",
  "StopSelecting": "Stop Selecting",
  "Style": "Style",
  "SuggestTranslationChange": "Suggest translation change",
  "SyncAppIndexers": "Sync App Indexers",
  "SyncLevel": "Sync Level",
  "SyncLevelAddRemove": "Add and Remove Only: When indexers are added or removed from {appName}, it will update this remote app.",
  "SyncLevelFull": "Full Sync: Will keep this app's indexers fully in sync. Changes made to indexers in {appName} are then synced to this app. Any change made to indexers remotely within this app will be overridden by {appName} on the next sync.",
  "SyncProfile": "Sync Profile",
  "SyncProfiles": "Sync Profiles",
  "System": "System",
  "SystemTimeHealthCheckMessage": "System time is off by more than 1 day. Scheduled tasks may not run correctly until the time is corrected",
  "TVSearchTypes": "TV Search Types",
  "TableOptions": "Table Options",
  "TableOptionsColumnsMessage": "Choose which columns are visible and which order they appear in",
  "TagCannotBeDeletedWhileInUse": "Cannot be deleted while in use",
  "TagIsNotUsedAndCanBeDeleted": "Tag is not used and can be deleted",
  "Tags": "Tags",
  "TagsHelpText": "Applies to indexers with at least one matching tag",
  "TagsSettingsSummary": "See all tags and how they are used. Unused tags can be removed",
  "Tasks": "Tasks",
  "Test": "Test",
  "TestAll": "Test All",
  "TestAllApps": "Test All Apps",
  "TestAllClients": "Test All Clients",
  "TestAllIndexers": "Test All Indexers",
  "TheLogLevelDefault": "The log level defaults to 'Info' and can be changed in [General Settings](/settings/general)",
  "Theme": "Theme",
  "ThemeHelpText": "Change Application UI Theme, 'Auto' Theme will use your OS Theme to set Light or Dark mode. Inspired by {inspiredBy}.",
  "Time": "Time",
  "Title": "Title",
  "Today": "Today",
  "Tomorrow": "Tomorrow",
  "Torrent": "Torrent",
  "TorrentBlackholeSaveMagnetFiles": "Save Magnet Files",
  "TorrentBlackholeSaveMagnetFilesExtension": "Save Magnet Files Extension",
  "TorrentBlackholeSaveMagnetFilesExtensionHelpText": "Extension to use for magnet links, defaults to '.magnet'",
  "TorrentBlackholeSaveMagnetFilesHelpText": "Save the magnet link if no .torrent file is available (only useful if the download client supports magnets saved to a file)",
  "TorrentBlackholeTorrentFolder": "Torrent Folder",
  "Torrents": "Torrents",
  "TorznabUrl": "Torznab Url",
  "TotalGrabs": "Total Grabs",
  "TotalHostGrabs": "Total Host Grabs",
  "TotalHostQueries": "Total Host Queries",
  "TotalIndexerQueries": "Total Indexer Queries",
  "TotalIndexerSuccessfulGrabs": "Total Indexer Successful Grabs",
  "TotalQueries": "Total Queries",
  "TotalUserAgentGrabs": "Total User Agent Grabs",
  "TotalUserAgentQueries": "Total User Agent Queries",
  "Track": "Track",
  "TvSearch": "TV Search",
  "Type": "Type",
  "UI": "UI",
  "UILanguage": "UI Language",
  "UILanguageHelpText": "Language that {appName} will use for UI",
  "UILanguageHelpTextWarning": "Browser Reload Required",
  "UISettings": "UI Settings",
  "UISettingsSummary": "Date, language, and color impaired options",
  "URLBase": "URL Base",
  "UnableToAddANewAppProfilePleaseTryAgain": "Unable to add a new application profile, please try again.",
  "UnableToAddANewApplicationPleaseTryAgain": "Unable to add a new application, please try again.",
  "UnableToAddANewDownloadClientPleaseTryAgain": "Unable to add a new download client, please try again.",
  "UnableToAddANewIndexerPleaseTryAgain": "Unable to add a new indexer, please try again.",
  "UnableToAddANewIndexerProxyPleaseTryAgain": "Unable to add a new indexer proxy, please try again.",
  "UnableToAddANewNotificationPleaseTryAgain": "Unable to add a new notification, please try again.",
  "UnableToLoadAppProfiles": "Unable to load app profiles",
  "UnableToLoadDevelopmentSettings": "Unable to load Development settings",
  "UnableToLoadGeneralSettings": "Unable to load General settings",
  "UnableToLoadHistory": "Unable to load history",
  "UnableToLoadIndexerProxies": "Unable to load Indexer Proxies",
  "UnableToLoadIndexers": "Unable to load Indexers",
  "UnableToLoadNotifications": "Unable to load Notifications",
  "UnableToLoadTags": "Unable to load Tags",
  "UnableToLoadUISettings": "Unable to load UI settings",
  "UnsavedChanges": "Unsaved Changes",
  "UnselectAll": "Unselect All",
  "UpdateAppDirectlyLoadError": "Unable to update {appName} directly,",
  "UpdateAutomaticallyHelpText": "Automatically download and install updates. You will still be able to install from System: Updates",
  "UpdateAvailableHealthCheckMessage": "New update is available: {version}",
  "UpdateMechanismHelpText": "Use {appName}'s built-in updater or a script",
  "UpdateScriptPathHelpText": "Path to a custom script that takes an extracted update package and handle the remainder of the update process",
  "UpdateStartupNotWritableHealthCheckMessage": "Cannot install update because startup folder '{startupFolder}' is not writable by the user '{userName}'.",
  "UpdateStartupTranslocationHealthCheckMessage": "Cannot install update because startup folder '{startupFolder}' is in an App Translocation folder.",
  "UpdateUiNotWritableHealthCheckMessage": "Cannot install update because UI folder '{uiFolder}' is not writable by the user '{userName}'.",
  "UpdaterLogFiles": "Updater Log Files",
  "Updates": "Updates",
  "Uptime": "Uptime",
  "Url": "Url",
  "UrlBaseHelpText": "For reverse proxy support, default is empty",
  "UseProxy": "Use Proxy",
  "UseSsl": "Use SSL",
  "Usenet": "Usenet",
  "UsenetBlackholeNzbFolder": "Nzb Folder",
  "UserAgentProvidedByTheAppThatCalledTheAPI": "User-Agent provided by the app that called the API",
  "Username": "Username",
  "Version": "Version",
  "View": "View",
  "VipExpiration": "VIP Expiration",
  "Warn": "Warn",
  "Website": "Website",
  "WhatsNew": "What's New?",
  "Wiki": "Wiki",
  "WouldYouLikeToRestoreBackup": "Would you like to restore the backup '{name}'?",
  "XmlRpcPath": "XML RPC Path",
  "Year": "Year",
  "Yes": "Yes",
  "YesCancel": "Yes, Cancel",
  "Yesterday": "Yesterday",
  "days": "days",
  "minutes": "minutes"
}
