{
    "IndexerProxyStatusUnavailableHealthCheckMessage": "Välityspalvelimet eivät ole käytettävissä virheiden vuoksi: {indexerProxyNames}",
    "Logging": "Lokikirjaus",
    "LogLevel": "Lokikirjauksen laajuus",
    "MovieIndexScrollTop": "Elokuvakirjasto: vieritä ylös",
    "Apply": "Käytä",
    "ClientPriority": "Latauspalvelun painotus",
    "IndexerPriorityHelpText": "Hakupalvelun painotus, 1– 50 (korkein-alin). Oletusarvo on 25.",
    "Manual": "Manuaalinen",
    "Add": "Lisää",
    "Reload": "Lataa uudelleen",
    "Indexers": "Hakupalvelut",
    "MovieIndexScrollBottom": "Elokuvakirjasto: vieritä alas",
    "SSLCertPassword": "SSL-varmenteen salasana",
    "Style": "Ulkoasu",
    "Tags": "Tunnisteet",
    "Today": "Tänään",
    "About": "Tietoja",
    "AcceptConfirmationModal": "Hyväksy vahvistus",
    "Actions": "Toiminnot",
    "ApplicationStatusCheckAllClientMessage": "Sovellukset eivät ole käytettävissä virheiden vuoksi",
    "ApplicationStatusCheckSingleClientMessage": "Sovellukset eivät ole käytettävissä virheiden vuoksi: {0}",
    "Date": "Päiväys",
    "Dates": "Päiväykset",
    "SettingsTimeFormat": "Kellonajan esitys",
    "Message": "Viesti",
    "Seeders": "Jakajat",
    "TestAll": "Koesta kaikki",
    "AddDownloadClient": "Lisää latauspalvelu",
    "CustomFilters": "Omat suodattimet",
    "DeleteTag": "Poista tunniste",
    "EnableRss": "Käytä RSS-syötettä",
    "Filter": "Suodatus",
    "Fixed": "Korjattu",
    "FocusSearchBox": "Kohdista hakukenttä",
    "ForMoreInformationOnTheIndividualDownloadClients": "Saat lisätietoja yksittäisistä latauspalveluista painamalla niiden ohessa olevia lisätietopainikkeita.",
    "HideAdvanced": "Laajenna asetukset",
    "History": "Historia",
    "MIA": "Puuttuu",
    "New": "Uutta",
    "PageSizeHelpText": "Sivukohtainen kohdemäärä.",
    "Proxy": "Välityspalvelin",
    "ProxyBypassFilterHelpText": "Erota aliverkkotunnukset pilkuilla ja käytä jokerimerkkinä tähteä ja pistettä (*.). Esimerkki: www.esimerkki.fi,*.esimerkki.fi).",
    "Reddit": "Reddit",
    "Refresh": "Päivitä",
    "RefreshMovie": "Päivitä elokuva",
    "ReleaseBranchCheckOfficialBranchMessage": "\"{0}\" ei ole kelvollinen {appName}-julkaisuhaara ja tämän vuoksi et saa päivityksiä.",
    "RestartRequiredHelpTextWarning": "Käyttöönotto vaatii sovelluksen uudelleenkäynnistyksen.",
    "Result": "Tulos",
    "Settings": "Asetukset",
    "SettingsLongDateFormat": "Pitkän päiväyksen esitys",
    "SettingsShortDateFormat": "Lyhyen päiväyksen esitys",
    "UnselectAll": "Tyhjennä valinnat",
    "UpdateStartupTranslocationHealthCheckMessage": "Päivitystä ei voida asentaa, koska käynnistyskansio \"{startupFolder}\" sijaitsee \"App Translocation\" -kansiossa.",
    "UpdateUiNotWritableHealthCheckMessage": "Päivityksen asennus ei onnistu, koska käyttäjällä {userName} ei ole kirjoitusoikeutta käyttöliittymäkansioon \"{uiFolder}\".",
    "UpdateMechanismHelpText": "Käytä {appName}in sisäänrakennettua päivitystoimintoa tai komentosarjaa.",
    "Enable": "Käytä",
    "UI": "Käyttöliittymä",
    "Usenet": "Usenet",
    "BackupNow": "Varmuuskopioi nyt",
    "NoBackupsAreAvailable": "Varmuuskopioita ei ole käytettävissä",
    "UpdateStartupNotWritableHealthCheckMessage": "Päivitystä ei voida asentaa, koska käyttäjällä {userName} ei ole kirjoitusoikeutta käynnistyskansioon \"{startupFolder}\".",
    "Updates": "Päivitykset",
    "UpdateScriptPathHelpText": "Polku komentosarjaan, joka käsittelee puretun päivitystiedoston ja hoitaa asennuksen loppuosuuden.",
    "Uptime": "Käyttöaika",
    "URLBase": "URL-perusta",
    "UseProxy": "Käytä välityspalvelinta",
    "Username": "Käyttäjätunnus",
    "YesCancel": "Kyllä, peru",
    "NoTagsHaveBeenAddedYet": "Tunnisteita ei ole vielä lisätty.",
    "ApplyTags": "Tunnistetoimenpide",
    "Authentication": "Tunnistautuminen",
    "AuthenticationMethodHelpText": "Vaadi {appName}in käyttöön käyttäjätunnus ja salasana.",
    "BindAddressHelpText": "Toimiva IP-osoite, localhost tai * (tähti) kaikille verkkoliitännöille.",
    "Close": "Sulje",
    "DeleteNotification": "Poista ilmoituspalvelu",
    "Docker": "Docker",
    "DownloadClient": "Latauspalvelu",
    "Language": "Kieli",
    "Search": "Haku",
    "Details": "Tiedot",
    "InteractiveSearch": "Etsi manuaalisesti",
    "Interval": "Ajoitus",
    "KeyboardShortcuts": "Pikanäppäimet",
    "LastWriteTime": "Edellinen tallennus",
    "LogFiles": "Lokitiedostot",
    "LogLevelTraceHelpTextWarning": "Jäljityskirjausta tulee käyttää vain tilapäisesti.",
    "Logs": "Lokitiedot",
    "Mechanism": "Mekanismi",
    "Name": "Nimi",
    "NoLinks": "Kytköksiä ei ole",
    "Peers": "Vertaiset",
    "Presets": "Esiasetukset",
    "Priority": "Painotus",
    "Protocol": "Protokolla",
    "ProxyBadRequestHealthCheckMessage": "Välityspalvelintesti epäonnistui. Tilakoodi: {statusCode}.",
    "ProxyFailedToTestHealthCheckMessage": "Välityspalvelintesti epäonnistui: {url}",
    "ProxyResolveIpHealthCheckMessage": "Määritetyn välityspalvelimen \"{proxyHostName}\" IP-osoitteen selvitys epäonnistui.",
    "ProxyPasswordHelpText": "Käyttäjätunnus ja salasana tulee täyttää vain tarvittaessa. Mikäli näitä ei ole, tulee kentät jättää tyhjiksi.",
    "ProxyType": "Välityspalvelimen tyyppi",
    "ProxyUsernameHelpText": "Käyttäjätunnus ja salasana tulee täyttää vain tarvittaessa. Mikäli näitä ei ole, tulee kentät jättää tyhjiksi.",
    "Queue": "Jono",
    "ReadTheWikiForMoreInformation": "Wikistä löydät lisää tietoja",
    "ReleaseStatus": "Julkaisutila",
    "RemovedFromTaskQueue": "Poistettu tehtäväjonosta",
    "RemoveFilter": "Poista suodatin",
    "RemovingTag": "Tunniste poistetaan",
    "Reset": "Uudista",
    "ResetAPIKey": "Korvaa rajapinnan avain",
    "Restart": "Käynnistä uudelleen",
    "RestartNow": "Käynnistä uudelleen nyt",
    "Restore": "Palauta",
    "Rss": "RSS",
    "RssIsNotSupportedWithThisIndexer": "Tämän hakupalvelun kanssa ei voida käyttää RSS-syötettä.",
    "ScriptPath": "Komentosarjan sijainti",
    "Security": "Suojaus",
    "SuggestTranslationChange": "Ehdota käännösmuutosta",
    "System": "Järjestelmä",
    "SystemTimeHealthCheckMessage": "Järjestelmän aika on ainakin vuorokauden pielessä, eivätkä ajoitetut tehtävät toimi oikein ennen kuin se on korjattu.",
    "TagCannotBeDeletedWhileInUse": "Tunnistetta ei voida poistaa kun se on käytössä.",
    "TagIsNotUsedAndCanBeDeleted": "Tunniste ei ole käytössä ja voidaan poistaa.",
    "TagsSettingsSummary": "Täältä näet kaikki tunnisteet käyttökohteineen ja voit poistaa käyttämättömät tunnisteet.",
    "Tasks": "Tehtävät",
    "Test": "Koesta",
    "TestAllClients": "Koesta palvelut",
    "Time": "Aika",
    "Title": "Nimike",
    "Tomorrow": "Huomenna",
    "Torrent": "Torrent",
    "Torrents": "Torrentit",
    "Type": "Tyyppi",
    "UILanguage": "Käyttöliittymän kieli",
    "UnableToAddANewApplicationPleaseTryAgain": "Virhe lisättäessä sovellusta. Yritä uudelleen.",
    "UnableToAddANewIndexerPleaseTryAgain": "Uuden hakupalvelun lisääminen epäonnistui. Yritä uudelleen.",
    "UnableToAddANewIndexerProxyPleaseTryAgain": "Virhe lisättäessä tiedonhaun välityspalvelinta. Yritä uudelleen.",
    "BackupsLoadError": "Virhe ladattaessa varmuuskopioita.",
    "DownloadClientsLoadError": "Virhe ladattaessa latauspalveluita.",
    "UnableToLoadGeneralSettings": "Yleisasetusten lataus epäonnistui",
    "UpdateAutomaticallyHelpText": "Lataa ja asenna päivitykset automaattisesti. Voit myös edelleen suorittaa asennuksen järjestelmäasetusten päivitykset-osiosta.",
    "Added": "Lisäysaika",
    "AddIndexer": "Lisää hakupalvelu",
    "AddingTag": "Tunniste lisätään",
    "Age": "Ikä",
    "All": "Kaikki",
    "AllIndexersHiddenDueToFilter": "Aktiivinen suodatin on piilottanut kaikki hakupalvelut.",
    "Analytics": "Analytiikka",
    "AnalyticsEnabledHelpText": "Lähetä nimettömiä käyttö- ja virhetietoja {appName}in palvelimille. Tämä sisältää tietoja selaimestasi, käyttöliittymän sivujen käytöstä, virheraportoinnista, käyttöjärjestelmästä ja suoritusalustasta. Käytämme näitä tietoja ominaisuuksien ja vikakorjausten painotukseen.",
    "ApiKey": "Rajapinnan avain",
    "AppDataDirectory": "AppData-kansio",
    "DatabaseMigration": "Tietokannan siirto",
    "Delete": "Poista",
    "DeleteIndexerProxyMessageText": "Haluatko varmasti poistaa hakupalveluvälityspalvelimen \"{name}\"?",
    "DeleteNotificationMessageText": "Haluatko varmasti poistaa ilmoituspalvelun \"{name}\"?",
    "Disabled": "Ei käytössä",
    "DownloadClients": "Latauspalvelut",
    "DownloadClientSettings": "Latauspalveluasetukset",
    "DownloadClientStatusAllClientHealthCheckMessage": "Latauspalveluita ei ole ongelmien vuoksi käytettävissä",
    "Mode": "Tila",
    "MoreInfo": "Lisätietoja",
    "SelectAll": "Valitse kaikki",
    "SendAnonymousUsageData": "Lähetä nimettömiä käyttötietoja",
    "SetTags": "Tunnisteiden määritys",
    "SettingsEnableColorImpairedMode": "Heikentyneen värinäön tila",
    "ShowAdvanced": "Supista asetukset",
    "ShowSearchHelpText": "Näytä hakupainike osoitettaessa.",
    "Shutdown": "Sammuta",
    "Size": "Koko",
    "Sort": "Järjestys",
    "UnableToAddANewDownloadClientPleaseTryAgain": "Latauspalvelun lisääminen epäonnistui. Yritä uudelleen.",
    "AppDataLocationHealthCheckMessage": "Päivityksiä ei sallita, jotta AppData-kansion poistaminen päivityksen yhteydessä voidaan estää",
    "UnableToLoadHistory": "Virhe ladattaessa historiaa.",
    "UnableToLoadNotifications": "Virhe ladattaessa ilmoituspalveluita.",
    "UnableToLoadTags": "Virhe ladattaessa tunnisteita.",
    "UnableToLoadUISettings": "Virhe ladattaessa käyttöliittymäasetuksia.",
    "UnsavedChanges": "Muutoksia ei ole tallennettu",
    "Yesterday": "Eilen",
    "ConnectionLost": "Yhteys menetettiin",
    "DeleteDownloadClientMessageText": "Haluatko varmasti poistaa latauspalvelun \"{name}\"?",
    "DeleteTagMessageText": "Haluatko varmasti poistaa tunnisteen \"{label}\"?",
    "Discord": "Discord",
    "Donations": "Lahjoitukset",
    "Edit": "Muokkaa",
    "EnableAutomaticSearchHelpText": "Profiilia käytetään automaattihauille, jotka suoritetaan käyttöliittymästä tai {appName}in toimesta.",
    "Enabled": "Käytössä",
    "EventType": "Tapahtuman tyyppi",
    "Exception": "Poikkeus",
    "FeatureRequests": "Kehitysehdotukset",
    "Grabbed": "Kaapattu",
    "IgnoredAddresses": "Ohitetut osoitteet",
    "IllRestartLater": "Käynnistän uudelleen myöhemmin",
    "Info": "Informatiivinen",
    "LaunchBrowserHelpText": " Avaa {appName}in verkkokäyttöliittymä verkkoselaimeen sovelluksen käynnistyksen yhteydessä.",
    "NoChanges": "Muutoksia ei ole",
    "NoLeaveIt": "Ei, anna olla",
    "PendingChangesMessage": "Olet tehnyt muutoksia, joita ei ole vielä tallennettu. Haluatko varmasti poistua sivulta?",
    "PendingChangesStayReview": "Älä poistu ja tarkista muutokset",
    "Save": "Tallenna",
    "SaveChanges": "Tallenna muutokset",
    "SaveSettings": "Tallenna asetukset",
    "Scheduled": "Ajoitukset",
    "SettingsEnableColorImpairedModeHelpText": "Vaihtoehtoinen tyyli, joka auttaa erottamaan värikoodatut tiedot paremmin.",
    "SettingsShowRelativeDates": "Suhteellisten päiväysten esitys",
    "SettingsShowRelativeDatesHelpText": "Korvaa absoluuttiset päiväykset suhteellisilla päiväyksillä (tänään/eilen/yms.).",
    "ShowSearch": "Näytä haku",
    "Source": "Lähde",
    "SSLPort": "SSL-portti",
    "StartTypingOrSelectAPathBelow": "Aloita kirjoitus tai valitse sijainti alta",
    "StartupDirectory": "Käynnistyskansio",
    "TableOptions": "Taulukkonäkymän asetukset",
    "TableOptionsColumnsMessage": "Valitse näytettävät sarakkeet ja niiden järjestys",
    "TagsHelpText": "Käytetään vähintään yhdellä täsmäävällä tunnisteella merkityille hakupalveluille.",
    "UnableToAddANewAppProfilePleaseTryAgain": "Virhe lisättäessä sovellusprofiilia. Yritä uudelleen.",
    "UnableToAddANewNotificationPleaseTryAgain": "Ilmoituspalvelun lisääminen epäonnistui. Yritä uudelleen.",
    "Version": "Versio",
    "View": "Näkymä",
    "Warn": "Varoita",
    "Wiki": "Wiki",
    "Port": "Portti",
    "Automatic": "Automaattinen",
    "AutomaticSearch": "Automaattihaku",
    "Backup": "Varmuuskopiointi",
    "BackupFolderHelpText": "Suhteelliset tiedostosijainnit ovat {appName}in AppData-kansiossa.",
    "BackupIntervalHelpText": "Tietokannan ja asetusten automaattisen varmuuskopioinnin ajoitus.",
    "BackupRetentionHelpText": "Säilytysaikaa vanhemmat varmuuskopiot siivotaan automaattisesti.",
    "Backups": "Varmuuskopiot",
    "BeforeUpdate": "Ennen päivitystä",
    "BindAddress": "Sidososoite",
    "Branch": "Haara",
    "BranchUpdate": "{appName}in versiopäivityksiin käytettävä kehityshaara.",
    "BranchUpdateMechanism": "Ulkoisen päivitysratkaisun käyttämä kehityshaara.",
    "BypassProxyForLocalAddresses": "Ohjaa paikalliset osoitteet välityspalvelimen ohi",
    "Cancel": "Peruuta",
    "CancelPendingTask": "Haluatko varmasti perua odottavan tehtävän?",
    "CertificateValidation": "Varmenteen vahvistus",
    "CertificateValidationHelpText": "Määritä HTTPS-varmennevahvistuksen tiukkuus. Älä muuta, jos et ymmärrä riskejä.",
    "ChangeHasNotBeenSavedYet": "Muutosta ei ole vielä tallennettu",
    "Clear": "Tyhjennä",
    "CloneProfile": "Monista profiili",
    "CloseCurrentModal": "Sulje nykyinen ikkuna",
    "Columns": "Sarakkeet",
    "Component": "Komponentti",
    "Connections": "Ilmoituspalvelut",
    "ConnectSettings": "Ilmoituspavelun asetukset",
    "CouldNotConnectSignalR": "SignalR-kirjastoa ei tavoitettu, eikä käyttöliittymä päivity.",
    "Custom": "Mukautettu",
    "DeleteApplicationMessageText": "Haluatko varmasti poistaa sovelluksen \"{name}\"?",
    "DeleteBackup": "Poista varmuuskopio",
    "DeleteBackupMessageText": "Haluatko varmasti poistaa varmuuskopion \"{name}\"?",
    "DeleteDownloadClient": "Poista latauspalvelu",
    "DownloadClientStatusSingleClientHealthCheckMessage": "Latauspalveluita ei ole ongelmien vuoksi käytettävissä: {downloadClientNames}",
    "EditIndexer": "Muokkaa hakupalvelua",
    "EnableAutomaticSearch": "Käytä automaattihakua",
    "EnableInteractiveSearch": "Käytä manuaalihakuun",
    "EnableInteractiveSearchHelpText": "Profiilia käytetään manuaalihakuun.",
    "EnableSSL": "SSL-salaus",
    "EnableSslHelpText": " Käyttöönotto vaatii uudelleenkäynnistyksen järjestelmänvalvojan oikeuksilla.",
    "Error": "Virhe",
    "ErrorLoadingContents": "Virhe ladattaessa sisältöjä",
    "Events": "Tapahtumat",
    "ExistingTag": "Tunniste on jo olemassa",
    "Failed": "Epäonnistui",
    "Filename": "Tiedostonimi",
    "Files": "Tiedostot",
    "Folder": "Kansio",
    "General": "Yleiset",
    "GeneralSettings": "Yleiset asetukset",
    "GeneralSettingsSummary": "Portti, SSL-salaus, käyttäjänimi ja salasana, välityspalvelin, analytiikka ja päivitykset.",
    "Grabs": "Kaappaukset",
    "Health": "Terveys",
    "Level": "Taso",
    "NoIssuesWithYourConfiguration": "Kokoonpanossasi ei ole ongelmia.",
    "HomePage": "Verkkosivusto",
    "Host": "Osoite",
    "Hostname": "Osoite",
    "IncludeHealthWarningsHelpText": "Sisällytä kuntovaroitukset",
    "Indexer": "Hakupalvelu",
    "IndexerFlags": "Hakupalvelun liput",
    "IndexerLongTermStatusAllUnavailableHealthCheckMessage": "Mikään hakupalvelu ei ole käytettävissä yli kuusi tuntia kestäneiden virheiden vuoksi.",
    "IndexerLongTermStatusUnavailableHealthCheckMessage": "Hakupalvelut eivät ole käytettävissä yli kuusi tuntia kestäneiden virheiden vuoksi: {indexerNames}.",
    "IndexerPriority": "Hakupalveluiden painotus",
    "IndexerProxyStatusAllUnavailableHealthCheckMessage": "Välityspalvelimet eivät ole käytettävissä virheiden vuoksi",
    "IndexerStatusAllUnavailableHealthCheckMessage": "Hakupalvelut eivät ole virheiden vuoksi käytettävissä.",
    "IndexerStatusUnavailableHealthCheckMessage": "Hakupalvelut eivät ole virheiden vuoksi käytettävissä: {indexerNames}.",
    "NoChange": "Ei muutosta",
    "NoLogFiles": "Lokitiedostoja ei ole",
    "SSLCertPasswordHelpText": "PFX-tiedoston salasana",
    "SSLCertPath": "SSL-varmenteen sijainti",
    "SSLCertPathHelpText": "PFX-tiedoston sijainti",
    "Status": "Tila",
    "NotificationTriggers": "Ilmoituksen laukaisijat",
    "NoUpdatesAreAvailable": "Päivityksiä ei ole saatavilla",
    "OAuthPopupMessage": "Selaimesi estää ponnahdukset",
    "Ok": "Ok",
    "OnHealthIssueHelpText": "Vakausongelmat",
    "OpenBrowserOnStart": "Avaa selain käynnistettäessä",
    "OpenThisModal": "Avaa tämä ikkuna",
    "Options": "Asetukset",
    "PackageVersion": "Paketin versio",
    "PageSize": "Sivun koko",
    "Password": "Salasana",
    "PendingChangesDiscardChanges": "Hylkää muutokset ja poistu",
    "PortNumber": "Portin numero",
    "RestoreBackup": "Palauta varmuuskopio",
    "Retention": "Säilytys",
    "UILanguageHelpText": "{appName}in käyttöliittymän kieli.",
    "UILanguageHelpTextWarning": "Vaatii selaimen sivupäivityksen (F5).",
    "UISettings": "Käyttöliittymän asetukset",
    "DownloadClientsSettingsSummary": "{appName}in käyttöliittymästä suoritettavien hakujen yhteydessä käytettävät latauspalvelut.",
    "ProwlarrSupportsAnyDownloadClient": "{appName} tukee kaikkia alla listatuja latauspalveluita.",
    "AddDownloadClientToProwlarr": "Lisäämällä latauspalvelun {appName} voi lähettää julkaisut suoraan käyttöliittymästä manuaalihaun tuloksista.",
    "RedirectHelpText": "Uudelleenohjaa hakupalvelulta saapuvat latauspyynnöt ja välitä kaappaus suoraan välittämättä sitä {appName}in kautta.",
    "FullSync": "Täysi synkronointi",
    "SyncLevelFull": "Täysi synkronointi: Pitää sovelluksen hakupalvelut täysin synkronoituna. Hakupalveluihin {appName}issa tehdyt muutokset synkronoidaan etäsovelluksen kanssa ja kaikki etäsovelluksessa tehdyt muutokset korvataan seuraavan synkronoinnin yhteydessä.",
    "EnableIndexer": "Ota hakupalvelu käyttöön",
    "FilterPlaceHolder": "Suodata palveluita",
    "IndexerHealthCheckNoIndexers": "Yhtään hakupalvelua ei ole käytössä, eikä {appName} tämän vuoksi löydä tuloksia.",
    "IndexerObsoleteCheckMessage": "Hakupalvelut ovat poistuneet tai ne ovat muuttuneet: {0}. Poista tai lisää ne {appName}iin uudelleen.",
    "IndexerProxy": "Tiedonhaun välityspalvelin",
    "IndexerSettingsSummary": "Määritä useita globaaleita hakupalveluasetuksia, kuten välityspalvelimia.",
    "IndexerVipExpiringHealthCheckMessage": "Hakupalvelun VIP-edut päättyvät pian: {indexerNames}.",
    "ProwlarrSupportsAnyIndexer": "{appName} tukee Newznab- ja Torznab-yhteensopivien hakupalveluiden ohella myös useita muita palveluita vaihtoehdoilla \"Yleinen Newznab\" (Usenetille) ja 'Yleinen Torznab' (torrenteille).",
    "SettingsIndexerLogging": "Tehostettu hakupalveluiden valvonta",
    "AddIndexerProxy": "Lisää tiedonhaun välityspalvelin",
    "UISettingsSummary": "Kalenterin, päiväyksen ja kellonajan sekä kielen ja heikentyneelle värinäölle sopivan tilan asetukset.",
    "SettingsIndexerLoggingHelpText": "Kirjaa tarkempia tietoja hakupalveluiden toiminnasta, mukaanlukien vastaukset",
    "IndexerTagsHelpText": "Tunnisteilla voit kohdistaa tiedonhaun välityspalvelimia ja määrittää mihin sovelluksiin ne synkronoidaan.",
    "UnableToLoadAppProfiles": "Virhe ladattaessa sovellusprofiileja.",
    "AppProfileSelectHelpText": "Sovellusprofiilieilla määritetään hakupalvelulle sovellussynkronoinnin yhteydessä aktivoitavat hakutavat (RSS/automaatti/manuaali).",
    "IndexerQuery": "Hakupalvelukysely",
    "IndexerRss": "Hakupalvelun RSS",
    "SearchIndexers": "Etsi hakupalveluista",
    "AddRemoveOnly": "Ainoastaan lisää/poista",
    "IndexerVipExpiredHealthCheckMessage": "Hakupalvelun VIP-edut ovat päättyneet: {indexerNames}.",
    "MaintenanceRelease": "Huoltojulkaisu: korjauksia ja muita parannuksia. Lue lisää Githubin muutoshistoriasta.",
    "Query": "Kysely",
    "Redirect": "Uudelleenohjaus",
    "RestartProwlarr": "Käynnistä {appName} uudelleen",
    "SyncLevel": "Synkronoinnin laajuus",
    "SyncLevelAddRemove": "Vain lisäys/poisto: Kun {appName}in hakupalveluita lisätään tai poistetaan, päivittyy myös tämä etäsovellus.",
    "SyncAppIndexers": "Synkronoi sovelluksiin",
    "TestAllApps": "Koesta sovellukset",
    "UnableToLoadIndexerProxies": "Virhe ladattaessa tiedonhaun välityspalvelimia.",
    "AddedToDownloadClient": "Julkaisu lisättiin latauspalveluun",
    "AddNewIndexer": "Lisää uusi hakupalvelu",
    "AddToDownloadClient": "Lisää julkaisu latauspalveluun",
    "NoSearchResultsFound": "Tuloksia ei löytynyt. Yritä uutta hakua alta.",
    "Notification": "Ilmoitus",
    "DeleteIndexerProxy": "Poista tiedonhaun välityspalvelin",
    "Encoding": "Enkoodaus",
    "SettingsLogRotateHelpText": "Lokien tallennuskansiossa säilytettävien lokitiedostojen enimmäismäärä",
    "SettingsLogRotate": "Lokitiedostojen kierrätys",
    "SettingsLogSql": "Kirjaa SQL",
    "SettingsSqlLoggingHelpText": "Kirjaa kaikki {appName}in SQL-kyselyt",
    "ConnectSettingsSummary": "Yhteydet ilmoituspalveluihin ja mukautetut komentosarjat.",
    "DevelopmentSettings": "Kehittäjäasetukset",
    "Description": "Kuvaus",
    "Id": "ID",
    "SettingsConsoleLogLevel": "Valvontalokin laajuus",
    "SettingsFilterSentryEvents": "Suodata analytiikan tapahtumia",
    "SettingsFilterSentryEventsHelpText": "Suodata tunnetut käyttäjävirheet pois analytiikkalähetyksistä",
    "Applications": "Sovellukset",
    "AppProfileInUse": "Sovellusprofiili on käytössä",
    "Apps": "Sovellukset",
    "Auth": "Todennus",
    "Category": "Kategoria",
    "ClearHistory": "Tyhjennä historia",
    "ClearHistoryMessageText": "Haluatko varmasti tyhjentää kaiken {appName}-historian?",
    "Connect": "Ilmoituspalvelut",
    "EnableRssHelpText": "Käytä hakupalvelulle RSS-syötettä.",
    "DeleteApplication": "Poista sovellus",
    "DeleteAppProfile": "Poista sovellusprofiili",
    "IndexerProxies": "Hakupalveluiden välityspalvelimet",
    "IndexerAuth": "Hakupalvelun todennus",
    "Notifications": "Ilmoituspalvelut",
    "NotificationTriggersHelpText": "Valitse ilmoituksen laukaisevat tapahtumat.",
    "Stats": "Tilastot",
    "UnableToLoadDevelopmentSettings": "Virhe ladattaessa kehittäjäasetuksia.",
    "AppSettingsSummary": "Sovellukset ja asetukset, joilla määritetään miten {appName} viestii PVR-sovellustesi kanssa.",
    "Privacy": "Yksityisyys",
    "NetCore": ".NET",
    "BookSearch": "Etsi kirjoja",
    "SearchType": "Mitä etsitään",
    "AudioSearch": "Etsi ääniä",
    "MovieSearch": "Etsi elokuvia",
    "QueryOptions": "Kyselyasetukset",
    "TvSearch": "Etsi televisiosarjoja",
    "Filters": "Suodattimet",
    "OnGrab": "Kun julkaisu kaapataan",
    "OnHealthIssue": "Vakausongelmat",
    "HistoryCleanupDaysHelpText": "Poista automaattinen tyhjennys käytöstä asettamalla arvoksi 0.",
    "HistoryCleanupDaysHelpTextWarning": "Tässä määritettyä aikaa vanhemmat tiedostot poistetaan automaattisesti roskakorista pysyvästi.",
    "TestAllIndexers": "Koesta palvelut",
    "UserAgentProvidedByTheAppThatCalledTheAPI": "User-Agent-tiedon ilmoitti rajapinnan kanssa viestinyt sovellus.",
    "Categories": "Kategoriat",
    "Database": "Tietokanta",
    "HistoryCleanup": "Historian siivous",
    "IndexerAlreadySetup": "Hakupalvelusta on määritetty jo ainakin yksi instanssi.",
    "IndexerInfo": "Hakupalvelun tiedot",
    "MassEditor": "Massamuokkaus",
    "OnApplicationUpdate": "Kun sovellus päivitetään",
    "OnApplicationUpdateHelpText": "Kun sovellus päivitetään",
    "Proxies": "Välityspalvelimet",
    "Public": "Julkinen",
    "SemiPrivate": "Osittain yksityinen",
    "ApplicationsLoadError": "Virhe ladattaessa sovelluslistaa.",
    "Url": "URL",
    "Website": "Verkkosivusto",
    "IndexerNoDefinitionCheckHealthCheckMessage": "Hakupalveluiden määritykset puuttuvat, eivätkä ne toimi: {indexerNames}. Poista tai lisää ne {appName}iin uudelleen.",
    "Private": "Yksityinen",
    "QueryResults": "Kyselyn tulokset",
    "Application": "Sovellus",
    "GrabReleases": "Kaappaa julkaisu(t)",
    "Link": "Linkki",
    "SearchTypes": "Etsittävät tyypit",
    "UnableToLoadIndexers": "Virhe ladattaessa hakupalveluita.",
    "Yes": "Kyllä",
    "MappedDrivesRunningAsService": "Yhdistetyt verkkoasemat eivät ole käytettävissä kun sovellus suoritetaan Windows-palveluna. Saat lisätietoja UKK:sta.",
    "No": "Ei",
    "BookSearchTypes": "Etsittävät kirjatyypit",
    "IndexerDetails": "Hakupalvelun tiedot",
    "IndexerName": "Hakupalvelun nimi",
    "IndexerSite": "Hakupalvelun sivusto",
    "MovieSearchTypes": "Etsittävät elokuvatyypit",
    "MusicSearchTypes": "Etsittävät musiikkityypit",
    "NotSupported": "Ei tuettu",
    "RawSearchSupported": "Raakahaku tuettu",
    "SearchCapabilities": "Hakuominaisuudet",
    "TVSearchTypes": "Etsittävät sarja-/jaksotyypit",
    "MinimumSeeders": "Jakajien vähimmäismäärä",
    "MinimumSeedersHelpText": "Sovelluksen edellyttämä hakupalvelusta kaapattavien kohteiden jakajien (seed) vähimmäismäärä.",
    "SyncProfile": "Synkronointiprofiili",
    "SyncProfiles": "Synkronointiprofiilit",
    "AddSyncProfile": "Lisää synkronointiprofiili",
    "EditSyncProfile": "Muokkaa synkronointiprofiilia",
    "InstanceName": "Instanssin nimi",
    "InstanceNameHelpText": "Instanssin nimi välilehdellä ja järjestelmälokissa.",
    "ThemeHelpText": "Vaihda sovelluksen käyttöliittymän ulkoasua. \"Automaattinen\" vaihtaa vaalean ja tumman tilan välillä käyttöjärjestelmän teeman mukaan. Innoittanut {inspiredBy}.",
    "Duration": "Kesto",
    "ElapsedTime": "Kulunut aika",
    "EnabledRedirected": "Kulunut, uudelleenohjattu",
    "Ended": "Päättynyt",
    "GrabTitle": "Kaappaa nimike",
    "LastExecution": "Edellinen suoritus",
    "LastDuration": "Edellinen kesto",
    "NextExecution": "Seuraava suoritus",
    "Parameters": "Parametrit",
    "Queued": "Lisätty jonoon",
    "Started": "Alkoi",
    "ApplicationLongTermStatusCheckAllClientMessage": "Sovellukset eivät ole käytettävissä yli 6 tuntia kestäneiden virheiden vuoksi.",
    "ApplicationLongTermStatusCheckSingleClientMessage": "Sovellukset eivät ole käytettävissä yli 6 tuntia kestäneiden virheiden vuoksi: {0}",
    "AreYouSureYouWantToDeleteCategory": "Haluatko varmasti poistaa kohdistetun kategorian?",
    "DeleteClientCategory": "Poista latauspalvelukategoria",
    "DownloadClientCategory": "Latauspalvelukategoria",
    "MappedCategories": "Kohdistetut kategoriat",
    "AuthenticationRequired": "Vaadi tunnistautuminen",
    "Remove": "Poista",
    "Replace": "Korvaa",
    "OnLatestVersion": "Uusin {appName}-versio on jo asennettu",
    "ApplicationURL": "Sovelluksen URL",
    "ApplicationUrlHelpText": "Tämän sovelluksen ulkoinen URL-osoite, johon sisältyy http(s)://, portti ja URL-perusta.",
    "Track": "Valvo",
    "CountIndexersSelected": "{count} hakupalvelu(a) on valittu",
    "DeleteSelectedDownloadClients": "Poista valitut latauspalvelu(t)",
    "DeleteSelectedApplicationsMessageText": "Haluatko varmasti poistaa {count} valit(un/tua) sovellu(sta/ksen)?",
    "DeleteSelectedDownloadClientsMessageText": "Haluatko varmasti poistaa {count} valittua latauspalvelua?",
    "DeleteSelectedIndexersMessageText": "Haluatko varmasti poistaa {count} valit(un/tua) hakupalvelu(n/a)?",
    "Publisher": "Julkasija",
    "SelectIndexers": "Palveluiden monivalinta",
    "Year": "Vuosi",
    "Genre": "Lajityyppi",
    "More": "Lisää",
    "Season": "Kausi",
    "ApplyTagsHelpTextAdd": "– \"Lisää\" syötetyt tunnisteet aiempiin tunnisteisiin",
    "ApplyTagsHelpTextHowToApplyApplications": "Tunnisteiden käyttö valituille sovelluksille:",
    "ApplyTagsHelpTextHowToApplyIndexers": "Tunnisteiden käyttö valituille hakupalveluille:",
    "ApplyTagsHelpTextRemove": "- \"Poista\" tyhjentää syötetyt tunnisteet",
    "ApplyTagsHelpTextReplace": "– \"Korvaa\" nykyiset tunnisteet syötetyillä tai tyhjennä kaikki tunnisteet jättämällä tyhjäksi.",
    "DownloadClientPriorityHelpText": "Useiden latauspalveluiden painotus, 1–50 (korkein-alin). Oletusarvo on 1 ja tasaveroiset erotetaan Round-Robin-tekniikalla.",
    "Album": "Albumi",
    "Artist": "Esittäjä",
    "Author": "Kirjailija",
    "Book": "Kirja",
    "UpdateAvailableHealthCheckMessage": "Uusi päivitys on saatavilla: {version}",
    "Episode": "Jakso",
    "Label": "Nimi",
    "Theme": "Teema",
    "ConnectionLostReconnect": "{appName} pyrkii ajoittain muodostamaan yhteyden automaattisesti tai voit painaa alta \"Lataa uudelleen\".",
    "DeleteAppProfileMessageText": "Haluatko varmasti poistaa sovellusprofiilin \"{name}\"?",
    "RecentChanges": "Uusimmat muutokset",
    "WhatsNew": "Mikä on uutta?",
    "ConnectionLostToBackend": "{appName} kadotti yhteyden taustajärjestelmään ja se on käynnistettävä uudelleen.",
    "minutes": "minuuttia",
    "AddConnection": "Lisää ilmoituspavelu",
    "NotificationStatusAllClientHealthCheckMessage": "Ilmoituspalvelut eivät ole ongelmien vuoksi käytettävissä.",
    "NotificationStatusSingleClientHealthCheckMessage": "Ilmoituspalvelut eivät ole ongelmien vuoksi käytettävissä: {notificationNames}.",
    "AuthBasic": "Perus (selaimen ponnahdus)",
    "AuthForm": "Lomake (kirjautumissivu)",
    "DisabledForLocalAddresses": "Ei käytössä paikallisissa osoitteissa",
    "None": "Ei mitään",
    "ResetAPIKeyMessageText": "Haluatko varmasti korvata rajapinnan avaimen uudella?",
    "TotalIndexerSuccessfulGrabs": "Onnistuneiden hakupalvelukaappausten kokonaismäärä",
    "AppUpdated": "{appName} on päivitetty",
    "AppUpdatedVersion": "{appName} on päivitetty versioon {version} ja muutosten käyttöönottamiseksi se on käynnistettävä uudelleen.",
    "IndexerDownloadClientHelpText": "Määritä {appName}in käyttöliittymässä tästä hakupalvelusta kaapattaessa käytettävä latauspalvelu.",
    "AuthenticationRequiredWarning": "Etäkäytön estämiseksi ilman tunnistautumista {appName} vaatii nyt tunnistautumisen käyttöönoton. Paikallisilta osoitteilta se voidaan valinnaisesti poistaa käytöstä.",
    "TotalGrabs": "Kaappausten kokonaismäärä",
    "AddDownloadClientImplementation": "Lisätään latauspalvelua – {implementationName}",
    "AddIndexerImplementation": "Lisätään hakupalvelua – {implementationName}",
    "OnGrabHelpText": "Kun julkaisu kaapataan",
    "ManageDownloadClients": "Hallitse palveluita",
    "NoDownloadClientsFound": "Latauspalveluita ei löytynyt",
    "CountDownloadClientsSelected": "{count} latauspalvelu(a) on valittu",
    "EditSelectedDownloadClients": "Muokkaa valittuja latauspalveluita",
    "IndexerDownloadClientHealthCheckMessage": "Hakupalvelut virheellisillä latauspalveluilla: {indexerNames}.",
    "AddIndexerProxyImplementation": "Lisätään tiedonhaun välityspalvelinta – {implementationName}",
    "EditIndexerProxyImplementation": "Muokataan tiedonhaun välityspalvelinta – {implementationName}",
    "EditDownloadClientImplementation": "Muokataan latauspalvelua – {implementationName}",
    "AddCustomFilter": "Lisää oma suodatin",
    "ApplyChanges": "Toteuta muutokset",
    "EditSelectedIndexers": "Muokkaa valittuja sisältölähteitä",
    "NoHistoryFound": "Historiaa ei löytynyt",
    "NoIndexersFound": "Palveluita ei löytynyt",
    "StopSelecting": "Lopeta valitseminen",
    "EditConnectionImplementation": "Muokataan ilmoituspalvelua – {implementationName}",
    "AddConnectionImplementation": "Lisätään ilmoituspavelua – {implementationName}",
    "DownloadClientQbittorrentSettingsContentLayout": "Sisällön rakenne",
    "EditIndexerImplementation": "Muokataan hakupalvelua – {implementationName}",
    "AuthenticationRequiredUsernameHelpTextWarning": "Syötä uusi käyttäjätunnus",
    "DefaultNameCopiedProfile": "{name} (kopio)",
    "AppsMinimumSeedersHelpText": "Sovellusten edellyttämä hakupalvelusta kaapattavien kohteiden jakajien (seed) vähimmäismäärä. Jos tyhjä, käytetään synkronointiprofiilin oletusta.",
    "TotalHostGrabs": "Isännän kaappausten kokonaismäärä",
    "IncludeManualGrabsHelpText": "Sisällytä {appName}in käyttöliittymästä tehdyt manuaalikaappaukset.",
    "AuthenticationRequiredHelpText": "Valitse mitkä pyynnöt vaativat tunnistautumisen. Älä muuta, jos et ymmärrä riskejä.",
    "TotalUserAgentGrabs": "Käyttäjäagentin kaappausten kokonaismäärä",
    "AuthenticationMethodHelpTextWarning": "Valitse sopiva tunnistautumistapa",
    "AuthenticationRequiredPasswordHelpTextWarning": "Syötä uusi salasana",
    "AuthenticationMethod": "Tunnistautumistapa",
    "Clone": "Monista",
    "AuthenticationRequiredPasswordConfirmationHelpTextWarning": "Vahvista uusi salasana",
    "EditApplicationImplementation": "Muokataan sovellusta – {implementationName}",
    "AddApplicationImplementation": "Lisätään sovellusta – {implementationName}",
    "InvalidUILanguage": "Käytöliittymän kielivalinta on virheellinen. Korjaa se ja tallenna asetukset.",
    "SeedRatio": "Jakosuhde",
    "SeedTime": "Jakoaika",
    "days": "päivää",
    "HistoryDetails": "Historiatiedot",
    "IndexerDisabled": "Hakupalvelu ei ole käytössä",
    "AdvancedSettingsShownClickToHide": "Lisäasetukset näytetään, piilota painamalla tästä.",
    "AdvancedSettingsHiddenClickToShow": "Lisäasetukset on piilotettu, näytä painamalla tästä.",
    "AppsMinimumSeeders": "Jakajien vähimmäismäärä",
    "BasicSearch": "Perushaku",
    "CountApplicationsSelected": "{count} sovellus(ta) on valittu",
    "DeleteSelectedApplications": "Poista valitut sovellukset",
    "DeleteSelectedIndexer": "Poista valittu hakupalvelu",
    "DeleteSelectedIndexers": "Poista valitut hakupalvelut",
    "Implementation": "Toteutus",
    "IndexerCategories": "Hakupalvelukategoriat",
    "IndexerStatus": "Hakupalvelun tila",
    "ManageApplications": "Hallitse sovelluksia",
    "NewznabUrl": "Newznab URL",
    "PackSeedTime": "Paketin jakoaika",
    "PackSeedTimeHelpText": "Aika, joka koostepaketin (kuten sarjan tuotantokauden tai esittäjän diskografian) sisältävää torrentia tulee jakaa. Käytä sovelluksen oletusta jättämällä tyhjäksi.",
    "QueryType": "Kyselyn tyyppi",
    "SearchAllIndexers": "Etsi kaikista hakupalveluista",
    "SeedRatioHelpText": "Jakosuhde, joka torrentin tulee saavuttaa ennen sen pysäytystä. Käytä sovelluksen oletusta jättämällä tyhjäksi.",
    "TorznabUrl": "Torznab URL",
    "ApiKeyValidationHealthCheckMessage": "Muuta rajapinnan (API) avain ainakin {length} merkin pituiseksi. Voit tehdä tämän asetuksista tai muokkaamalla asetustiedostoa.",
    "OnHealthRestored": "Terveystilan vakautuessa",
    "OnHealthRestoredHelpText": "Terveystilan vakautuessa",
    "TotalHostQueries": "Isännän kyselyiden kokonaismäärä",
    "TotalIndexerQueries": "Hakupalvelun kyselyiden kokonaismäärä",
    "GoToApplication": "Siirry sovellukseen",
    "AreYouSureYouWantToDeleteIndexer": "Haluatko varmasti poistaa hakupalvelun \"{name}\" sovelluksesta {appName}?",
    "AuthQueries": "Todennuskyselyt",
    "ApplicationTagsHelpText": "Sovellukseen synkronoidaan yhdellä tai useammalla vastaavalla tunnisteella merkityt hakupalvelut. Jos tässä ei ole tunnisteita, ei palveluiden synkronointia estetä tunnisteiden perusteella.",
    "ApplicationTagsHelpTextWarning": "Tunnisteita tulee käyttää harkiten, koska niillä voi olla odottamattomia vaikutuksia. Tunnisteella merkittyyn sovellukseen synkronoidaan vain samalla tunnisteella merkityt hakupalvelut.",
    "AverageResponseTimesMs": "hakupalveluiden keskimääräiset vasteajat (ms)",
    "CountIndexersAvailable": "{count} hakupalvelu(a) on käytettävissä",
    "FoundCountReleases": "Löydettiin {itemCount} julkaisua",
    "IndexerTagsHelpTextWarning": "Tunnisteita tulee käyttää harkiten, koska niillä voi olla odottamattomia vaikutuksia. Tunnisteella merkitty hakupalvelu synkronoidaan vain samalla tunnisteella merkittyihin sovelluksiin.",
    "LastFailure": "Edellinen virhe",
    "SelectedCountOfCountReleases": "Valittu {selectedCount}/{itemCount} julkaisua",
    "TotalQueries": "Kyselyiden kokonaismäärä",
    "RssFeed": "RSS-syöte",
    "VipExpiration": "VIP-erääntyy",
    "DisabledUntil": "Poistettu käytöstä kunnes",
    "AddApplication": "Lisää sovellus",
    "AddCategory": "Lisää kategoria",
    "EditCategory": "Muokkaa kategoriaa",
    "IndexerId": "Hakupalvelun ID",
    "ActiveIndexers": "Aktiiviset hakupalvelut",
    "NoIndexerCategories": "Hakupalvelulle ei löytynyt kategorioita",
    "ActiveApps": "Aktiiviset sovellukset",
    "NoIndexerHistory": "Hakupalvelulle ei löytynyt historiaa",
    "DownloadClientQbittorrentSettingsContentLayoutHelpText": "Määrittää käytetäänkö qBittorrentista määritettyä rakennetta, torrentin alkuperäistä rakennetta vai luodaanko uusi alikansio (qBittorrent 4.3.2+).",
    "External": "Ulkoinen",
    "IndexerFailureRate": "Hakupalvelun virhetaajuus",
    "IndexerHistoryLoadError": "Virhe ladattaessa hakupalvelun historiaa",
    "InitialFailure": "Alkuperäinen virhe",
    "PasswordConfirmation": "Salasanan vahvistus",
    "RepeatSearch": "Toista haku",
    "SearchCountIndexers": "Etsi {count} hakupalvelusta",
    "SearchQueries": "Hakukyselyt",
    "SeedTimeHelpText": "Aika, joka torrentia tulee jakaa ennen sen pysäytystä. Käytä sovelluksen oletusta jättämällä tyhjäksi.",
    "RssQueries": "RSS-kyselyt",
    "TotalUserAgentQueries": "Käyttäjäagentin kyselyiden kokonaismäärä",
    "NotificationsEmailSettingsUseEncryption": "Käytä salausta",
    "NotificationsEmailSettingsUseEncryptionHelpText": "Määrittää suositaanko salausta, jos se on määritetty palvelimelle, käytetäänkö aina SSL- (vain portti 465) tai StartTLS-salausta (kaikki muut portit), voi käytetäänkö salausta lainkaan.",
    "ManageClients": "Hallitse palveluita",
    "NoApplicationsFound": "Sovelluksia ei löytynyt",
    "DownloadClientAriaSettingsDirectoryHelpText": "Vaihtoehtoinen latausten tallennussijainti. Käytä Aria2:n oletusta jättämällä tyhjäksi.",
    "UrlBaseHelpText": "Käänteisen välityspalvelimen tukea varten. Oletusarvo on tyhjä.",
    "Donate": "Lahjoita",
    "DownloadClientFloodSettingsAdditionalTagsHelpText": "Lisää median ominaisuuksia tunnisteina. Vihjeet ovat esimerkkejä.",
    "DownloadClientRTorrentSettingsDirectoryHelpText": "Vaihtoehtoinen latausten tallennussijainti. Käytä rTorrentin oletusta jättämällä tyhjäksi.",
    "DownloadClientSettingsUseSslHelpText": "Muodosta {clientName}-yhteys käyttäen salattua yhteyttä.",
    "DownloadClientTransmissionSettingsDirectoryHelpText": "Vaihtoehtoinen latausten tallennussijainti. Käytä Transmissionin oletusta jättämällä tyhjäksi.",
    "DownloadClientTransmissionSettingsUrlBaseHelpText": "Lisää latauspalvelun {clientName} RPC-URL-osoitteeseen etuliitteen, esim. \"{url}\". Oletus on \"{defaultUrl}\".",
    "IndexerSettingsAppsMinimumSeedersHelpText": "Sovellusten edellyttämä hakupalvelusta kaapattavien kohteiden jakajien (seed) vähimmäismäärä. Jos tyhjä, käytetään synkronointiprofiilin oletusta.",
    "Menu": "Valikko",
    "ApplicationSettingsSyncRejectBlocklistedTorrentHashes": "Synkronoi estetyt torrent-hajautusarvot kaapattaessa",
    "IndexerBeyondHDSettingsSearchTypes": "Etsittävät tyypit",
    "IndexerSettingsSeedRatio": "Jakosuhde",
    "IndexerSettingsSeedTime": "Jakoaika",
    "IndexerSettingsSeedTimeHelpText": "Aika, joka torrentia tulee jakaa ennen sen pysäytystä. Käytä latauspalvelun oletusta jättämällä tyhjäksi.",
    "IndexerSettingsVipExpiration": "VIP-erääntyy",
    "Destination": "Kohde",
    "Directory": "Kansio",
    "DownloadClientFloodSettingsTagsHelpText": "Latauksen alkuperäiset tunnisteet, jotka tarvitaan sen tunnistamiseen. Tämä välttää ristiriidat muiden latausten kanssa.",
    "DownloadClientFreeboxSettingsApiUrl": "Rajapinnan URL",
    "DownloadClientFreeboxSettingsAppTokenHelpText": "Freebox-rajapinnan käyttöoikeutta määritettäessä saatu app_token-tietue.",
    "DownloadClientFreeboxSettingsHostHelpText": "Freeboxin isäntänimi tai IP-osoite. Oletus on \"{url}\" (toimii vain samassa verkossa).",
    "DownloadClientPneumaticSettingsStrmFolder": "Strm-kansio",
    "DownloadClientQbittorrentSettingsInitialStateHelpText": "Tila, jossa torrentit lisätään qBittorrentiin. Huomioi, että pakotetut torrentit eivät noudata nopeusrajoituksia.",
    "DownloadClientSettingsAddPaused": "Lisää keskeytettynä",
    "DownloadClientSettingsDestinationHelpText": "Määrittää manuaalisen tallennuskohteen. Käytä oletusta jättämällä tyhjäksi.",
    "DownloadClientSettingsInitialState": "Aloitustila",
    "DownloadClientSettingsInitialStateHelpText": "Latauspalveluun {clientName} lisättyjen torrentien aloitustila.",
    "IndexerHDBitsSettingsCodecs": "Koodekit",
    "IndexerHDBitsSettingsCodecsHelpText": "Jos ei määritetty, käytetään kaikkia vaihtoehtoja.",
    "IndexerHDBitsSettingsMediums": "Muodot",
    "IndexerHDBitsSettingsMediumsHelpText": "Jos ei määritetty, käytetään kaikkia vaihtoehtoja.",
    "IndexerHDBitsSettingsOriginsHelpText": "Jos ei määritetty, käytetään kaikkia vaihtoehtoja.",
    "IndexerSettingsAdditionalParameters": "Muut parametrit",
    "IndexerSettingsApiPath": "Rajapinnan sijainti",
    "IndexerSettingsApiPathHelpText": "Rajapinnan sijainti, yleensä \"{url}\".",
    "IndexerSettingsCookie": "Eväste",
    "IndexerSettingsPackSeedTime": "Paketin jakoaika",
    "IndexerSettingsPackSeedTimeIndexerHelpText": "Aika, joka koostepaketin (kuten sarjan tuotantokauden tai esittäjän diskografian) sisältävää torrentia tulee jakaa. Käytä sovelluksen oletusta jättämällä tyhjäksi.",
    "IndexerSettingsSeedRatioHelpText": "Suhde, joka torrentin tulee saavuttaa ennen sen pysäytystä. Käytä latauspalvelun oletusta jättämällä tyhjäksi. Suhteen tulisi olla ainakin 1.0 ja noudattaa hakupalvelun sääntöjä.",
    "SecretToken": "Salainen tunniste",
    "TorrentBlackholeSaveMagnetFiles": "Tallenna magnet-tiedostot",
    "UseSsl": "Käytä SSL-salausta",
    "ApplicationSettingsSyncRejectBlocklistedTorrentHashesHelpText": "Jos torrent on estetty hajautusarvon perusteella sitä ei välttämättä hylätä oikein joidenkin hakupalveluiden RSS-syötteestä tai hausta. Tämän käyttöönotto mahdollistaa tällaisten torrentien hylkäämisen kaappauksen jälkeen, kuitenkin ennen kuin niitä välitetään latauspalvelulle.",
    "BlackholeFolderHelpText": "Kansio, jonne {appName} tallentaa {extension}-tiedoston.",
    "DownloadClientDelugeSettingsUrlBaseHelpText": "Lisää Delugen JSON-URL-osoitteeseen etuliitteen, ks. \"{url})\".",
    "DownloadClientFloodSettingsAdditionalTags": "Lisätunnisteet",
    "DownloadClientPneumaticSettingsStrmFolderHelpText": "Tämän kansion .strm-tiedostot tuodaan droonilla.",
    "DownloadClientQbittorrentSettingsSequentialOrderHelpText": "Lataa tiedostot järjestyksessä (qBittorrent 4.1.0+).",
    "UsenetBlackholeNzbFolder": "NZB-kansio",
    "XmlRpcPath": "XML RPC -sijainti",
    "DownloadClientSettingsUrlBaseHelpText": "Lisää lataustuökalun {clientName} URL-osoitteeseen etuliitteen, esim. \"{url}\".",
    "DownloadClientFloodSettingsUrlBaseHelpText": "Lisää Flood-rajapintaan etuliitteen, esim. \"{url}\".",
    "DownloadClientDownloadStationSettingsDirectoryHelpText": "Vaihtoehtoinen jaettu kansio latauksille. Käytä Download Stationin oletussijaintia jättämällä tyhjäksi.",
    "DownloadClientFreeboxSettingsApiUrlHelpText": "Määritä Freebox-rajapinnan perus-URL rajapinnan versiolla, esim. \"{url}\". Oletus on \"{defaultApiUrl}\".",
    "DownloadClientQbittorrentSettingsFirstAndLastFirst": "Ensimmäinen ja viimeinen ensin",
    "DownloadClientFreeboxSettingsAppId": "Sovelluksen ID",
    "DownloadClientFreeboxSettingsPortHelpText": "Freebox-liittymän portti. Oletus on {port}.",
    "DownloadClientPneumaticSettingsNzbFolder": "NZB-kansio",
    "DownloadClientQbittorrentSettingsSequentialOrder": "Peräkkäinen järjestys",
    "CustomFilter": "Oma suodatin",
    "DownloadClientFreeboxSettingsAppIdHelpText": "Freebox-rajapinnan käyttöoikeutta määritettäessä käytettävä App ID -sovellustunniste.",
    "DownloadClientFreeboxSettingsAppToken": "Sovellustietue",
    "DownloadClientNzbgetSettingsAddPausedHelpText": "Tämä vaatii vähintään NzbGetin version 16.0.",
    "DownloadClientPneumaticSettingsNzbFolderHelpText": "Tämän kansion on oltava Kodin tavoitettavissa.",
    "DownloadClientQbittorrentSettingsFirstAndLastFirstHelpText": "Lataa ensimmäinen ja viimeinen osa ensin (qBittorrent 4.1.0+).",
    "DownloadClientQbittorrentSettingsUseSslHelpText": "Käytä suojattua yhteyttä. Katso qBittorentin asetusten \"Selainkäyttö\"-osion \"Käytä HTTPS:ää HTTP:n sijaan\" -asetus.",
    "DownloadClientRTorrentSettingsAddStopped": "Lisää pysäytettynä",
    "DownloadClientRTorrentSettingsUrlPath": "URL-sijainti",
    "TorrentBlackholeSaveMagnetFilesHelpText": "Tallenna magnet-linkki, jos .torrent-tiedostoa ei ole käytettävissä (hyödyllinen vain latauspalvelun tukiessa tiedostoon tallennettuja magnet-linkkejä).",
    "TorrentBlackholeTorrentFolder": "Torrent-kansio",
    "TorrentBlackholeSaveMagnetFilesExtension": "Tallenna magnet-tiedostojen pääte",
    "TorrentBlackholeSaveMagnetFilesExtensionHelpText": "Magnet-linkeille käytettävä tiedostopääte. Oletus on \".magnet\".",
    "LabelIsRequired": "Nimi on pakollinen",
    "Default": "Oletus",
    "GrabRelease": "Kaappaa julkaisu",
    "OverrideGrabModalTitle": "Ohitetaan ja kaapataan – {title}",
    "PrioritySettings": "Painotus: {priority}",
    "SelectDownloadClientModalTitle": "{modalTitle} – Valitse latauspalvelu",
    "ProxyValidationBadRequest": "Välityspalvelintesti epäonnistui. Tilakoodi: {statusCode}.",
    "ProxyValidationUnableToConnect": "Välityspalvelinta ei tavoiteta: {exceptionMessage}. Saat lisätietoja virheen lähellä olevista lokimerkinnöistä.",
    "ManualGrab": "Manuaalikaappaus",
    "OverrideAndAddToDownloadClient": "Ohita ja lisää etälatauspalveluun",
    "BuiltIn": "Sisäänrakennettu",
    "Any": "Mikä tahansa",
    "Script": "Komentosarja",
    "InfoUrl": "Tietojen URL",
    "PublishedDate": "Julkaisupäivä",
    "Redirected": "Uudelleenohjattu",
    "AllSearchResultsHiddenByFilter": "Aktiivinen suodatin piilottaa kaikki tulokset.",
    "HealthMessagesInfoBox": "Saat lisätietoja näiden vakausviestien syistä painamalla rivin lopussa olevaa wikilinkkiä (kirjakuvake) tai tarkastelemalla [lokitietoja]({link}). Mikäli et osaa tulkita näitä viestejä, tavoitat tukemme alla olevilla linkeillä.",
    "PackageVersionInfo": "{packageVersion} julkaisijalta {packageAuthor}",
    "ErrorRestoringBackup": "Virhe palautettaessa varmuuskopiota",
    "ExternalUpdater": "{appName} on määritetty käyttämään ulkoista päivitysratkaisua.",
    "FailedToFetchUpdates": "Päivitysten nouto epäonnistui",
    "AptUpdater": "Asenna päivitys APT-työkalun avulla",
    "DockerUpdater": "Hanki päivitys päivittämällä Docker-säiliö",
    "Download": "Lataa",
    "LogFilesLocation": "Lokitiedostojen tallennussijainti: {location}",
    "Logout": "Kirjaudu ulos",
    "NoEventsFound": "Tapahtumia ei löytynyt",
    "RestartReloadNote": "Huomioi: {appName} käynnistyy palautusprosessin aikana automaattisesti uudelleen.",
    "TheLogLevelDefault": "Lokikirjauksen oletusarvoinen laajuus on \"Informatiivinen\". Laajuutta voidaan muuttaa [Yleisistä asetuksista](/settings/general).",
    "UpdateAppDirectlyLoadError": "{appName}ia ei voida päivittää suoraan,",
    "UpdaterLogFiles": "Päivittäjän lokitiedostot",
    "WouldYouLikeToRestoreBackup": "Haluatko palauttaa varmuuskopion \"{name}\"?",
    "InstallLatest": "Asenna uusin",
    "CurrentlyInstalled": "Käytössä oleva versio",
    "PreviouslyInstalled": "Aiemmin käytössä ollut versio",
    "Mixed": "Sekoitettu",
    "IndexerSettingsAppsMinimumSeeders": "Jakajien vähimmäismäärä",
    "FailedToFetchSettings": "Asetusten nouto epäonnistui",
    "IndexerAlphaRatioSettingsExcludeSceneHelpText": "Älä huomioi tulosten SCENE-julkaisuja.",
    "DownloadClientRTorrentSettingsUrlPathHelpText": "Polku XMLRPC-päätteeseen, ks. \"{url}\". Käytettäessä ruTorrentia tämä on yleensä RPC2 tai [ruTorrentin sijainti]{url2}.",
    "InstallMajorVersionUpdateMessageLink": "Saat lisätietoja osoitteesta [{domain}]({url}).",
    "Install": "Asenna",
    "NotificationsTelegramSettingsIncludeAppName": "Sisällytä {appName} otsikkoon",
    "InstallMajorVersionUpdate": "Asenna päivitys",
    "InstallMajorVersionUpdateMessage": "Tämä päivitys asentaa uuden pääversion, joka ei välttämättä ole yhteensopiva laitteistosi kanssa. Haluatko varmasti asentaa päivityksen?",
    "NotificationsTelegramSettingsIncludeAppNameHelpText": "Ilmoitukset voidaan tarvittaessa erottaa muista sovelluksista lisäämällä niiden eteen \"{appName}\".",
    "DownloadClientRTorrentSettingsAddStoppedHelpText": "Tämä lisää torrentit ja magnet-linkit rTorentiin pysäytetyssä tilassa. Tämä saattaa rikkoa margnet-tiedostot.",
    "DownloadClientSettingsPriorityItemHelpText": "Kaapatuille kohteille käytettävä painotus.",
    "LogSizeLimit": "Lokin kokorajoitus",
    "LogSizeLimitHelpText": "Lokitiedoston enimmäiskoko ennen pakkausta. Oletusarvo on 1 Mt.",
    "IndexerAlphaRatioSettingsExcludeScene": "Ohita SCENE-julkaisut",
    "AverageGrabs": "Kaappausten keskiarvo",
    "AverageQueries": "Kyselyiden keskiarvo",
    "IndexerNewznabSettingsAdditionalParametersHelpText": "Muut Newznab-parametrit",
    "IndexerNewznabSettingsVipExpirationHelpText": "Syötä VIP-tilan päättymispäivä (yyyy-mm-dd) tai jätä tyhjäksi. {appName} ilmoittaa viikko ennen VIP-tilan päättymistä.",
    "IndexerSettingsQueryLimitHelpText": "Kyselyiden enimmäismäärä, jonka {appName} sallii hakupalvelulle.",
    "IndexerHDBitsSettingsPasskeyHelpText": "Pääsyavain käyttäjätiedoista",
    "DefaultCategory": "Oletuskategoria",
    "ClickToChangeQueryOptions": "Muuta kyselyasetuksia painamalla tästä.",
    "IndexerSettingsQueryLimit": "Kyselyrajoitus",
    "IndexerAvistazSettingsPidHelpText": "PID \"My Account\" tai \"My Profile\" -sivulta.",
    "IndexerAvistazSettingsUsernameHelpTextWarning": "Vain vähintään jäsen-tasoinen käyttäjä voi käyttää tämän hakupalvelun rajapintaa.",
    "IndexerBeyondHDSettingsLimitedOnly": "Vain rajoitetut",
    "IndexerBeyondHDSettingsFreeleechOnlyHelpText": "Etsi vain Freeleech-julkaisuja.",
    "IndexerFileListSettingsFreeleechOnlyHelpText": "Etsi vain freeleech-julkaisuja.",
    "IndexerGazelleGamesSettingsApiKeyHelpTextWarning": "Avaimella on oltava \"User\" ja \"Torrents\" oikeudet.",
    "IndexerHDBitsSettingsUseFilenames": "Käytä tiedostonimiä",
    "IndexerMTeamTpSettingsFreeleechOnlyHelpText": "Etsi vain freeleech-julkaisuja.",
    "IndexerIPTorrentsSettingsCookieUserAgent": "Evästeen käyttäjäagentti",
    "IndexerIPTorrentsSettingsCookieUserAgentHelpText": "Evästeeseen liitetty selaimen käyttäjäagentti.",
    "IndexerPassThePopcornSettingsApiKeyHelpText": "Sivuston rajapinnan avain",
    "IndexerOrpheusSettingsApiKeyHelpText": "Sivuston rajapinnan avain. Löytyy kohdasta \"Settings\" > \"Access Settings\".",
    "Open": "Avaa",
    "PreferMagnetUrl": "Suosi magnet-URL:eja",
    "ProwlarrDownloadClientsAlert": "Latauspalvelut on määritettävä tässä vain, jos hakuja aiotaan tehdä suoraan {appName}ista. Sovelluksien hauille käytetään niiden omien asetusten latauspalvelumäärityksiä.",
    "IndexerSettingsLimitsUnitHelpText": "Hakupalveluiden aikarajoituksiin käytettävä yksikkö.",
    "IndexerGazelleGamesSettingsSearchGroupNames": "Etsi ryhmien nimillä",
    "DownloadClientSettingsDefaultCategoryHelpText": "Oletusarvoinen varakategoria julkaisuille, joilla ei ole kategoriaa. {appName}-kategorian lisääminen välttää ristiriidat ei-{appName} latausten kanssa. Kategoria on valinnainen, mutta erittäin suositeltava.",
    "IndexerAvistazSettingsFreeleechOnlyHelpText": "Etsi vain freeleech-julkaisuja.",
    "PreferMagnetUrlHelpText": "Hakupalvelu käyttää kaappaukseen ensisijaisesti magnet-linkkejä ja varmistuksena torrent-linkkejä.",
    "ProwlarrDownloadClientsInAppOnlyAlert": "Latauspalvelut ovat vain {appName}in sisäisiä hakuja varten, eikä niitä synkronoida muihin sovelluksiin (ominaisuutta ole myöskään suunnitteilla).",
    "DownloadClientSettingsDefaultCategorySubFolderHelpText": "Oletusarvoinen varakategoria julkaisuille, joilla ei ole kategoriaa. {appName}-kategorian lisääminen välttää ristiriidat ei-{appName} latausten kanssa. Kategoria on valinnainen, mutta erittäin suositeltava. Luo kohdekansioon [kategoria]-alikansion.",
    "IndexerAlphaRatioSettingsFreeleechOnlyHelpText": "Etsi vain freeleech-julkaisuja.",
    "IndexerAvistazSettingsUsernameHelpText": "Sivuston käyttäjätunnus",
    "IndexerBeyondHDSettingsRefundOnly": "Vain \"Refund\"",
    "IndexerBeyondHDSettingsRefundOnlyHelpText": "Etsi vain Refund-julkaisuja.",
    "IndexerBeyondHDSettingsRewindOnly": "Vain \"Rewind\"",
    "IndexerBeyondHDSettingsRewindOnlyHelpText": "Etsi vain Rewind-julkaisuja.",
    "IndexerBeyondHDSettingsApiKeyHelpText": "Sivuston rajapinnan avain. Löytyy kohdasta \"My Security\" > \"API Key\".",
    "IndexerBeyondHDSettingsSearchTypesHelpText": "Valitse halutut julkaisutyypit. Jos mitään ei ole valittu käytetään kaikkia.",
    "IndexerFileListSettingsPasskeyHelpText": "Sivuston pääsyavain. Tämä on latauspalvelussasi näkyvä trakkerin URL-osoitteen aakkosnumeerinen osa.",
    "IndexerGazelleGamesSettingsFreeleechOnlyHelpText": "Etsi vain freeleech-julkaisuja.",
    "IndexerGazelleGamesSettingsApiKeyHelpText": "Sivuston rajapinnan avain. Löytyy kohdasta \"Settings\" > \"Access Settings\".",
    "IndexerFileListSettingsUsernameHelpText": "Sivuston käyttäjätunnus",
    "IndexerGazelleGamesSettingsSearchGroupNamesHelpText": "Etsi julkaisuja ryhmien nimillä.",
    "IndexerHDBitsSettingsFreeleechOnlyHelpText": "Näytä vain Freeleech-julkaisut.",
    "IndexerNzbIndexSettingsApiKeyHelpText": "Sivuston rajapinnan avain",
    "IndexerHDBitsSettingsOrigins": "Alkuperä",
    "IndexerPassThePopcornSettingsFreeleechOnlyHelpText": "Etsi vain freeleech-julkaisuja.",
    "IndexerHDBitsSettingsUseFilenamesHelpText": "Käsittele torrentien tiedostonimiä julkaisujen nimikkeinä.",
    "IndexerHDBitsSettingsUsernameHelpText": "Sivuston käyttäjätunnus",
    "IndexerSettingsGrabLimitHelpText": "Kaappausten enimmäismäärä, jonka {appName} sallii hakupalvelulle.",
    "IndexerRedactedSettingsApiKeyHelpText": "Sivuston rajapinnan avain. Löytyy kohdasta \"Settings\" > \"Access Settings\".",
    "IndexerSettingsApiUser": "Rajapinnan käyttäjä",
    "IndexerSettingsBaseUrl": "Perus-URL",
    "IndexerSettingsBaseUrlHelpText": "Määritä verkkotunnus, jota {appName} käyttää sivustolle lähetettäville pyynnöille.",
    "IndexerPassThePopcornSettingsApiUserHelpText": "Nämä löytyvät PassThePopcorn-tilin asetuksista, kohdasta \"Edit Profile\" > \"Security\".",
    "IndexerSettingsPasskey": "Pääsyavain",
    "IndexerBeyondHDSettingsLimitedOnlyHelpText": "Etsi vain Freeleech-julkaisuja (rajoitettu UL).",
    "IndexerBeyondHDSettingsRssKeyHelpText": "Sivuston RSS-avain. Löytyy kohdasta \"My Security\" > \"RSS-avain\".",
    "IndexerIPTorrentsSettingsFreeleechOnlyHelpText": "Etsi vain freeleech-julkaisuja.",
    "IndexerNewznabSettingsApiKeyHelpText": "Sivuston rajapinnan avain",
    "IndexerNebulanceSettingsApiKeyHelpText": "Rajapinnan avain kohdasta \"Settings\" > \"Api Keys\".\nAvaimella on oltava \"List\" ja \"Download\" oikeudet.",
    "IndexerSettingsGrabLimit": "Kaappausrajoitus",
    "IndexerSettingsLimitsUnit": "Rajoitusten yksikkö",
    "IndexerSettingsRssKey": "RSS-avain",
    "IndexerMTeamTpSettingsApiKeyHelpText": "Sivuston rajapinnan avain. Löytyy kohdasta \"Control Panel\" > \"Security\" > \"Laboratory\".",
    "IndexerSettingsPreferMagnetUrlHelpText": "Hakupalvelu käyttää kaappaukseen ensisijaisesti magnet-linkkejä ja varmistuksena torrent-linkkejä.",
    "IndexerTorrentSyndikatSettingsApiKeyHelpText": "Sivuston rajapinnan avain",
    "IndexerSettingsPreferMagnetUrl": "Suosi magnet-URL:eja",
    "IndexerPassThePopcornSettingsGoldenPopcornOnly": "Vain \"Golden Popcorn\"",
    "IndexerPassThePopcornSettingsGoldenPopcornOnlyHelpText": "Etsi vain ns. kultaisella pocornilla merkittyjä julkaisuja.",
    "IndexerSettingsFreeleechOnly": "Vain \"Freeleech\"",
    "IndexerSettingsCookieHelpText": "Jos sivusto vaatii kirjautumisevästeen, se on noudettava selaimen kautta.",
    "IndexerAvistazSettingsPasswordHelpText": "Sivuston salasana"
}
