{
    "Indexers": "אינדקסים",
    "New": "חָדָשׁ",
    "Columns": "עמודות",
    "ConnectionLost": "החיבור אבד",
    "CouldNotConnectSignalR": "לא ניתן להתחבר ל- SignalR, ממשק המשתמש לא יתעדכן",
    "Dates": "תאריכים",
    "EnableAutomaticSearchHelpText": "ישמש כאשר חיפושים אוטומטיים מבוצעים דרך ממשק המשתמש או על ידי {appName}",
    "EnableRss": "אפשר RSS",
    "EnableSSL": "אפשר SSL",
    "Age": "גיל",
    "All": "הכל",
    "AllIndexersHiddenDueToFilter": "כל הסרטים מוסתרים בגלל המסנן שהוחל.",
    "Interval": "הַפסָקָה",
    "KeyboardShortcuts": "קיצורי דרך במקלדת",
    "Mechanism": "מַנגָנוֹן",
    "Message": "הוֹדָעָה",
    "MIA": "MIA",
    "Name": "שֵׁם",
    "NoLinks": "אין קישורים",
    "PendingChangesDiscardChanges": "מחק שינויים ועזוב",
    "ProxyBypassFilterHelpText": "השתמש ב- ',' כמפריד וב- '*.' כתו כללי לתת-דומיינים",
    "ProxyBadRequestHealthCheckMessage": "נכשל בדיקת ה- proxy. קוד קוד: {statusCode}",
    "ReleaseStatus": "שחרור סטטוס",
    "Reload": "לִטעוֹן מִחָדָשׁ",
    "RemovedFromTaskQueue": "הוסר מתור המשימות",
    "RemoveFilter": "הסר את המסנן",
    "RemovingTag": "הסרת התג",
    "Settings": "הגדרות",
    "SettingsEnableColorImpairedMode": "אפשר מצב של פגיעה בצבע",
    "SettingsEnableColorImpairedModeHelpText": "סגנון שונה כדי לאפשר למשתמשים לקויי צבע להבחין טוב יותר במידע המקודד בצבע",
    "SettingsLongDateFormat": "פורמט תאריך ארוך",
    "SettingsShortDateFormat": "פורמט תאריך קצר",
    "DownloadClientsLoadError": "לא ניתן לטעון לקוחות הורדות",
    "UnableToAddANewNotificationPleaseTryAgain": "לא ניתן להוסיף התראה חדשה, נסה שוב.",
    "UnableToLoadGeneralSettings": "לא ניתן לטעון את ההגדרות הכלליות",
    "About": "אודות",
    "AcceptConfirmationModal": "קבל את מודל האישור",
    "Added": "נוסף",
    "Component": "רְכִיב",
    "Info": "מידע",
    "IndexerLongTermStatusAllUnavailableHealthCheckMessage": "כל האינדקסים אינם זמינים עקב כשלים במשך יותר מ -6 שעות",
    "IndexerLongTermStatusUnavailableHealthCheckMessage": "אינדקסים לא זמינים עקב כשלים במשך יותר משש שעות: {indexerNames}",
    "Manual": "מדריך ל",
    "PageSize": "גודל עמוד",
    "PageSizeHelpText": "מספר הפריטים להצגה בכל עמוד",
    "Password": "סיסמה",
    "Reset": "אִתחוּל",
    "DeleteIndexerProxyMessageText": "האם אתה בטוח שברצונך למחוק את התג '{0}'?",
    "Donations": "תרומות",
    "DownloadClient": "הורד לקוח",
    "PendingChangesMessage": "יש לך שינויים שלא נשמרו, האם אתה בטוח שברצונך לעזוב דף זה?",
    "PendingChangesStayReview": "הישאר וסקר שינויים",
    "Port": "נמל",
    "PortNumber": "מספר יציאה",
    "Presets": "הגדרות קבועות מראש",
    "Proxy": "פרוקסי",
    "ProxyType": "סוג proxy",
    "RssIsNotSupportedWithThisIndexer": "RSS אינו נתמך עם אינדקס זה",
    "SettingsShowRelativeDatesHelpText": "הצג תאריכים קרובים (היום / אתמול / וכו ') או תאריכים מוחלטים",
    "TableOptions": "אפשרויות טבלה",
    "Tasks": "משימות",
    "Torrents": "טורנטים",
    "Type": "סוּג",
    "UI": "ממשק משתמש",
    "UILanguage": "שפת ממשק משתמש",
    "UILanguageHelpText": "שפה בה {appName} ישתמש עבור ממשק המשתמש",
    "UILanguageHelpTextWarning": "חובה לטעון דפדפן",
    "UISettings": "הגדרות ממשק המשתמש",
    "UnableToAddANewAppProfilePleaseTryAgain": "לא ניתן להוסיף פרופיל איכות חדש, נסה שוב.",
    "BackupsLoadError": "לא ניתן לטעון גיבויים",
    "UnableToLoadTags": "לא ניתן לטעון תגים",
    "UnableToLoadUISettings": "לא ניתן לטעון הגדרות ממשק משתמש",
    "UnsavedChanges": "שינויים שלא נשמרו",
    "UnselectAll": "בטל את הבחירה בכול",
    "BranchUpdate": "ענף לשימוש עדכון {appName}",
    "BranchUpdateMechanism": "ענף המשמש את מנגנון העדכון החיצוני",
    "BypassProxyForLocalAddresses": "עקיפת פרוקסי לכתובות מקומיות",
    "Cancel": "לְבַטֵל",
    "Custom": "המותאם אישית",
    "CustomFilters": "מסננים מותאמים אישית",
    "Date": "תַאֲרִיך",
    "DownloadClientStatusAllClientHealthCheckMessage": "כל לקוחות ההורדה אינם זמינים עקב כשלים",
    "DownloadClientStatusSingleClientHealthCheckMessage": "הורדת לקוחות לא זמינה עקב כשלים: {downloadClientNames}",
    "Fixed": "תוקן",
    "FocusSearchBox": "תיבת חיפוש פוקוס",
    "Folder": "תיקיה",
    "General": "כללי",
    "Mode": "מצב",
    "Protocol": "נוהל",
    "StartTypingOrSelectAPathBelow": "התחל להקליד או בחר נתיב למטה",
    "Style": "סִגְנוֹן",
    "Wiki": "וויקי",
    "Backups": "גיבויים",
    "BeforeUpdate": "לפני העדכון",
    "Enabled": "מופעל",
    "Language": "שפה",
    "LastWriteTime": "זמן כתיבה אחרון",
    "LaunchBrowserHelpText": " פתח דפדפן אינטרנט ונווט אל דף הבית של {appName} בהתחלת האפליקציה.",
    "Level": "רָמָה",
    "LogFiles": "קבצי יומן",
    "Logging": "רישום",
    "LogLevel": "רמת יומן",
    "LogLevelTraceHelpTextWarning": "יש להפעיל רישום מעקב באופן זמני בלבד",
    "Logs": "יומנים",
    "NoChange": "ללא שינוי",
    "Analytics": "ניתוח",
    "AnalyticsEnabledHelpText": "שלח פרטי שימוש ושגיאה אנונימיים לשרתי {appName}. זה כולל מידע בדפדפן שלך, אילו דפי {appName} WebUI אתה משתמש, דיווח על שגיאות וכן מערכת הפעלה וגרסת זמן ריצה. אנו נשתמש במידע זה כדי לתעדף תכונות ותיקוני באגים.",
    "Security": "בִּטָחוֹן",
    "Ok": "בסדר",
    "Usenet": "Usenet",
    "URLBase": "בסיס URL",
    "Retention": "הַחזָקָה",
    "Rss": "RSS",
    "Save": "להציל",
    "SaveChanges": "שמור שינויים",
    "SaveSettings": "שמור הגדרות",
    "Seeders": "זריעים",
    "SelectAll": "בחר הכל",
    "SendAnonymousUsageData": "שלח נתוני שימוש אנונימיים",
    "SetTags": "הגדר תגים",
    "SettingsShowRelativeDates": "הצג תאריכים יחסית",
    "SuggestTranslationChange": "הצע שינוי בתרגום",
    "System": "מערכת",
    "SystemTimeHealthCheckMessage": "זמן המערכת אינו פעיל יותר מיום אחד. משימות מתוזמנות עשויות שלא לפעול כראוי עד לתיקון הזמן",
    "TableOptionsColumnsMessage": "בחר אילו עמודות גלויות ובאיזה סדר הן יופיעו",
    "TagCannotBeDeletedWhileInUse": "לא ניתן למחוק בזמן השימוש",
    "TagIsNotUsedAndCanBeDeleted": "לא משתמשים בתג וניתן למחוק אותו",
    "SSLCertPassword": "סיסמת אישורי SSL",
    "SSLCertPasswordHelpText": "סיסמה לקובץ pfx",
    "SSLCertPath": "נתיב אישורי SSL",
    "SSLCertPathHelpText": "נתיב לקובץ pfx",
    "SSLPort": "יציאת SSL",
    "StartupDirectory": "ספריית ההפעלה",
    "Status": "סטָטוּס",
    "Tags": "תגים",
    "TagsSettingsSummary": "ראה את כל התגים ואופן השימוש בהם. ניתן להסיר תגים שאינם בשימוש",
    "Test": "מִבְחָן",
    "TestAll": "בדוק הכל",
    "TestAllClients": "בדוק את כל הלקוחות",
    "Time": "זְמַן",
    "Title": "כותרת",
    "UnableToLoadHistory": "לא ניתן לטעון את ההיסטוריה",
    "UpdateStartupNotWritableHealthCheckMessage": "לא ניתן להתקין את העדכון מכיוון שתיקיית ההפעלה '{startupFolder}' אינה ניתנת לכתיבה על ידי המשתמש '{userName}'.",
    "AddDownloadClient": "הוסף לקוח הורדות",
    "Filename": "שם קובץ",
    "Files": "קבצים",
    "Filter": "לְסַנֵן",
    "ForMoreInformationOnTheIndividualDownloadClients": "למידע נוסף על לקוחות הורדה בודדים, לחץ על כפתורי המידע.",
    "GeneralSettings": "הגדרות כלליות",
    "GeneralSettingsSummary": "יציאה, SSL, שם משתמש / סיסמה, פרוקסי, ניתוחים ועדכונים",
    "Grabbed": "תפס",
    "Grabs": "לִתְפּוֹס",
    "Health": "בְּרִיאוּת",
    "NoIssuesWithYourConfiguration": "אין בעיות בתצורה שלך",
    "HideAdvanced": "הסתר מתקדם",
    "History": "הִיסטוֹרִיָה",
    "HomePage": "דף הבית",
    "Host": "מנחה",
    "Hostname": "שם מארח",
    "IndexerPriority": "עדיפות אינדקס",
    "IndexerPriorityHelpText": "עדיפות אינדקס מ -1 (הגבוה ביותר) ל -50 (הנמוך ביותר). ברירת מחדל: 25.",
    "IndexerProxyStatusAllUnavailableHealthCheckMessage": "כל הרשימות אינן זמינות בגלל כשלים",
    "IndexerProxyStatusUnavailableHealthCheckMessage": "אינדקסים לא זמינים בגלל כשלים: {indexerProxyNames}",
    "IndexerStatusAllUnavailableHealthCheckMessage": "כל האינדקסים אינם זמינים עקב כשלים",
    "IndexerStatusUnavailableHealthCheckMessage": "אינדקסים לא זמינים בגלל כשלים: {indexerNames}",
    "NoBackupsAreAvailable": "אין גיבויים",
    "PackageVersion": "גרסת חבילה",
    "Peers": "עמיתים",
    "ProxyFailedToTestHealthCheckMessage": "נכשל בדיקת ה- proxy: {url}",
    "ProxyResolveIpHealthCheckMessage": "פתרון כתובת ה- IP עבור מארח ה- Proxy המוגדר {proxyHostName} נכשל",
    "ProxyPasswordHelpText": "עליך להזין שם משתמש וסיסמה רק אם נדרשים שם. השאר אותם ריקים אחרת.",
    "ProxyUsernameHelpText": "עליך להזין שם משתמש וסיסמה רק אם נדרשים שם. השאר אותם ריקים אחרת.",
    "Reddit": "רדיט",
    "ReleaseBranchCheckOfficialBranchMessage": "סניף {0} אינו סניף חוקי לשחרור {appName}, לא תקבל עדכונים",
    "ScriptPath": "נתיב סקריפט",
    "Search": "לחפש",
    "UpdateMechanismHelpText": "השתמש במעדכן המובנה של {appName} או בסקריפט",
    "UnableToLoadNotifications": "לא ניתן לטעון התראות",
    "Add": "הוסף",
    "Branch": "ענף",
    "CancelPendingTask": "האם אתה בטוח שברצונך לבטל משימה זו בהמתנה?",
    "CertificateValidationHelpText": "שנה את מידת אימות ההסמכה של HTTPS",
    "ChangeHasNotBeenSavedYet": "השינוי עדיין לא נשמר",
    "Connections": "חיבורים",
    "ConnectSettings": "חבר הגדרות",
    "Queue": "תוֹר",
    "ReadTheWikiForMoreInformation": "קרא את הוויקי למידע נוסף",
    "ResetAPIKey": "אפס את מפתח ה- API",
    "Restart": "אתחול",
    "RestartNow": "אתחל עכשיו",
    "Restore": "לשחזר",
    "RestoreBackup": "שחזור גיבוי",
    "Result": "תוֹצָאָה",
    "TagsHelpText": "חל על סרטים עם תג אחד לפחות תואם",
    "Today": "היום",
    "Tomorrow": "מָחָר",
    "Torrent": "טורנטים",
    "UnableToAddANewIndexerProxyPleaseTryAgain": "לא ניתן להוסיף אינדקס חדש, נסה שוב.",
    "UpdateStartupTranslocationHealthCheckMessage": "לא ניתן להתקין את העדכון מכיוון שתיקיית ההפעלה '{startupFolder}' נמצאת בתיקיית טרנסלוקציה של אפליקציות.",
    "UpdateUiNotWritableHealthCheckMessage": "לא ניתן להתקין את העדכון מכיוון שתיקיית ממשק המשתמש '{uiFolder}' אינה ניתנת לכתיבה על ידי המשתמש '{userName}'.",
    "Updates": "עדכונים",
    "UpdateScriptPathHelpText": "נתיב לסקריפט מותאם אישית שלוקח חבילת עדכון שחולצה ומטפל בשארית תהליך העדכון",
    "Uptime": "זמן עבודה",
    "UrlBaseHelpText": "לתמיכת proxy הפוכה, ברירת המחדל ריקה",
    "UseProxy": "תשתמש בפרוקסי",
    "Username": "שם משתמש",
    "Version": "גִרְסָה",
    "View": "נוף",
    "Warn": "לְהַזהִיר",
    "YesCancel": "כן, בטל",
    "Yesterday": "אתמול",
    "Actions": "פעולות",
    "AddIndexer": "הוסף אינדקס",
    "AddingTag": "מוסיף תג",
    "DownloadClients": "הורד לקוחות",
    "DownloadClientSettings": "הורד את הגדרות הלקוח",
    "Edit": "לַעֲרוֹך",
    "EditIndexer": "ערוך אינדקס",
    "Enable": "לְאַפשֵׁר",
    "MoreInfo": "עוד מידע",
    "MovieIndexScrollBottom": "אינדקס סרטים: גלילה תחתונה",
    "MovieIndexScrollTop": "אינדקס הסרטים: גלול למעלה",
    "Priority": "עדיפות",
    "SettingsTimeFormat": "פורמט זמן",
    "ShowAdvanced": "הצג מתקדם",
    "Shutdown": "לכבות",
    "Size": "גודל",
    "Sort": "סוג",
    "Source": "מָקוֹר",
    "BackupFolderHelpText": "נתיבים יחסית יהיו תחת ספריית AppData של {appName}",
    "BackupIntervalHelpText": "מרווח בין גיבויים אוטומטיים",
    "BackupRetentionHelpText": "גיבויים אוטומטיים ישנים יותר מתקופת השמירה ינוקו אוטומטית",
    "EnableInteractiveSearch": "אפשר חיפוש אינטראקטיבי",
    "EnableInteractiveSearchHelpText": "ישמש כאשר נעשה שימוש בחיפוש אינטראקטיבי",
    "IgnoredAddresses": "כתובות שהתעלמו מהן",
    "RestartRequiredHelpTextWarning": "נדרש הפעלה מחדש כדי להיכנס לתוקף",
    "UnableToAddANewApplicationPleaseTryAgain": "לא ניתן להוסיף התראה חדשה, נסה שוב.",
    "DeleteApplicationMessageText": "האם אתה בטוח שברצונך למחוק את ההודעה '{0}'?",
    "DeleteBackup": "מחק את הגיבוי",
    "DeleteBackupMessageText": "האם אתה בטוח שברצונך למחוק את הגיבוי '{0}'?",
    "DeleteDownloadClient": "מחק את לקוח ההורדות",
    "DeleteDownloadClientMessageText": "האם אתה בטוח שברצונך למחוק את לקוח ההורדות '{0}'?",
    "Docker": "דוקר",
    "InteractiveSearch": "חיפוש אינטראקטיבי",
    "IllRestartLater": "אתחיל מאוחר יותר",
    "IncludeHealthWarningsHelpText": "כלול אזהרות בריאות",
    "Indexer": "אינדקסר",
    "IndexerFlags": "אינדקס דגלים",
    "NoChanges": "אין שינויים",
    "NoLeaveIt": "לא, עזוב את זה",
    "NoLogFiles": "אין קבצי יומן",
    "Scheduled": "מתוזמן",
    "ApiKey": "מפתח API",
    "AppDataDirectory": "ספריית AppData",
    "AppDataLocationHealthCheckMessage": "לא ניתן יהיה לעדכן את מחיקת AppData בעדכון",
    "ApplicationStatusCheckAllClientMessage": "כל הרשימות אינן זמינות בגלל כשלים",
    "ApplicationStatusCheckSingleClientMessage": "רשימות לא זמינות בגלל כשלים: {0}",
    "Apply": "להגיש מועמדות",
    "ApplyTags": "החל תגים",
    "Authentication": "אימות",
    "AuthenticationMethodHelpText": "דרוש שם משתמש וסיסמה כדי לגשת ל {appName}",
    "Automatic": "אוֹטוֹמָטִי",
    "AutomaticSearch": "חיפוש אוטומטי",
    "Backup": "גיבוי",
    "BackupNow": "גיבוי עכשיו",
    "BindAddress": "כתובת איגוד",
    "BindAddressHelpText": "יש להזין localhost, כתובת IP או '*' כדי לאפשר הכל",
    "CertificateValidation": "אימות תעודה",
    "Clear": "ברור",
    "ClientPriority": "עדיפות לקוח",
    "CloneProfile": "פרופיל שיבוט",
    "Close": "סגור",
    "CloseCurrentModal": "סגור את המודול הנוכחי",
    "DatabaseMigration": "הגירת DB",
    "Delete": "לִמְחוֹק",
    "DeleteNotification": "מחק הודעה",
    "DeleteNotificationMessageText": "האם אתה בטוח שברצונך למחוק את ההודעה '{0}'?",
    "DeleteTag": "מחק את התג",
    "DeleteTagMessageText": "האם אתה בטוח שברצונך למחוק את התג '{0}'?",
    "Details": "פרטים",
    "Disabled": "נָכֶה",
    "Discord": "דיסקורד",
    "EnableAutomaticSearch": "אפשר חיפוש אוטומטי",
    "EnableSslHelpText": " דרוש הפעלה מחדש כמנהל כדי להיכנס לתוקף",
    "Error": "שְׁגִיאָה",
    "ErrorLoadingContents": "שגיאה בטעינת התוכן",
    "Events": "אירועים",
    "EventType": "סוג אירוע",
    "Exception": "יוצא מן הכלל",
    "ExistingTag": "תג קיים",
    "Failed": "נִכשָׁל",
    "FeatureRequests": "בקשות תכונה",
    "UpdateAutomaticallyHelpText": "הורד והתקין עדכונים באופן אוטומטי. עדיין תוכל להתקין ממערכת: עדכונים",
    "NoTagsHaveBeenAddedYet": "עדיין לא נוספו תגים",
    "NotificationTriggers": "מפעילים התראות",
    "NoUpdatesAreAvailable": "אין עדכונים זמינים",
    "OAuthPopupMessage": "חלונות קופצים נחסמים על ידי הדפדפן שלך",
    "OnHealthIssueHelpText": "בנושא הבריאות",
    "OpenBrowserOnStart": "פתח את הדפדפן בהתחלה",
    "OpenThisModal": "פתח את המודאל הזה",
    "Options": "אפשרויות",
    "Refresh": "לְרַעֲנֵן",
    "RefreshMovie": "רענן סרט",
    "ShowSearch": "הצג חיפוש",
    "ShowSearchHelpText": "הצג את לחצן החיפוש ברחף",
    "UnableToAddANewDownloadClientPleaseTryAgain": "לא ניתן להוסיף לקוח הורדות חדש, נסה שוב.",
    "UnableToAddANewIndexerPleaseTryAgain": "לא ניתן להוסיף אינדקס חדש, נסה שוב.",
    "Filters": "לְסַנֵן",
    "MaintenanceRelease": "שחרור תחזוקה: תיקוני באגים ושיפורים אחרים. לפרטים נוספים, ראה היסטוריית התחייבויות של Github",
    "HistoryCleanupDaysHelpText": "הגדר ל 0 כדי להשבית ניקוי אוטומטי",
    "HistoryCleanupDaysHelpTextWarning": "קבצים בסל המיחזור ישנים יותר ממספר הימים שנבחר ינוקו באופן אוטומטי",
    "OnGrab": "על לתפוס",
    "OnHealthIssue": "בנושא הבריאות",
    "TestAllIndexers": "בדוק את כל האינדקסים",
    "GrabReleases": "שחרור תפוס",
    "Link": "קישורים",
    "NetCore": ".NET Core",
    "No": "לא",
    "UnableToLoadIndexers": "לא ניתן לטעון אינדקסים",
    "Yes": "כן",
    "MappedDrivesRunningAsService": "כונני רשת ממופים אינם זמינים כאשר הם פועלים כשירות Windows. אנא עיין בשאלות הנפוצות למידע נוסף",
    "InstanceName": "שם מופע",
    "InstanceNameHelpText": "שם מופע בטאב ובשביל שם אפליקציית סיסלוג",
    "NotificationTriggersHelpText": "בחר איזה אירועים יפעילו את ההתראה הזאת",
    "OnApplicationUpdate": "כשהאפליקציה מעדכנת גרסא",
    "OnApplicationUpdateHelpText": "כשהאפליקציה מעדכנת גרסא",
    "Database": "מסד נתונים",
    "ApplicationLongTermStatusCheckSingleClientMessage": "אינדקסים לא זמינים עקב כשלים במשך יותר משש שעות: {0}",
    "Duration": "אורך",
    "Queued": "בתור",
    "ApplicationLongTermStatusCheckAllClientMessage": "כל האינדקסים אינם זמינים עקב כשלים במשך יותר מ -6 שעות",
    "Ended": "הסתיים",
    "LastDuration": "lastDuration",
    "LastExecution": "ביצוע אחרון",
    "NextExecution": "הביצוע הבא",
    "Category": "קטגוריה",
    "AreYouSureYouWantToDeleteCategory": "האם למחוק קטגוריה?",
    "Categories": "קטגוריות",
    "DeleteIndexerProxy": "מחיקת פרוקסי של אינדקסר",
    "AddRemoveOnly": "הוספה והסרה בלבד",
    "Connect": "התראות",
    "AddedToDownloadClient": "אודות",
    "AddToDownloadClient": "הוספת הפצה לקליינט הורדות",
    "AuthenticationRequired": "נדרש אימות",
    "AuthenticationRequiredHelpText": "הגדר עבור אילו קריאות נדרש אימות. עדיף להשאיר את ברירת המחדל.",
    "DeleteClientCategory": "מחיקת קטגוריה בקליינט הורדות",
    "Description": "תיאור",
    "DevelopmentSettings": "הגדרות פיתוח",
    "DownloadClientCategory": "קטגוריית קליינט הורדות",
    "AppProfileInUse": "פרופיל אפליקציה בשימוש",
    "Apps": "אפליקציות",
    "Auth": "אימות",
    "AudioSearch": "חיפוש שמע",
    "Application": "אפליקציה",
    "DeleteApplication": "מחיקת אפליקציה",
    "DeleteAppProfile": "מחיקת פרופיל אפליקציה",
    "AddIndexerProxy": "הוספת פרוקסי לאינדקסר",
    "Applications": "אפליקציות",
    "BookSearch": "חיפוש ספר",
    "BookSearchTypes": "סוגי חיפוש ספר",
    "ClearHistory": "ניקוי היסטוריה",
    "ClearHistoryMessageText": "האם לנקות את כל ההיסטוריה של {appName}?",
    "ConnectSettingsSummary": "התראות וסקריפטים",
    "AddDownloadClientToProwlarr": "הוספת קליינט להורדות מאפשר ל-{appName} לשלוח הפצות מהממשק משתמש בזמן חיפוש ידני.",
    "AppProfileSelectHelpText": "פרופיל אפליקציות נועדו לשליטה ב- RSS, חיפוש אוטומטי והגדרות חיפוש מושהה בעת סינכרון אפליקציה",
    "AppSettingsSummary": "אפליקציות והגדרות אינטרקציה עם תוכניות PVR",
    "AuthenticationRequiredWarning": "בכדי למנוע גישה מרחוק ללא אימות, {appName} דורש הגדרת אימות.\nהגדר את הפרטים ושיטת האימות. ישנה אפשרות לדלג על אימות מהרשת הביתית שלך. \nבמידת הצורך יש לפנות אל שו״ת למידע נוסף.",
    "AddNewIndexer": "הוספת אינדקסר חדש",
    "AddSyncProfile": "הוספת פרופיל סינכרון",
    "EditSyncProfile": "הוספת פרופיל סינכרון",
    "Notifications": "התראות",
    "Notification": "התראות",
    "OnLatestVersion": "הגרסה האחרונה של {appName} כבר מותקנת",
    "Remove": "לְהַסִיר",
    "Replace": "החלף",
    "AddApplication": "הוספת אפליקציה",
    "AddCustomFilter": "הוספת פילטר מותאם",
    "DisabledUntil": "מבוטל 'עד ש'",
    "Genre": "ז'אנרים",
    "ApplyTagsHelpTextAdd": "הוסף: הוסף את התגים לרשימת התגים הקיימת",
    "ApplyTagsHelpTextHowToApplyIndexers": "כיצד להחיל תגים על הסרטים שנבחרו",
    "ApplyTagsHelpTextRemove": "הסר: הסר את התגים שהוזנו",
    "ApplyTagsHelpTextReplace": "החלף: החלף את התגים בתגיות שהוזנו (אין להזין תגים כדי למחוק את כל התגים)",
    "DeleteSelectedApplicationsMessageText": "האם אתה בטוח שברצונך למחוק את האינדקס '{0}'?",
    "DeleteSelectedDownloadClients": "מחק את לקוח ההורדות",
    "DeleteSelectedIndexersMessageText": "האם אתה בטוח שברצונך למחוק את האינדקס '{0}'?",
    "DownloadClientPriorityHelpText": "העדיפו עדיפות למספר לקוחות הורדה. Round-Robin משמש ללקוחות עם אותה עדיפות.",
    "ApiKeyValidationHealthCheckMessage": "עדכן בבקשה את מפתח ה־API שלך כדי שיהיה באורך של לפחות {length} תווים. תוכל לעשות זאת בהגדרות או דרך קובץ הקונפיגורציה.",
    "More": "יותר",
    "Track": "זֵכֶר",
    "ApplyTagsHelpTextHowToApplyApplications": "כיצד להחיל תגים על הסרטים שנבחרו",
    "DeleteSelectedDownloadClientsMessageText": "האם אתה בטוח שברצונך למחוק את האינדקס '{0}'?",
    "Year": "שָׁנָה",
    "DeleteAppProfileMessageText": "האם אתה בטוח שברצונך למחוק את פרופיל האיכות {0}",
    "RecentChanges": "שינויים אחרונים",
    "WhatsNew": "מה חדש?",
    "minutes": "דקות",
    "Theme": "ערכת נושא",
    "ConnectionLostReconnect": "Radarr ינסה להתחבר אוטומטית, או שתלחץ על טען מחדש למטה.",
    "Album": "אלבום",
    "Artist": "אמן",
    "NotificationStatusAllClientHealthCheckMessage": "כל הרשימות אינן זמינות בגלל כשלים",
    "NotificationStatusSingleClientHealthCheckMessage": "רשימות לא זמינות בגלל כשלים: {notificationNames}",
    "ResetAPIKeyMessageText": "האם אתה בטוח שברצונך לאפס את מפתח ה- API שלך?",
    "DisabledForLocalAddresses": "מושבת לכתובות מקומיות",
    "Publisher": "מוציא לאור",
    "None": "אף אחד",
    "AuthForm": "טפסים (דף כניסה)",
    "AuthBasic": "בסיסי (חלון קופץ לדפדפן)",
    "IndexerHDBitsSettingsMediums": "בינוני",
    "ProxyValidationBadRequest": "נכשל בדיקת ה- proxy. קוד קוד: {statusCode}",
    "CustomFilter": "מסננים מותאמים אישית",
    "GrabRelease": "שחרור תפוס",
    "BuiltIn": "נִבנָה בְּ",
    "Script": "תַסרִיט",
    "PublishedDate": "תאריך פרסום",
    "AddCategory": "הוסף קטגוריה",
    "ActiveApps": "אפליקציות פעילות",
    "ActiveIndexers": "אינדקסרים פעילים",
    "AllSearchResultsHiddenByFilter": "כל התוצאות מוסתרות על ידי המסנן שהוחל",
    "InstallLatest": "התקן את האחרונה",
    "NoEventsFound": "לא נמצאו אירועים",
    "DockerUpdater": "עדכן את מיכל העגינה לקבל את העדכון",
    "Download": "הורד",
    "ErrorRestoringBackup": "שגיאה בשחזור הגיבוי",
    "ExternalUpdater": "{appName} מוגדר להשתמש במנגנון עדכון חיצוני",
    "RestartReloadNote": "הערה: {appName} יופעל מחדש אוטומטית וטען מחדש את ממשק המשתמש במהלך תהליך השחזור.",
    "UpdateAppDirectlyLoadError": "לא ניתן לעדכן את {appName} ישירות,",
    "AptUpdater": "השתמש ב- apt כדי להתקין את העדכון",
    "Clone": "סגור",
    "CurrentlyInstalled": "מותקן כעת",
    "Stats": "סטָטוּס",
    "Season": "סיבה",
    "Mixed": "תוקן"
}
