{
    "Add": "Bæta við",
    "BindAddress": "Bind heimilisfang",
    "BranchUpdate": "Útibú til að nota til að uppfæra {appName}",
    "Logs": "Logs",
    "Usenet": "Usenet",
    "Logging": "Skógarhögg",
    "MovieIndexScrollBottom": "Kvikmyndavísitala: Flettu neðst",
    "Result": "Niðurstaða",
    "SSLCertPathHelpText": "Leið að pfx skrá",
    "SSLPort": "SSL höfn",
    "Backup": "Afritun",
    "UI": "HÍ",
    "About": "Um það bil",
    "Added": "Bætt við",
    "DeleteIndexerProxyMessageText": "Ertu viss um að þú viljir eyða merkinu '{0}'?",
    "Enabled": "Virkt",
    "EnableInteractiveSearchHelpText": "Verður notað þegar gagnvirk leit er notuð",
    "EnableRss": "Virkja RSS",
    "ErrorLoadingContents": "Villa við að hlaða innihald",
    "Events": "Viðburðir",
    "EventType": "Viðburðargerð",
    "Exception": "Undantekning",
    "FocusSearchBox": "Fókus leitarreitur",
    "Grabbed": "Greip",
    "IndexerProxyStatusAllUnavailableHealthCheckMessage": "Allir listar eru ekki tiltækir vegna bilana",
    "IndexerProxyStatusUnavailableHealthCheckMessage": "Listar ekki tiltækir vegna bilana: {indexerProxyNames}",
    "SSLCertPassword": "SSL vottorð lykilorð",
    "SSLCertPasswordHelpText": "Lykilorð fyrir PFX skrá",
    "SSLCertPath": "SSL vottunarleið",
    "AddDownloadClient": "Bæta við Download Client",
    "BackupNow": "Taktu öryggisafrit núna",
    "DeleteDownloadClient": "Eyða niðurhals viðskiptavinur",
    "General": "Almennt",
    "IgnoredAddresses": "Heimilisföng hunsuð",
    "Interval": "Tímabil",
    "Search": "Leitaðu",
    "UILanguage": "Tungumál HÍ",
    "CertificateValidation": "Staðfesting skírteina",
    "Clear": "Hreinsa",
    "DownloadClientSettings": "Sæktu niður stillingar viðskiptavinar",
    "Health": "Heilsa",
    "NoBackupsAreAvailable": "Engin afrit eru í boði",
    "NoChange": "Engin breyting",
    "NoChanges": "Engar breytingar",
    "NoLeaveIt": "Nei, skilið það eftir",
    "SaveChanges": "Vista breytingar",
    "Details": "Upplýsingar",
    "PortNumber": "Portnúmer",
    "Uptime": "Spenntur",
    "SystemTimeHealthCheckMessage": "Slökkt er á tíma kerfisins meira en 1 dag. Skipulögð verkefni ganga kannski ekki rétt fyrr en tíminn er leiðréttur",
    "TableOptions": "Borðvalkostir",
    "TableOptionsColumnsMessage": "Veldu hvaða dálkar eru sýnilegir og í hvaða röð þeir birtast",
    "TagCannotBeDeletedWhileInUse": "Ekki er hægt að eyða meðan hún er í notkun",
    "TagIsNotUsedAndCanBeDeleted": "Merkið er ekki notað og hægt er að eyða því",
    "Tags": "Merkimiðar",
    "Tasks": "Verkefni",
    "Test": "Próf",
    "TestAllClients": "Prófaðu alla viðskiptavini",
    "Time": "Tími",
    "Today": "Í dag",
    "Tomorrow": "Á morgun",
    "Torrent": "Flæði",
    "Torrents": "Flæði",
    "Type": "Tegund",
    "UnableToAddANewApplicationPleaseTryAgain": "Ekki er hægt að bæta við nýrri tilkynningu. Reyndu aftur.",
    "BackupsLoadError": "Ekki er hægt að hlaða afrit",
    "DownloadClientsLoadError": "Ekki er hægt að hlaða niður viðskiptavinum",
    "UnableToLoadGeneralSettings": "Ekki er hægt að hlaða almennar stillingar",
    "UnableToLoadHistory": "Ekki er hægt að hlaða sögu",
    "UnableToLoadNotifications": "Ekki er hægt að hlaða tilkynningar",
    "UrlBaseHelpText": "Fyrir öfugan umboðsmannastuðning er sjálfgefið autt",
    "UseProxy": "Notaðu Proxy",
    "Username": "Notendanafn",
    "Version": "Útgáfa",
    "LaunchBrowserHelpText": " Opnaðu vafra og farðu á {appName} heimasíðuna þegar forritið byrjar.",
    "Level": "Stig",
    "Mechanism": "Mekanismi",
    "Message": "Skilaboð",
    "AcceptConfirmationModal": "Samþykkja staðfestingarform",
    "Actions": "Aðgerðir",
    "Proxy": "Umboðsmaður",
    "SuggestTranslationChange": "Legg til þýðingabreytingu",
    "DeleteTag": "Eyða tagi",
    "DeleteTagMessageText": "Ertu viss um að þú viljir eyða merkinu '{0}'?",
    "Donations": "Framlög",
    "DownloadClient": "Sæktu viðskiptavin",
    "Edit": "Breyta",
    "EnableInteractiveSearch": "Virkja gagnvirka leit",
    "EnableSSL": "Virkja SSL",
    "EnableSslHelpText": " Krefst endurræsingar sem stjórnandi til að taka gildi",
    "Error": "Villa",
    "ExistingTag": "Núverandi merki",
    "Failed": "Mistókst",
    "FeatureRequests": "Aðgerðarbeiðnir",
    "Filename": "Skráarnafn",
    "Files": "Skrár",
    "LogLevel": "Log Level",
    "LogLevelTraceHelpTextWarning": "Aðeins ætti að virkja rakningaskráningu tímabundið",
    "Manual": "Handbók",
    "MIA": "MIA",
    "New": "Nýtt",
    "NotificationTriggers": "Tilkynningakveikjur",
    "PackageVersion": "Pakki Útgáfa",
    "PageSize": "Stærð blaðsíðu",
    "PageSizeHelpText": "Fjöldi atriða til að sýna á hverri síðu",
    "ProxyResolveIpHealthCheckMessage": "Mistókst að leysa IP-tölu fyrir stillta proxy-gestgjafa {proxyHostName}",
    "ProxyPasswordHelpText": "Þú þarft aðeins að slá inn notendanafn og lykilorð ef þess er krafist. Láttu þá vera auða annars.",
    "ProxyType": "Umboðsmaður",
    "Queue": "Biðröð",
    "ReadTheWikiForMoreInformation": "Lestu Wiki fyrir frekari upplýsingar",
    "Refresh": "Hressa",
    "RefreshMovie": "Hressa kvikmynd",
    "ReleaseBranchCheckOfficialBranchMessage": "Útibú {0} er ekki gild útibú frá {appName}, þú færð ekki uppfærslur",
    "Reload": "Endurhlaða",
    "ResetAPIKey": "Endurstilla API lykil",
    "Restart": "Endurræsa",
    "RestartNow": "Endurræstu núna",
    "SendAnonymousUsageData": "Sendu nafnlaus notkunargögn",
    "SetTags": "Settu merki",
    "Settings": "Stillingar",
    "SettingsEnableColorImpairedMode": "Virkja litaskerta ham",
    "UILanguageHelpText": "Tungumál sem {appName} mun nota fyrir HÍ",
    "UILanguageHelpTextWarning": "Endurhlaða vafra krafist",
    "UISettings": "Stillingar HÍ",
    "UnableToLoadTags": "Ekki er hægt að hlaða merkin",
    "UnableToLoadUISettings": "Ekki er hægt að hlaða stillingar HÍ",
    "UnselectAll": "Afmarkaðu allt",
    "UpdateAutomaticallyHelpText": "Sjálfkrafa hlaða niður og setja upp uppfærslur. Þú munt samt geta sett upp úr System: Updates",
    "UpdateStartupNotWritableHealthCheckMessage": "Ekki er hægt að setja uppfærslu þar sem ræsimappan '{startupFolder}' er ekki skrifanleg af notandanum '{userName}'.",
    "UpdateStartupTranslocationHealthCheckMessage": "Ekki er hægt að setja uppfærslu vegna þess að ræsimappan '{startupFolder}' er í forritunarmöppu forrits.",
    "UpdateUiNotWritableHealthCheckMessage": "Ekki er hægt að setja uppfærslu vegna þess að notendamöppan '{uiFolder}' er ekki skrifuð af notandanum '{userName}'.",
    "UpdateMechanismHelpText": "Notaðu innbyggða uppfærslu {appName} eða handrit",
    "Updates": "Uppfærslur",
    "UpdateScriptPathHelpText": "Leið að sérsniðnu handriti sem tekur útdreginn uppfærslupakka og annast afganginn af uppfærsluferlinu",
    "URLBase": "Vefslóðagrunnur",
    "View": "Útsýni",
    "Warn": "Vara við",
    "Wiki": "Wiki",
    "YesCancel": "Já, hætta við",
    "Yesterday": "Í gær",
    "Connections": "Tengingar",
    "Custom": "Sérsniðin",
    "HideAdvanced": "Fela lengra komna",
    "HomePage": "Heimasíða",
    "Reddit": "Reddit",
    "SelectAll": "Velja allt",
    "SettingsTimeFormat": "Tímasnið",
    "TestAll": "Prófaðu allt",
    "Title": "Titill",
    "UnsavedChanges": "Óvistaðar breytingar",
    "CertificateValidationHelpText": "Breyttu hversu ströng HTTPS vottun er",
    "ChangeHasNotBeenSavedYet": "Breyting hefur ekki verið vistuð ennþá",
    "ClientPriority": "Forgangur viðskiptavinar",
    "CloneProfile": "Klónasnið",
    "CloseCurrentModal": "Lokaðu núverandi modal",
    "Columns": "Súlur",
    "Component": "Hluti",
    "ConnectionLost": "Tenging rofin",
    "Folder": "Mappa",
    "ForMoreInformationOnTheIndividualDownloadClients": "Fyrir frekari upplýsingar um einstaka niðurhal viðskiptavini, smelltu á upplýsingatakkana.",
    "GeneralSettings": "Almennar stillingar",
    "Grabs": "Grípa",
    "GeneralSettingsSummary": "Gátt, SSL, notandanafn / lykilorð, umboð, greining og uppfærslur",
    "History": "Saga",
    "NoUpdatesAreAvailable": "Engar uppfærslur eru í boði",
    "OpenBrowserOnStart": "Opnaðu vafra við byrjun",
    "TagsHelpText": "Gildir fyrir kvikmyndir með að minnsta kosti einu samsvarandi merki",
    "TagsSettingsSummary": "Sjáðu öll merkin og hvernig þau eru notuð. Hægt er að fjarlægja ónotuð merki",
    "AddIndexer": "Bættu við Indexer",
    "Date": "Dagsetning",
    "AddingTag": "Bætir við merki",
    "Age": "Aldur",
    "All": "Allt",
    "AllIndexersHiddenDueToFilter": "Allar kvikmyndir eru faldar vegna beittrar síu.",
    "Analytics": "Greiningar",
    "AnalyticsEnabledHelpText": "Sendu nafnlausar upplýsingar um notkun og villur á netþjóna {appName}. Þetta felur í sér upplýsingar í vafranum þínum, hvaða {appName} WebUI síður þú notar, villuskýrslur sem og stýrikerfi og keyrsluútgáfu. Við munum nota þessar upplýsingar til að forgangsraða eiginleikum og villuleiðréttingum.",
    "ApiKey": "API lykill",
    "AppDataDirectory": "AppData skrá",
    "AppDataLocationHealthCheckMessage": "Uppfærsla verður ekki möguleg til að koma í veg fyrir að AppData sé eytt við uppfærslu",
    "ApplicationStatusCheckAllClientMessage": "Allir listar eru ekki tiltækir vegna bilana",
    "ApplicationStatusCheckSingleClientMessage": "Listar ekki tiltækir vegna bilana: {0}",
    "Apply": "Sækja um",
    "ApplyTags": "Notaðu merki",
    "Authentication": "Auðkenning",
    "AuthenticationMethodHelpText": "Krefjast notandanafns og lykilorðs til að fá aðgang að {appName}",
    "Automatic": "Sjálfskiptur",
    "AutomaticSearch": "Sjálfvirk leit",
    "BackupIntervalHelpText": "Bil milli sjálfvirkra afrita",
    "BackupRetentionHelpText": "Sjálfvirk afrit sem eru eldri en varðveislutímabilið verða hreinsuð upp sjálfkrafa",
    "NoTagsHaveBeenAddedYet": "Engum merkjum hefur verið bætt við ennþá",
    "OAuthPopupMessage": "Lokað er fyrir sprettiglugga af vafranum þínum",
    "Backups": "Afrit",
    "BeforeUpdate": "Fyrir uppfærslu",
    "BindAddressHelpText": "Gilt IP4 heimilisfang eða '*' fyrir öll tengi",
    "Branch": "Útibú",
    "CancelPendingTask": "Ertu viss um að þú viljir hætta við þetta verkefni í bið?",
    "ConnectSettings": "Tengdu stillingar",
    "CouldNotConnectSignalR": "Gat ekki tengst SignalR, HÍ mun ekki uppfæra",
    "CustomFilters": "Sérsniðin síur",
    "Dates": "Dagsetningar",
    "DatabaseMigration": "DB fólksflutningar",
    "Delete": "Eyða",
    "DeleteApplicationMessageText": "Ertu viss um að þú viljir eyða tilkynningunni „{0}“?",
    "DeleteBackup": "Eyða afritun",
    "DeleteBackupMessageText": "Ertu viss um að þú viljir eyða öryggisafritinu '{0}'?",
    "DeleteDownloadClientMessageText": "Ertu viss um að þú viljir eyða niðurhalsviðskiptavininum '{0}'?",
    "DeleteNotification": "Eyða tilkynningu",
    "DeleteNotificationMessageText": "Ertu viss um að þú viljir eyða tilkynningunni „{0}“?",
    "Disabled": "Öryrkjar",
    "Discord": "Ósætti",
    "Docker": "Docker",
    "DownloadClients": "Sækja viðskiptavini",
    "DownloadClientStatusAllClientHealthCheckMessage": "Allir viðskiptavinir sem hlaða niður eru ekki tiltækir vegna bilana",
    "DownloadClientStatusSingleClientHealthCheckMessage": "Sæktu viðskiptavini sem eru ekki tiltækir vegna bilana: {downloadClientNames}",
    "EditIndexer": "Breyttu Indexer",
    "Enable": "Virkja",
    "EnableAutomaticSearch": "Virkja sjálfvirka leit",
    "EnableAutomaticSearchHelpText": "Verður notað þegar sjálfvirkar leitir eru framkvæmdar í HÍ eða af {appName}",
    "Filter": "Sía",
    "Fixed": "Fastur",
    "NoIssuesWithYourConfiguration": "Engin vandamál með stillingar þínar",
    "Host": "Gestgjafi",
    "Hostname": "Gestgjafanafn",
    "IllRestartLater": "Ég byrja aftur seinna",
    "IncludeHealthWarningsHelpText": "Láttu heilsuviðvaranir fylgja með",
    "Indexer": "Indexer",
    "Info": "Upplýsingar",
    "IndexerFlags": "Indexer fánar",
    "IndexerLongTermStatusAllUnavailableHealthCheckMessage": "Allir verðtryggingaraðilar eru ekki tiltækir vegna bilana í meira en 6 klukkustundir",
    "IndexerLongTermStatusUnavailableHealthCheckMessage": "Vísitölufólk er ekki tiltækt vegna bilana í meira en 6 klukkustundir: {indexerNames}",
    "IndexerPriorityHelpText": "Forgangur flokkara frá 1 (Hæstur) til 50 (Lægstur). Sjálfgefið: 25.",
    "Indexers": "Vísitölufólk",
    "IndexerStatusAllUnavailableHealthCheckMessage": "Allir verðtryggingaraðilar eru ekki tiltækir vegna bilana",
    "IndexerStatusUnavailableHealthCheckMessage": "Vísitölufólk er ekki tiltækt vegna bilana: {indexerNames}",
    "NoLogFiles": "Engar logskrár",
    "Ok": "Allt í lagi",
    "OnHealthIssueHelpText": "Um heilbrigðismál",
    "OpenThisModal": "Opnaðu þetta módel",
    "Options": "Valkostir",
    "Password": "Lykilorð",
    "Peers": "Jafningjar",
    "PendingChangesDiscardChanges": "Fargaðu breytingum og farðu",
    "PendingChangesMessage": "Þú ert með óvistaðar breytingar, ertu viss um að þú viljir yfirgefa þessa síðu?",
    "PendingChangesStayReview": "Vertu og skoðaðu breytingar",
    "ShowAdvanced": "Sýna lengra komna",
    "UnableToAddANewAppProfilePleaseTryAgain": "Ekki er hægt að bæta við nýjum gæðaprófíl, reyndu aftur.",
    "UnableToAddANewDownloadClientPleaseTryAgain": "Ekki er hægt að bæta við nýjum niðurhalsþjóni, reyndu aftur.",
    "UnableToAddANewIndexerPleaseTryAgain": "Ekki er hægt að bæta við nýjum flokkara, reyndu aftur.",
    "UnableToAddANewIndexerProxyPleaseTryAgain": "Ekki er hægt að bæta við nýjum flokkara, reyndu aftur.",
    "UnableToAddANewNotificationPleaseTryAgain": "Ekki er hægt að bæta við nýrri tilkynningu. Reyndu aftur.",
    "BackupFolderHelpText": "Hlutfallslegir slóðir verða undir AppData skránni hjá {appName}",
    "BranchUpdateMechanism": "Útibú notað af ytri uppfærslu",
    "BypassProxyForLocalAddresses": "Hliðarbraut umboðsmanns fyrir heimilisfang",
    "Cancel": "Hætta við",
    "Close": "Lokaðu",
    "IndexerPriority": "Forgangur indexers",
    "InteractiveSearch": "Gagnvirk leit",
    "KeyboardShortcuts": "Flýtilyklar",
    "Language": "Tungumál",
    "LogFiles": "Log skrár",
    "LastWriteTime": "Síðasti skrifatími",
    "Mode": "Mode",
    "MoreInfo": "Meiri upplýsingar",
    "MovieIndexScrollTop": "Kvikmyndavísitala: Scroll Top",
    "Name": "Nafn",
    "NoLinks": "Engir krækjur",
    "Port": "Höfn",
    "Presets": "Forstillingar",
    "Priority": "Forgangsröð",
    "Protocol": "Bókun",
    "ProxyBypassFilterHelpText": "Notaðu ',' sem aðskilnað og '*.' sem jókort fyrir undirlén",
    "ProxyBadRequestHealthCheckMessage": "Mistókst að prófa umboðsmann. Stöðukóði: {statusCode}",
    "ProxyFailedToTestHealthCheckMessage": "Mistókst að prófa umboðsmann: {url}",
    "ProxyUsernameHelpText": "Þú þarft aðeins að slá inn notendanafn og lykilorð ef þess er krafist. Láttu þá vera auða annars.",
    "ReleaseStatus": "Sleppa stöðu",
    "RemovedFromTaskQueue": "Fjarlægð úr verkröð",
    "RemoveFilter": "Fjarlægðu síuna",
    "RemovingTag": "Fjarlægir merkið",
    "Reset": "Endurstilla",
    "RestartRequiredHelpTextWarning": "Krefst endurræsingar til að taka gildi",
    "Restore": "Endurheimta",
    "RestoreBackup": "Endurheimtu öryggisafrit",
    "Retention": "Varðveisla",
    "Rss": "RSS",
    "RssIsNotSupportedWithThisIndexer": "RSS er ekki studd með þessum flokkara",
    "Save": "Vista",
    "SaveSettings": "Vista stillingar",
    "Scheduled": "Tímaáætlun",
    "ScriptPath": "Handritaleið",
    "Security": "Öryggi",
    "Seeders": "Plöntur",
    "SettingsEnableColorImpairedModeHelpText": "Breyttur stíll til að leyfa litaskertum notendum að greina betur litakóðuð upplýsingar",
    "SettingsLongDateFormat": "Langt stefnumót",
    "SettingsShortDateFormat": "Stutt dagsetningarsnið",
    "SettingsShowRelativeDates": "Sýna hlutfallslegar dagsetningar",
    "SettingsShowRelativeDatesHelpText": "Sýndu ættingja (í dag / í gær / etc) eða algerar dagsetningar",
    "ShowSearch": "Sýna leit",
    "ShowSearchHelpText": "Sýna leitarhnappinn á sveima",
    "Shutdown": "Lokun",
    "Size": "Stærð",
    "Sort": "Raða",
    "Source": "Heimild",
    "StartTypingOrSelectAPathBelow": "Byrjaðu að slá eða veldu leið hér að neðan",
    "StartupDirectory": "Ræsiskrá",
    "Status": "Staða",
    "Style": "Stíll",
    "System": "Kerfi",
    "MaintenanceRelease": "Útgáfa viðhalds: villuleiðréttingar og aðrar úrbætur. Sjá Github skuldbindingarferil fyrir frekari upplýsingar",
    "Filters": "Sía",
    "HistoryCleanupDaysHelpText": "Stilltu á 0 til að gera sjálfvirka hreinsun óvirka",
    "HistoryCleanupDaysHelpTextWarning": "Skrár í ruslakörfunni eldri en valinn fjöldi daga verða hreinsaðir upp sjálfkrafa",
    "OnGrab": "Á grípa",
    "OnHealthIssue": "Um heilbrigðismál",
    "TestAllIndexers": "Prófaðu alla verðtryggjendur",
    "NetCore": ".NET algerlega",
    "GrabReleases": "Grípa losun",
    "Link": "Krækjur",
    "MappedDrivesRunningAsService": "Kortlagðar netdrif eru ekki fáanlegar þegar þær eru keyrðar sem Windows þjónusta. Vinsamlegast skoðaðu algengar spurningar fyrir frekari upplýsingar",
    "No": "Nei",
    "UnableToLoadIndexers": "Ekki er hægt að hlaða Indexers",
    "Yes": "Já",
    "LastExecution": "Síðasta aftaka",
    "ApplicationLongTermStatusCheckAllClientMessage": "Allir verðtryggingaraðilar eru ekki tiltækir vegna bilana í meira en 6 klukkustundir",
    "ApplicationLongTermStatusCheckSingleClientMessage": "Vísitölufólk er ekki tiltækt vegna bilana í meira en 6 klukkustundir: {0}",
    "LastDuration": "lastDuration",
    "Queued": "Í biðröð",
    "Ended": "Lauk",
    "NextExecution": "Næsta framkvæmd",
    "Remove": "Fjarlægðu",
    "Replace": "Skipta um",
    "OnLatestVersion": "Nýjasta útgáfan af {appName} er þegar uppsett",
    "ApplyTagsHelpTextAdd": "Bæta við: Bættu merkjum við núverandi lista yfir merki",
    "ApplyTagsHelpTextHowToApplyApplications": "Hvernig á að setja merki á völdu kvikmyndirnar",
    "ApplyTagsHelpTextHowToApplyIndexers": "Hvernig á að setja merki á völdu kvikmyndirnar",
    "ApplyTagsHelpTextReplace": "Skipta um: Skiptu um merkin með innsláttu merkjunum (sláðu inn engin merki til að hreinsa öll merki)",
    "DeleteSelectedDownloadClients": "Eyða niðurhals viðskiptavinur",
    "Genre": "Tegundir",
    "More": "Meira",
    "ApplyTagsHelpTextRemove": "Fjarlægja: Fjarlægðu innsláttarmerkin",
    "DownloadClientPriorityHelpText": "Forgangsraðaðu mörgum niðurhal viðskiptavinum. Round-Robin er notað fyrir viðskiptavini með sömu forgang.",
    "Track": "Spor",
    "Year": "Ár",
    "DeleteAppProfileMessageText": "Ertu viss um að þú viljir eyða gæðasniðinu {0}",
    "RecentChanges": "Nýlegar breytingar",
    "WhatsNew": "Hvað er nýtt?",
    "ConnectionLostReconnect": "Radarr mun reyna að tengjast sjálfkrafa eða þú getur smellt á endurhlaða hér að neðan.",
    "minutes": "Fundargerð",
    "NotificationStatusAllClientHealthCheckMessage": "Allir listar eru ekki tiltækir vegna bilana",
    "NotificationStatusSingleClientHealthCheckMessage": "Listar ekki tiltækir vegna bilana: {notificationNames}",
    "AuthBasic": "Grunn (sprettiglugga vafra)",
    "AuthForm": "Eyðublöð (Innskráningarsíða)",
    "DisabledForLocalAddresses": "Óvirkt vegna heimilisfanga",
    "None": "Enginn",
    "ResetAPIKeyMessageText": "Ertu viss um að þú viljir endurstilla API lykilinn þinn?",
    "RestartProwlarr": "Endurræstu {appName}",
    "IndexerHDBitsSettingsMediums": "Miðlungs",
    "CustomFilter": "Sérsniðin síur",
    "ProxyValidationBadRequest": "Mistókst að prófa umboðsmann. Stöðukóði: {statusCode}",
    "GrabRelease": "Grípa losun",
    "BuiltIn": "Innbyggð",
    "Script": "Handrit",
    "PublishedDate": "Útgáfudagur",
    "AllSearchResultsHiddenByFilter": "Allar niðurstöður eru faldar af beittu síunni",
    "AptUpdater": "Notaðu apt til að setja uppfærsluna upp",
    "DockerUpdater": "uppfærðu bryggjugáminn til að fá uppfærsluna",
    "Download": "Sækja",
    "ErrorRestoringBackup": "Villa við að endurheimta afrit",
    "ExternalUpdater": "{appName} er stilltur til að nota ytri uppfærslu",
    "RestartReloadNote": "Athugið: {appName} mun sjálfkrafa endurræsa og endurhlaða notendaviðmiðið meðan á endurreisnarferlinu stendur.",
    "UpdateAppDirectlyLoadError": "Ekki er hægt að uppfæra {appName} beint,",
    "NoEventsFound": "Engir viðburðir fundust",
    "InstallLatest": "Settu upp nýjustu",
    "Clone": "Lokaðu",
    "CurrentlyInstalled": "Nú sett upp",
    "Stats": "Staða",
    "Mixed": "Fastur",
    "Season": "Ástæða"
}
