{
    "OpenThisModal": "このモーダルを開く",
    "InteractiveSearch": "インタラクティブ検索",
    "Interval": "間隔",
    "Add": "追加",
    "AutomaticSearch": "自動検索",
    "CloneProfile": "クローンプロファイル",
    "Close": "閉じる",
    "EditIndexer": "インデクサーの編集",
    "ExistingTag": "既存のタグ",
    "Failed": "失敗しました",
    "Indexer": "インデクサー",
    "IndexerFlags": "インデクサフラグ",
    "NoChanges": "変更なし",
    "NoLeaveIt": "いいえ、そのままにしておきます",
    "NoUpdatesAreAvailable": "利用可能なアップデートはありません",
    "OAuthPopupMessage": "ポップアップがブラウザによってブロックされています",
    "Ok": "OK",
    "RemovingTag": "タグの削除",
    "Reset": "リセット",
    "SettingsTimeFormat": "時間形式",
    "ShowAdvanced": "高度な表示",
    "Time": "時間",
    "View": "見る",
    "Language": "言語",
    "KeyboardShortcuts": "キーボードショートカット",
    "LogLevel": "ログレベル",
    "NotificationTriggers": "通知トリガー",
    "OnHealthIssueHelpText": "健康問題について",
    "Priority": "優先",
    "Restart": "再起動",
    "RssIsNotSupportedWithThisIndexer": "RSSはこのインデクサーではサポートされていません",
    "ShowSearch": "検索を表示",
    "SSLPort": "SSLポート",
    "StartupDirectory": "スタートアップディレクトリ",
    "TagsHelpText": "一致するタグが少なくとも1つある映画に適用されます",
    "TagsSettingsSummary": "すべてのタグとその使用方法を確認してください。未使用のタグは削除できます",
    "Tasks": "タスク",
    "Test": "テスト",
    "Title": "題名",
    "UISettings": "UI設定",
    "UnableToAddANewApplicationPleaseTryAgain": "新しい通知を追加できません。もう一度やり直してください。",
    "UnableToLoadNotifications": "通知を読み込めません",
    "UpdateStartupNotWritableHealthCheckMessage": "スタートアップフォルダ「{startupFolder}」はユーザー「{userName}」によって書き込み可能ではないため、更新をインストールできません。",
    "UpdateMechanismHelpText": "{appName}の組み込みアップデーターまたはスクリプトを使用する",
    "Wiki": "ウィキ",
    "Yesterday": "昨日",
    "Type": "タイプ",
    "General": "一般",
    "IgnoredAddresses": "無視されたアドレス",
    "DeleteIndexerProxyMessageText": "タグ「{0}」を削除してもよろしいですか？",
    "Edit": "編集",
    "DownloadClientSettings": "クライアント設定のダウンロード",
    "DownloadClientStatusAllClientHealthCheckMessage": "障害のため、すべてのダウンロードクライアントを利用できません",
    "EnableAutomaticSearch": "自動検索を有効にする",
    "EnableAutomaticSearchHelpText": "UIまたはRadarによって自動検索が実行されるときに使用されます",
    "Enabled": "有効",
    "EnableSslHelpText": " 有効にするには、管理者として実行を再開する必要があります",
    "FeatureRequests": "機能リクエスト",
    "Filename": "ファイル名",
    "Files": "ファイル",
    "Filter": "フィルタ",
    "IndexerLongTermStatusAllUnavailableHealthCheckMessage": "6時間以上の障害のため、すべてのインデクサーが使用できなくなります",
    "IndexerProxyStatusAllUnavailableHealthCheckMessage": "障害のため、すべてのインデクサーを使用できません",
    "IndexerProxyStatusUnavailableHealthCheckMessage": "失敗のため利用できないリスト：{indexerProxyNames}",
    "Indexers": "インデクサー",
    "LastWriteTime": "最終書き込み時間",
    "Level": "レベル",
    "LogFiles": "ログファイル",
    "Logging": "ロギング",
    "Logs": "ログ",
    "Manual": "マニュアル",
    "Message": "メッセージ",
    "MIA": "MIA",
    "Refresh": "更新",
    "ReleaseStatus": "リリースステータス",
    "Reload": "リロード",
    "RemovedFromTaskQueue": "タスクキューから削除されました",
    "RemoveFilter": "フィルタを取り外します",
    "RestartRequiredHelpTextWarning": "有効にするには再起動が必要です",
    "SaveSettings": "設定を保存する",
    "Security": "セキュリティ",
    "Seeders": "シーダー",
    "SendAnonymousUsageData": "匿名の使用状況データを送信する",
    "SetTags": "タグを設定する",
    "Settings": "設定",
    "SettingsEnableColorImpairedMode": "色障害モードを有効にする",
    "SettingsShortDateFormat": "短い日付形式",
    "SettingsShowRelativeDates": "相対的な日付を表示する",
    "Shutdown": "シャットダウン",
    "Source": "ソース",
    "SSLCertPasswordHelpText": "pfxファイルのパスワード",
    "SSLCertPathHelpText": "pfxファイルへのパス",
    "StartTypingOrSelectAPathBelow": "入力を開始するか、以下のパスを選択してください",
    "Status": "状態",
    "SuggestTranslationChange": "翻訳の変更を提案する",
    "System": "システム",
    "TableOptions": "テーブルオプション",
    "TableOptionsColumnsMessage": "表示する列と表示する順序を選択します",
    "TagCannotBeDeletedWhileInUse": "使用中は削除できません",
    "TagIsNotUsedAndCanBeDeleted": "タグは使用されておらず、削除できます",
    "TestAll": "すべてテスト",
    "DownloadClientsLoadError": "ダウンロードクライアントを読み込めません",
    "UnableToLoadGeneralSettings": "一般設定を読み込めません",
    "UpdateAutomaticallyHelpText": "アップデートを自動的にダウンロードしてインストールします。 System：Updatesから引き続きインストールできます。",
    "Updates": "更新",
    "Uptime": "稼働時間",
    "Username": "ユーザー名",
    "AddDownloadClient": "ダウンロードクライアントの追加",
    "BackupFolderHelpText": "相対パスは{appName}のAppDataディレクトリの下にあります",
    "DownloadClient": "クライアントのダウンロード",
    "DownloadClientStatusSingleClientHealthCheckMessage": "失敗のためにダウンロードできないクライアント：{downloadClientNames}",
    "Restore": "戻す",
    "EnableRss": "RSSを有効にする",
    "EnableInteractiveSearch": "インタラクティブ検索を有効にする",
    "OpenBrowserOnStart": "起動時にブラウザを開く",
    "Mode": "モード",
    "MoreInfo": "より詳しい情報",
    "Usenet": "Usenet",
    "Authentication": "認証",
    "AuthenticationMethodHelpText": "{appName}にアクセスするにはユーザー名とパスワードが必要です",
    "Automatic": "自動",
    "BackupIntervalHelpText": "自動バックアップの間隔",
    "BackupNow": "今すぐバックアップ",
    "CertificateValidationHelpText": "HTTPS認証検証の厳密さを変更する",
    "ChangeHasNotBeenSavedYet": "変更はまだ保存されていません",
    "Clear": "晴れ",
    "ClientPriority": "クライアントの優先順位",
    "CloseCurrentModal": "現在のモーダルを閉じる",
    "Columns": "列",
    "Component": "成分",
    "ConnectionLost": "接続切断",
    "Connections": "接続",
    "ConnectSettings": "接続設定",
    "Options": "オプション",
    "IndexerStatusAllUnavailableHealthCheckMessage": "障害のため、すべてのインデクサーを使用できません",
    "Reddit": "Reddit",
    "Today": "今日",
    "Tomorrow": "明日",
    "Torrent": "トレント",
    "UI": "UI",
    "CouldNotConnectSignalR": "SignalRに接続できませんでした。UIは更新されません",
    "Custom": "カスタム",
    "DatabaseMigration": "DB移行",
    "Delete": "削除",
    "DeleteApplicationMessageText": "通知「{0}」を削除してもよろしいですか？",
    "DeleteBackup": "バックアップを削除する",
    "DeleteBackupMessageText": "バックアップ「{0}」を削除してもよろしいですか？",
    "DeleteDownloadClient": "ダウンロードクライアントを削除する",
    "DeleteDownloadClientMessageText": "ダウンロードクライアント「{0}」を削除してもよろしいですか？",
    "Docker": "Docker",
    "Donations": "寄付",
    "DownloadClients": "クライアントのダウンロード",
    "Enable": "有効にする",
    "Backup": "バックアップ",
    "UpdateScriptPathHelpText": "抽出された更新パッケージを取得し、更新プロセスの残りを処理するカスタムスクリプトへのパス",
    "LogLevelTraceHelpTextWarning": "トレースログは一時的にのみ有効にする必要があります",
    "Mechanism": "機構",
    "MovieIndexScrollBottom": "映画インデックス：下にスクロール",
    "MovieIndexScrollTop": "映画インデックス：スクロールトップ",
    "Name": "名前",
    "New": "新着",
    "NoLinks": "リンクなし",
    "PackageVersion": "パッケージバージョン",
    "PageSize": "ページサイズ",
    "Password": "パスワード",
    "PendingChangesStayReview": "滞在して変更を確認する",
    "Port": "港",
    "PortNumber": "ポート番号",
    "Presets": "プリセット",
    "Protocol": "プロトコル",
    "Proxy": "プロキシ",
    "ProxyBypassFilterHelpText": "'、'を区切り文字として使用し、 '*。'を使用します。サブドメインのワイルドカードとして",
    "ProxyBadRequestHealthCheckMessage": "プロキシのテストに失敗しました。 StatusCode：{statusCode}",
    "ProxyFailedToTestHealthCheckMessage": "プロキシのテストに失敗しました：{url}",
    "ProxyResolveIpHealthCheckMessage": "構成済みプロキシホスト{proxyHostName}のIPアドレスの解決に失敗しました",
    "ProxyPasswordHelpText": "ユーザー名とパスワードが必要な場合にのみ入力する必要があります。それ以外の場合は空白のままにします。",
    "ProxyType": "プロキシタイプ",
    "RefreshMovie": "映画を更新する",
    "ReleaseBranchCheckOfficialBranchMessage": "ブランチ{0}は有効な{appName}リリースブランチではありません。更新を受け取りません。",
    "ResetAPIKey": "APIキーをリセット",
    "RestartNow": "今すぐ再起動",
    "Result": "結果",
    "Retention": "保持",
    "Rss": "RSS",
    "Save": "保存する",
    "SaveChanges": "変更内容を保存",
    "Scheduled": "予定",
    "ScriptPath": "スクリプトパス",
    "Search": "探す",
    "SelectAll": "すべて選択",
    "SettingsLongDateFormat": "長い日付形式",
    "SettingsShowRelativeDatesHelpText": "相対（今日/昨日など）または絶対日付を表示する",
    "ShowSearchHelpText": "ホバー時に検索ボタンを表示する",
    "Size": "サイズ",
    "Sort": "ソート",
    "SSLCertPath": "SSL証明書パス",
    "SystemTimeHealthCheckMessage": "システム時刻が1日以上ずれています。スケジュールされたタスクは、時間が修正されるまで正しく実行されない場合があります",
    "Tags": "タグ",
    "TestAllClients": "すべてのクライアントをテストする",
    "Torrents": "トレント",
    "UILanguage": "UI言語",
    "UILanguageHelpText": "{appName}がUIに使用する言語",
    "UILanguageHelpTextWarning": "ブラウザのリロードが必要",
    "UnableToAddANewAppProfilePleaseTryAgain": "新しい品質プロファイルを追加できません。再試行してください。",
    "UnableToAddANewDownloadClientPleaseTryAgain": "新しいダウンロードクライアントを追加できません。もう一度やり直してください。",
    "UnableToAddANewIndexerPleaseTryAgain": "新しいインデクサーを追加できません。もう一度やり直してください。",
    "UnableToAddANewNotificationPleaseTryAgain": "新しい通知を追加できません。もう一度やり直してください。",
    "BackupsLoadError": "バックアップを読み込めません",
    "UnableToLoadHistory": "履歴を読み込めません",
    "UnableToLoadTags": "タグを読み込めません",
    "UnableToLoadUISettings": "UI設定を読み込めません",
    "UnsavedChanges": "保存されていない変更",
    "UnselectAll": "すべて選択解除",
    "BackupRetentionHelpText": "保存期間より古い自動バックアップは自動的にクリーンアップされます",
    "Backups": "バックアップ",
    "CertificateValidation": "証明書の検証",
    "UpdateStartupTranslocationHealthCheckMessage": "スタートアップフォルダー '{startupFolder}'がAppTranslocationフォルダーにあるため、更新をインストールできません。",
    "UpdateUiNotWritableHealthCheckMessage": "UIフォルダー「{uiFolder}」はユーザー「{userName}」によって書き込み可能ではないため、更新をインストールできません。",
    "URLBase": "URLベース",
    "UrlBaseHelpText": "リバースプロキシサポートの場合、デフォルトは空です",
    "UseProxy": "プロキシを使う",
    "Version": "バージョン",
    "Warn": "警告",
    "YesCancel": "はい、キャンセル",
    "CustomFilters": "カスタムフィルター",
    "Date": "日付",
    "Dates": "日付",
    "SSLCertPassword": "SSL証明書のパスワード",
    "About": "約",
    "AcceptConfirmationModal": "確認モーダルを受け入れる",
    "Actions": "行動",
    "Added": "追加",
    "AddIndexer": "インデクサーを追加",
    "AddingTag": "タグの追加",
    "Age": "年齢",
    "All": "すべて",
    "AllIndexersHiddenDueToFilter": "フィルタが適用されているため、すべてのムービーが非表示になっています。",
    "Analytics": "分析",
    "AnalyticsEnabledHelpText": "匿名の使用状況とエラー情報を{appName}のサーバーに送信します。これには、使用する{appName} WebUIページ、エラーレポート、OSおよびランタイムバージョンなどのブラウザに関する情報が含まれます。この情報を使用して、機能とバグ修正に優先順位を付けます。",
    "ApiKey": "APIキー",
    "AppDataDirectory": "AppDataディレクトリ",
    "AppDataLocationHealthCheckMessage": "更新時にAppDataが削除されないように更新することはできません",
    "ApplicationStatusCheckAllClientMessage": "障害のため、すべてのリストを利用できません",
    "ApplicationStatusCheckSingleClientMessage": "失敗のため利用できないリスト：{0}",
    "Apply": "適用する",
    "ApplyTags": "タグを適用する",
    "GeneralSettings": "一般設定",
    "Grabbed": "掴んだ",
    "Health": "健康",
    "NoIssuesWithYourConfiguration": "構成に問題はありません",
    "HideAdvanced": "高度な非表示",
    "EnableInteractiveSearchHelpText": "インタラクティブ検索を使用する場合に使用されます",
    "Error": "エラー",
    "ErrorLoadingContents": "コンテンツの読み込み中にエラーが発生しました",
    "Events": "イベント",
    "EventType": "イベントタイプ",
    "Exception": "例外",
    "Fixed": "修繕",
    "LaunchBrowserHelpText": " Webブラウザーを開き、アプリの起動時に{appName}ホームページに移動します。",
    "PageSizeHelpText": "各ページに表示するアイテムの数",
    "Peers": "ピア",
    "PendingChangesDiscardChanges": "変更を破棄してそのままにします",
    "PendingChangesMessage": "保存されていない変更があります。このページを離れてもよろしいですか？",
    "Style": "スタイル",
    "UnableToAddANewIndexerProxyPleaseTryAgain": "新しいインデクサーを追加できません。もう一度やり直してください。",
    "IncludeHealthWarningsHelpText": "健康上の警告を含める",
    "NoBackupsAreAvailable": "バックアップは利用できません",
    "NoChange": "変化なし",
    "Queue": "キュー",
    "RestoreBackup": "バックアップを復元",
    "BeforeUpdate": "更新前",
    "BindAddress": "バインドアドレス",
    "BindAddressHelpText": "すべてのインターフェースに有効なIP4アドレスまたは「*」",
    "Branch": "ブランチ",
    "BranchUpdate": "{appName}の更新に使用するブランチ",
    "BranchUpdateMechanism": "外部更新メカニズムで使用されるブランチ",
    "BypassProxyForLocalAddresses": "ローカルアドレスのプロキシをバイパスする",
    "Cancel": "キャンセル",
    "CancelPendingTask": "この保留中のタスクをキャンセルしてもよろしいですか？",
    "DeleteNotification": "通知を削除",
    "DeleteNotificationMessageText": "通知「{0}」を削除してもよろしいですか？",
    "DeleteTag": "タグを削除",
    "DeleteTagMessageText": "タグ「{0}」を削除してもよろしいですか？",
    "Details": "詳細",
    "Disabled": "無効",
    "Discord": "不和",
    "IndexerPriority": "インデクサの優先順位",
    "IndexerPriorityHelpText": "インデクサーの優先度は1（最高）から50（最低）です。デフォルト：25。",
    "EnableSSL": "SSLを有効にする",
    "FocusSearchBox": "フォーカス検索ボックス",
    "Folder": "フォルダ",
    "ForMoreInformationOnTheIndividualDownloadClients": "個々のダウンロードクライアントの詳細については、情報ボタンをクリックしてください。",
    "GeneralSettingsSummary": "ポート、SSL、ユーザー名/パスワード、プロキシ、分析、更新",
    "Grabs": "つかむ",
    "History": "歴史",
    "HomePage": "ホームページ",
    "Host": "ホスト",
    "Hostname": "ホスト名",
    "IllRestartLater": "後で再起動します",
    "IndexerLongTermStatusUnavailableHealthCheckMessage": "6時間以上の障害のため、インデクサーを使用できません：{indexerNames}",
    "IndexerStatusUnavailableHealthCheckMessage": "失敗のためインデクサーを利用できません：{indexerNames}",
    "Info": "情報",
    "NoLogFiles": "ログファイルがありません",
    "NoTagsHaveBeenAddedYet": "タグはまだ追加されていません",
    "ProxyUsernameHelpText": "ユーザー名とパスワードが必要な場合にのみ入力する必要があります。それ以外の場合は空白のままにします。",
    "ReadTheWikiForMoreInformation": "詳細については、Wikiをお読みください",
    "SettingsEnableColorImpairedModeHelpText": "色が損なわれたユーザーが色分けされた情報をよりよく区別できるようにスタイルを変更",
    "HistoryCleanupDaysHelpTextWarning": "選択した日数より古いごみ箱内のファイルは自動的にクリーンアップされます",
    "OnHealthIssue": "健康問題について",
    "Filters": "フィルタ",
    "HistoryCleanupDaysHelpText": "自動クリーンアップを無効にするには、0に設定します",
    "OnGrab": "グラブで",
    "TestAllIndexers": "すべてのインデクサーをテストする",
    "MaintenanceRelease": "メンテナンスリリース：バグ修正およびその他の改善。詳細については、Githubのコミット履歴を参照してください",
    "NetCore": ".NET Core",
    "GrabReleases": "グラブリリース",
    "Link": "リンク",
    "MappedDrivesRunningAsService": "マップされたネットワークドライブは、Windowsサービスとして実行している場合は使用できません。詳細については、FAQを参照してください",
    "No": "番号",
    "UnableToLoadIndexers": "インデクサーを読み込めません",
    "Yes": "はい",
    "LastDuration": "lastDuration",
    "LastExecution": "最後の実行",
    "ApplicationLongTermStatusCheckAllClientMessage": "6時間以上の障害のため、すべてのインデクサーが使用できなくなります",
    "ApplicationLongTermStatusCheckSingleClientMessage": "6時間以上の障害のため、インデクサーを使用できません：{0}",
    "Ended": "終了しました",
    "NextExecution": "次の実行",
    "Queued": "キューに入れられました",
    "Remove": "削除する",
    "Replace": "交換",
    "OnLatestVersion": "{appName}の最新バージョンはすでにインストールされています",
    "Track": "痕跡",
    "DeleteSelectedDownloadClients": "ダウンロードクライアントを削除する",
    "Genre": "ジャンル",
    "Year": "年",
    "ApplyTagsHelpTextAdd": "追加：既存のタグリストにタグを追加します",
    "ApplyTagsHelpTextReplace": "置換：タグを入力したタグに置き換えます（すべてのタグをクリアするには、タグを入力しないでください）",
    "ApplyTagsHelpTextHowToApplyApplications": "選択した映画にタグを適用する方法",
    "ApplyTagsHelpTextHowToApplyIndexers": "選択した映画にタグを適用する方法",
    "ApplyTagsHelpTextRemove": "削除：入力したタグを削除します",
    "DownloadClientPriorityHelpText": "複数のダウンロードクライアントに優先順位を付けます。ラウンドロビンは、同じ優先度のクライアントに使用されます。",
    "More": "もっと",
    "ConnectionLostReconnect": "Radarrは自動的に接続を試みます。または、下の[再読み込み]をクリックしてください。",
    "DeleteAppProfileMessageText": "品質プロファイル{0}を削除してもよろしいですか",
    "RecentChanges": "最近の変化",
    "WhatsNew": "新着情報？",
    "minutes": "議事録",
    "NotificationStatusSingleClientHealthCheckMessage": "失敗のため利用できないリスト：{notificationNames}",
    "NotificationStatusAllClientHealthCheckMessage": "障害のため、すべてのリストを利用できません",
    "AuthBasic": "基本（ブラウザポップアップ）",
    "AuthForm": "フォーム（ログインページ）",
    "DisabledForLocalAddresses": "ローカルアドレスでは無効",
    "None": "なし",
    "ResetAPIKeyMessageText": "APIキーをリセットしてもよろしいですか？",
    "RestartProwlarr": "{appName}を再起動します",
    "IndexerHDBitsSettingsMediums": "中",
    "CustomFilter": "カスタムフィルター",
    "ProxyValidationBadRequest": "プロキシのテストに失敗しました。 StatusCode：{statusCode}",
    "GrabRelease": "グラブリリース",
    "Script": "脚本",
    "BuiltIn": "ビルトイン",
    "PublishedDate": "公開日",
    "AllSearchResultsHiddenByFilter": "すべての結果は、適用されたフィルターによって非表示になります",
    "DockerUpdater": "Dockerコンテナを更新して、更新を受信します",
    "Download": "ダウンロード",
    "ErrorRestoringBackup": "バックアップの復元中にエラーが発生しました",
    "ExternalUpdater": "{appName}は、外部更新メカニズムを使用するように構成されています",
    "NoEventsFound": "イベントが見つかりません",
    "RestartReloadNote": "注：{appName}は、復元プロセス中にUIを自動的に再起動して再読み込みします。",
    "UpdateAppDirectlyLoadError": "{appName}を直接更新できません。",
    "AptUpdater": "aptを使用してアップデートをインストールします",
    "InstallLatest": "最新のインストール",
    "Clone": "閉じる",
    "Mixed": "修繕",
    "CurrentlyInstalled": "現在インストール中",
    "Stats": "状態",
    "Season": "理由"
}
