{
    "ChangeHasNotBeenSavedYet": "변경 사항이 아직 저장되지 않았습니다.",
    "ConnectionLost": "연결이 끊어졌습니다.",
    "Dates": "날짜",
    "DeleteBackup": "백업 삭제",
    "About": "정보",
    "Actions": "동작",
    "Analytics": "분석",
    "ApiKey": "API 키",
    "AppDataDirectory": "AppData 디렉토리",
    "AcceptConfirmationModal": "확인 모달 수락",
    "Added": "추가됨",
    "AddIndexer": "인덱서 추가",
    "AddingTag": "태그 추가",
    "Age": "연령",
    "All": "모두",
    "DownloadClients": "클라이언트 다운로드",
    "AddDownloadClient": "다운로드 클라이언트 추가",
    "DeleteTag": "태그 삭제",
    "ConnectSettings": "연결 설정",
    "CloneProfile": "프로필 복제",
    "Close": "닫기",
    "CloseCurrentModal": "현재 모달 닫기",
    "Columns": "열",
    "Component": "구성 요소",
    "Connections": "연결",
    "CouldNotConnectSignalR": "SignalR에 연결할 수 없습니다. UI가 업데이트되지 않습니다.",
    "Custom": "사용자 지정",
    "DatabaseMigration": "DB 마이그레이션",
    "DeleteBackupMessageText": "백업 '{0}'을(를) 삭제하시겠습니까?",
    "BackupNow": "지금 백업",
    "Authentication": "인증",
    "ApplyTags": "태그 적용",
    "Automatic": "자동",
    "AutomaticSearch": "자동 검색",
    "Backup": "백업",
    "BackupIntervalHelpText": "자동 백업 간격",
    "BackupRetentionHelpText": "보존 기간보다 오래된 자동 백업은 자동으로 정리됩니다.",
    "Backups": "백업",
    "BeforeUpdate": "업데이트 전",
    "BindAddress": "바인드 주소",
    "BindAddressHelpText": "모든 인터페이스에 유효한 IP4 주소 또는 '*'",
    "BypassProxyForLocalAddresses": "로컬 주소에 대한 프록시 우회",
    "Cancel": "취소",
    "CancelPendingTask": "이 보류 중인 작업을 취소하시겠습니까?",
    "Delete": "삭제",
    "DeleteDownloadClient": "다운로드 클라이언트 삭제",
    "DeleteTagMessageText": "'{0}' 태그를 삭제하시겠습니까?",
    "Details": "세부 정보",
    "Disabled": "비활성화됨",
    "Docker": "Docker",
    "Donations": "기부",
    "DownloadClient": "클라이언트 다운로드",
    "DownloadClientSettings": "클라이언트 설정 다운로드",
    "DownloadClientStatusAllClientHealthCheckMessage": "실패로 인해 모든 다운로드 클라이언트를 사용할 수 없습니다.",
    "Add": "추가",
    "Apply": "적용",
    "AppDataLocationHealthCheckMessage": "업데이트 시 AppData 삭제를 방지하기 위해 업데이트 할 수 없습니다.",
    "BranchUpdateMechanism": "외부 업데이트 메커니즘에서 사용하는 파생 버전",
    "CertificateValidation": "인증서 검증",
    "CertificateValidationHelpText": "HTTPS 인증 유효성 검사의 엄격한 방법 변경",
    "Clear": "지우기",
    "ClientPriority": "클라이언트 우선 순위",
    "CustomFilters": "사용자 지정 필터",
    "Date": "날짜",
    "DeleteDownloadClientMessageText": "다운로드 클라이언트 '{0}'을(를) 삭제하시겠습니까?",
    "DeleteNotification": "알림 삭제",
    "DeleteNotificationMessageText": "알림 '{0}'을(를) 삭제하시겠습니까?",
    "DownloadClientStatusSingleClientHealthCheckMessage": "실패로 인해 다운 불러올 수 없는 클라이언트 : {downloadClientNames}",
    "MoreInfo": "더 많은 정보",
    "Edit": "편집하다",
    "Indexer": "인덱서",
    "Name": "이름",
    "New": "새로운",
    "ProxyUsernameHelpText": "필요한 경우 사용자 이름과 암호 만 입력하면됩니다. 그렇지 않으면 공백으로 두십시오.",
    "RestartRequiredHelpTextWarning": "적용하려면 다시 시작해야합니다.",
    "SaveChanges": "변경 사항을 저장하다",
    "Settings": "설정",
    "SettingsLongDateFormat": "긴 날짜 형식",
    "SSLCertPassword": "SSL 인증서 비밀번호",
    "TagIsNotUsedAndCanBeDeleted": "태그는 사용되지 않으며 삭제할 수 있습니다.",
    "Tags": "태그",
    "UISettings": "UI 설정",
    "UnableToAddANewApplicationPleaseTryAgain": "새 알림을 추가 할 수 없습니다. 다시 시도하십시오.",
    "UnableToAddANewAppProfilePleaseTryAgain": "새 품질 프로필을 추가 할 수 없습니다. 다시 시도하십시오.",
    "UnableToAddANewDownloadClientPleaseTryAgain": "새 다운로드 클라이언트를 추가 할 수 없습니다. 다시 시도하십시오.",
    "UnableToAddANewIndexerPleaseTryAgain": "새 인덱서를 추가 할 수 없습니다. 다시 시도하십시오.",
    "BackupsLoadError": "백업을로드 할 수 없습니다.",
    "UpdateAutomaticallyHelpText": "업데이트를 자동으로 다운로드하고 설치합니다. 시스템 : 업데이트에서 계속 설치할 수 있습니다.",
    "RemoveFilter": "필터 제거",
    "Size": "크기",
    "AllIndexersHiddenDueToFilter": "적용된 필터로 인해 모든 인덱서가 숨겨집니다.",
    "Reset": "초기화",
    "Enable": "활성화",
    "Enabled": "활성화",
    "EnableInteractiveSearchHelpText": "대화 형 검색을 사용할 때 사용됩니다.",
    "EnableRss": "RSS 활성화",
    "Fixed": "결정된",
    "Host": "주최자",
    "Port": "포트",
    "Protocol": "실험 계획안",
    "Proxy": "대리",
    "ProxyBypassFilterHelpText": "','를 구분 기호로 사용하고 '*'를 사용하십시오. 하위 도메인에 대한 와일드 카드로",
    "ProxyPasswordHelpText": "필요한 경우 사용자 이름과 암호 만 입력하면됩니다. 그렇지 않으면 공백으로 두십시오.",
    "ProxyType": "프록시 유형",
    "ReadTheWikiForMoreInformation": "자세한 내용은 Wiki를 참조하십시오.",
    "Tomorrow": "내일",
    "UI": "UI",
    "Updates": "업데이트",
    "Uptime": "가동 시간",
    "YesCancel": "예, 취소합니다",
    "Folder": "폴더",
    "EnableAutomaticSearch": "자동 검색 활성화",
    "EnableAutomaticSearchHelpText": "UI 또는 {appName}를 통해 자동 검색을 수행 할 때 사용됩니다.",
    "ErrorLoadingContents": "콘텐츠로드 오류",
    "Grabs": "붙잡다",
    "Torrent": "급류",
    "Torrents": "토렌트",
    "Type": "유형",
    "DeleteApplicationMessageText": "알림 '{0}'을(를) 삭제하시겠습니까?",
    "AuthenticationMethodHelpText": "{appName}에 접근하려면 사용자 이름과 암호가 필요합니다",
    "BackupFolderHelpText": "상대 경로는 {appName}의 AppData 디렉토리에 있습니다.",
    "Branch": "분기",
    "BranchUpdate": "{appName} 업데이트에 사용할 분기",
    "DeleteIndexerProxyMessageText": "'{0}' 태그를 삭제하시겠습니까?",
    "EnableInteractiveSearch": "대화 형 검색 활성화",
    "EnableSSL": "SSL 활성화",
    "EnableSslHelpText": " 적용하려면 관리자로 실행을 다시 시작해야합니다.",
    "History": "역사",
    "Indexers": "인덱서",
    "Refresh": "새롭게 하다",
    "Mode": "방법",
    "TagCannotBeDeletedWhileInUse": "사용 중에는 삭제할 수 없습니다.",
    "NoUpdatesAreAvailable": "사용 가능한 업데이트가 없습니다.",
    "OnHealthIssueHelpText": "건강 문제",
    "OpenBrowserOnStart": "시작시 브라우저 열기",
    "Reload": "새로 고침",
    "RemovedFromTaskQueue": "작업 대기열에서 제거됨",
    "ResetAPIKey": "API 키 재설정",
    "Restart": "재시작",
    "RestartNow": "지금 다시 시작",
    "Restore": "복원",
    "Result": "결과",
    "Retention": "보유",
    "RssIsNotSupportedWithThisIndexer": "이 인덱서에서는 RSS가 지원되지 않습니다.",
    "Scheduled": "예정",
    "ScriptPath": "스크립트 경로",
    "Search": "검색",
    "Security": "보안",
    "SendAnonymousUsageData": "익명 사용 데이터 보내기",
    "Source": "출처",
    "SSLCertPasswordHelpText": "pfx 파일의 비밀번호",
    "SSLCertPath": "SSL 인증서 경로",
    "SSLCertPathHelpText": "pfx 파일 경로",
    "StartTypingOrSelectAPathBelow": "입력을 시작하거나 아래 경로를 선택하세요.",
    "Status": "상태",
    "Style": "스타일",
    "Tasks": "과제",
    "TestAllClients": "모든 클라이언트 테스트",
    "Title": "표제",
    "Today": "오늘",
    "UILanguageHelpTextWarning": "브라우저 새로 고침 필요",
    "DownloadClientsLoadError": "다운로드 클라이언트를로드 할 수 없습니다.",
    "UnableToLoadHistory": "기록을로드 할 수 없습니다.",
    "UnableToLoadTags": "태그를로드 할 수 없습니다.",
    "UnableToLoadUISettings": "UI 설정을로드 할 수 없습니다.",
    "RemovingTag": "태그 제거",
    "IndexerPriority": "인덱서 우선 순위",
    "Language": "언어",
    "LaunchBrowserHelpText": " 웹 브라우저를 열고 앱 시작시 {appName} 홈페이지로 이동합니다.",
    "SSLPort": "SSL 포트",
    "StartupDirectory": "시작 디렉토리",
    "LogFiles": "로그 파일",
    "Logging": "벌채 반출",
    "NoLogFiles": "로그 파일 없음",
    "NotificationTriggers": "알림 트리거",
    "PackageVersion": "패키지 버전",
    "PageSizeHelpText": "각 페이지에 표시 할 항목 수",
    "PortNumber": "포트 번호",
    "Queue": "열",
    "RestoreBackup": "백업 복원",
    "SettingsEnableColorImpairedMode": "색 장애 모드 활성화",
    "SettingsEnableColorImpairedModeHelpText": "색상 장애가있는 사용자가 색상 코드 정보를 더 잘 구별 할 수 있도록 스타일 변경",
    "ShowSearchHelpText": "마우스 오버시 검색 버튼 표시",
    "UnableToAddANewIndexerProxyPleaseTryAgain": "새 인덱서를 추가 할 수 없습니다. 다시 시도하십시오.",
    "UnableToAddANewNotificationPleaseTryAgain": "새 알림을 추가 할 수 없습니다. 다시 시도하십시오.",
    "UnableToLoadGeneralSettings": "일반 설정을로드 할 수 없습니다.",
    "UnableToLoadNotifications": "알림을로드 할 수 없습니다.",
    "UpdateMechanismHelpText": "{appName}의 내장 업데이트 도구 또는 스크립트 사용",
    "UpdateScriptPathHelpText": "추출 된 업데이트 패키지를 사용하고 나머지 업데이트 프로세스를 처리하는 사용자 지정 스크립트에 대한 경로",
    "URLBase": "URL베이스",
    "Usenet": "유즈넷",
    "UseProxy": "프록시 사용",
    "Username": "사용자 이름",
    "Version": "버전",
    "Exception": "예외",
    "ExistingTag": "기존 태그",
    "Files": "파일",
    "IgnoredAddresses": "무시 된 주소",
    "IllRestartLater": "나중에 다시 시작하겠습니다",
    "IncludeHealthWarningsHelpText": "건강 경고 포함",
    "LogLevel": "로그 수준",
    "LogLevelTraceHelpTextWarning": "추적 로깅은 일시적으로 만 활성화해야합니다.",
    "Mechanism": "기구",
    "MIA": "MIA",
    "PageSize": "페이지 크기",
    "Password": "암호",
    "TestAll": "모두 테스트",
    "Options": "옵션",
    "SettingsTimeFormat": "시간 형식",
    "AnalyticsEnabledHelpText": "익명의 사용 및 오류 정보를 {appName}의 서버에 보냅니다. 여기에는 브라우저에 대한 정보, 사용하는 {appName} WebUI 페이지, 오류보고, OS 및 런타임 버전이 포함됩니다. 이 정보를 사용하여 기능 및 버그 수정의 우선 순위를 지정합니다.",
    "Filename": "파일 이름",
    "ForMoreInformationOnTheIndividualDownloadClients": "개별 다운로드 클라이언트에 대한 자세한 내용을 보려면 정보 버튼을 클릭하십시오.",
    "GeneralSettings": "일반 설정",
    "Hostname": "호스트 이름",
    "IndexerPriorityHelpText": "인덱서 우선 순위는 1 (가장 높음)에서 50 (가장 낮음)까지입니다. 기본값 : 25.",
    "Interval": "간격",
    "Logs": "로그",
    "Message": "메시지",
    "NoBackupsAreAvailable": "사용 가능한 백업이 없습니다.",
    "NoChange": "변경 사항 없음",
    "NoChanges": "변경 사항 없음",
    "NoLeaveIt": "아니, 놔둬",
    "SettingsShortDateFormat": "짧은 날짜 형식",
    "SettingsShowRelativeDates": "상대 날짜 표시",
    "SettingsShowRelativeDatesHelpText": "상대 (오늘 / 어제 / 기타) 또는 절대 날짜 표시",
    "ShowSearch": "검색 표시",
    "UILanguage": "UI 언어",
    "UILanguageHelpText": "{appName}가 UI에 사용할 언어",
    "HistoryCleanupDaysHelpText": "자동 정리를 사용하지 않으려면 0으로 설정하십시오.",
    "HistoryCleanupDaysHelpTextWarning": "선택한 일 수보다 오래된 휴지통에있는 파일은 자동으로 정리됩니다.",
    "OnGrab": "잡기",
    "OnHealthIssue": "건강 문제",
    "TestAllIndexers": "모든 인덱서 테스트",
    "Filters": "필터",
    "FocusSearchBox": "포커스 검색 창",
    "GeneralSettingsSummary": "포트, SSL, 사용자 이름 / 암호, 프록시, 분석 및 업데이트",
    "HideAdvanced": "고급 숨기기",
    "IndexerStatusAllUnavailableHealthCheckMessage": "오류로 인해 모든 인덱서를 사용할 수 없습니다.",
    "InteractiveSearch": "대화형 검색",
    "LastWriteTime": "마지막 쓰기 시간",
    "Link": "연결",
    "MaintenanceRelease": "유지 관리 출시 : 버그 수정 및 기타 개선. 자세한 내용은 Github 커밋 내역을 참조하십시오.",
    "Manual": "설명서",
    "MappedDrivesRunningAsService": "Windows 서비스로 실행할 때는 매핑 된 네트워크 드라이브를 사용할 수 없습니다. 자세한 내용은 FAQ를 참조하십시오.",
    "No": "아니",
    "NoLinks": "링크 없음",
    "PendingChangesMessage": "저장하지 않은 변경 사항이 있습니다.이 페이지에서 나가시겠습니까?",
    "PendingChangesStayReview": "변경 사항 유지 및 검토",
    "Presets": "사전 설정",
    "ProxyResolveIpHealthCheckMessage": "구성된 프록시 호스트 {proxyHostName}의 IP 주소를 확인하지 못했습니다.",
    "Reddit": "레딧",
    "TagsSettingsSummary": "모든 태그와 사용 방법을 확인하십시오. 사용하지 않는 태그는 제거 할 수 있습니다.",
    "Yesterday": "어제",
    "ApplicationStatusCheckAllClientMessage": "실패로 인해 모든 목록을 사용할 수 없습니다.",
    "ApplicationStatusCheckSingleClientMessage": "실패로 인해 사용할 수없는 목록 : {0}",
    "ReleaseBranchCheckOfficialBranchMessage": "{0} 분기는 유효한 Whisparr 출시 분기가 아닙니다. 업데이트를받을 수 없습니다.",
    "ProxyBadRequestHealthCheckMessage": "프록시를 테스트하지 못했습니다. StatusCode : {statusCode}",
    "ProxyFailedToTestHealthCheckMessage": "프록시 테스트 실패 : {url}",
    "ReleaseStatus": "출시 상태",
    "Rss": "RSS",
    "Sort": "종류",
    "UnsavedChanges": "저장되지 않은 변경 사항",
    "UnselectAll": "모두 선택 해제",
    "Shutdown": "종료",
    "Grabbed": "잡았다",
    "General": "일반",
    "OAuthPopupMessage": "브라우저에서 팝업을 차단하고 있습니다.",
    "Ok": "확인",
    "OpenThisModal": "이 모달 열기",
    "RefreshMovie": "영화 새로 고침",
    "SuggestTranslationChange": "번역 변경 제안",
    "Level": "수평",
    "UpdateStartupTranslocationHealthCheckMessage": "시작 폴더 '{startupFolder}'이 (가) App Translocation 폴더에 있으므로 업데이트를 설치할 수 없습니다.",
    "UrlBaseHelpText": "역방향 프록시 지원의 경우 기본값은 비어 있습니다.",
    "MovieIndexScrollBottom": "영화 색인 : 아래로 스크롤",
    "View": "화면",
    "Wiki": "위키",
    "EditIndexer": "인덱서 편집",
    "Filter": "필터",
    "Health": "건강",
    "NoIssuesWithYourConfiguration": "구성에 문제 없음",
    "Info": "정보",
    "KeyboardShortcuts": "키보드 단축키",
    "MovieIndexScrollTop": "영화 색인 : 상단 스크롤",
    "NoTagsHaveBeenAddedYet": "아직 추가 된 태그가 없습니다.",
    "PendingChangesDiscardChanges": "변경 사항을 취소하고 나가기",
    "Priority": "우선 순위",
    "SetTags": "태그 설정",
    "System": "체계",
    "UpdateUiNotWritableHealthCheckMessage": "사용자 '{userName}'이 (가) UI 폴더 '{uiFolder}'에 쓸 수 없기 때문에 업데이트를 설치할 수 없습니다.",
    "Warn": "경고",
    "HomePage": "홈 페이지",
    "Peers": "동료",
    "Discord": "불일치",
    "Error": "오류",
    "Events": "이벤트",
    "EventType": "이벤트 유형",
    "Failed": "실패한",
    "FeatureRequests": "기능 요청",
    "IndexerFlags": "인덱서 플래그",
    "IndexerLongTermStatusAllUnavailableHealthCheckMessage": "6 시간 이상 오류로 인해 모든 인덱서를 사용할 수 없습니다.",
    "IndexerLongTermStatusUnavailableHealthCheckMessage": "6 시간 이상 오류로 인해 인덱서를 사용할 수 없음 : {indexerNames}",
    "IndexerProxyStatusAllUnavailableHealthCheckMessage": "오류로 인해 모든 인덱서를 사용할 수 없습니다.",
    "IndexerProxyStatusUnavailableHealthCheckMessage": "오류로 인해 인덱서를 사용할 수 없음 : {indexerProxyNames}",
    "IndexerStatusUnavailableHealthCheckMessage": "오류로 인해 인덱서를 사용할 수 없음 : {indexerNames}",
    "NetCore": ".NET Core",
    "Save": "저장",
    "SaveSettings": "설정 저장",
    "Seeders": "시더",
    "SelectAll": "모두 선택",
    "ShowAdvanced": "고급보기",
    "SystemTimeHealthCheckMessage": "시스템 시간이 1 일 이상 꺼져 있습니다. 예약 된 작업은 시간이 수정 될 때까지 올바르게 실행되지 않을 수 있습니다.",
    "TableOptions": "테이블 옵션",
    "TableOptionsColumnsMessage": "표시되는 열과 표시되는 순서 선택",
    "TagsHelpText": "일치하는 태그가 하나 이상있는 영화에 적용됩니다.",
    "Test": "테스트",
    "Time": "시간",
    "UnableToLoadIndexers": "인덱서를로드 할 수 없습니다.",
    "UpdateStartupNotWritableHealthCheckMessage": "'{userName}'사용자가 '{startupFolder}'시작 폴더에 쓸 수 없기 때문에 업데이트를 설치할 수 없습니다.",
    "Yes": "예",
    "GrabReleases": "그랩 릴리스",
    "NextExecution": "다음 실행",
    "ApplicationLongTermStatusCheckSingleClientMessage": "6 시간 이상 오류로 인해 인덱서를 사용할 수 없음 : {0}",
    "ApplicationLongTermStatusCheckAllClientMessage": "6 시간 이상 오류로 인해 모든 어플리케이션을 사용할 수 없습니다.",
    "Ended": "종료",
    "LastDuration": "lastDuration",
    "LastExecution": "마지막 실행",
    "Queued": "대기 중",
    "Replace": "바꾸다",
    "OnLatestVersion": "최신 버전의 Whisparr가 이미 설치되어 있습니다.",
    "Remove": "없애다",
    "Genre": "장르",
    "ApplyTagsHelpTextAdd": "추가 : 기존 태그 목록에 태그를 추가합니다.",
    "DeleteSelectedDownloadClients": "다운로드 클라이언트 삭제",
    "DeleteSelectedApplicationsMessageText": "인덱서 '{0}'을 (를) 삭제 하시겠습니까?",
    "DeleteSelectedDownloadClientsMessageText": "인덱서 '{0}'을 (를) 삭제 하시겠습니까?",
    "ApplyTagsHelpTextHowToApplyApplications": "선택한 동영상에 태그를 적용하는 방법",
    "ApplyTagsHelpTextHowToApplyIndexers": "선택한 동영상에 태그를 적용하는 방법",
    "ApplyTagsHelpTextRemove": "제거 : 입력한 태그를 제거합니다.",
    "ApplyTagsHelpTextReplace": "바꾸기 : 태그를 입력 한 태그로 바꿉니다 (모든 태그를 지우려면 태그를 입력하지 않음)",
    "DeleteSelectedIndexersMessageText": "인덱서 '{0}'을 (를) 삭제 하시겠습니까?",
    "Track": "자취",
    "Year": "년",
    "ConnectionLostReconnect": "Radarr가 자동으로 연결을 시도하거나 아래에서 새로고침을 클릭할 수 있습니다.",
    "ConnectionLostToBackend": "Radarr는 백엔드와의 연결이 끊어졌으며 기능을 복원하려면 다시 로딩해야 합니다.",
    "DeleteAppProfileMessageText": "품질 프로필 {0}을 (를) 삭제 하시겠습니까?",
    "NotificationStatusAllClientHealthCheckMessage": "실패로 인해 모든 목록을 사용할 수 없습니다.",
    "NotificationStatusSingleClientHealthCheckMessage": "실패로 인해 사용할 수없는 목록 : {notificationNames}",
    "AuthBasic": "기본 (브라우저 팝업)",
    "AuthForm": "양식 (로그인 페이지)",
    "DisabledForLocalAddresses": "로컬 주소에 대해 비활성화됨",
    "None": "없음",
    "ResetAPIKeyMessageText": "API 키를 재설정하시겠습니까?",
    "StopSelecting": "선택 취소",
    "RestartProwlarr": "{appName} 다시 시작",
    "IndexerHDBitsSettingsMediums": "매질",
    "CustomFilter": "사용자 지정 필터",
    "GrabRelease": "그랩 릴리스",
    "ProxyValidationBadRequest": "프록시를 테스트하지 못했습니다. StatusCode : {statusCode}",
    "BuiltIn": "내장",
    "PublishedDate": "발행일",
    "AllSearchResultsHiddenByFilter": "적용된 필터에 의해 모든 결과가 숨겨집니다.",
    "DockerUpdater": "Docker 컨테이너를 업데이트하여 업데이트를 받으십시오.",
    "Download": "다운로드",
    "ErrorRestoringBackup": "백업 복원 오류",
    "ExternalUpdater": "{appName}는 외부 업데이트 메커니즘을 사용하도록 구성됩니다.",
    "RestartReloadNote": "참고 : {appName}는 복원 프로세스 중에 UI를 자동으로 다시 시작하고 다시로드합니다.",
    "UpdateAppDirectlyLoadError": "{appName}를 직접 업데이트 할 수 없습니다.",
    "AptUpdater": "apt를 사용하여 업데이트 설치",
    "ActiveIndexers": "활성 인덱서",
    "AddConnectionImplementation": "연결 추가 - {implementationName}",
    "AddIndexerImplementation": "인덱서 추가 - {implementationName}",
    "AddIndexerProxyImplementation": "인덱서 프록시 추가 - {implementationName}",
    "Any": "모두",
    "AppUpdatedVersion": "{appName}이 버전 `{version}`으로 업데이트되었습니다. 최신 변경 사항을 받으려면 {appName}을 다시 로드해야 합니다",
    "AddRemoveOnly": "추가 및 제거만",
    "AddToDownloadClient": "다운로드 클라이언트에 릴리스 추가",
    "AddedToDownloadClient": "클라이언트에 릴리스 추가됨",
    "AdvancedSettingsHiddenClickToShow": "고급 설정은 숨겨져 있으며, 표시하려면 클릭하세요",
    "AdvancedSettingsShownClickToHide": "고급 설정 표시, 숨기려면 클릭",
    "AddDownloadClientToProwlarr": "다운로드 클라이언트를 추가하면 {appName}이 수동 검색을 수행하는 동안 UI에서 직접 릴리스를 보낼 수 있습니다.",
    "AddApplication": "애플리케이션 추가",
    "AddCustomFilter": "커스텀 필터 추가",
    "AddIndexerProxy": "인덱서 프록시 추가",
    "AppUpdated": "{appName} 업데이트",
    "Application": "어플리케이션",
    "AppProfileInUse": "사용중인 앱 프로필",
    "AppSettingsSummary": "{appName}이 PVR 프로그램과 상호 작용하는 방식을 구성하기 위한 애플리케이션 및 설정",
    "AddNewIndexer": "새로운 인덱서 추가",
    "AddSyncProfile": "동기화 프로필 추가",
    "ApplicationSettingsSyncRejectBlocklistedTorrentHashes": "동기화 중 차단 목록에 있는 토렌트 해시 거부",
    "AddApplicationImplementation": "애플리케이션 추가 - {implementationName}",
    "AddCategory": "카테고리 추가",
    "AddConnection": "연결 추가",
    "ActiveApps": "활성 앱",
    "AddDownloadClientImplementation": "다운로드 클라이언트 추가 - {implementationName}",
    "Album": "앨범",
    "ApplicationSettingsSyncRejectBlocklistedTorrentHashesHelpText": "해시에 의해 토렌트가 차단된 경우 일부 인덱서의 RSS/검색 중에 토렌트가 제대로 거부되지 않을 수 있습니다. 이 기능을 활성화하면 토렌트를 가져온 후 클라이언트로 전송하기 전에 토렌트를 거부할 수 있습니다.",
    "ApiKeyValidationHealthCheckMessage": "API 키를 {length}자 이상으로 업데이트하세요. 설정 또는 구성 파일을 통해 이 작업을 수행할 수 있습니다.",
    "AppProfileSelectHelpText": "앱 프로필은 애플리케이션 동기화에서 RSS, 자동 검색 및 대화형 검색 설정을 제어하는 데 사용됩니다",
    "EditIndexerImplementation": "인덱서 추가 - {implementationName}",
    "EditDownloadClientImplementation": "다운로드 클라이언트 추가 - {implementationName}",
    "Clone": "닫기",
    "EditApplicationImplementation": "애플리케이션 추가 - {implementationName}",
    "Season": "이유",
    "EditConnectionImplementation": "연결 추가 - {implementationName}",
    "EditSyncProfile": "동기화 프로필 추가",
    "CurrentlyInstalled": "현재 설치됨",
    "Mixed": "결정된",
    "Stats": "상태",
    "Applications": "어플리케이션",
    "EditIndexerProxyImplementation": "인덱서 프록시 추가 - {implementationName}",
    "WouldYouLikeToRestoreBackup": "'{name}' 백업을 복원하시겠습니까?",
    "XmlRpcPath": "XML RPC 경로",
    "UpdateAvailableHealthCheckMessage": "새 업데이트 사용 가능: {version}",
    "UsenetBlackholeNzbFolder": "Nzb 폴더",
    "UseSsl": "SSL 사용",
    "TorrentBlackholeTorrentFolder": "토렌트 폴더",
    "DownloadClientPneumaticSettingsNzbFolder": "Nzb 폴더",
    "UserAgentProvidedByTheAppThatCalledTheAPI": "API를 호출한 앱에서 제공하는 사용자 에이전트",
    "days": "일",
    "minutes": "분",
    "Author": "저작자",
    "Categories": "카테고리",
    "SeedRatio": "종자 비율",
    "AuthenticationRequiredHelpText": "필수 인증을 요청하는 변경 사항. 위험을 이해하지 못한다면 변경하지 마세요.",
    "DownloadClientFloodSettingsAdditionalTagsHelpText": "미디어의 속성을 태그로 추가합니다. 힌트는 예시입니다.",
    "DownloadClientRTorrentSettingsAddStoppedHelpText": "활성화하면 rTorrent에 정지된 상태에서 토런트와 마그넷이 추가됩니다. 마그넷 파일이 손상될 수 있습니다.",
    "HealthMessagesInfoBox": "행 끝에 있는 위키 링크(책 아이콘)를 클릭하거나 [로그]({link})를 확인하면 이러한 상태 점검 메시지의 원인에 대한 상세 정보를 찾을 수 있습니다. 이러한 메시지를 해석하는 데 어려움이 있는 경우 아래 링크에서 지원팀에 문의할 수 있습니다.",
    "DownloadClientSettingsDestinationHelpText": "다운로드 대상을 수동으로 지정하고 기본값을 사용하려면 비워두세요.",
    "DownloadClientSettingsInitialStateHelpText": "{clientName}에 추가된 토런트의 초기 상태",
    "IndexerSettingsAdditionalParameters": "매개 변수 추가",
    "NoEventsFound": "이벤트가 없음",
    "BlackholeFolderHelpText": "{appName}가 {extension} 파일을 저장할 폴더",
    "DownloadClientSettingsUrlBaseHelpText": "{clientName} url에 {url}과 같은 접두사를 추가합니다.",
    "DownloadClientQbittorrentSettingsContentLayout": "콘텐츠 레이아웃",
    "Install": "설치",
    "AuthenticationRequiredPasswordConfirmationHelpTextWarning": "새 비밀번호 확인",
    "FailedToFetchSettings": "설정을 가져오는데 실패함",
    "Default": "기본값",
    "Episode": "에피소드",
    "AuthenticationMethod": "인증 방법",
    "IndexerSettingsSeedRatio": "시드 비율",
    "Destination": "대상",
    "DownloadClientFreeboxSettingsAppToken": "앱 토큰",
    "Logout": "로그아웃",
    "DownloadClientFreeboxSettingsApiUrl": "API 주소",
    "IndexerHDBitsSettingsCodecs": "코덱",
    "WhatsNew": "새로운 소식?",
    "DownloadClientFreeboxSettingsPortHelpText": "Freebox 인터페이스에 액세스하는 데 사용되는 포트, 기본값은 '{port}'",
    "DownloadClientPneumaticSettingsStrmFolderHelpText": "이 폴더의 .strm 파일은 드론으로 가져옵니다.",
    "DownloadClientQbittorrentSettingsInitialStateHelpText": "qBittorrent에 추가된 토렌트의 초기 상태입니다. 강제 토렌트는 시드 제한을 따르지 않는다는 점에 유의하세요.",
    "DownloadClientRTorrentSettingsDirectoryHelpText": "다운로드를 넣을 선택 위치, 기본 rTorrent 위치를 사용하려면 비워두세요.",
    "DownloadClientSettingsUseSslHelpText": "{clientName}에 연결할 때 보안 연결을 사용",
    "DownloadClientTransmissionSettingsUrlBaseHelpText": "{clientName} rpc URL에 접두사를 추가합니다(예: {url}, 기본값은 '{defaultUrl}')",
    "InstallMajorVersionUpdateMessageLink": "상세 내용은 [{domain}]({url})을 확인하세요.",
    "ApplicationUrlHelpText": "이 애플리케이션의 외부 URL - http(s)://, port 및 URL 기반 포함",
    "Theme": "테마",
    "ApplicationURL": "애플리케이션 URL",
    "Directory": "디렉토리",
    "DownloadClientDownloadStationSettingsDirectoryHelpText": "다운로드를 넣을 공유 폴더(선택 사항). 기본 다운로드 스테이션 위치를 사용하려면 비워두세요.",
    "DownloadClientFloodSettingsAdditionalTags": "추가 태그",
    "DownloadClientFloodSettingsUrlBaseHelpText": "{url}와 같은 Flood API에 접두사를 추가합니다",
    "DownloadClientFreeboxSettingsApiUrlHelpText": "API 버전을 사용하여 Freebox API 기본 URL을 정의하세요, 예를 들어 '{url}', 기본값은 '{defaultApiUrl}')",
    "DownloadClientFreeboxSettingsAppId": "앱 ID",
    "DownloadClientNzbgetSettingsAddPausedHelpText": "이 옵션을 사용하려면 최소한 NzbGet 버전 16.0이 필요합니다",
    "DownloadClientPneumaticSettingsNzbFolderHelpText": "이 폴더는 XBMC에서 접근할 수 있어야 합니다.",
    "DownloadClientRTorrentSettingsAddStopped": "중지됨 추가",
    "Category": "카테고리",
    "DownloadClientTransmissionSettingsDirectoryHelpText": "다운로드를 넣을 위치 (선택 사항), 기본 전송 위치를 사용하려면 비워두세요",
    "External": "외부",
    "IndexerSettingsSeedRatioHelpText": "토렌드가 멈추기 전에 도달해야 하는 비율, 비어 있을 경우 다운로드 클라이언트의 기본값을 사용합니다. 비율은 최소 1.0이어야 하며 인덱서 규칙을 따라야 합니다",
    "IndexerSettingsSeedTimeHelpText": "토렌드가 중지되기 전에 시드되어야 하는 시간, 비어 있을 경우 다운로드 클라이언트의 기본값을 사용합니다",
    "InvalidUILanguage": "UI가 잘못된 언어로 설정되어 있습니다, 수정하고 설정을 저장하세요",
    "AuthenticationRequired": "인증 필요",
    "NotificationsTelegramSettingsIncludeAppNameHelpText": "다른 애플리케이션의 알림을 구분하기 위해 메시지 제목 앞에 {appName}를 접두사로 사용 (선택 사항)",
    "PackageVersionInfo": "{packageVersion} by {packageAuthor}",
    "Duration": "기간",
    "Script": "스크립트",
    "SelectDownloadClientModalTitle": "{modalTitle} - 다운로드 클라이언트 선택",
    "TheLogLevelDefault": "로그 수준의 기본값은 '정보'이며 [일반 설정](/settings/general)에서 변경할 수 있습니다",
    "UpdaterLogFiles": "업데이트 도구 로그 파일",
    "CountDownloadClientsSelected": "{count}개의 다운로드 클라이언트를 선택함",
    "DefaultNameCopiedProfile": "{name} - 복사",
    "DownloadClientDelugeSettingsUrlBaseHelpText": "deluge json url에 접두사를 추가합니다. {url}을(를) 참조하세요",
    "FailedToFetchUpdates": "업데이트를 가져오는데 실패함",
    "ApplyChanges": "변경 사항 적용",
    "Started": "시작됨",
    "Database": "데이터베이스",
    "PasswordConfirmation": "비밀번호 확인",
    "TorrentBlackholeSaveMagnetFiles": "마그넷 파일 저장",
    "TorrentBlackholeSaveMagnetFilesExtension": "마그넷 파일 확장자 저장",
    "TorrentBlackholeSaveMagnetFilesExtensionHelpText": "마그넷 링크에 사용할 확장자, 기본값은 '.magnet'입니다",
    "TorrentBlackholeSaveMagnetFilesHelpText": ".torrent 파일을 사용할 수 없는 경우 마그넷 링크를 저장합니다 (다운로드 클라이언트가 파일에 저장된 마그넷을 지원하는 경우에만 유용함)",
    "AuthenticationMethodHelpTextWarning": "유효한 인증 방법을 선택해주세요",
    "AuthenticationRequiredPasswordHelpTextWarning": "새로운 비밀번호를 입력하세요",
    "AuthenticationRequiredUsernameHelpTextWarning": "새로운 사용자이름을 입력하세요",
    "AuthenticationRequiredWarning": "인증 없이 원격 액세스를 방지하기 위해 {appName}은(는) 이제 인증을 활성화해야 합니다. 선택적으로 로컬 주소에서 인증을 비활성화할 수 있습니다.",
    "CountIndexersSelected": "{count}개의 인덱서를 선택함",
    "Label": "라벨",
    "More": "더 보기",
    "Donate": "기부하기",
    "Menu": "메뉴",
    "DownloadClientQbittorrentSettingsContentLayoutHelpText": "qBittorrent의 구성된 콘텐츠 레이아웃을 사용할지, 토런트의 원래 레이아웃을 사용할지, 항상 하위 폴더를 생성할지(qBittorrent 4.3.2+)",
    "DownloadClientSettingsAddPaused": "일시 중지 추가",
    "SecretToken": "비밀 토큰",
    "NoDownloadClientsFound": "다운로드 클라이언트를 찾을 수 없음",
    "PrioritySettings": "우선 순위: {0}"
}
