{
    "Close": "Закрыть",
    "CloneProfile": "Клонировать профиль",
    "ClientPriority": "Приоритет клиента",
    "Backups": "Резервные копии",
    "BackupRetentionHelpText": "Автоматические резервные копии старше указанного периода будут автоматически удалены",
    "BackupNow": "Создать резервную копию",
    "BackupIntervalHelpText": "Периодичность автоматического резервного копирования",
    "Backup": "Резервное копирование",
    "AutomaticSearch": "Автоматический поиск",
    "Authentication": "Авторизация",
    "ApplyTags": "Применить теги",
    "Apply": "Применить",
    "AppDataLocationHealthCheckMessage": "Обновление не позволит сохранить AppData при обновлении",
    "ApiKey": "API ключ",
    "Analytics": "Аналитика",
    "AddIndexer": "Добавить индексатор",
    "Added": "Добавлено",
    "Actions": "Действия",
    "About": "О программе",
    "DeleteBackupMessageText": "Вы уверены, что хотите удалить резервную копию '{name}'?",
    "DeleteBackup": "Удалить резервную копию",
    "Delete": "Удалить",
    "NoLinks": "Нет ссылок",
    "Refresh": "Обновить",
    "RefreshMovie": "Обновить фильм",
    "Rss": "RSS",
    "SendAnonymousUsageData": "Отправка анонимных данных об использовании",
    "UnableToLoadHistory": "Не удалось загрузить историю",
    "MoreInfo": "Больше информации",
    "MovieIndexScrollTop": "Индекс фильма: Прокрутить вверх",
    "Size": "Размер",
    "OpenBrowserOnStart": "Открыть браузер при запуске",
    "OpenThisModal": "Открыть это модальное окно",
    "Options": "Параметры",
    "PackageVersion": "Версия пакета",
    "PageSize": "Размер страницы",
    "PageSizeHelpText": "Количество элементов, отображаемых на каждой странице",
    "Password": "Пароль",
    "Peers": "Пиры",
    "PendingChangesDiscardChanges": "Отменить изменения и выйти",
    "PendingChangesStayReview": "Остаться и просмотреть изменения",
    "Port": "Порт",
    "PortNumber": "Номер порта",
    "LogFiles": "Файлы журнала",
    "Details": "Подробности",
    "DownloadClients": "Клиенты загрузки",
    "Filename": "Имя файла",
    "Files": "Файлы",
    "Filter": "Фильтр",
    "IndexerStatusAllUnavailableHealthCheckMessage": "Все индексаторы недоступны из-за ошибок",
    "LogLevel": "Уровень журналирования",
    "LogLevelTraceHelpTextWarning": "Включение трассировки журнала должно быть временным",
    "Logs": "Журналы",
    "Manual": "Ручной",
    "Mechanism": "Механизм",
    "NoBackupsAreAvailable": "Нет резервных копий",
    "DeleteDownloadClientMessageText": "Вы уверены, что хотите удалить клиент загрузки '{name}'?",
    "Edit": "Редактировать",
    "Enable": "Включить",
    "Indexer": "Индексатор",
    "SettingsShortDateFormat": "Короткий формат даты",
    "SettingsShowRelativeDates": "Показать относительные даты",
    "SettingsShowRelativeDatesHelpText": "Показывать относительные (Сегодня/Вчера/и т.п.) или абсолютные даты",
    "Docker": "Docker",
    "FocusSearchBox": "Поле поиска в фокусе",
    "Reset": "Сброс",
    "Add": "Добавить",
    "EnableSSL": "Включить SSL",
    "IndexerFlags": "Флаги индексатора",
    "Priority": "Приоритет",
    "Updates": "Обновления",
    "Usenet": "Usenet",
    "AcceptConfirmationModal": "Окно подтверждения",
    "Today": "Сегодня",
    "DeleteIndexerProxyMessageText": "Вы уверены, что хотите удалить прокси индексатора '{name}'?",
    "ExistingTag": "Существующий тег",
    "Failed": "Неудачно",
    "IndexerProxyStatusUnavailableHealthCheckMessage": "Прокси индексатора недоступны из-за ошибок: {indexerProxyNames}",
    "Indexers": "Индексаторы",
    "InteractiveSearch": "Интерактивный поиск",
    "Interval": "Интервал",
    "KeyboardShortcuts": "Горячие клавиши",
    "Language": "Язык",
    "LastWriteTime": "Последнее время записи",
    "LaunchBrowserHelpText": " Открыть браузер и перейти на страницу {appName} при запуске приложения.",
    "Level": "Уровень",
    "Ok": "Ок",
    "AddDownloadClient": "Добавить клиент загрузки",
    "UpdateMechanismHelpText": "Использовать встроенный инструмент обновления {appName} или скрипт",
    "IndexerStatusUnavailableHealthCheckMessage": "Индексаторы недоступны из-за ошибок: {indexerNames}",
    "NoTagsHaveBeenAddedYet": "Теги ещё не добавлены",
    "UnableToLoadTags": "Не удалось загрузить теги",
    "AnalyticsEnabledHelpText": "Отправлять анонимную информацию об использовании и ошибках на серверы {appName}. Анонимная статистика включает в себя информацию о вашем браузере, какие страницы веб-интерфейса {appName} вы используете, отчёты об ошибках, а также версию операционной системы и среды выполнения. Мы будем использовать эту информацию для разработки нового функционала и исправления ошибок.",
    "AuthenticationMethodHelpText": "Необходимо ввести имя пользователя и пароль для доступа к {appName}",
    "BackupFolderHelpText": "Относительные пути будут в каталоге AppData {appName}",
    "BeforeUpdate": "До обновления",
    "BindAddress": "Привязать адрес",
    "BindAddressHelpText": "Действительный IP-адрес, локальный адрес или '*' для всех интерфейсов",
    "Branch": "Ветвь",
    "BranchUpdate": "Ветвь для обновления {appName}",
    "BranchUpdateMechanism": "Ветвь, используемая внешним механизмом обновления",
    "BypassProxyForLocalAddresses": "Обход прокси для локальных адресов",
    "Cancel": "Отмена",
    "CancelPendingTask": "Вы уверены, что хотите отменить эту ожидающую задачу?",
    "CertificateValidation": "Проверка сертификата",
    "CertificateValidationHelpText": "Изменить строгое подтверждение сертификации НТТР",
    "ChangeHasNotBeenSavedYet": "Изменения ещё не вступили в силу",
    "Clear": "Очистить",
    "CloseCurrentModal": "Закрыть текущее окно",
    "Columns": "Столбцы",
    "Component": "Компонент",
    "ConnectionLost": "Соединение прервано",
    "Connections": "Соединения",
    "ConnectSettings": "Настройки соединения",
    "CouldNotConnectSignalR": "Не удалось подключиться к SignalR, интерфейс не будет обновляться",
    "Custom": "Настраиваемый",
    "CustomFilters": "Настраиваемые фильтры",
    "Date": "Дата",
    "Dates": "Даты",
    "DatabaseMigration": "Миграция базы данных",
    "DeleteNotification": "Удалить уведомление",
    "DeleteNotificationMessageText": "Вы уверены, что хотите удалить уведомление '{name}'?",
    "DeleteTag": "Удалить тег",
    "DeleteTagMessageText": "Вы уверены, что хотите удалить тег '{label}'?",
    "Disabled": "Выключено",
    "Discord": "Discord",
    "Donations": "Пожертвования",
    "DownloadClient": "Клиент загрузки",
    "DownloadClientSettings": "Настройки клиента загрузки",
    "DownloadClientStatusAllClientHealthCheckMessage": "Все клиенты загрузок недоступны из-за ошибок",
    "DownloadClientStatusSingleClientHealthCheckMessage": "Клиенты загрузок недоступны из-за ошибок: {downloadClientNames}",
    "EnableAutomaticSearch": "Включить автоматический поиск",
    "EnableAutomaticSearchHelpText": "Будет использовано при автоматическом поиске через интерфейс или {appName}",
    "Enabled": "Включено",
    "EnableInteractiveSearch": "Включить интерактивный поиск",
    "EnableRss": "Включить RSS",
    "Fixed": "Исправлено",
    "Folder": "Каталог",
    "ForMoreInformationOnTheIndividualDownloadClients": "Для получения дополнительной информации о каждом клиенте загрузки нажмите на кнопки информации.",
    "General": "Общие",
    "GeneralSettings": "Общие настройки",
    "GeneralSettingsSummary": "Порт, SSL, имя пользователя/пароль, прокси-сервер, аналитика и обновления",
    "Grabbed": "Захвачено",
    "Grabs": "Захваты",
    "Health": "Состояние",
    "NoIssuesWithYourConfiguration": "С вашей конфигурацией нет проблем",
    "HideAdvanced": "Скрыть расширенные",
    "History": "История",
    "HomePage": "Домашняя страница",
    "Host": "Хост",
    "Hostname": "Имя хоста",
    "IgnoredAddresses": "Игнорируемые адреса",
    "IllRestartLater": "Перезапущу позднее",
    "IncludeHealthWarningsHelpText": "Включая предупреждения о состоянии",
    "IndexerLongTermStatusAllUnavailableHealthCheckMessage": "Все индексаторы недоступны из-за ошибок более 6 часов",
    "IndexerLongTermStatusUnavailableHealthCheckMessage": "Все индексаторы недоступны из-за ошибок более 6 часов: {indexerNames}",
    "IndexerPriority": "Приоритет индексатора",
    "IndexerPriorityHelpText": "Приоритет индексатора от 1 (Высший) до 50 (Низший). По умолчанию 25.",
    "IndexerProxyStatusAllUnavailableHealthCheckMessage": "Все прокси индексатора недоступны из-за ошибок",
    "Info": "Информация",
    "Logging": "Журналирование",
    "Message": "Сообщение",
    "MIA": "MIA",
    "Mode": "Режим",
    "MovieIndexScrollBottom": "Индекс фильма: Прокрутить вниз",
    "Name": "Имя",
    "New": "Новый",
    "NoChanges": "Нет изменений",
    "NoLeaveIt": "Нет, оставить",
    "NoLogFiles": "Файлов журнала нет",
    "NoUpdatesAreAvailable": "Обновления отсутствуют",
    "OAuthPopupMessage": "Всплывающие окна блокируются вашим браузером",
    "OnHealthIssueHelpText": "При проблемах с состоянием",
    "PendingChangesMessage": "У вас есть несохраненные изменения. Вы уверены, что хотите покинуть эту страницу?",
    "Presets": "Пресеты",
    "Protocol": "Протокол",
    "Proxy": "Прокси",
    "ProxyBypassFilterHelpText": "Используйте ',' как разделитель и '*.' как подстановочный знак для поддоменов",
    "ProxyBadRequestHealthCheckMessage": "Не удалось протестировать прокси. Код состояния: {statusCode}",
    "ProxyFailedToTestHealthCheckMessage": "Не удалось протестировать прокси: {url}",
    "ProxyResolveIpHealthCheckMessage": "Не удалось определить IP-адрес настроенного прокси-хоста {proxyHostName}",
    "ProxyPasswordHelpText": "Вы должны указать имя пользователя и пароль только если они необходимы. В противном случае оставьте эти поля пустыми.",
    "ProxyType": "Тип прокси",
    "ProxyUsernameHelpText": "Вы должны указать имя пользователя и пароль только если они необходимы. В противном случае оставьте эти поля пустыми.",
    "Queue": "Очередь",
    "ReadTheWikiForMoreInformation": "Прочтите Wiki для получения дополнительной информации",
    "ReleaseBranchCheckOfficialBranchMessage": "Ветвь {0} не является действительной релизной ветвью {appName}, вы не будете получать обновления",
    "ReleaseStatus": "Статус релиза",
    "Reload": "Перезагрузить",
    "RemovedFromTaskQueue": "Удалено из очереди задач",
    "RemoveFilter": "Удалить фильтр",
    "RemovingTag": "Удаление тега",
    "ResetAPIKey": "Сбросить API ключ",
    "Restart": "Перезапустить",
    "RestartNow": "Перезапустить сейчас",
    "RestartRequiredHelpTextWarning": "Для применения изменений, требуется перезапуск",
    "Restore": "Восстановить",
    "RestoreBackup": "Восстановить резервную копию",
    "Result": "Результат",
    "Retention": "Удержание",
    "RssIsNotSupportedWithThisIndexer": "RSS не поддерживается этим индексатором",
    "Save": "Сохранить",
    "SaveChanges": "Сохранить изменения",
    "SaveSettings": "Сохранить настройки",
    "Scheduled": "Запланировано",
    "ScriptPath": "Путь к скрипту",
    "Search": "Поиск",
    "Security": "Безопасность",
    "Seeders": "Сидеры",
    "SelectAll": "Выбрать все",
    "SetTags": "Установить теги",
    "Settings": "Настройки",
    "SettingsEnableColorImpairedMode": "Включить режим для людей с ограниченным цветовым восприятием",
    "SettingsEnableColorImpairedModeHelpText": "Изменённый стиль позволяет пользователям с нарушениями цветового восприятия лучше различать цветовую информацию",
    "SettingsLongDateFormat": "Расширенный формат даты",
    "SettingsTimeFormat": "Формат времени",
    "ShowAdvanced": "Показать расширенные",
    "ShowSearch": "Показать поиск",
    "ShowSearchHelpText": "Показать копку поиска при наведении",
    "Shutdown": "Выключить",
    "Sort": "Сортировка",
    "Source": "Исходный код",
    "SSLCertPassword": "Пароль сертификата SSL",
    "SSLCertPasswordHelpText": "Пароль файла pfx",
    "SSLCertPath": "Путь к сертификату SSL",
    "SSLCertPathHelpText": "Путь к файлу pfx",
    "StartTypingOrSelectAPathBelow": "Начните вводить или выберите путь ниже",
    "StartupDirectory": "Каталог автозапуска",
    "Status": "Статус",
    "Style": "Стиль",
    "SuggestTranslationChange": "Предложить изменение перевода",
    "SystemTimeHealthCheckMessage": "Системное время отклонилось более чем на 1 день. Запланированные задания могут не работать правильно, пока время не будет исправлено",
    "TableOptionsColumnsMessage": "Выберите видимые столбцы и порядок их отображения",
    "TagIsNotUsedAndCanBeDeleted": "Тег не используется и может быть удалён",
    "TagsHelpText": "Применяется к индексаторам, имеющим хотя бы один совпадающий тег",
    "TagsSettingsSummary": "Посмотрите все теги и способы их использования. Неиспользуемые теги можно удалить",
    "Tasks": "Задачи",
    "Test": "Тест",
    "TestAll": "Тестировать все",
    "TestAllClients": "Тестировать все клиенты",
    "Time": "Время",
    "Title": "Название",
    "Tomorrow": "Завтра",
    "Torrent": "Торрент",
    "Torrents": "Торренты",
    "Type": "Тип",
    "UI": "Пользовательский интерфейс",
    "UILanguage": "Язык пользовательского интерфейса",
    "UILanguageHelpTextWarning": "Требуется перезагрузка браузера",
    "UISettings": "Настройки пользовательского интерфейса",
    "UnableToAddANewApplicationPleaseTryAgain": "Не удалось добавить новое приложение, попробуйте ещё раз.",
    "UnableToAddANewAppProfilePleaseTryAgain": "Не удалось добавить новый профиль приложения, попробуйте ещё раз.",
    "UnableToAddANewDownloadClientPleaseTryAgain": "Не удалось добавить новый клиент загрузки, попробуйте ещё раз.",
    "UnableToAddANewIndexerPleaseTryAgain": "Не удалось добавить новый индексатор, попробуйте ещё раз.",
    "UnableToAddANewIndexerProxyPleaseTryAgain": "Не удалось добавить новый прокси индексатора, попробуйте ещё раз.",
    "UnableToAddANewNotificationPleaseTryAgain": "Не удалось добавить новое уведомление, попробуйте ещё раз.",
    "BackupsLoadError": "Не удалось загрузить резервные копии",
    "DownloadClientsLoadError": "Не удалось загрузить клиенты загрузки",
    "UnableToLoadGeneralSettings": "Не удалось загрузить общие настройки",
    "UnableToLoadNotifications": "Не удалось загрузить уведомления",
    "UnableToLoadUISettings": "Не удалось загрузить настройки интерфейса",
    "UnsavedChanges": "Несохраненные изменения",
    "UnselectAll": "Снять выделение со всех",
    "UpdateAutomaticallyHelpText": "Автоматически загружать и устанавливать обновления Вы по-прежнему сможете выполнить установку из раздела Система: Обновления",
    "UpdateStartupNotWritableHealthCheckMessage": "Невозможно установить обновление, так как каталог автозагрузки '{startupFolder}' недоступен для записи для пользователя '{userName}'.",
    "UpdateStartupTranslocationHealthCheckMessage": "Невозможно установить обновление, так как каталог автозагрузки '{startupFolder}' находится в каталоге перемещения приложений.",
    "UpdateUiNotWritableHealthCheckMessage": "Невозможно установить обновление, так как каталог интерфейса '{uiFolder}' недоступен для записи для пользователя '{userName}'.",
    "UpdateScriptPathHelpText": "Путь к пользовательскому скрипту, который извлекает пакет обновления и обрабатывает оставшуюся часть процесса обновления",
    "Uptime": "Время работы",
    "URLBase": "Базовый URL-адрес",
    "UrlBaseHelpText": "Для поддержки обратного прокси, значение по умолчанию - пустая строка",
    "UseProxy": "Использовать прокси",
    "Username": "Имя пользователя",
    "Version": "Версия",
    "View": "Просмотр",
    "AddingTag": "Добавление тега",
    "SSLPort": "Порт SSL",
    "UILanguageHelpText": "Язык, используемый {appName} для интерфейса пользователя",
    "EnableSslHelpText": " Для применения изменений требуется перезапуск с правами администратора",
    "ErrorLoadingContents": "Ошибка при загрузке контента",
    "Events": "События",
    "EventType": "Тип события",
    "Exception": "Исключение",
    "FeatureRequests": "Запросы функций",
    "Warn": "Предупреждение",
    "Wiki": "Wiki",
    "YesCancel": "Да, Отмена",
    "Yesterday": "Вчера",
    "NotificationTriggers": "Триггеры уведомления",
    "ApplicationStatusCheckAllClientMessage": "Все приложения недоступны из-за ошибок",
    "Automatic": "Автоматически",
    "DeleteApplicationMessageText": "Вы уверены, что хотите удалить приложение '{name}'?",
    "DeleteDownloadClient": "Удалить клиент загрузки",
    "EnableInteractiveSearchHelpText": "Будет использовано при интерактивном поиске",
    "Error": "Ошибка",
    "NoChange": "Нет изменений",
    "Age": "Возраст",
    "All": "Все",
    "AllIndexersHiddenDueToFilter": "Все индексаторы скрыты применённым фильтром.",
    "AppDataDirectory": "Каталог AppData",
    "Reddit": "Reddit",
    "System": "Система",
    "TableOptions": "Параметры таблицы",
    "TagCannotBeDeletedWhileInUse": "Удаление невозможно во время использования",
    "Tags": "Теги",
    "ApplicationStatusCheckSingleClientMessage": "Приложения недоступны из-за ошибок: {0}",
    "EditIndexer": "Редактировать индексатор",
    "MaintenanceRelease": "Технический релиз: исправление ошибок и другие улучшения. Подробнее см. в истории коммитов Github.",
    "Filters": "Фильтры",
    "HistoryCleanupDaysHelpText": "Установите 0, чтобы отключить автоматическую очистку",
    "HistoryCleanupDaysHelpTextWarning": "Элементы истории, старше указанного количества дней, будут автоматически удалены",
    "OnApplicationUpdateHelpText": "При обновлении приложения",
    "OnGrab": "При захвате релиза",
    "OnHealthIssue": "При проблемах с состоянием",
    "OnApplicationUpdate": "При обновлении приложения",
    "TestAllIndexers": "Тестировать все индексаторы",
    "UserAgentProvidedByTheAppThatCalledTheAPI": "User-Agent, предоставленный приложением, вызвавшим API",
    "NotificationTriggersHelpText": "Выберите события, которые должны вызвать это уведомление",
    "NetCore": ".NET",
    "GrabReleases": "Захватить релиз(ы)",
    "UnableToLoadIndexers": "Не удалось загрузить индексаторы",
    "Link": "Ссылка",
    "MappedDrivesRunningAsService": "Сопоставленные сетевые диски недоступны при запуске в качестве службы Windows. См. FAQ для получения дополнительной информации",
    "No": "Нет",
    "Yes": "Да",
    "AddRemoveOnly": "Добавить и удалить только",
    "AddNewIndexer": "Добавить новый индексатор",
    "AddToDownloadClient": "Добавить релиз в клиент загрузки",
    "AddedToDownloadClient": "Релиз добавлен в клиент",
    "AddDownloadClientToProwlarr": "Добавление клиента загрузки позволяет {appName} отправлять релизы напрямую из пользовательского интерфейса, во время ручного поиска.",
    "AddIndexerProxy": "Добавить прокси для индексатора",
    "Connect": "Уведомления",
    "Notification": "Уведомление",
    "Encoding": "Кодирование",
    "Applications": "Приложения",
    "Application": "Приложения",
    "Notifications": "Уведомления",
    "InstanceName": "Имя экземпляра",
    "InstanceNameHelpText": "Имя экземпляра на вкладке и имя приложения системного журнала",
    "Started": "Запущено",
    "Database": "База данных",
    "Duration": "Длительность",
    "ApplicationLongTermStatusCheckSingleClientMessage": "Все приложения недоступны из-за ошибок более 6 часов: {0}",
    "Ended": "Завершён",
    "LastExecution": "Последнее выполнение",
    "NextExecution": "Следующий запуск",
    "Queued": "В очереди",
    "ApplicationLongTermStatusCheckAllClientMessage": "Все приложения недоступны из-за ошибок более 6 часов",
    "LastDuration": "Последняя длительность",
    "ThemeHelpText": "Изменить тему интерфейса приложения. Тема 'Авто' будет использовать тему вашей ОС для выбора светлого или тёмного режима. Вдохновлено {inspiredBy}.",
    "Remove": "Удалить",
    "Replace": "Заменить",
    "OnLatestVersion": "Последняя версия {appName} уже установлена",
    "ApplicationURL": "URL-адрес приложения",
    "ApplicationUrlHelpText": "Внешний URL-адрес этого приложения, включая http(s)://, порт и базовый URL-адрес",
    "Label": "Метка",
    "ApplyChanges": "Применить изменения",
    "ApplyTagsHelpTextRemove": "Удалить: Удалить введённые теги",
    "DeleteSelectedApplicationsMessageText": "Вы уверены, что хотите удалить выбранные приложения: {count}?",
    "DeleteSelectedDownloadClients": "Удалить клиент(ы) загрузки",
    "DeleteSelectedDownloadClientsMessageText": "Вы уверены, что хотите удалить выбранные клиенты загрузки: {count}?",
    "DeleteSelectedIndexersMessageText": "Вы уверены, что хотите удалить выбранные индексаторы: {count}?",
    "DownloadClientPriorityHelpText": "Установить приоритет для нескольких клиентов загрузки. Клиенты с одинаковым приоритетом обрабатываются по круговой системе.",
    "EditSelectedDownloadClients": "Редактировать выбранные клиенты загрузки",
    "ApiKeyValidationHealthCheckMessage": "Пожалуйста, обновите свой ключ API, чтобы он был длиной не менее {length} символов в длину. Вы можете сделать это через настройки или файл конфигурации",
    "Genre": "Жанр",
    "Theme": "Тема",
    "Year": "Год",
    "ApplyTagsHelpTextAdd": "Добавить: Добавить теги к существующему списку тегов",
    "ApplyTagsHelpTextHowToApplyApplications": "Как применить теги к выбранным приложениям",
    "ApplyTagsHelpTextHowToApplyIndexers": "Как применить теги к выбранным индексаторам",
    "ApplyTagsHelpTextReplace": "Заменить: Заменить теги введёнными тегами (оставьте поле пустым, чтобы удалить все теги)",
    "Track": "Трек",
    "UpdateAvailableHealthCheckMessage": "Доступно новое обновление: {version}",
    "More": "Ещё",
    "Publisher": "Издатель",
    "ConnectionLostReconnect": "{appName} попытается соединиться автоматически или нажмите кнопку ниже.",
    "ConnectionLostToBackend": "{appName} потерял связь с сервером и его необходимо перезагрузить, чтобы восстановить работоспособность.",
    "RecentChanges": "Последние изменения",
    "WhatsNew": "Что нового?",
    "minutes": "минуты",
    "DeleteAppProfileMessageText": "Вы уверены, что хотите удалить профиль приложения '{name}'?",
    "EditDownloadClientImplementation": "Редактировать клиент загрузки - {implementationName}",
    "EditIndexerImplementation": "Редактировать индексатор - {implementationName}",
    "NoIndexersFound": "Индексаторы не найдены",
    "AuthenticationRequiredHelpText": "Отредактируйте, для каких запросов требуется авторизация. Не изменяйте, если не понимаете риски.",
    "AuthenticationRequired": "Требуется авторизация",
    "CountDownloadClientsSelected": "Выбрано клиентов загрузки: {count}",
    "CountIndexersSelected": "Выбрано индексаторов: {count}",
    "EditSelectedIndexers": "Редактировать выбранный индексатор",
    "OnHealthRestored": "При восстановлении состояния",
    "OnHealthRestoredHelpText": "При восстановлении состояния",
    "Implementation": "Реализация",
    "NoDownloadClientsFound": "Клиенты загрузки не найдены",
    "IndexerDownloadClientHealthCheckMessage": "Индексаторы с недопустимыми клиентами загрузки: {indexerNames}.",
    "StopSelecting": "Отменить выбор",
    "AddDownloadClientImplementation": "Добавить клиент загрузки - {implementationName}",
    "AddConnection": "Добавить подключение",
    "AddConnectionImplementation": "Добавить подключение - {implementationName}",
    "ManageDownloadClients": "Управление клиентами загрузки",
    "NotificationStatusAllClientHealthCheckMessage": "Все уведомления недоступны из-за ошибок",
    "NotificationStatusSingleClientHealthCheckMessage": "Уведомления недоступны из-за ошибок: {notificationNames}",
    "AddIndexerImplementation": "Добавить индексатор - {implementationName}",
    "AddIndexerProxyImplementation": "Добавить прокси для индексатора - {implementationName}",
    "EditConnectionImplementation": "Редактировать соединение - {implementationName}",
    "EditIndexerProxyImplementation": "Редактировать прокси индексатора - {implementationName}",
    "Season": "Сезон",
    "AddApplicationImplementation": "Добавить приложение - {implementationName}",
    "EditApplicationImplementation": "Редактировать приложение - {implementationName}",
    "AuthBasic": "Базовый (Всплывающее окно браузера)",
    "AuthForm": "Формы (Страница авторизации)",
    "DisabledForLocalAddresses": "Отключено для локальных адресов",
    "None": "Ничего",
    "ResetAPIKeyMessageText": "Вы уверены, что хотите сбросить ключ API?",
    "Categories": "Категории",
    "Album": "Альбом",
    "AddCustomFilter": "Добавить специальный фильтр",
    "AuthenticationMethod": "Способ авторизации",
    "AuthenticationRequiredPasswordHelpTextWarning": "Введите новый пароль",
    "AuthenticationRequiredUsernameHelpTextWarning": "Введите новое имя пользователя",
    "RestartProwlarr": "Перезапустить {appName}",
    "AuthenticationRequiredWarning": "Чтобы предотвратить удалённый доступ без авторизации, {appName} теперь требует включения авторизации. Вы можете опционально отключить авторизацию для локальных адресов.",
    "Id": "ID",
    "ManageClients": "Управление клиентами",
    "CountApplicationsSelected": "Выбрано приложений: {count}",
    "IndexerHDBitsSettingsCodecs": "Кодеки",
    "IndexerHDBitsSettingsMediums": "Mediums",
    "Directory": "Каталог",
    "CustomFilter": "Настраиваемый фильтр",
    "GrabRelease": "Захватить релиз",
    "ManualGrab": "Ручной захват",
    "OverrideAndAddToDownloadClient": "Переопределить и добавить в клиент загрузки",
    "OverrideGrabModalTitle": "Переопределить и захватить - {title}",
    "PrioritySettings": "Приоритет: {priority}",
    "SelectDownloadClientModalTitle": "{modalTitle} - Выберите клиент загрузки",
    "ProxyValidationBadRequest": "Не удалось протестировать прокси. Код состояния: {statusCode}",
    "Default": "По умолчанию",
    "AppUpdated": "{appName} обновлён",
    "AppUpdatedVersion": "{appName} обновлён до версии `{version}`, для получения последних изменений необходимо перезагрузить {appName}",
    "Episode": "Эпизод",
    "Donate": "Пожертвовать",
    "DownloadClientFreeboxSettingsAppTokenHelpText": "Токен приложения, полученный при создании доступа к Freebox API (например, 'app_token')",
    "DownloadClientPneumaticSettingsNzbFolder": "Каталог NZB",
    "DownloadClientPneumaticSettingsStrmFolder": "Каталог STRM",
    "DownloadClientQbittorrentSettingsContentLayout": "Макет контента",
    "DownloadClientQbittorrentSettingsSequentialOrderHelpText": "Загружать последовательно (qBittorrent 4.1.0+)",
    "DownloadClientRTorrentSettingsUrlPath": "URL-путь",
    "DownloadClientRTorrentSettingsDirectoryHelpText": "Необязательное место для сохранения загрузок, оставьте поле пустым, чтобы использовать расположение rTorrent по умолчанию",
    "DownloadClientSettingsAddPaused": "Добавить приостановленные",
    "DownloadClientSettingsInitialState": "Начальное состояние",
    "DownloadClientTransmissionSettingsUrlBaseHelpText": "Добавляет префикс к URL-адресу RPC {clientName}, например {url}, по умолчанию — '{defaultUrl}'",
    "NotificationsTelegramSettingsIncludeAppName": "Включить {appName} в заголовок",
    "Category": "Категория",
    "Clone": "Клонировать",
    "DefaultNameCopiedProfile": "{name} - Копировать",
    "DownloadClientFreeboxSettingsHostHelpText": "Имя хоста или IP-адрес хоста Freebox, по умолчанию — '{url}' (будет работать только если находится в одной сети)",
    "DownloadClientFreeboxSettingsPortHelpText": "Порт, используемый для доступа к интерфейсу Freebox, по умолчанию — '{port}'",
    "DownloadClientPneumaticSettingsNzbFolderHelpText": "Этот каталог должен быть доступен из XBMC",
    "DownloadClientQbittorrentSettingsSequentialOrder": "Загружать последовательно",
    "DownloadClientSettingsDestinationHelpText": "Ручная установка места загрузки, оставьте пустым для использования значения по умолчанию",
    "DownloadClientSettingsInitialStateHelpText": "Начальное состояние для торрентов, добавленных в {clientName}",
    "DownloadClientRTorrentSettingsAddStopped": "Добавить остановленные",
    "External": "Внешний",
    "Destination": "Место назначения",
    "BlackholeFolderHelpText": "Каталог, в котором {appName} будет хранить файл {extension}",
    "DownloadClientDownloadStationSettingsDirectoryHelpText": "Необязательный общий каталог для сохранения загрузок, оставьте поле пустым, чтобы использовать расположение Download Station по умолчанию",
    "DownloadClientFloodSettingsAdditionalTags": "Дополнительные теги",
    "DownloadClientFloodSettingsUrlBaseHelpText": "Добавляет префикс к Flood API, такой как {url}",
    "DownloadClientFreeboxSettingsApiUrl": "URL-адрес API",
    "DownloadClientFreeboxSettingsApiUrlHelpText": "Определите базовый URL-адрес Freebox API с версией API, например '{url}', по умолчанию — '{defaultApiUrl}'",
    "DownloadClientFreeboxSettingsAppId": "ID приложения",
    "DownloadClientFreeboxSettingsAppIdHelpText": "ID приложения, полученный при создании доступа к Freebox API (например, 'app_id')",
    "DownloadClientFreeboxSettingsAppToken": "Токен приложения",
    "DownloadClientFloodSettingsAdditionalTagsHelpText": "Добавляет свойства мультимедиа в виде тегов. Подсказки являются примерами.",
    "DownloadClientNzbgetSettingsAddPausedHelpText": "Для работы этого параметра требуется версия NzbGet не ниже 16.0",
    "DownloadClientPneumaticSettingsStrmFolderHelpText": "Файлы .strm в этом каталоге будут импортированы дроном",
    "DownloadClientQbittorrentSettingsFirstAndLastFirst": "Первое и последнее сначала",
    "DownloadClientQbittorrentSettingsFirstAndLastFirstHelpText": "Загружать первые и последние части сначала (qBittorrent 4.1.0+)",
    "UseSsl": "Использовать SSL",
    "AuthenticationMethodHelpTextWarning": "Пожалуйста, выберите допустимый метод авторизации",
    "XmlRpcPath": "Путь XML RPC",
    "UsenetBlackholeNzbFolder": "Каталог NZB",
    "AuthenticationRequiredPasswordConfirmationHelpTextWarning": "Подтвердите новый пароль",
    "DownloadClientAriaSettingsDirectoryHelpText": "Необязательное место для сохранения загрузок, оставьте поле пустым, чтобы использовать расположение Aria2 по умолчанию",
    "DownloadClientSettingsUrlBaseHelpText": "Добавляет префикс к URL-адресу {clientName}, например, {url}",
    "NoHistoryFound": "История не найдена",
    "DownloadClientFloodSettingsTagsHelpText": "Начальные теги загрузки. Чтобы быть распознанным, загрузка должна иметь все начальные теги. Это предотвращает конфликты с несвязанными загрузками.",
    "DownloadClientQbittorrentSettingsContentLayoutHelpText": "Выбрать расположение контента: настроенное в qBittorrent, исходный макет из торрента или всегда создавать подкаталог (qBittorrent 4.3.2+)",
    "DownloadClientQbittorrentSettingsInitialStateHelpText": "Исходное состояние торрентов, добавленных в qBittorrent. Обратите внимание, что принудительные торренты не соблюдают ограничения на раздачу",
    "DownloadClientDelugeSettingsUrlBaseHelpText": "Добавляет префикс к URL-адресу json Deluge, см.: {url}",
    "NotificationsTelegramSettingsIncludeAppNameHelpText": "При необходимости добавить к заголовку сообщения префикс {appName}, чтобы различать уведомления от разных приложений",
    "DownloadClientQbittorrentSettingsUseSslHelpText": "Использовать защищённое соединение. Смотрите 'Параметры' -> 'Веб-интерфейс' -> 'Использовать HTTPS вместо HTTP' в qBittorrent.",
    "DownloadClientRTorrentSettingsAddStoppedHelpText": "Включение добавит торренты и магнет-ссылки в rTorrent в остановленном состоянии. Это может привести к повреждению магнет-файлов.",
    "DownloadClientRTorrentSettingsUrlPathHelpText": "Путь к конечной точке XMLRPC см. {url}. Обычно это RPC2 или [путь к ruTorrent]{url2} при использовании ruTorrent.",
    "DownloadClientSettingsUseSslHelpText": "Использовать защищённое соединение при подключении к {clientName}",
    "DownloadClientTransmissionSettingsDirectoryHelpText": "Необязательное место для сохранения загрузок, оставьте поле пустым, чтобы использовать расположение Transmission по умолчанию",
    "IndexerSettingsAdditionalParameters": "Дополнительные параметры",
    "IndexerSettingsSeedRatio": "Коэффициент раздачи",
    "IndexerSettingsSeedTimeHelpText": "Время, в течение которого торрент должен оставаться на раздаче перед остановкой, пусто — используется значение клиента загрузки по умолчанию",
    "PasswordConfirmation": "Подтверждение пароля",
    "TorrentBlackholeTorrentFolder": "Каталог торрента",
    "TorrentBlackholeSaveMagnetFilesHelpText": "Сохранить магнет-ссылку, если файл .torrent недоступен (полезно только в случае, если клиент загрузки поддерживает магнет-ссылки, сохранённые в файле)",
    "NotificationsEmailSettingsUseEncryption": "Использовать шифрование",
    "NotificationsEmailSettingsUseEncryptionHelpText": "Выбрать режим шифрования: предпочитать шифрование, если оно настроено на сервере; всегда использовать шифрование через SSL (только порт 465) или StartTLS (любой другой порт); никогда не использовать шифрование.",
    "LabelIsRequired": "Требуется метка",
    "IndexerSettingsSeedTime": "Время сидирования",
    "Mixed": "Смешанный",
    "IndexerSettingsApiPath": "Путь API",
    "IndexerSettingsSeedRatioHelpText": "Рейтинг, которого должен достичь торрент перед остановкой, пусто — используется значение по умолчанию клиента загрузки. Рейтинг должен быть не менее 1,0 и соответствовать правилам индексаторов",
    "InvalidUILanguage": "В вашем пользовательском интерфейсе установлен недопустимый язык. Исправьте его и сохраните настройки",
    "IndexerHDBitsSettingsCodecsHelpText": "Если не указано, используются все параметры.",
    "IndexerHDBitsSettingsMediumsHelpText": "Если не указано, используются все параметры.",
    "IndexerSettingsApiPathHelpText": "Путь к API, обычно {url}",
    "TorrentBlackholeSaveMagnetFilesExtension": "Сохранить магнет-файлы с расширением",
    "TorrentBlackholeSaveMagnetFiles": "Сохранить магнет-файлы",
    "IndexerSettingsCookie": "Cookie",
    "SecretToken": "Секретный токен",
    "TorrentBlackholeSaveMagnetFilesExtensionHelpText": "Расширение для магнет-ссылок, по умолчанию '.magnet'",
    "MinimumSeeders": "Минимум сидеров",
    "SeedTime": "Время сидирования",
    "SeedRatio": "Коэффициент раздачи",
    "days": "дни",
    "ApplicationSettingsSyncRejectBlocklistedTorrentHashes": "Отклонять хэши торрентов из чёрного списка при захвате",
    "Author": "Автор",
    "IndexerHDBitsSettingsOriginsHelpText": "Если не указано, используются все параметры.",
    "Any": "Любой",
    "ApplicationSettingsSyncRejectBlocklistedTorrentHashesHelpText": "Если торрент заблокирован по хэшу, он может не правильно быть отклонён во время RSS/Поиска для некоторых индексаторов.",
    "BuiltIn": "Встроенный",
    "ProxyValidationUnableToConnect": "Не удалось подключиться к прокси: {exceptionMessage}. Проверьте журнал ошибок для получения дополнительной информации",
    "Script": "Скрипт",
    "InfoUrl": "URL-адрес информации",
    "PublishedDate": "Дата публикации",
    "AllSearchResultsHiddenByFilter": "Все результаты поиска скрыты применённым фильтром.",
    "HealthMessagesInfoBox": "Дополнительную информацию о причине появления этих сообщений о проверке работоспособности можно найти, перейдя по ссылке wiki (значок книги) в конце строки или проверить [журналы]({link}). Если у вас возникли трудности с пониманием этих сообщений, вы можете обратиться в нашу службу поддержки по ссылкам ниже.",
    "PackageVersionInfo": "{packageVersion} создан {packageAuthor}",
    "TotalUserAgentQueries": "Всего запросов User Agent",
    "TotalIndexerSuccessfulGrabs": "Всего успешных захватов индексатора",
    "TotalIndexerQueries": "Всего запросов к индексатору",
    "TVSearchTypes": "Типы поиска ТВ-программ",
    "SyncLevelAddRemove": "Только добавление и удаление: При добавлении или удалении индексаторов из {appName} это приложение будет автоматически обновлено.",
    "SyncProfiles": "Профили синхронизации",
    "TorznabUrl": "URL-адрес Torznab",
    "TotalGrabs": "Всего захватов",
    "TotalQueries": "Всего запросов",
    "TotalHostGrabs": "Всего захватов с хоста",
    "TestAllApps": "Тестировать все приложения",
    "TotalUserAgentGrabs": "Всего захватов User Agent",
    "SyncProfile": "Профиль синхронизации",
    "TotalHostQueries": "Всего запросов к хосту",
    "SyncLevelFull": "Полная синхронизация: Будет поддерживать индексаторы этого приложения полностью синхронизированными. Изменения, внесённые в индексаторы {appName}, будут синхронизированы с этим приложением. Любые изменения, внесённые в индексаторы удалённо в этом приложении, будут перезаписаны {appName} при следующей синхронизации.",
    "Menu": "Меню",
    "Artist": "Исполнитель",
    "OnGrabHelpText": "При захвате релиза",
    "Book": "Книга",
    "LogSizeLimit": "Ограничение размера журнала",
    "LogSizeLimitHelpText": "Максимальный размер файла журнала в МБ перед архивированием. По умолчанию - 1 МБ.",
    "AudioSearch": "Поиск аудио",
    "MusicSearchTypes": "Типы поиска музыки",
    "AreYouSureYouWantToDeleteCategory": "Вы уверены, что хотите удалить сопоставленную категорию?",
    "ClearHistory": "Очистить историю",
    "Privacy": "Конфиденциальность",
    "EnableIndexer": "Включить индексатор",
    "EnableRssHelpText": "Включить RSS-канал для индексатора",
    "Stats": "Статистика",
    "HistoryDetails": "Подробности истории",
    "IndexerDisabled": "Индексатор выключен",
    "IndexerFailureRate": "Процент неудач индексатора",
    "LastFailure": "Последняя ошибка",
    "MassEditor": "Пакетный редактор",
    "FullSync": "Полная синхронизация",
    "IndexerAuth": "Авторизация индексатора",
    "AddApplication": "Добавить приложение",
    "AddSyncProfile": "Добавить профиль синхронизации",
    "MappedCategories": "Сопоставленные категории",
    "Redirect": "Перенаправление",
    "ElapsedTime": "Прошедшее время",
    "FilterPlaceHolder": "Поисковые индексаторы",
    "Private": "Конфиденциальный",
    "AdvancedSettingsHiddenClickToShow": "Расширенные настройки скрыты, нажмите, чтобы показать",
    "BasicSearch": "Базовый поиск",
    "IndexerStatus": "Статус индексатора",
    "ManageApplications": "Управление приложениями",
    "PackSeedTime": "Время раздачи пакета",
    "SearchAllIndexers": "Поиск во всех индексаторах",
    "SettingsSqlLoggingHelpText": "Журналировать все SQL-запросы из {appName}",
    "DeleteAppProfile": "Удалить профиль приложения",
    "EditSyncProfile": "Редактировать профиль синхронизации",
    "EnabledRedirected": "Включено, Перенаправлено",
    "IndexerProxies": "Прокси индексатора",
    "InitialFailure": "Начальный сбой",
    "GoToApplication": "Перейти к приложению",
    "IndexerName": "Название индексатора",
    "NoSearchResultsFound": "Не обнаружены результаты поиска, повторите поиск ниже.",
    "QueryOptions": "Параметры запроса",
    "SearchTypes": "Типы поиска",
    "DeleteIndexerProxy": "Удалить прокси индексатора",
    "DeleteSelectedApplications": "Удалить выбранные приложения",
    "DevelopmentSettings": "Настройки разработки",
    "HistoryCleanup": "Очистка истории",
    "SearchCountIndexers": "Поиск в {count} индексаторе(ах)",
    "SelectIndexers": "Выберите индексаторы",
    "IndexerBeyondHDSettingsApiKeyHelpText": "Ключ API с сайта (Находится в Моя безопасность => Ключ API)",
    "IndexerBeyondHDSettingsSearchTypes": "Типы поиска",
    "IndexerBeyondHDSettingsSearchTypesHelpText": "Выберите типы релизов, которые вас интересуют. Если ничего не выбрано, используются все варианты.",
    "IndexerFileListSettingsPasskeyHelpText": "Passkey сайта (Это алфавитно-цифровая строка в URL трекера, отображаемая в вашем клиенте загрузки)",
    "IndexerGazelleGamesSettingsSearchGroupNames": "Поиск названий групп",
    "IndexerIPTorrentsSettingsCookieUserAgentHelpText": "User-Agent, используемый с cookie из браузера",
    "IndexerIPTorrentsSettingsFreeleechOnlyHelpText": "Искать только релизы с freeleech",
    "AreYouSureYouWantToDeleteIndexer": "Вы уверены, что хотите удалить '{name}' из {appName}?",
    "BookSearch": "Поиск книг",
    "BookSearchTypes": "Типы поиска книг",
    "IndexerPassThePopcornSettingsFreeleechOnlyHelpText": "Искать только релизы с freeleech",
    "IndexerSettingsGrabLimitHelpText": "Максимальное количество захватов, указанное соответствующей единицей, которое {appName} будет разрешать для сайта",
    "IndexerSettingsLimitsUnit": "Единица лимита",
    "IndexerSettingsLimitsUnitHelpText": "Единица времени для определения лимитов каждого индексатора",
    "IndexerSettingsQueryLimit": "Лимит запросов",
    "IndexerSettingsRssKey": "Ключ RSS",
    "Parameters": "Параметры",
    "RedirectHelpText": "Перенаправить входящий запрос на загрузку для индексатора и передать захват напрямую, вместо проксирования запроса через {appName}.",
    "SettingsFilterSentryEvents": "Фильтровать события аналитики",
    "NotSupported": "Не поддерживается",
    "SyncLevel": "Уровень синхронизации",
    "UISettingsSummary": "Параметры для людей с ограниченными возможностями: дата, язык и цветовая схема",
    "DeleteApplication": "Удалить приложение",
    "Description": "Описание",
    "IndexerQuery": "Запрос индексатора",
    "IndexerSite": "Сайт индексатора",
    "IndexerTagsHelpText": "Используйте теги для указания прокси индексатора или приложений, синхронизированных с индексатором.",
    "QueryType": "Тип запроса",
    "MovieSearch": "Поиск фильма",
    "RssFeed": "Лента RSS",
    "AppsMinimumSeeders": "Приложения Минимальное количество сидеров",
    "ConnectSettingsSummary": "Уведомления и пользовательские скрипты",
    "DeleteClientCategory": "Удалить категорию клиента загрузки",
    "IndexerAlreadySetup": "Как минимум один индексатор уже настроен",
    "IndexerCategories": "Категории индексатора",
    "IndexerProxy": "Прокси индексатора",
    "IndexerRss": "RSS индексатора",
    "Public": "Публичный",
    "SettingsLogRotate": "Ротация журналов",
    "SettingsLogRotateHelpText": "Максимальное количество сохраняемых файлов в каталоге журналов",
    "DisabledUntil": "Отключено до",
    "SearchType": "Тип поиска",
    "AppSettingsSummary": "Приложения и настройки для управления взаимодействием {appName} с вашими программами PVR",
    "SettingsFilterSentryEventsHelpText": "Фильтровать известные события ошибок пользователя, чтобы они не отправлялись в виде аналитики.",
    "MovieSearchTypes": "Типы поиска фильма",
    "Apps": "Программы",
    "Auth": "Авторизация",
    "ClearHistoryMessageText": "Вы уверены, что хотите очистить всю историю {appName}?",
    "DeleteSelectedIndexer": "Удалить выбранный индексатор",
    "DownloadClientCategory": "Категория клиента загрузки",
    "IndexerHDBitsSettingsPasskeyHelpText": "Passkey из пользовательских данных",
    "SettingsIndexerLogging": "Включить индексатор",
    "RepeatSearch": "Повторить поиск",
    "AddCategory": "Добавить категорию",
    "AdvancedSettingsShownClickToHide": "Расширенные настройки видны, нажмите, чтобы скрыть",
    "AppProfileInUse": "Профиль приложения в использовании",
    "IndexerAlphaRatioSettingsExcludeScene": "Исключить SCENE",
    "IndexerAlphaRatioSettingsExcludeSceneHelpText": "Исключить релизы SCENE из результатов",
    "IndexerBeyondHDSettingsRewindOnly": "Только повторы",
    "IndexerDetails": "Подробности индексатора",
    "EditCategory": "Редактировать категорию",
    "FoundCountReleases": "Найдено релизов: {itemCount}",
    "IndexerAlphaRatioSettingsFreeleechOnlyHelpText": "Искать только релизы с freeleech",
    "IndexerBeyondHDSettingsLimitedOnly": "Только лимитированные",
    "IndexerBeyondHDSettingsRefundOnlyHelpText": "Искать только возвраты",
    "IndexerBeyondHDSettingsRewindOnlyHelpText": "Искать только повторы",
    "IndexerHistoryLoadError": "Ошибка загрузки истории индексатора",
    "IndexerNebulanceSettingsApiKeyHelpText": "Ключ API из Настроек пользователя > Ключи API. Ключ должен иметь права на просмотр и загрузку",
    "IndexerPassThePopcornSettingsApiKeyHelpText": "Ключ API сайта",
    "SettingsConsoleLogLevel": "Уровень журналирования консоли",
    "IndexerSettingsGrabLimit": "Лимит захвата",
    "IndexerSettingsVipExpiration": "Дата окончания VIP",
    "SearchQueries": "Запросы поиска",
    "SeedRatioHelpText": "Коэффициент, которого должен достичь торрент перед остановкой, пусто - значение по умолчанию приложения",
    "NoIndexerCategories": "Нет категорий для этого индексатора",
    "IndexerVipExpiredHealthCheckMessage": "Привилегии VIP для индексатора истекли: {indexerNames}",
    "DefaultCategory": "Категория по умолчанию",
    "IndexerHDBitsSettingsFreeleechOnlyHelpText": "Показать только релизы с freeleech",
    "IndexerHDBitsSettingsOrigins": "Источники",
    "IndexerNzbIndexSettingsApiKeyHelpText": "Ключ API сайта",
    "IndexerOrpheusSettingsApiKeyHelpText": "API ключ сайта (Находится в Настройки => Настройки доступа)",
    "IndexerSettingsApiUser": "Пользователь API",
    "IndexerSettingsAppsMinimumSeeders": "Приложения Минимальное количество сидеров",
    "RawSearchSupported": "Поддерживается необработанный поиск",
    "RssQueries": "Запросы RSS",
    "SearchCapabilities": "Возможности поиска",
    "SearchIndexers": "Поисковые индексаторы",
    "ActiveIndexers": "Активные индексаторы",
    "ApplicationsLoadError": "Не удалось загрузить список приложений",
    "IncludeManualGrabsHelpText": "Включить ручные захваты, сделанные внутри {appName}",
    "NoApplicationsFound": "Приложения не найдены",
    "IndexerHDBitsSettingsUseFilenamesHelpText": "Выберите этот вариант, если хотите использовать имена файлов торрента в качестве названий релизов",
    "IndexerHDBitsSettingsUsernameHelpText": "Имя пользователя сайта",
    "IndexerSettingsCookieHelpText": "Cookie сайта",
    "IndexerSettingsFreeleechOnly": "Только с freeleech",
    "IndexerSettingsPasskey": "Pass Key",
    "IndexerId": "ID индексатора",
    "DeleteSelectedIndexers": "Удалить выбранные индексаторы",
    "IndexerGazelleGamesSettingsApiKeyHelpTextWarning": "Требуются разрешения 'Пользователь' и 'Торренты'",
    "IndexerNewznabSettingsAdditionalParametersHelpText": "Дополнительные параметры Newznab",
    "IndexerNewznabSettingsApiKeyHelpText": "Ключ API сайта",
    "IndexerSettingsBaseUrl": "Базовый URL-адрес",
    "IndexerSettingsAppsMinimumSeedersHelpText": "Минимальное количество сидеров, необходимое для приложений, чтобы индексатор мог скачать, пустое значение - значение профиля синхронизации по умолчанию",
    "PackSeedTimeHelpText": "Время, в течение которого торрент пакета (сезон или дискография) должен оставаться на раздаче перед остановкой, пусто — используется значение приложения по умолчанию",
    "IndexerNoDefinitionCheckHealthCheckMessage": "Индексаторы {indexerNames} не имеют определения и не работают. Удалите их из {appName} и добавьте снова.",
    "AuthQueries": "Запросы авторизации",
    "IndexerNewznabSettingsVipExpirationHelpText": "Введите дату (yyyy-mm-dd) окончания VIP или оставьте поле пустым, {appName} оповестит вас за неделю до окончания VIP",
    "IndexerPassThePopcornSettingsApiUserHelpText": "Эти настройки расположены в разделе безопасности PassThePopcorn (Редактировать профиль > Безопасность).",
    "IndexerSettingsBaseUrlHelpText": "Выберите основной URL-адрес, который {appName} будет использовать для запросов на сайт",
    "Open": "Открыть",
    "IndexerInfo": "Информация об индексаторе",
    "SettingsLogSql": "Журналировать SQL",
    "AverageResponseTimesMs": "Среднее время ответа индексатора (мс)",
    "CountIndexersAvailable": "Доступно индексаторов: {count}",
    "IndexerSettingsSummary": "Конфигурация глобальных настроек индексатора, включая прокси.",
    "IndexerTagsHelpTextWarning": "Теги следует использовать с осторожностью, они могут иметь непредвиденные последствия. Индексатор с тегом будет синхронизироваться только с приложениями, имеющими тот же тег.",
    "IndexerTorrentSyndikatSettingsApiKeyHelpText": "Ключ API сайта",
    "NoIndexerHistory": "Нет истории для этого индексатора",
    "AppsMinimumSeedersHelpText": "Минимальное количество сидеров, необходимое для приложений, чтобы индексатор мог скачать, пустое значение - значение профиля синхронизации по умолчанию",
    "DownloadClientsSettingsSummary": "Настройки клиентов загрузки для интеграции в интерфейс поиска {appName}",
    "Proxies": "Прокси",
    "AppProfileSelectHelpText": "Профили приложения используются для управления настройками RSS, автоматического поиска и интерактивного поиска при синхронизации приложения",
    "ProwlarrSupportsAnyDownloadClient": "{appName} совместим с любым из перечисленных ниже клиентом загрузки.",
    "Query": "Запрос",
    "QueryResults": "Результаты запроса",
    "ActiveApps": "Активные приложения",
    "ApplicationTagsHelpText": "Синхронизировать индексаторы с этим приложением, которые имеют один или более совпадающих тегов. Если здесь не перечислены теги, то все индексаторы будут синхронизированы без ограничений.",
    "ApplicationTagsHelpTextWarning": "Теги следует использовать с осторожностью, они могут иметь непредвиденные последствия. Приложение с тегом будет синхронизироваться только с индексаторами, имеющими тот же тег.",
    "IndexerGazelleGamesSettingsApiKeyHelpText": "API ключ сайта (Находится в Настройки => Настройки доступа)",
    "IndexerGazelleGamesSettingsSearchGroupNamesHelpText": "Поиск релизов по названию групп",
    "IndexerHDBitsSettingsUseFilenames": "Использовать имена файлов",
    "IndexerRedactedSettingsApiKeyHelpText": "API ключ сайта (Находится в Настройки => Настройки доступа)",
    "IndexerSettingsPackSeedTime": "Время раздачи пакета",
    "IndexerSettingsPackSeedTimeIndexerHelpText": "Время, в течение которого торрент пакета (сезон или дискография) должен оставаться на раздаче перед остановкой, пусто — используется значение приложения по умолчанию",
    "ClickToChangeQueryOptions": "Нажмите, чтобы изменить параметры запроса",
    "DownloadClientSettingsDefaultCategorySubFolderHelpText": "Категория по умолчанию, если для релиза нет соответствующей категории. Создание определённой категории для {appName}, позволяет избежать конфликтов с загрузками, не связанными с {appName}. Использование категории не обязательно, но настоятельно рекомендуется. Создаёт подкаталог [category] в каталоге вывода.",
    "AverageQueries": "Среднее количество запросов",
    "IndexerGazelleGamesSettingsFreeleechOnlyHelpText": "Искать только релизы с freeleech",
    "IndexerMTeamTpSettingsApiKeyHelpText": "Ключ API сайта (Находится в Панели управления пользователя => Безопасность => Лаборатория)",
    "IndexerMTeamTpSettingsFreeleechOnlyHelpText": "Искать только релизы с freeleech",
    "ProwlarrDownloadClientsAlert": "Если вы намерены выполнять поиск непосредственно в {appName}, вам необходимо добавить клиенты загрузки. В противном случае, добавлять их здесь не нужно. Для поиска из ваших приложений используются клиенты загрузки, которые настроены в самих приложениях.",
    "ProwlarrDownloadClientsInAppOnlyAlert": "Клиенты загрузки предназначены только для поиска внутри приложения {appName} и не синхронизируются с другими приложениями. Мы не планируем добавлять функцию синхронизации.",
    "ProwlarrSupportsAnyIndexer": "{appName} поддерживает множество индексаторов, а также любой индексатор, использующий стандарт Newznab/Torznab, с помощью 'Generic Newznab' (для Usenet) или 'Generic Torznab' (для торрентов). Выберите и добавьте свой индексатор из списка ниже.",
    "Redirected": "Перенаправлено",
    "DownloadClientSettingsDefaultCategoryHelpText": "Категория по умолчанию, если для релиза нет соответствующей категории. Создание определённой категории для {appName}, позволяет избежать конфликтов с загрузками, не связанными с {appName}. Использование категории не обязательно, но настоятельно рекомендуется.",
    "DownloadClientSettingsPriorityItemHelpText": "Приоритет, используемый при захвате элементов",
    "GrabTitle": "Захватить название",
    "IndexerBeyondHDSettingsFreeleechOnlyHelpText": "Искать только релизы с freeleech",
    "IndexerBeyondHDSettingsLimitedOnlyHelpText": "Искать только с freeleech (Лимитированная отдача)",
    "IndexerBeyondHDSettingsRefundOnly": "Только возврат",
    "IndexerBeyondHDSettingsRssKeyHelpText": "Ключ RSS с сайта (Находится в Моя безопасность => Ключ RSS)",
    "IndexerDownloadClientHelpText": "Определите клиент загрузки, используемый для загрузки из этого индексатора в {appName}.",
    "NewznabUrl": "URL-адрес Newznab",
    "SeedTimeHelpText": "Время, в течение которого торрент должен оставаться на раздаче перед остановкой, пусто — используется значение приложения по умолчанию",
    "IndexerFileListSettingsFreeleechOnlyHelpText": "Искать только релизы с freeleech",
    "IndexerFileListSettingsUsernameHelpText": "Имя пользователя сайта",
    "IndexerHealthCheckNoIndexers": "Нет включённых индексаторов, {appName} не будет возвращать результаты поиска",
    "IndexerObsoleteCheckMessage": "Индексаторы: {0} устарели или были обновлены. Удалите их из {appName} и (или) добавьте снова",
    "IndexerSettingsQueryLimitHelpText": "Максимальное количество запросов, указанное соответствующей единицей, которое {appName} будет разрешать для сайта",
    "IndexerVipExpiringHealthCheckMessage": "Привилегии VIP для индексатора скоро истекут: {indexerNames}",
    "MinimumSeedersHelpText": "Минимальное количество сидеров, необходимое приложению для захвата индексатором",
    "SelectedCountOfCountReleases": "Выбрано {selectedCount} из {itemCount} релизов",
    "SemiPrivate": "Частично приватный",
    "SettingsIndexerLoggingHelpText": "Журналировать дополнительные данные индексатора, включая ответ",
    "SyncAppIndexers": "Синхронизировать индексаторы приложения",
    "UnableToLoadAppProfiles": "Не удалось загрузить профили приложения",
    "Website": "Веб-сайт",
    "TvSearch": "Поиск ТВ-программ",
    "Url": "URL-адрес",
    "UnableToLoadIndexerProxies": "Не удалось загрузить прокси индексатора",
    "UnableToLoadDevelopmentSettings": "Не удалось загрузить настройки разработки",
    "VipExpiration": "Дата окончания VIP",
    "IndexerIPTorrentsSettingsCookieUserAgent": "Cookie User-Agent",
    "AverageGrabs": "Среднее количество захватов",
    "IndexerSettingsPreferMagnetUrl": "Предпочитать Magnet URL",
    "IndexerPassThePopcornSettingsGoldenPopcornOnly": "Только Golden Popcorn",
    "IndexerSettingsPreferMagnetUrlHelpText": "При включении этот индексатор предпочтёт использовать для загрузки magnet URL, с возможностью перехода на торрент-ссылки",
    "IndexerAvistazSettingsPasswordHelpText": "Пароль веб-сайта",
    "IndexerAvistazSettingsPidHelpText": "PID со страницы Мой аккаунт или Мой профиль",
    "IndexerAvistazSettingsUsernameHelpTextWarning": "API этого индексатора доступен только для участников и выше рангом.",
    "IndexerPassThePopcornSettingsGoldenPopcornOnlyHelpText": "Искать релизы только Golden Popcorn",
    "PreferMagnetUrl": "Предпочитать Magnet URL",
    "PreferMagnetUrlHelpText": "При включении этот индексатор предпочтёт использовать для загрузки magnet URL, с возможностью перехода на торрент-ссылки",
    "IndexerAvistazSettingsFreeleechOnlyHelpText": "Искать только релизы с freeleech",
    "IndexerAvistazSettingsUsernameHelpText": "Имя пользователя сайта",
    "AptUpdater": "Использовать apt для установки обновления",
    "Download": "Загрузить",
    "ErrorRestoringBackup": "Ошибка восстановления резервной копии",
    "FailedToFetchUpdates": "Не удалось загрузить обновления",
    "LogFilesLocation": "Файлы журнала расположены в: {location}",
    "Logout": "Завершить сеанс",
    "UpdateAppDirectlyLoadError": "Обновление {appName} напрямую невозможно,",
    "DockerUpdater": "Обновите контейнер Docker, чтобы получить обновление",
    "ExternalUpdater": "{appName} настроен на использование внешнего механизма обновления",
    "NoEventsFound": "Событий не найдено",
    "RestartReloadNote": "Примечание: {appName} автоматически перезапустится и перезагрузит интерфейс пользователя во время процесса восстановления.",
    "TheLogLevelDefault": "Уровень журналирования по умолчанию установлен на 'Информация' и может быть изменён в [Общих настройках](/settings/general)",
    "UpdaterLogFiles": "Файлы журнала обновления",
    "WouldYouLikeToRestoreBackup": "Хотите восстановить резервную копию '{name}'?",
    "Install": "Установить",
    "InstallLatest": "Установить последнюю",
    "InstallMajorVersionUpdateMessageLink": "Для получения дополнительной информации посетите [{domain}]({url}).",
    "InstallMajorVersionUpdate": "Установить обновление",
    "InstallMajorVersionUpdateMessage": "Это обновление установит новую версию, которая может не поддерживаться вашей системой. Вы уверены, что хотите установить это обновление?",
    "FailedToFetchSettings": "Не удалось загрузить настройки",
    "CurrentlyInstalled": "Установлено",
    "PreviouslyInstalled": "Ранее установленный",
    "DownloadClientUTorrentProviderMessage": "Мы настоятельно советуем не использовать uTorrent, т.к. он известен как программа-шифровальщик и в целом вредоносное ПО."
}
