{
    "Actions": "Akcie",
    "Add": "Pridať",
    "AddDownloadClient": "Pridať klienta pre sťahovanie",
    "Added": "Pridané",
    "AddIndexer": "Pridať indexer",
    "AddingTag": "Pridávanie značky",
    "Age": "Vek",
    "All": "Všetko",
    "Analytics": "Analytika",
    "ApiKey": "Kľúč API",
    "AppDataDirectory": "Priečinok AppData",
    "Apply": "Použiť",
    "ApplyTags": "Použiť značky",
    "Authentication": "Overenie",
    "Backup": "Záloha",
    "BackupNow": "Zálohovať teraz",
    "Backups": "Zálohy",
    "BeforeUpdate": "Pred aktualizáciou",
    "BindAddressHelpText": "Platná adresa IP4 alebo '*' pre všetky rozhrania",
    "Branch": "Vetva",
    "BypassProxyForLocalAddresses": "Obísť proxy pre miestne adresy",
    "Cancel": "Zrušiť",
    "About": "O",
    "AcceptConfirmationModal": "Akceptujte potvrdenie Modal",
    "AppDataLocationHealthCheckMessage": "Aktualizácia nebude možná, aby sa predišlo zmazaniu AppData v priebehu aktualizácie",
    "Automatic": "Automatický",
    "AutomaticSearch": "Automatické vyhľadávanie",
    "BackupIntervalHelpText": "Interval medzi automatickými zálohami",
    "BackupRetentionHelpText": "Automatické zálohy staršie než doba uchovania budú automaticky vyčistené",
    "BranchUpdateMechanism": "Vetva používaná externým mechanizmom aktualizácie",
    "DeleteApplicationMessageText": "Naozaj chcete zmazať značku formátu {0} ?",
    "DeleteBackupMessageText": "Naozaj chcete zmazať značku formátu {0} ?",
    "DeleteIndexerProxyMessageText": "Naozaj chcete zmazať značku formátu {0} ?",
    "DeleteNotificationMessageText": "Naozaj chcete zmazať značku formátu {0} ?",
    "DeleteTagMessageText": "Naozaj chcete zmazať značku formátu {0} ?",
    "AllIndexersHiddenDueToFilter": "Všetky filmy sú skryté kvôli použitému filtru.",
    "AnalyticsEnabledHelpText": "Odosielajte anonymné informácie o používaní a chybách na servery aplikácie {appName}. Zahŕňa to informácie o vašom prehliadači, ktoré stránky webového používateľského rozhrania {appName} používate, hlásenia chýb, ako aj verziu operačného systému a spustenia. Tieto informácie použijeme na stanovenie priorít funkcií a opráv chýb.",
    "AuthenticationMethodHelpText": "Vyžadovať používateľské meno a heslo pre prístup k {appName}u",
    "BackupFolderHelpText": "Relatívne cesty budú v priečinku AppData {appName}u",
    "BranchUpdate": "Vetva, ktorá sa má použiť k aktualizácií {appName}u",
    "DeleteDownloadClientMessageText": "Naozaj chcete zmazať značku formátu {0} ?",
    "ChangeHasNotBeenSavedYet": "Zmena ešte nebola uložená",
    "Clear": "Vymazať",
    "Close": "Zatvoriť",
    "CertificateValidation": "Overenie certifikátu",
    "CloneProfile": "Klonovať profil",
    "BindAddress": "Viazať adresu",
    "CancelPendingTask": "Naozaj chcete zrušiť túto prebiehajúcu úlohu?",
    "ClientPriority": "Priorita klienta",
    "CloseCurrentModal": "Zatvoriť aktuálne okno",
    "Columns": "Stĺpce",
    "Component": "Komponent",
    "ConnectionLost": "Spojenie prerušené",
    "Files": "Súbor",
    "Filter": "Filter",
    "Filters": "Filtre",
    "Connections": "Spojenia",
    "Custom": "Vlastné",
    "Delete": "Vymazať",
    "Notification": "Notifikácie",
    "Notifications": "Notifikácie",
    "Refresh": "Obnoviť",
    "Scheduled": "Naplánované",
    "Settings": "Nastavenia",
    "Torrent": "Torrent",
    "Torrents": "Torrenty",
    "Updates": "Aktualizovať",
    "URLBase": "Základ URL",
    "Usenet": "Usenet",
    "Username": "Používateľské meno",
    "Language": "jazyk",
    "Enabled": "Povoliť",
    "Encoding": "Kódovanie",
    "Queue": "Fronta",
    "Search": "Hľadať",
    "Host": "Hostiteľ",
    "Hostname": "Názov hostiteľa",
    "Info": "Info",
    "UpdateMechanismHelpText": "Použiť vstavaný {appName} aktualizátor alebo skript",
    "Events": "Udalosť",
    "Grabs": "Grab",
    "Indexers": "Indexery",
    "Password": "Heslo",
    "Peers": "Peeri",
    "Port": "Port",
    "Title": "Názov",
    "UI": "UI",
    "Application": "Aplikácie",
    "Protocol": "Protokol",
    "Reload": "Obnoviť",
    "Applications": "Aplikácie",
    "Seeders": "Seederi",
    "Connect": "Notifikácie",
    "Details": "podrobnosti",
    "Disabled": "zakázané",
    "DownloadClient": "Klient na sťahovanie",
    "DownloadClients": "Klient na sťahovanie",
    "Enable": "Povoliť",
    "Indexer": "Indexer",
    "New": "Nový",
    "Queued": "Fronta",
    "Rss": "RSS",
    "Remove": "Odstrániť",
    "Replace": "Nahradiť",
    "ApplicationURL": "URL aplikácie",
    "ApplicationUrlHelpText": "Externá URL tejto aplikácie vrátane http(s)://, portu a URL základu",
    "Label": "Štítok",
    "ApplyTagsHelpTextAdd": "Pridať: Pridať značky do existujúceho zoznamu značiek",
    "ApplyTagsHelpTextRemove": "Odobrať: Odoberie zadané značky",
    "ApplyTagsHelpTextReplace": "Nahradiť: Nahradí značky zadanými značkami (pre vymazanie všetkých značiek, nezadávajte žiadne)",
    "ApplyTagsHelpTextHowToApplyApplications": "Ako použiť značky na vybrané filmy",
    "ApplyTagsHelpTextHowToApplyIndexers": "Ako použiť značky na vybrané filmy",
    "Season": "Séria",
    "Publisher": "Vydavateľ",
    "DeleteAppProfileMessageText": "Naozaj chcete zmazať tento profil oneskorenia?",
    "AuthBasic": "Základné (vyskakovacie okno prehliadača)",
    "AuthForm": "Formuláre (prihlasovacia stránka)",
    "DisabledForLocalAddresses": "Zakázané pre miestne adresy",
    "ResetAPIKeyMessageText": "Naozaj chcete obnoviť kľúč API?",
    "CountApplicationsSelected": "{count} Označených kolekcií",
    "Id": "ID",
    "EnableSslHelpText": " Vyžaduje sa reštart s oprávnením správcu, aby sa zmeny prejavili",
    "RestartRequiredHelpTextWarning": "Vyžaduje sa reštart, aby sa zmeny prejavili",
    "Album": "Album",
    "AddConnection": "Pridať podmienku",
    "AddConnectionImplementation": "Pridať pripojenie - {implementationName}",
    "AddDownloadClientImplementation": "Pridať klienta pre sťahovanie - {implementationName}",
    "AddIndexerImplementation": "Pridať Indexer - {implementationName}",
    "UnableToAddANewDownloadClientPleaseTryAgain": "Nie je možné pridať novú podmienku, skúste to znova.",
    "UnableToAddANewNotificationPleaseTryAgain": "Nie je možné pridať novú podmienku, skúste to znova.",
    "UnableToAddANewIndexerPleaseTryAgain": "Nie je možné pridať novú podmienku, skúste to znova.",
    "BackupsLoadError": "Nie je možné načítať albumy",
    "Docker": "Docker",
    "UnableToAddANewApplicationPleaseTryAgain": "Nie je možné pridať novú podmienku, skúste to znova.",
    "EditIndexerImplementation": "Pridať Indexer - {implementationName}",
    "AddApplicationImplementation": "Pridať pripojenie - {implementationName}",
    "EditConnectionImplementation": "Pridať pripojenie - {implementationName}",
    "EditDownloadClientImplementation": "Pridať klienta pre sťahovanie - {implementationName}",
    "UnableToAddANewIndexerProxyPleaseTryAgain": "Nie je možné pridať novú podmienku, skúste to znova.",
    "Directory": "Priečinok",
    "IndexerHDBitsSettingsCodecs": "Kodek",
    "AddIndexerProxyImplementation": "Pridať Indexer - {implementationName}",
    "EditIndexerProxyImplementation": "Pridať Indexer - {implementationName}",
    "EditApplicationImplementation": "Pridať podmienku - {implementationName}",
    "UnableToAddANewAppProfilePleaseTryAgain": "Nie je možné pridať novú podmienku, skúste to znova.",
    "BuiltIn": "Vstavaný",
    "AllSearchResultsHiddenByFilter": "Použitý filter skryje všetky výsledky",
    "AptUpdater": "Použiť apt pre inštaláciu aktualizácie",
    "Discord": "Discord",
    "Clone": "Zatvoriť"
}
