{
    "All": "ทั้งหมด",
    "ApiKey": "คีย์ API",
    "Apply": "สมัคร",
    "AutomaticSearch": "ค้นหาอัตโนมัติ",
    "ExistingTag": "แท็กที่มีอยู่",
    "Host": "โฮสต์",
    "NotificationTriggers": "ทริกเกอร์การแจ้งเตือน",
    "View": "ดู",
    "AllIndexersHiddenDueToFilter": "ภาพยนตร์ทั้งหมดถูกซ่อนเนื่องจากใช้ฟิลเตอร์",
    "Analytics": "การวิเคราะห์",
    "Backup": "การสำรองข้อมูล",
    "BackupFolderHelpText": "เส้นทางสัมพัทธ์จะอยู่ภายใต้ไดเรกทอรี AppData ของ {appName}",
    "IncludeHealthWarningsHelpText": "รวมคำเตือนด้านสุขภาพ",
    "PortNumber": "หมายเลขพอร์ต",
    "Restart": "เริ่มต้นใหม่",
    "SSLCertPathHelpText": "พา ธ ไปยังไฟล์ pfx",
    "IndexerProxyStatusAllUnavailableHealthCheckMessage": "รายการทั้งหมดไม่พร้อมใช้งานเนื่องจากความล้มเหลว",
    "IndexerProxyStatusUnavailableHealthCheckMessage": "ตัวจัดทำดัชนีไม่พร้อมใช้งานเนื่องจากความล้มเหลว: {indexerProxyNames}",
    "Indexers": "ดัชนี",
    "Info": "ข้อมูล",
    "InteractiveSearch": "การค้นหาแบบโต้ตอบ",
    "LastWriteTime": "เวลาเขียนล่าสุด",
    "LaunchBrowserHelpText": " เปิดเว็บเบราว์เซอร์และไปที่หน้าแรกของ {appName} เมื่อเริ่มแอป",
    "Mode": "โหมด",
    "MoreInfo": "ข้อมูลเพิ่มเติม",
    "MovieIndexScrollBottom": "ดัชนีภาพยนตร์: เลื่อนด้านล่าง",
    "MovieIndexScrollTop": "ดัชนีภาพยนตร์: เลื่อนด้านบน",
    "New": "ใหม่",
    "NoLinks": "ไม่มีลิงค์",
    "OpenThisModal": "เปิด Modal นี้",
    "Options": "ตัวเลือก",
    "PackageVersion": "เวอร์ชันแพ็คเกจ",
    "Peers": "เพื่อนร่วมงาน",
    "PendingChangesDiscardChanges": "ยกเลิกการเปลี่ยนแปลงและออก",
    "PendingChangesMessage": "คุณยังไม่ได้บันทึกการเปลี่ยนแปลงแน่ใจไหมว่าต้องการออกจากหน้านี้",
    "PendingChangesStayReview": "อยู่และตรวจสอบการเปลี่ยนแปลง",
    "ProxyFailedToTestHealthCheckMessage": "ไม่สามารถทดสอบพร็อกซี: {url}",
    "ProxyPasswordHelpText": "คุณจะต้องป้อนชื่อผู้ใช้และรหัสผ่านหากจำเป็นเท่านั้น เว้นว่างไว้เป็นอย่างอื่น",
    "ShowAdvanced": "แสดงขั้นสูง",
    "ShowSearch": "แสดงการค้นหา",
    "Source": "ที่มา",
    "StartTypingOrSelectAPathBelow": "เริ่มพิมพ์หรือเลือกเส้นทางด้านล่าง",
    "SuggestTranslationChange": "แนะนำการเปลี่ยนคำแปล",
    "TableOptionsColumnsMessage": "เลือกคอลัมน์ที่สามารถมองเห็นได้และลำดับที่จะปรากฏ",
    "TagCannotBeDeletedWhileInUse": "ไม่สามารถลบได้ขณะใช้งาน",
    "TagIsNotUsedAndCanBeDeleted": "ไม่ได้ใช้แท็กและสามารถลบได้",
    "Tags": "แท็ก",
    "TagsHelpText": "ใช้กับภาพยนตร์ที่มีแท็กที่ตรงกันอย่างน้อยหนึ่งแท็ก",
    "TagsSettingsSummary": "ดูแท็กทั้งหมดและวิธีการใช้งาน แท็กที่ไม่ได้ใช้สามารถลบออกได้",
    "Tasks": "งาน",
    "Test": "ทดสอบ",
    "TestAll": "ทดสอบทั้งหมด",
    "TestAllClients": "ทดสอบลูกค้าทั้งหมด",
    "Time": "เวลา",
    "Title": "หัวข้อ",
    "UILanguageHelpText": "ภาษาที่ {appName} จะใช้สำหรับ UI",
    "UILanguageHelpTextWarning": "จำเป็นต้องโหลดเบราว์เซอร์ใหม่",
    "UnableToAddANewIndexerPleaseTryAgain": "ไม่สามารถเพิ่มตัวสร้างดัชนีใหม่ได้โปรดลองอีกครั้ง",
    "UnableToAddANewIndexerProxyPleaseTryAgain": "ไม่สามารถเพิ่มตัวสร้างดัชนีใหม่ได้โปรดลองอีกครั้ง",
    "DownloadClientsLoadError": "ไม่สามารถโหลดไคลเอนต์ดาวน์โหลด",
    "UpdateUiNotWritableHealthCheckMessage": "ไม่สามารถติดตั้งการอัปเดตเนื่องจากโฟลเดอร์ UI \"{uiFolder}\" ไม่สามารถเขียนได้โดยผู้ใช้ \"{userName}\"",
    "Updates": "อัปเดต",
    "UpdateScriptPathHelpText": "พา ธ ไปยังสคริปต์แบบกำหนดเองที่ใช้แพ็กเกจโปรแกรมปรับปรุงที่แยกออกมาและจัดการส่วนที่เหลือของกระบวนการอัพเดต",
    "AddDownloadClient": "เพิ่มไคลเอนต์ดาวน์โหลด",
    "Yesterday": "เมื่อวานนี้",
    "Added": "เพิ่มแล้ว",
    "About": "เกี่ยวกับ",
    "AcceptConfirmationModal": "ยอมรับรูปแบบการยืนยัน",
    "Actions": "การดำเนินการ",
    "DeleteIndexerProxyMessageText": "แน่ใจไหมว่าต้องการลบรายการ \"{0}\"",
    "DeleteTagMessageText": "แน่ใจไหมว่าต้องการลบแท็ก \"{0}\"",
    "Disabled": "ปิดการใช้งาน",
    "Discord": "ไม่ลงรอยกัน",
    "Docker": "นักเทียบท่า",
    "Failed": "ล้มเหลว",
    "FeatureRequests": "คำขอคุณสมบัติ",
    "Filename": "ชื่อไฟล์",
    "Files": "ไฟล์",
    "Filter": "กรอง",
    "Fixed": "แก้ไขแล้ว",
    "FocusSearchBox": "ช่องค้นหาโฟกัส",
    "Folder": "โฟลเดอร์",
    "Message": "ข้อความ",
    "NoUpdatesAreAvailable": "ไม่มีการอัปเดต",
    "Queue": "คิว",
    "ReadTheWikiForMoreInformation": "อ่าน Wiki สำหรับข้อมูลเพิ่มเติม",
    "Reddit": "Reddit",
    "Refresh": "รีเฟรช",
    "RefreshMovie": "รีเฟรชภาพยนตร์",
    "Reload": "โหลดซ้ำ",
    "RemovedFromTaskQueue": "ลบออกจากคิวงาน",
    "RemoveFilter": "ลบตัวกรอง",
    "RemovingTag": "กำลังลบแท็ก",
    "Reset": "รีเซ็ต",
    "Save": "บันทึก",
    "SaveChanges": "บันทึกการเปลี่ยนแปลง",
    "Scheduled": "กำหนดเวลา",
    "ScriptPath": "เส้นทางสคริปต์",
    "Seeders": "Seeders",
    "SelectAll": "เลือกทั้งหมด",
    "SystemTimeHealthCheckMessage": "เวลาของระบบปิดมากกว่า 1 วัน งานที่ตั้งเวลาไว้อาจทำงานไม่ถูกต้องจนกว่าจะมีการแก้ไขเวลา",
    "UnableToAddANewNotificationPleaseTryAgain": "ไม่สามารถเพิ่มการแจ้งเตือนใหม่โปรดลองอีกครั้ง",
    "BackupsLoadError": "ไม่สามารถโหลดข้อมูลสำรอง",
    "UnableToLoadNotifications": "ไม่สามารถโหลดการแจ้งเตือน",
    "ApplicationStatusCheckAllClientMessage": "รายการทั้งหมดไม่พร้อมใช้งานเนื่องจากความล้มเหลว",
    "ApplicationStatusCheckSingleClientMessage": "รายการไม่พร้อมใช้งานเนื่องจากความล้มเหลว: {0}",
    "DeleteNotification": "ลบการแจ้งเตือน",
    "IgnoredAddresses": "ที่อยู่ที่ถูกละเว้น",
    "Level": "ระดับ",
    "PageSizeHelpText": "จำนวนรายการที่จะแสดงในแต่ละหน้า",
    "ShowSearchHelpText": "แสดงปุ่มค้นหาเมื่อวางเมาส์เหนือ",
    "Shutdown": "ปิดตัวลง",
    "Size": "ขนาด",
    "AppDataDirectory": "ไดเรกทอรี AppData",
    "ApplyTags": "ใช้แท็ก",
    "Authentication": "การรับรองความถูกต้อง",
    "AuthenticationMethodHelpText": "ต้องการชื่อผู้ใช้และรหัสผ่านเพื่อเข้าถึงเรดาร์",
    "Automatic": "อัตโนมัติ",
    "BackupIntervalHelpText": "ช่วงเวลาระหว่างการสำรองข้อมูลอัตโนมัติ",
    "BackupRetentionHelpText": "การสำรองข้อมูลอัตโนมัติที่เก่ากว่าระยะเวลาการเก็บรักษาจะถูกล้างโดยอัตโนมัติ",
    "Backups": "การสำรองข้อมูล",
    "BeforeUpdate": "ก่อนการอัปเดต",
    "BindAddress": "ผูกที่อยู่",
    "BindAddressHelpText": "ที่อยู่ IP4 ที่ถูกต้องหรือ \"*\" สำหรับอินเทอร์เฟซทั้งหมด",
    "BranchUpdate": "สาขาที่จะใช้ในการอัปเดต {appName}",
    "BranchUpdateMechanism": "สาขาที่ใช้โดยกลไกการอัพเดตภายนอก",
    "BypassProxyForLocalAddresses": "บายพาสพร็อกซีสำหรับที่อยู่ท้องถิ่น",
    "CancelPendingTask": "แน่ใจไหมว่าต้องการยกเลิกงานที่รอดำเนินการนี้",
    "ChangeHasNotBeenSavedYet": "ยังไม่ได้บันทึกการเปลี่ยนแปลง",
    "Clear": "ชัดเจน",
    "CloneProfile": "โปรไฟล์โคลน",
    "Close": "ปิด",
    "ConnectionLost": "ขาดการเชื่อมต่อ",
    "Connections": "การเชื่อมต่อ",
    "ConnectSettings": "เชื่อมต่อการตั้งค่า",
    "CouldNotConnectSignalR": "ไม่สามารถเชื่อมต่อกับ SignalR UI จะไม่อัปเดต",
    "Custom": "กำหนดเอง",
    "CustomFilters": "ตัวกรองที่กำหนดเอง",
    "Date": "วันที่",
    "Dates": "วันที่",
    "DatabaseMigration": "การย้ายฐานข้อมูล",
    "Delete": "ลบ",
    "DeleteApplicationMessageText": "แน่ใจไหมว่าต้องการลบการแจ้งเตือน \"{0}\"",
    "DeleteBackup": "ลบข้อมูลสำรอง",
    "DeleteBackupMessageText": "แน่ใจไหมว่าต้องการลบข้อมูลสำรอง \"{0}\"",
    "DeleteDownloadClient": "ลบไคลเอนต์ดาวน์โหลด",
    "Donations": "การบริจาค",
    "DownloadClient": "ดาวน์โหลดไคลเอนต์",
    "DownloadClients": "ดาวน์โหลดไคลเอนต์",
    "DownloadClientSettings": "ดาวน์โหลด Client Settings",
    "DownloadClientStatusAllClientHealthCheckMessage": "ไคลเอนต์ดาวน์โหลดทั้งหมดไม่สามารถใช้งานได้เนื่องจากความล้มเหลว",
    "DownloadClientStatusSingleClientHealthCheckMessage": "ดาวน์โหลดไคลเอ็นต์ไม่ได้เนื่องจากความล้มเหลว: {downloadClientNames}",
    "Edit": "แก้ไข",
    "EditIndexer": "แก้ไข Indexer",
    "Enable": "เปิดใช้งาน",
    "EnableAutomaticSearch": "เปิดใช้งานการค้นหาอัตโนมัติ",
    "EnableAutomaticSearchHelpText": "จะใช้เมื่อทำการค้นหาอัตโนมัติผ่าน UI หรือโดย {appName}",
    "Enabled": "เปิดใช้งาน",
    "EnableInteractiveSearch": "เปิดใช้งานการค้นหาแบบโต้ตอบ",
    "EnableInteractiveSearchHelpText": "จะใช้เมื่อใช้การค้นหาแบบโต้ตอบ",
    "ForMoreInformationOnTheIndividualDownloadClients": "สำหรับข้อมูลเพิ่มเติมเกี่ยวกับไคลเอนต์ดาวน์โหลดแต่ละรายการคลิกที่ปุ่มข้อมูล",
    "General": "ทั่วไป",
    "GeneralSettings": "การตั้งค่าทั่วไป",
    "GeneralSettingsSummary": "พอร์ต SSL ชื่อผู้ใช้ / รหัสผ่านพร็อกซีการวิเคราะห์และอัปเดต",
    "Grabbed": "คว้า",
    "Grabs": "คว้า",
    "Health": "สุขภาพ",
    "NoIssuesWithYourConfiguration": "ไม่มีปัญหากับการกำหนดค่าของคุณ",
    "HideAdvanced": "ซ่อนขั้นสูง",
    "History": "ประวัติศาสตร์",
    "HomePage": "หน้าแรก",
    "Hostname": "ชื่อโฮสต์",
    "IllRestartLater": "ฉันจะรีสตาร์ทในภายหลัง",
    "Indexer": "Indexer",
    "IndexerFlags": "ดัชนีดัชนี",
    "IndexerLongTermStatusAllUnavailableHealthCheckMessage": "ตัวจัดทำดัชนีทั้งหมดไม่สามารถใช้งานได้เนื่องจากความล้มเหลวเป็นเวลานานกว่า 6 ชั่วโมง",
    "IndexerLongTermStatusUnavailableHealthCheckMessage": "ดัชนีไม่พร้อมใช้งานเนื่องจากความล้มเหลวเป็นเวลานานกว่า 6 ชั่วโมง: {indexerNames}",
    "IndexerPriority": "ลำดับความสำคัญของ Indexer",
    "IndexerPriorityHelpText": "ลำดับความสำคัญของดัชนีจาก 1 (สูงสุด) ถึง 50 (ต่ำสุด) ค่าเริ่มต้น: 25.",
    "IndexerStatusAllUnavailableHealthCheckMessage": "ตัวทำดัชนีทั้งหมดไม่พร้อมใช้งานเนื่องจากความล้มเหลว",
    "IndexerStatusUnavailableHealthCheckMessage": "ตัวจัดทำดัชนีไม่พร้อมใช้งานเนื่องจากความล้มเหลว: {indexerNames}",
    "MIA": "MIA",
    "NoBackupsAreAvailable": "ไม่มีการสำรองข้อมูล",
    "NoChange": "ไม่มีการเปลี่ยนแปลง",
    "NoChanges": "ไม่มีการเปลี่ยนแปลง",
    "NoLeaveIt": "ไม่ปล่อยไว้",
    "NoTagsHaveBeenAddedYet": "ยังไม่มีการเพิ่มแท็ก",
    "OAuthPopupMessage": "เบราว์เซอร์ของคุณบล็อกป๊อปอัป",
    "OnHealthIssueHelpText": "เกี่ยวกับปัญหาสุขภาพ",
    "OpenBrowserOnStart": "เปิดเบราว์เซอร์เมื่อเริ่มต้น",
    "Port": "ท่าเรือ",
    "Presets": "ค่าที่ตั้งไว้ล่วงหน้า",
    "Priority": "ลำดับความสำคัญ",
    "Protocol": "มาตรการ",
    "Proxy": "พร็อกซี",
    "ProxyBypassFilterHelpText": "ใช้ \",\" เป็นตัวคั่นและ \"*.\" เป็นสัญลักษณ์แทนสำหรับโดเมนย่อย",
    "ProxyBadRequestHealthCheckMessage": "ไม่สามารถทดสอบพร็อกซี StatusCode: {statusCode}",
    "Restore": "คืนค่า",
    "RestoreBackup": "คืนค่าการสำรองข้อมูล",
    "Retention": "การเก็บรักษา",
    "Rss": "RSS",
    "SendAnonymousUsageData": "ส่งข้อมูลการใช้งานแบบไม่ระบุตัวตน",
    "SetTags": "ตั้งแท็ก",
    "Settings": "การตั้งค่า",
    "SettingsEnableColorImpairedMode": "เปิดใช้งานโหมดไร้สี",
    "SettingsEnableColorImpairedModeHelpText": "รูปแบบที่เปลี่ยนแปลงเพื่อให้ผู้ใช้ที่มีความบกพร่องทางสีแยกแยะข้อมูลรหัสสีได้ดีขึ้น",
    "SettingsShowRelativeDates": "แสดงวันที่สัมพัทธ์",
    "SettingsShowRelativeDatesHelpText": "แสดงญาติ (วันนี้ / เมื่อวาน / ฯลฯ ) หรือวันที่แน่นอน",
    "SettingsTimeFormat": "รูปแบบเวลา",
    "UpdateMechanismHelpText": "ใช้ตัวอัปเดตหรือสคริปต์ในตัวของ {appName}",
    "UnableToLoadGeneralSettings": "ไม่สามารถโหลดการตั้งค่าทั่วไป",
    "UnableToLoadHistory": "ไม่สามารถโหลดประวัติ",
    "UnableToLoadTags": "ไม่สามารถโหลดแท็ก",
    "UnableToLoadUISettings": "ไม่สามารถโหลดการตั้งค่า UI",
    "UnsavedChanges": "การเปลี่ยนแปลงที่ไม่ได้บันทึก",
    "UnselectAll": "ไม่เลือกทั้งหมด",
    "UpdateAutomaticallyHelpText": "ดาวน์โหลดและติดตั้งการอัปเดตโดยอัตโนมัติ คุณจะยังติดตั้งได้จาก System: Updates",
    "UpdateStartupNotWritableHealthCheckMessage": "ไม่สามารถติดตั้งการอัปเดตเนื่องจากโฟลเดอร์เริ่มต้น \"{startupFolder}\" ไม่สามารถเขียนได้โดยผู้ใช้ \"{userName}\"",
    "UpdateStartupTranslocationHealthCheckMessage": "ไม่สามารถติดตั้งการอัปเดตได้เนื่องจากโฟลเดอร์เริ่มต้น \"{startupFolder}\" อยู่ในโฟลเดอร์การแปลแอป",
    "Uptime": "เวลาทำงาน",
    "URLBase": "ฐาน URL",
    "UrlBaseHelpText": "สำหรับการสนับสนุน reverse proxy ค่าเริ่มต้นจะว่างเปล่า",
    "UseProxy": "ใช้ Proxy",
    "Username": "ชื่อผู้ใช้",
    "Version": "เวอร์ชัน",
    "Warn": "เตือน",
    "Wiki": "วิกิ",
    "Password": "รหัสผ่าน",
    "ProxyUsernameHelpText": "คุณจะต้องป้อนชื่อผู้ใช้และรหัสผ่านหากจำเป็นเท่านั้น เว้นว่างไว้เป็นอย่างอื่น",
    "SettingsLongDateFormat": "รูปแบบวันที่ยาว",
    "SettingsShortDateFormat": "รูปแบบวันที่สั้น",
    "Add": "เพิ่ม",
    "CloseCurrentModal": "ปิด Modal ปัจจุบัน",
    "Columns": "คอลัมน์",
    "Component": "ส่วนประกอบ",
    "BackupNow": "การสำรองข้อมูลในขณะนี้",
    "Events": "เหตุการณ์",
    "EventType": "ประเภทเหตุการณ์",
    "Name": "ชื่อ",
    "Result": "ผลลัพธ์",
    "Usenet": "Usenet",
    "YesCancel": "ใช่ยกเลิก",
    "AddIndexer": "เพิ่ม Indexer",
    "AddingTag": "กำลังเพิ่มแท็ก",
    "Age": "อายุ",
    "CertificateValidation": "การตรวจสอบใบรับรอง",
    "CertificateValidationHelpText": "เปลี่ยนวิธีการตรวจสอบการรับรอง HTTPS ที่เข้มงวด",
    "ClientPriority": "ลำดับความสำคัญของลูกค้า",
    "DeleteNotificationMessageText": "แน่ใจไหมว่าต้องการลบการแจ้งเตือน \"{0}\"",
    "DeleteTag": "ลบแท็ก",
    "EnableSSL": "เปิดใช้งาน SSL",
    "ProxyResolveIpHealthCheckMessage": "ไม่สามารถแก้ไขที่อยู่ IP สำหรับโฮสต์พร็อกซีที่กำหนดค่าไว้ {proxyHostName}",
    "ProxyType": "ประเภทพร็อกซี",
    "Cancel": "ยกเลิก",
    "NoLogFiles": "ไม่มีไฟล์บันทึก",
    "Details": "รายละเอียด",
    "EnableRss": "เปิดใช้ RSS",
    "EnableSslHelpText": " ต้องรีสตาร์ทในฐานะผู้ดูแลระบบจึงจะมีผล",
    "Error": "ข้อผิดพลาด",
    "ErrorLoadingContents": "เกิดข้อผิดพลาดในการโหลดเนื้อหา",
    "Exception": "ข้อยกเว้น",
    "Interval": "ช่วงเวลา",
    "KeyboardShortcuts": "แป้นพิมพ์ลัด",
    "Language": "ภาษา",
    "LogFiles": "ล็อกไฟล์",
    "Logging": "การบันทึก",
    "LogLevel": "ระดับบันทึก",
    "LogLevelTraceHelpTextWarning": "ควรเปิดใช้งานการบันทึกการติดตามชั่วคราวเท่านั้น",
    "Logs": "บันทึก",
    "Manual": "คู่มือ",
    "Mechanism": "กลไก",
    "Ok": "ตกลง",
    "ResetAPIKey": "รีเซ็ตคีย์ API",
    "RestartNow": "เริ่มต้นใหม่เดี๋ยวนี้",
    "RestartRequiredHelpTextWarning": "ต้องรีสตาร์ทเพื่อให้มีผล",
    "RssIsNotSupportedWithThisIndexer": "RSS ไม่ได้รับการสนับสนุนกับตัวสร้างดัชนีนี้",
    "Search": "ค้นหา",
    "Security": "ความปลอดภัย",
    "SSLCertPassword": "รหัสผ่านใบรับรอง SSL",
    "SSLCertPasswordHelpText": "รหัสผ่านสำหรับไฟล์ pfx",
    "SSLCertPath": "เส้นทางใบรับรอง SSL",
    "SSLPort": "พอร์ต SSL",
    "StartupDirectory": "ไดเร็กทอรีเริ่มต้น",
    "Status": "สถานะ",
    "Style": "สไตล์",
    "System": "ระบบ",
    "TableOptions": "ตัวเลือกตาราง",
    "Today": "วันนี้",
    "Tomorrow": "พรุ่งนี้",
    "Torrent": "Torrents",
    "Torrents": "Torrents",
    "Type": "ประเภท",
    "UI": "UI",
    "UILanguage": "ภาษา UI",
    "UISettings": "การตั้งค่า UI",
    "UnableToAddANewApplicationPleaseTryAgain": "ไม่สามารถเพิ่มการแจ้งเตือนใหม่โปรดลองอีกครั้ง",
    "UnableToAddANewAppProfilePleaseTryAgain": "ไม่สามารถเพิ่มโปรไฟล์คุณภาพใหม่ได้โปรดลองอีกครั้ง",
    "UnableToAddANewDownloadClientPleaseTryAgain": "ไม่สามารถเพิ่มไคลเอนต์ดาวน์โหลดใหม่ได้โปรดลองอีกครั้ง",
    "AnalyticsEnabledHelpText": "ส่งข้อมูลการใช้งานและข้อผิดพลาดโดยไม่ระบุชื่อไปยังเซิร์ฟเวอร์ของ {appName} ซึ่งรวมถึงข้อมูลบนเบราว์เซอร์ของคุณเพจ {appName} WebUI ที่คุณใช้การรายงานข้อผิดพลาดตลอดจนระบบปฏิบัติการและเวอร์ชันรันไทม์ เราจะใช้ข้อมูลนี้เพื่อจัดลำดับความสำคัญของคุณสมบัติและการแก้ไขข้อบกพร่อง",
    "AppDataLocationHealthCheckMessage": "การอัปเดตจะเป็นไปไม่ได้เพื่อป้องกันการลบ AppData ในการอัปเดต",
    "DeleteDownloadClientMessageText": "แน่ใจไหมว่าต้องการลบไคลเอนต์ดาวน์โหลด \"{0}\"",
    "PageSize": "ขนาดหน้า",
    "ReleaseBranchCheckOfficialBranchMessage": "สาขา {0} ไม่ใช่สาขาการเผยแพร่ {appName} ที่ถูกต้องคุณจะไม่ได้รับการอัปเดต",
    "ReleaseStatus": "สถานะการเปิดตัว",
    "SaveSettings": "บันทึกการตั้งค่า",
    "Branch": "สาขา",
    "Sort": "จัดเรียง",
    "HistoryCleanupDaysHelpTextWarning": "ไฟล์ในถังรีไซเคิลที่เก่ากว่าจำนวนวันที่เลือกจะถูกล้างโดยอัตโนมัติ",
    "MaintenanceRelease": "รุ่นการบำรุงรักษา: การแก้ไขข้อบกพร่องและการปรับปรุงอื่น ๆ ดู Github Commit History สำหรับรายละเอียดเพิ่มเติม",
    "Filters": "กรอง",
    "HistoryCleanupDaysHelpText": "ตั้งค่าเป็น 0 เพื่อปิดใช้งานการล้างข้อมูลอัตโนมัติ",
    "OnGrab": "บน Grab",
    "OnHealthIssue": "เกี่ยวกับปัญหาสุขภาพ",
    "TestAllIndexers": "ทดสอบดัชนีทั้งหมด",
    "GrabReleases": "คว้ารีลีส",
    "NetCore": ".NET Core",
    "MappedDrivesRunningAsService": "ไดรฟ์เครือข่ายที่แมปไม่พร้อมใช้งานเมื่อเรียกใช้เป็นบริการ Windows โปรดดูคำถามที่พบบ่อยสำหรับข้อมูลเพิ่มเติม",
    "No": "ไม่",
    "Link": "ลิงค์",
    "UnableToLoadIndexers": "ไม่สามารถโหลด Indexers",
    "Yes": "ใช่",
    "ApplicationLongTermStatusCheckAllClientMessage": "ตัวจัดทำดัชนีทั้งหมดไม่สามารถใช้งานได้เนื่องจากความล้มเหลวเป็นเวลานานกว่า 6 ชั่วโมง",
    "ApplicationLongTermStatusCheckSingleClientMessage": "ดัชนีไม่พร้อมใช้งานเนื่องจากความล้มเหลวเป็นเวลานานกว่า 6 ชั่วโมง: {0}",
    "Ended": "สิ้นสุดแล้ว",
    "LastDuration": "lastDuration",
    "LastExecution": "การดำเนินการล่าสุด",
    "NextExecution": "การดำเนินการถัดไป",
    "Queued": "อยู่ในคิว",
    "Remove": "ลบ",
    "Replace": "แทนที่",
    "OnLatestVersion": "มีการติดตั้ง {appName} เวอร์ชันล่าสุดแล้ว",
    "Track": "ติดตาม",
    "DeleteSelectedApplicationsMessageText": "แน่ใจไหมว่าต้องการลบตัวสร้างดัชนี \"{0}\"",
    "ApplyTagsHelpTextAdd": "เพิ่ม: เพิ่มแท็กในรายการแท็กที่มีอยู่",
    "ApplyTagsHelpTextHowToApplyApplications": "วิธีใช้แท็กกับภาพยนตร์ที่เลือก",
    "ApplyTagsHelpTextHowToApplyIndexers": "วิธีใช้แท็กกับภาพยนตร์ที่เลือก",
    "ApplyTagsHelpTextRemove": "ลบ: ลบแท็กที่ป้อน",
    "ApplyTagsHelpTextReplace": "แทนที่: แทนที่แท็กด้วยแท็กที่ป้อน (ป้อนไม่มีแท็กเพื่อล้างแท็กทั้งหมด)",
    "DeleteSelectedDownloadClients": "ลบไคลเอนต์ดาวน์โหลด",
    "DeleteSelectedIndexersMessageText": "แน่ใจไหมว่าต้องการลบตัวสร้างดัชนี \"{0}\"",
    "DownloadClientPriorityHelpText": "จัดลำดับความสำคัญของไคลเอนต์ดาวน์โหลดหลายรายการ Round-Robin ใช้สำหรับลูกค้าที่มีลำดับความสำคัญเดียวกัน",
    "DeleteSelectedDownloadClientsMessageText": "แน่ใจไหมว่าต้องการลบตัวสร้างดัชนี \"{0}\"",
    "Genre": "ประเภท",
    "Year": "ปี",
    "More": "มากกว่า",
    "ConnectionLostReconnect": "Radarr จะพยายามเชื่อมต่อโดยอัตโนมัติหรือคุณสามารถคลิกโหลดซ้ำด้านล่าง",
    "DeleteAppProfileMessageText": "แน่ใจไหมว่าต้องการลบโปรไฟล์คุณภาพ {0}",
    "minutes": "นาที",
    "WhatsNew": "มีอะไรใหม่",
    "RecentChanges": "การเปลี่ยนแปลงล่าสุด",
    "NotificationStatusAllClientHealthCheckMessage": "รายการทั้งหมดไม่พร้อมใช้งานเนื่องจากความล้มเหลว",
    "NotificationStatusSingleClientHealthCheckMessage": "รายการไม่พร้อมใช้งานเนื่องจากความล้มเหลว: {notificationNames}",
    "AuthBasic": "พื้นฐาน (เบราว์เซอร์ป๊อปอัพ)",
    "AuthForm": "แบบฟอร์ม (หน้าเข้าสู่ระบบ)",
    "DisabledForLocalAddresses": "ปิดใช้งานสำหรับที่อยู่ท้องถิ่น",
    "None": "ไม่มี",
    "ResetAPIKeyMessageText": "แน่ใจไหมว่าต้องการรีเซ็ตคีย์ API",
    "RestartProwlarr": "รีสตาร์ท {appName}",
    "IndexerHDBitsSettingsMediums": "ปานกลาง",
    "CustomFilter": "ตัวกรองที่กำหนดเอง",
    "ProxyValidationBadRequest": "ไม่สามารถทดสอบพร็อกซี StatusCode: {statusCode}",
    "GrabRelease": "คว้ารีลีส",
    "Script": "สคริปต์",
    "BuiltIn": "สร้างขึ้นใน",
    "PublishedDate": "วันที่เผยแพร่",
    "AllSearchResultsHiddenByFilter": "ผลลัพธ์ทั้งหมดถูกซ่อนโดยตัวกรองที่ใช้",
    "AptUpdater": "ใช้ apt เพื่อติดตั้งการอัปเดต",
    "Download": "ดาวน์โหลด",
    "ErrorRestoringBackup": "เกิดข้อผิดพลาดในการกู้คืนข้อมูลสำรอง",
    "DockerUpdater": "อัปเดตคอนเทนเนอร์นักเทียบท่าเพื่อรับการอัปเดต",
    "ExternalUpdater": "{appName} ถูกกำหนดค่าให้ใช้กลไกการอัพเดตภายนอก",
    "NoEventsFound": "ไม่พบกิจกรรม",
    "RestartReloadNote": "หมายเหตุ: {appName} จะรีสตาร์ทและโหลด UI ใหม่โดยอัตโนมัติในระหว่างกระบวนการกู้คืน",
    "UpdateAppDirectlyLoadError": "ไม่สามารถอัปเดต {appName} ได้โดยตรง",
    "InstallLatest": "ติดตั้งล่าสุด",
    "Clone": "ปิด",
    "Mixed": "แก้ไขแล้ว",
    "Stats": "สถานะ",
    "CurrentlyInstalled": "ติดตั้งแล้ว",
    "Season": "เหตุผล"
}
