{
    "About": "關於",
    "Add": "新增",
    "Added": "已新增",
    "Actions": "動作",
    "Age": "年齡",
    "AddIndexer": "新增索引",
    "AddNewIndexer": "新增新索引",
    "AddDownloadClient": "加入下載用戶端",
    "Analytics": "分析",
    "AddIndexerProxy": "新增索引器代理",
    "AddingTag": "新增標籤",
    "All": "全部",
    "AddRemoveOnly": "僅限新增或移除",
    "AcceptConfirmationModal": "接受確認對話框",
    "Language": "語言",
    "Filter": "篩選",
    "Reload": "重新載入",
    "UpdateMechanismHelpText": "使用 {appName}內建的更新程式或是腳本文件",
    "URLBase": "URL Base",
    "Username": "使用者名稱",
    "Details": "詳情",
    "Branch": "分支",
    "Cancel": "取消",
    "Delete": "刪除",
    "History": "歷史紀錄",
    "Search": "搜尋",
    "BindAddressHelpText": "有效的IP地址，本地主機（localhost）或者「*」以表示所有介面。",
    "Encoding": "編碼",
    "Events": "事件",
    "Password": "密碼",
    "Peers": "用戶",
    "Protocol": "通訊協定",
    "Hostname": "Hostname",
    "ApplicationURL": "應用程式 URL",
    "ApplicationUrlHelpText": "這個應用程式的外部網址，包括http(s)://、端口和URL Base。",
    "BranchUpdate": "用於更新Radarr的分支",
    "Categories": "類別",
    "Automatic": "自動",
    "Backups": "備份",
    "Disabled": "無法使用",
    "New": "新的",
    "Connect": "通知",
    "Enabled": "啟用",
    "Application": "應用程式",
    "Filters": "篩選器",
    "Torrents": "Torrents",
    "Album": "專輯",
    "Authentication": "認證",
    "AutomaticSearch": "自動搜尋",
    "BackupFolderHelpText": "相對路徑將位於Radarr的AppData目錄下",
    "BackupNow": "馬上備份",
    "BackupRetentionHelpText": "超過保留期的自動備份將被自動清理",
    "BindAddress": "綁定地址（Bind Address）",
    "Episode": "集",
    "Files": "文件",
    "ApplyTags": "套用標籤",
    "ApplyTagsHelpTextRemove": "移除：刪除輸入的標籤",
    "BackupIntervalHelpText": "自動備份時間間隔",
    "BeforeUpdate": "在更新前",
    "Clear": "清空",
    "Custom": "自訂",
    "Indexer": "索引器",
    "DownloadClient": "下載用戶端",
    "Info": "資訊",
    "Label": "標籤",
    "Notification": "通知",
    "Notifications": "通知",
    "ApplyTagsHelpTextReplace": "取代：用輸入的標籤替換現有的標籤（如果不輸入任何標籤，則清除所有標籤）",
    "BranchUpdateMechanism": "外部更新機制使用的分支",
    "Publisher": "發布者",
    "Remove": "移除",
    "Rss": "RSS",
    "Season": "季",
    "Theme": "主題",
    "ApiKeyValidationHealthCheckMessage": "請將您的API金鑰更新為至少{length}個字元長。您可以通過設定或配置文件進行此操作。",
    "AppDataLocationHealthCheckMessage": "為了避免在更新過程中刪除AppData，將無法進行更新。",
    "AuthenticationMethodHelpText": "需要使用者名稱和密碼來存取Radarr",
    "Backup": "備份",
    "Enable": "啟用",
    "Grabs": "抓取",
    "Host": "主機",
    "Indexers": "索引器",
    "Refresh": "重新整理",
    "Title": "標題",
    "Torrent": "Torrent",
    "Track": "曲目",
    "Updates": "更新",
    "AllIndexersHiddenDueToFilter": "根據所使用的篩選器已隱藏所有電影。",
    "Port": "端口",
    "Queue": "佇列",
    "Queued": "佇列",
    "Replace": "替換",
    "Scheduled": "已排程",
    "UI": "使用者介面",
    "Apply": "套用",
    "Connections": "連接",
    "Reset": "重置",
    "Seeders": "種子",
    "Settings": "設定",
    "DownloadClients": "下載用戶端",
    "AnalyticsEnabledHelpText": "將使用和錯誤資訊匿名傳送至Radarr的伺服器。這些資訊包括您的瀏覽器資訊、使用的Radarr WebUI頁面、錯誤報告，以及作業系統和執行時版本。我們將使用這些資訊來優先處理功能和錯誤修復。",
    "ApiKey": "API 金鑰",
    "AppDataDirectory": "AppData 路徑",
    "Applications": "應用程式",
    "AuthBasic": "基礎（瀏覽器彈出視窗）",
    "AuthForm": "表單（登入頁面）",
    "AddConnection": "新增連接",
    "AddConnectionImplementation": "新增連接 - {implementationName}",
    "AddDownloadClientImplementation": "新增下載用戶端 - {implementationName}",
    "AddIndexerImplementation": "新增索引 - {implementationName}",
    "UnableToAddANewAppProfilePleaseTryAgain": "無法加入新的條件，請重新嘗試。",
    "UnableToAddANewApplicationPleaseTryAgain": "無法加入新的條件，請重新嘗試。",
    "UnableToAddANewDownloadClientPleaseTryAgain": "無法加入新的條件，請重新嘗試。",
    "UnableToAddANewIndexerPleaseTryAgain": "無法加入新的索引器，請重新嘗試。",
    "UnableToAddANewIndexerProxyPleaseTryAgain": "無法加入新的條件，請重新嘗試。",
    "AddApplicationImplementation": "新增連接 - {implementationName}",
    "AddIndexerProxyImplementation": "新增索引 - {implementationName}",
    "EditConnectionImplementation": "新增連接 - {implementationName}",
    "EditDownloadClientImplementation": "新增下載用戶端 - {implementationName}",
    "UnableToAddANewNotificationPleaseTryAgain": "無法加入新的條件，請重新嘗試。",
    "EditIndexerImplementation": "新增索引 - {implementationName}",
    "EditApplicationImplementation": "新增連接 - {implementationName}",
    "EditIndexerProxyImplementation": "新增索引 - {implementationName}",
    "ApplyTagsHelpTextAdd": "加入：將標籤加入已存在的標籤清單",
    "AppUpdated": "{appName}已更新",
    "AppUpdatedVersion": "重新載入",
    "ApplyChanges": "應用",
    "ApplyTagsHelpTextHowToApplyApplications": "如何套用標籤在所選擇的輸入清單",
    "Artist": "演員",
    "Id": "ID",
    "Usenet": "Usenet",
    "ApplyTagsHelpTextHowToApplyIndexers": "如何套用標籤在所選擇的輸入清單",
    "Docker": "Docker",
    "IndexerHDBitsSettingsCodecs": "編解碼器",
    "Directory": "目錄",
    "BuiltIn": "內建的",
    "AllSearchResultsHiddenByFilter": "根據所使用的篩選器已將所有結果隱藏",
    "AptUpdater": "使用apt安裝更新",
    "Discord": "Discord",
    "Any": "任何",
    "UpdateAppDirectlyLoadError": "無法直接更新 {appName}，",
    "UnselectAll": "取消全選",
    "Uptime": "上線時間",
    "AdvancedSettingsHiddenClickToShow": "進階設定已隱藏，點擊以顯示",
    "UnableToLoadIndexers": "無法載入索引器",
    "UnableToLoadHistory": "無法載入歷史記錄",
    "UnableToLoadTags": "無法載入標籤",
    "UILanguage": "使用者介面語言",
    "UILanguageHelpText": "{appName} 介面所使用的語言",
    "UISettings": "使用者介面設定",
    "UnableToLoadUISettings": "無法載入 UI 設定",
    "AddCustomFilter": "新增自定義過濾器",
    "AddApplication": "新增應用程式",
    "AddDownloadClientToProwlarr": "新增一個下載客戶端以允許 {appName} 從 UI 直接傳送手動搜尋結果。",
    "AddCategory": "新增類別",
    "AdvancedSettingsShownClickToHide": "進階設定已顯示，點擊以隱藏",
    "Version": "版本",
    "UpdateAvailableHealthCheckMessage": "可用的新版本: {version}",
    "AuthenticationRequiredHelpText": "更改需要進行驗證的請求。除非你了解其中的風險，否則請勿修改。",
    "AuthenticationRequiredPasswordHelpTextWarning": "請輸入新密碼",
    "AuthenticationRequiredUsernameHelpTextWarning": "請輸入新用戶名",
    "AuthenticationRequiredPasswordConfirmationHelpTextWarning": "確認新密碼",
    "AuthenticationRequired": "需要驗證",
    "AuthenticationRequiredWarning": "為防止未經認證的遠程訪問，{appName} 現需要啟用身份認證。您可以選擇禁用本地地址的身份認證。",
    "AuthenticationMethodHelpTextWarning": "請選擇一個有效的驗證方式",
    "AuthenticationMethod": "驗證方式"
}
