{
    "Language": "لغة",
    "UiLanguage": "لغة واجهة المستخدم",
    "ClickToChangeQuality": "انقر لتغيير الجودة",
    "MediaInfo": "معلومات الوسائط",
    "ReleaseStatuses": "حالة الإصدار",
    "TorrentDelay": "تأخير السيل",
    "UnableToLoadIndexers": "تعذر تحميل المفهرسات",
    "Ungroup": "فك التجميع",
    "UpdateAll": "تحديث الجميع",
    "Usenet": "يوزنت",
    "Actions": "أجراءات",
    "Authentication": "المصادقة",
    "DeleteTag": "حذف العلامة",
    "DiskSpace": "مساحة القرص",
    "GeneralSettings": "الاعدادات العامة",
    "History": "التاريخ",
    "IndexerPriority": "أولوية المفهرس",
    "MediaManagementSettings": "إعدادات إدارة الوسائط",
    "Medium": "متوسط",
    "MetadataSettings": "إعدادات البيانات الوصفية",
    "MIA": "MIA",
    "MinimumAge": "الحد الإدنى للعمر",
    "Mode": "الوضع",
    "Monitored": "مراقب",
    "MoreInfo": "مزيد من المعلومات",
    "OnHealthIssue": "في قضية الصحة",
    "OnRename": "عند إعادة التسمية",
    "Options": "خيارات",
    "Path": "مسار",
    "Profiles": "مظهر",
    "Proper": "لائق",
    "ProtocolHelpText": "اختر البروتوكول (البروتوكولات) الذي تريد استخدامه وأي بروتوكول مفضل عند الاختيار بين الإصدارات المتساوية",
    "ProxyType": "نوع الوكيل",
    "QualityProfiles": "ملامح الجودة",
    "QualitySettings": "إعدادات الجودة",
    "Queue": "طابور",
    "RecycleBinCleanupDaysHelpText": "اضبط على 0 لتعطيل التنظيف التلقائي",
    "RecycleBinCleanupDaysHelpTextWarning": "سيتم تنظيف الملفات الموجودة في سلة المحذوفات الأقدم من عدد الأيام المحدد تلقائيًا",
    "RecyclingBinCleanup": "تنظيف سلة إعادة التدوير",
    "Redownload": "إعادة التنزيل",
    "Refresh": "تحديث",
    "RefreshInformationAndScanDisk": "تحديث المعلومات ومسح القرص",
    "ReleaseGroup": "مجموعة الإصدار",
    "ReleaseRejected": "تحرير مرفوض",
    "ReleaseWillBeProcessedInterp": "ستتم معالجة الإصدار {0}",
    "Reload": "إعادة تحميل",
    "RemotePath": "مسار بعيد",
    "RemotePathHelpText": "مسار الجذر إلى الدليل الذي يصل إليه Download Client",
    "RemoveCompletedDownloadsHelpText": "قم بإزالة التنزيلات المستوردة من سجل عميل التنزيل",
    "RemovedFromTaskQueue": "تمت إزالته من قائمة انتظار المهام",
    "RemoveFailedDownloadsHelpText": "قم بإزالة التنزيلات الفاشلة من سجل عميل التنزيل",
    "RemoveFilter": "قم بإزالة الفلتر",
    "RemoveFromBlocklist": "إزالة من القائمة السوداء",
    "RemoveFromDownloadClient": "إزالة من Download Client",
    "RemoveFromQueue": "إزالة من قائمة الانتظار",
    "RemoveSelected": "ازل المحدد",
    "RemoveTagExistingTag": "علامة موجودة",
    "ReplaceIllegalCharactersHelpText": "استبدل الأحرف غير القانونية. إذا لم يتم تحديده ، فسوف يقوم {appName} بإزالتها بدلاً من ذلك",
    "RequiredHelpText": "يجب أن يحتوي الإصدار على واحد على الأقل من هذه المصطلحات (غير حساس لحالة الأحرف)",
    "RequiredPlaceHolder": "أضف قيدًا جديدًا",
    "RequiresRestartToTakeEffect": "يتطلب إعادة التشغيل ليصبح ساري المفعول",
    "RescanAfterRefreshHelpText": "أعد فحص مجلد الفيلم بعد تحديث الفيلم",
    "RescanAfterRefreshHelpTextWarning": "لن يكتشف {appName} تلقائيًا التغييرات التي تطرأ على الملفات عند عدم تعيينه على \"دائمًا\"",
    "RescanArtistFolderAfterRefresh": "إعادة فحص مجلد الفيلم بعد التحديث",
    "Reset": "إعادة تعيين",
    "ResetAPIKey": "إعادة تعيين مفتاح API",
    "ResetAPIKeyMessageText": "هل أنت متأكد أنك تريد إعادة تعيين مفتاح API الخاص بك؟",
    "Restart": "إعادة تشغيل",
    "RestartLidarr": "أعد تشغيل {appName}",
    "RestartNow": "اعد البدء الان",
    "RSSSync": "مزامنة RSS",
    "RSSSyncInterval": "الفاصل الزمني لمزامنة RSS",
    "RssSyncIntervalHelpText": "الفاصل بالدقائق. اضبط على صفر للتعطيل (سيؤدي هذا إلى إيقاف كل عمليات الاستيلاء على التحرير التلقائي)",
    "Scheduled": "المقرر",
    "Search": "بحث",
    "SearchAll": "بحث عن",
    "SearchForMissing": "البحث عن المفقودين",
    "SearchSelected": "بحث مُحدد",
    "Security": "الأمان",
    "SetPermissions": "تعيين أذونات",
    "SetPermissionsLinuxHelpText": "هل يجب تشغيل chmod عند استيراد الملفات / إعادة تسميتها؟",
    "SetPermissionsLinuxHelpTextWarning": "إذا لم تكن متأكدًا من وظيفة هذه الإعدادات ، فلا تقم بتغييرها.",
    "Settings": "الإعدادات",
    "ShortDateFormat": "تنسيق التاريخ القصير",
    "ShowCutoffUnmetIconHelpText": "إظهار رمز للملفات عندما لا يتم الوفاء بالقطع",
    "ShowMonitored": "عرض مراقب",
    "ShowMonitoredHelpText": "إظهار حالة المراقبة تحت الملصق",
    "ShownAboveEachColumnWhenWeekIsTheActiveView": "يظهر فوق كل عمود عندما يكون الأسبوع هو العرض النشط",
    "ShowPath": "عرض المسار",
    "ShowQualityProfile": "عرض ملف تعريف الجودة",
    "ShowQualityProfileHelpText": "إظهار ملف تعريف الجودة تحت الملصق",
    "ShowRelativeDates": "إظهار التواريخ النسبية",
    "ShowRelativeDatesHelpText": "عرض نسبي (اليوم / أمس / إلخ) أو التواريخ المطلقة",
    "ShowSearchActionHelpText": "إظهار زر البحث عند التمرير",
    "ShowSizeOnDisk": "عرض الحجم على القرص",
    "ShowUnknownArtistItems": "إظهار عناصر الفيلم غير المعروفة",
    "SkipFreeSpaceCheck": "تخطي فحص المساحة الخالية",
    "SorryThatArtistCannotBeFound": "آسف ، لا يمكن العثور على هذا الفيلم.",
    "SSLCertPassword": "كلمة مرور شهادة SSL",
    "SslCertPasswordHelpText": "كلمة المرور لملف pfx",
    "SslCertPasswordHelpTextWarning": "يتطلب إعادة التشغيل ليصبح ساري المفعول",
    "SSLCertPath": "مسار شهادة SSL",
    "SslCertPathHelpText": "مسار ملف pfx",
    "SslCertPathHelpTextWarning": "يتطلب إعادة التشغيل ليصبح ساري المفعول",
    "SSLPort": "منفذ SSL",
    "SslPortHelpTextWarning": "يتطلب إعادة التشغيل ليصبح ساري المفعول",
    "StandardTrackFormat": "تنسيق الفيلم القياسي",
    "StartTypingOrSelectAPathBelow": "ابدأ الكتابة أو حدد المسار أدناه",
    "StartupDirectory": "دليل بدء التشغيل",
    "SuccessMyWorkIsDoneNoFilesToRename": "نجاح! تم الانتهاء من عملي ، ولا توجد ملفات لإعادة تسميتها.",
    "SuccessMyWorkIsDoneNoFilesToRetag": "نجاح! تم الانتهاء من عملي ، ولا توجد ملفات لإعادة تسميتها.",
    "RootFolders": "مجلدات الجذر",
    "SupportsSearchvalueSearchIsNotSupportedWithThisIndexer": "البحث غير معتمد مع هذا المفهرس",
    "ScriptPath": "مسار البرنامج النصي",
    "SupportsSearchvalueWillBeUsedWhenInteractiveSearchIsUsed": "سيتم استخدامها عند استخدام البحث التفاعلي",
    "TestAll": "اختبار الكل",
    "TestAllIndexers": "اختبار كافة المفهرسات",
    "TestAllLists": "اختبر كل القوائم",
    "SendAnonymousUsageData": "إرسال بيانات الاستخدام المجهولة",
    "TorrentDelayHelpText": "تأخير في دقائق للانتظار قبل الاستيلاء على سيل",
    "ShowSearch": "إظهار البحث",
    "Size": " بحجم",
    "Track": "أثر",
    "Source": "مصدر",
    "SourcePath": "مسار المصدر",
    "UnableToAddANewDownloadClientPleaseTryAgain": "غير قادر على إضافة عميل تنزيل جديد ، يرجى المحاولة مرة أخرى.",
    "IndexerSettings": "إعدادات المفهرس",
    "IsCutoffCutoff": "قطع",
    "UnableToAddANewImportListExclusionPleaseTryAgain": "تعذر إضافة استبعاد قائمة جديدة ، يرجى المحاولة مرة أخرى.",
    "Local": "محلي",
    "Mechanism": "آلية",
    "UnableToAddANewMetadataProfilePleaseTryAgain": "غير قادر على إضافة ملف تعريف جودة جديد ، يرجى المحاولة مرة أخرى.",
    "MustContain": "يجب أن يحتوي على",
    "Name": "اسم",
    "NoUpdatesAreAvailable": "لا توجد تحديثات متوفرة",
    "PageSizeHelpText": "عدد العناصر التي سيتم عرضها في كل صفحة",
    "Permissions": "أذونات",
    "PublishedDate": "تاريخ النشر",
    "Quality": "جودة",
    "QualityDefinitions": "تعريفات الجودة",
    "UnableToAddANewNotificationPleaseTryAgain": "تعذر إضافة إشعار جديد ، يرجى المحاولة مرة أخرى.",
    "UnableToAddANewQualityProfilePleaseTryAgain": "غير قادر على إضافة ملف تعريف جودة جديد ، يرجى المحاولة مرة أخرى.",
    "ReleaseDate": "يوم الاصدار",
    "SupportsRssvalueRSSIsNotSupportedWithThisIndexer": "لا يتم دعم RSS مع هذا المفهرس",
    "TagIsNotUsedAndCanBeDeleted": "العلامة غير مستخدمة ويمكن حذفها",
    "TestAllClients": "اختبر كل العملاء",
    "Tracks": "أثر",
    "UnableToLoadHistory": "تعذر تحميل التاريخ",
    "UsenetDelay": "تأخير يوزنت",
    "UnableToAddANewRemotePathMappingPleaseTryAgain": "غير قادر على إضافة تعيين مسار بعيد جديد ، يرجى المحاولة مرة أخرى.",
    "UnableToAddANewRootFolderPleaseTryAgain": "غير قادر على إضافة مفهرس جديد ، يرجى المحاولة مرة أخرى.",
    "UnableToLoadBlocklist": "تعذر تحميل القائمة السوداء",
    "UnableToLoadDelayProfiles": "تعذر تحميل ملفات تعريف التأخير",
    "UnableToLoadDownloadClientOptions": "تعذر تحميل خيارات عميل التنزيل",
    "UnableToLoadDownloadClients": "تعذر تحميل عملاء التنزيل",
    "UnableToLoadGeneralSettings": "تعذر تحميل الإعدادات العامة",
    "UnableToLoadImportListExclusions": "تعذر تحميل استثناءات القائمة",
    "UnableToLoadMetadata": "تعذر تحميل البيانات الوصفية",
    "UnableToLoadMetadataProfiles": "تعذر تحميل ملفات تعريف التأخير",
    "UnableToLoadNamingSettings": "تعذر تحميل إعدادات التسمية",
    "UnableToLoadNotifications": "تعذر تحميل الإخطارات",
    "UnableToLoadQualityDefinitions": "تعذر تحميل تعريفات الجودة",
    "UnableToLoadQualityProfiles": "تعذر تحميل ملفات تعريف الجودة",
    "UnableToLoadReleaseProfiles": "تعذر تحميل ملفات تعريف التأخير",
    "UnableToLoadRemotePathMappings": "تعذر تحميل تعيينات المسار البعيد",
    "Unmonitored": "غير خاضع للرقابة",
    "UnmonitoredHelpText": "قم بتضمين الأفلام غير الخاضعة للرقابة في موجز iCal",
    "UpdateAutomaticallyHelpText": "تنزيل التحديثات وتثبيتها تلقائيًا. ستظل قادرًا على التثبيت من النظام: التحديثات",
    "UpdateMechanismHelpText": "استخدم المحدث أو البرنامج النصي المدمج في {appName}",
    "Updates": "التحديثات",
    "UpdateScriptPathHelpText": "المسار إلى برنامج نصي مخصص يأخذ حزمة تحديث مستخرجة ويتعامل مع ما تبقى من عملية التحديث",
    "UrlBaseHelpTextWarning": "يتطلب إعادة التشغيل ليصبح ساري المفعول",
    "UseHardlinksInsteadOfCopy": "استخدم الروابط الثابتة بدلاً من النسخ",
    "Username": "اسم المستخدم",
    "UsingExternalUpdateMechanismBranchToUseToUpdateLidarr": "فرع لاستخدامه لتحديث {appName}",
    "ApiKeyHelpTextWarning": "يتطلب إعادة التشغيل ليصبح ساري المفعول",
    "AppDataDirectory": "دليل AppData",
    "ApplyTags": "تطبيق العلامات",
    "ApplyTagsHelpTextReplace": "استبدال: استبدل العلامات بالعلامات التي تم إدخالها (لا تدخل أي علامات لمسح جميع العلامات)",
    "ArtistAlbumClickToChangeTrack": "انقر لتغيير الفيلم",
    "AuthenticationMethodHelpText": "طلب اسم المستخدم وكلمة المرور للوصول إلى {appName}",
    "AutoRedownloadFailedHelpText": "ابحث تلقائيًا عن إصدار مختلف وحاول تنزيله",
    "BackupFolderHelpText": "ستكون المسارات النسبية ضمن دليل AppData الخاص بـ {appName}",
    "BackupNow": "اعمل نسخة احتياطية الان",
    "BackupRetentionHelpText": "سيتم تنظيف النسخ الاحتياطية التلقائية الأقدم من فترة الاحتفاظ تلقائيًا",
    "Backups": "النسخ الاحتياطية",
    "BindAddress": "عنوان ملزم",
    "BindAddressHelpTextWarning": "يتطلب إعادة التشغيل ليصبح ساري المفعول",
    "Blocklist": "القائمة السوداء",
    "BlocklistRelease": "إصدار القائمة السوداء",
    "Branch": "فرع شجرة",
    "BypassProxyForLocalAddresses": "تجاوز الوكيل للعناوين المحلية",
    "Calendar": "التقويم",
    "CalendarWeekColumnHeaderHelpText": "يظهر فوق كل عمود عندما يكون الأسبوع هو العرض النشط",
    "ChangeHasNotBeenSavedYet": "لم يتم حفظ التغيير بعد",
    "ChmodFolder": "مجلد chmod",
    "ChmodFolderHelpText": "Octal ، يتم تطبيقه أثناء الاستيراد / إعادة التسمية إلى مجلدات وملفات الوسائط (بدون تنفيذ بت)",
    "ChmodFolderHelpTextWarning": "يعمل هذا فقط إذا كان المستخدم الذي يقوم بتشغيل {appName} هو مالك الملف. من الأفضل التأكد من قيام عميل التنزيل بتعيين الأذونات بشكل صحيح.",
    "ChownGroupHelpText": "اسم المجموعة أو gid. استخدم gid لأنظمة الملفات البعيدة.",
    "ChownGroupHelpTextWarning": "يعمل هذا فقط إذا كان المستخدم الذي يقوم بتشغيل {appName} هو مالك الملف. من الأفضل التأكد من أن عميل التنزيل يستخدم نفس مجموعة {appName}.",
    "Clear": "واضح",
    "ClientPriority": "أولوية العميل",
    "CloneIndexer": "مفهرس استنساخ",
    "CloneProfile": "الملف الشخصي استنساخ",
    "Columns": "الأعمدة",
    "CompletedDownloadHandling": "معالجة التحميل الكامل",
    "Component": "مكون",
    "Connections": "روابط",
    "ConnectSettings": "ربط الإعدادات",
    "CopyUsingHardlinksHelpText": "استخدم Hardlinks عند محاولة نسخ الملفات من السيول التي لا تزال تحت البذور",
    "CopyUsingHardlinksHelpTextWarning": "من حين لآخر ، قد تمنع أقفال الملفات إعادة تسمية الملفات التي يتم زرعها. يمكنك تعطيل البذر مؤقتًا واستخدام وظيفة إعادة تسمية {appName} كحل بديل.",
    "CreateEmptyArtistFolders": "إنشاء مجلدات أفلام فارغة",
    "CreateEmptyArtistFoldersHelpText": "قم بإنشاء مجلدات فيلم مفقودة أثناء فحص القرص",
    "CreateGroup": "إنشاء مجموعة",
    "CutoffHelpText": "بمجرد الوصول إلى هذه الجودة ، لن يقوم {appName} بتنزيل الأفلام",
    "CutoffUnmet": "قطع غير ملباة",
    "Dates": "تواريخ",
    "DatabaseMigration": "ترحيل DB",
    "DelayProfile": "ملف التأخير",
    "DelayProfiles": "ملفات تعريف التأخير",
    "Delete": "حذف",
    "DeleteBackup": "حذف النسخة الاحتياطية",
    "DeleteBackupMessageText": "هل تريد بالتأكيد حذف النسخة الاحتياطية \"{0}\"؟",
    "DeleteDelayProfile": "حذف ملف تعريف التأخير",
    "DeleteDelayProfileMessageText": "هل أنت متأكد أنك تريد حذف ملف تعريف التأخير هذا؟",
    "DeleteDownloadClient": "حذف Download Client",
    "DeleteDownloadClientMessageText": "هل أنت متأكد أنك تريد حذف برنامج التنزيل \"{0}\"؟",
    "DeleteEmptyFolders": "احذف المجلدات الفارغة",
    "DeleteImportListExclusion": "حذف استبعاد قائمة الاستيراد",
    "DeleteImportListExclusionMessageText": "هل أنت متأكد أنك تريد حذف استثناء قائمة الاستيراد؟",
    "DeleteImportListMessageText": "هل أنت متأكد أنك تريد حذف القائمة \"{0}\"؟",
    "DeleteIndexer": "حذف المفهرس",
    "DeleteIndexerMessageText": "هل أنت متأكد أنك تريد حذف المفهرس \"{0}\"؟",
    "DeleteMetadataProfileMessageText": "هل أنت متأكد من أنك تريد حذف ملف تعريف الجودة {0}",
    "DeleteNotification": "حذف الإعلام",
    "DeleteNotificationMessageText": "هل تريد بالتأكيد حذف الإشعار \"{0}\"؟",
    "DeleteQualityProfile": "حذف ملف تعريف الجودة",
    "DeleteQualityProfileMessageText": "هل أنت متأكد من أنك تريد حذف ملف تعريف الجودة {0}",
    "DeleteReleaseProfile": "حذف ملف تعريف التأخير",
    "DeleteReleaseProfileMessageText": "هل أنت متأكد أنك تريد حذف ملف تعريف التأخير هذا؟",
    "DeleteRootFolderMessageText": "هل أنت متأكد أنك تريد حذف المفهرس \"{0}\"؟",
    "DeleteSelectedTrackFiles": "حذف ملفات الأفلام المحددة",
    "DeleteSelectedTrackFilesMessageText": "هل أنت متأكد أنك تريد حذف ملفات الأفلام المحددة؟",
    "DeleteTagMessageText": "هل أنت متأكد أنك تريد حذف العلامة \"{0}\"؟",
    "DestinationPath": "مسار الوجهة",
    "DetailedProgressBar": "شريط تقدم مفصل",
    "DetailedProgressBarHelpText": "إظهار النص على شريط التقدم",
    "DownloadClient": "تحميل العميل",
    "DownloadClients": "تحميل العملاء",
    "DownloadClientSettings": "تنزيل إعدادات العميل",
    "DownloadFailedCheckDownloadClientForMoreDetails": "فشل التنزيل: تحقق من عميل التنزيل لمزيد من التفاصيل",
    "DownloadFailedInterp": "فشل التنزيل: {0}",
    "Downloading": "جارى التحميل",
    "DownloadPropersAndRepacksHelpTexts1": "ما إذا كان سيتم الترقية تلقائيًا إلى Propers / Repacks أم لا",
    "DownloadWarningCheckDownloadClientForMoreDetails": "تحذير التنزيل: تحقق من عميل التنزيل لمزيد من التفاصيل",
    "Edit": "تعديل",
    "Enable": "ممكن",
    "EnableAutomaticAdd": "تمكين إضافة تلقائية",
    "EnableAutomaticSearch": "تمكين البحث التلقائي",
    "EnableColorImpairedMode": "تفعيل وضع ضعف الألوان",
    "EnableColorImpairedModeHelpText": "تم تغيير النمط للسماح للمستخدمين الذين يعانون من ضعف الألوان بتمييز المعلومات المشفرة بالألوان بشكل أفضل",
    "EnableCompletedDownloadHandlingHelpText": "استيراد التنزيلات المكتملة تلقائيًا من عميل التنزيل",
    "EnableHelpText": "تفعيل إنشاء ملف البيانات الوصفية لنوع البيانات الوصفية هذا",
    "EnableInteractiveSearch": "تمكين البحث التفاعلي",
    "EnableRSS": "تمكين RSS",
    "EnableSSL": "تمكين SSL",
    "EnableSslHelpText": " يتطلب إعادة التشغيل قيد التشغيل كمسؤول ليصبح ساري المفعول",
    "Ended": "انتهى",
    "ErrorLoadingContents": "خطأ في تحميل المحتويات",
    "ErrorLoadingPreviews": "خطأ في تحميل المعاينات",
    "Exception": "استثناء",
    "FileDateHelpText": "تغيير تاريخ الملف عند الاستيراد / إعادة الفحص",
    "FileManagement": "إدارة الملفات",
    "Filename": "اسم الملف",
    "FileNames": "أسماء الملفات",
    "Files": "الملفات",
    "ForMoreInformationOnTheIndividualDownloadClientsClickOnTheInfoButtons": "لمزيد من المعلومات حول عملاء التنزيل الفرديين ، انقر فوق أزرار المعلومات.",
    "FirstDayOfWeek": "اليوم الأول من الأسبوع",
    "Fixed": "ثابت",
    "Folder": "مجلد",
    "Folders": "المجلدات",
    "ForMoreInformationOnTheIndividualIndexersClickOnTheInfoButtons": "لمزيد من المعلومات حول المفهرسات الفردية ، انقر فوق أزرار المعلومات.",
    "ForMoreInformationOnTheIndividualListsClickOnTheInfoButtons": "لمزيد من المعلومات حول قوائم الاستيراد الفردية ، انقر فوق أزرار المعلومات.",
    "Global": "عالمي",
    "GoToInterp": "انتقل إلى {0}",
    "Grab": "إختطاف",
    "GrabRelease": "انتزاع الإصدار",
    "GrabSelected": "انتزاع المحدد",
    "Group": "مجموعة",
    "HasPendingChangesNoChanges": "لا تغيرات",
    "HasPendingChangesSaveChanges": "حفظ التغييرات",
    "Host": "مضيف",
    "HostHelpText": "نفس المضيف الذي حددته لبرنامج Download Client البعيد",
    "Hostname": "اسم المضيف",
    "ICalFeed": "تغذية iCal",
    "ICalHttpUrlHelpText": "انسخ عنوان URL هذا إلى العميل (العملاء) أو انقر للاشتراك إذا كان متصفحك يدعم webcal",
    "ICalLink": "رابط iCal",
    "IconForCutoffUnmet": "رمز القطع غير الملائم",
    "IgnoredAddresses": "العناوين التي تم تجاهلها",
    "IgnoredHelpText": "سيتم رفض الإصدار إذا كان يحتوي على واحد أو أكثر من المصطلحات (غير حساس لحالة الأحرف)",
    "IgnoredPlaceHolder": "أضف قيدًا جديدًا",
    "IllRestartLater": "سأعيد التشغيل لاحقًا",
    "ImportedTo": "مستورد إلى",
    "ImportExtraFiles": "استيراد ملفات اضافية",
    "ImportExtraFilesHelpText": "استيراد ملفات إضافية مطابقة (ترجمات ، nfo ، إلخ) بعد استيراد ملف فيلم",
    "ImportFailedInterp": "فشل الاستيراد: {0}",
    "Importing": "استيراد",
    "IncludeUnknownArtistItemsHelpText": "إظهار العناصر بدون فيلم في قائمة الانتظار. يمكن أن يشمل ذلك الأفلام التي تمت إزالتها أو أي شيء آخر في فئة {appName}",
    "IncludeUnmonitored": "تضمين غير مراقب",
    "Indexer": "مفهرس",
    "Indexers": "مفهرسات",
    "InteractiveSearch": "بحث تفاعلي",
    "Interval": "فترة",
    "IsCutoffUpgradeUntilThisQualityIsMetOrExceeded": "قم بالترقية حتى يتم تلبية هذه الجودة أو تجاوزها",
    "IsTagUsedCannotBeDeletedWhileInUse": "لا يمكن حذفه أثناء الاستخدام",
    "LaunchBrowserHelpText": " افتح مستعرض ويب وانتقل إلى صفحة {appName} الرئيسية عند بدء التطبيق.",
    "Level": "مستوى",
    "LidarrSupportsAnyDownloadClientThatUsesTheNewznabStandardAsWellAsOtherDownloadClientsListedBelow": "يدعم Whisparr أي عميل تنزيل يستخدم معيار Newznab ، بالإضافة إلى عملاء التنزيل الآخرين المدرجة أدناه.",
    "LidarrSupportsAnyIndexerThatUsesTheNewznabStandardAsWellAsOtherIndexersListedBelow": "يدعم {appName} أي مفهرس يستخدم معيار Newznab ، بالإضافة إلى مفهرسات أخرى مذكورة أدناه.",
    "LidarrTags": "العلامات الرادار",
    "LocalPath": "مسار محلي",
    "LocalPathHelpText": "المسار الذي يجب أن يستخدمه {appName} للوصول إلى المسار البعيد محليًا",
    "LogFiles": "ملفات الدخول",
    "Logging": "تسجيل",
    "LogLevel": "تسجيل مستوى",
    "LogLevelvalueTraceTraceLoggingShouldOnlyBeEnabledTemporarily": "يجب تمكين تسجيل التتبع مؤقتًا فقط",
    "Logs": "السجلات",
    "LongDateFormat": "تنسيق التاريخ الطويل",
    "ManualImport": "استيراد يدوي",
    "MarkAsFailed": "وضع علامة فشل",
    "MarkAsFailedMessageText": "هل أنت متأكد أنك تريد وضع علامة \"{0}\" على أنه فشل؟",
    "MaximumLimits": "الحدود القصوى",
    "MaximumSize": "أكبر مقاس",
    "MaximumSizeHelpText": "الحد الأقصى لحجم الإصدار المراد الحصول عليه بالميجابايت. اضبط على الصفر للتعيين إلى غير محدود",
    "Message": "رسالة",
    "MustNotContain": "يجب ألا يحتوي",
    "NamingSettings": "إعدادات التسمية",
    "New": "جديد",
    "NoLeaveIt": "لا ، اتركها",
    "NoLogFiles": "لا توجد ملفات سجل",
    "None": "لا شيء",
    "NotificationTriggers": "مشغلات الإخطار",
    "ReadTheWikiForMoreInformation": "اقرأ Wiki لمزيد من المعلومات",
    "RemoveTagRemovingTag": "إزالة العلامة",
    "RenameTracksHelpText": "سيستخدم {appName} اسم الملف الحالي إذا تم تعطيل إعادة التسمية",
    "Reorder": "إعادة ترتيب",
    "ReplaceIllegalCharacters": "استبدل الأحرف غير القانونية",
    "SupportsSearchvalueWillBeUsedWhenAutomaticSearchesArePerformedViaTheUIOrByLidarr": "سيتم استخدامه عند إجراء عمليات البحث التلقائي عبر واجهة المستخدم أو بواسطة {appName}",
    "Tags": "العلامات",
    "Torrents": "السيول",
    "TotalFileSize": "إجمالي حجم الملف",
    "QualityProfile": "ملف الجودة",
    "RemotePathMappings": "تعيينات المسار البعيد",
    "Remove": "إزالة",
    "Restore": "استعادة",
    "RestoreBackup": "استرجاع النسخة الاحتياطية",
    "Result": "نتيجة",
    "Retention": "احتفاظ",
    "RetentionHelpText": "Usenet فقط: اضبط على صفر لتعيين احتفاظ غير محدود",
    "RetryingDownloadOn": "إعادة محاولة التنزيل {0} في {1}",
    "Status": "الحالة",
    "Time": "زمن",
    "TimeFormat": "تنسيق الوقت",
    "UnableToLoadTheCalendar": "تعذر تحميل التقويم",
    "UnableToLoadUISettings": "تعذر تحميل إعدادات واجهة المستخدم",
    "Year": "عام",
    "YesCancel": "نعم إلغاء",
    "UiLanguageHelpTextWarning": "يلزم إعادة تحميل المتصفح",
    "UiSettings": "إعدادات واجهة المستخدم",
    "UnableToAddANewIndexerPleaseTryAgain": "غير قادر على إضافة مفهرس جديد ، يرجى المحاولة مرة أخرى.",
    "UnableToAddANewListPleaseTryAgain": "غير قادر على إضافة قائمة جديدة ، يرجى المحاولة مرة أخرى.",
    "About": "نبدة عن",
    "AddListExclusion": "إضافة استبعاد قائمة",
    "AddingTag": "مضيفا العلامة",
    "AgeWhenGrabbed": "العمر (عند الإمساك)",
    "AlbumIsDownloadingInterp": "يتم تنزيل الفيلم - {0}٪ {1}",
    "MinimumLimits": "الحد الأدنى",
    "Missing": "مفقود",
    "BindAddressHelpText": "عنوان IP4 صالح أو \"*\" لجميع الواجهات",
    "CertificateValidationHelpText": "تغيير مدى صرامة التحقق من صحة شهادة HTTPS",
    "OnGrab": "عند الاستيلاء",
    "OnUpgrade": "عند الترقية",
    "OpenBrowserOnStart": "افتح المتصفح عند البدء",
    "Original": "أصلي",
    "PackageVersion": "إصدار الحزمة",
    "PageSize": "مقاس الصفحه",
    "Password": "كلمه السر",
    "Port": "ميناء",
    "PortNumber": "رقم المنفذ",
    "PosterSize": "حجم الملصق",
    "PreviewRename": "معاينة إعادة تسمية",
    "PropersAndRepacks": "المناسبين و Repacks",
    "Protocol": "بروتوكول",
    "Proxy": "الوكيل",
    "ProxyBypassFilterHelpText": "استخدم \"،\" كفاصل ، و \"*.\" كحرف بدل للنطاقات الفرعية",
    "ProxyPasswordHelpText": "ما عليك سوى إدخال اسم مستخدم وكلمة مرور إذا كان أحدهما مطلوبًا. اتركها فارغة وإلا.",
    "ProxyUsernameHelpText": "ما عليك سوى إدخال اسم مستخدم وكلمة مرور إذا كان أحدهما مطلوبًا. اتركها فارغة وإلا.",
    "Real": "حقيقة",
    "Reason": "السبب",
    "RecycleBinHelpText": "ستنتقل ملفات الأفلام إلى هنا عند حذفها بدلاً من حذفها نهائيًا",
    "RecyclingBin": "صندوق إعادة التدوير",
    "SorryThatAlbumCannotBeFound": "آسف ، لا يمكن العثور على هذا الفيلم.",
    "Style": "أسلوب",
    "Tasks": "مهام",
    "ThisWillApplyToAllIndexersPleaseFollowTheRulesSetForthByThem": "سينطبق هذا على جميع المفهرسين ، يرجى اتباع القواعد المنصوص عليها من قبلهم",
    "UnableToLoadBackups": "تعذر تحميل النسخ الاحتياطية",
    "Type": "اكتب",
    "UnableToLoadIndexerOptions": "تعذر تحميل خيارات المفهرس",
    "UnableToLoadMediaManagementSettings": "تعذر تحميل إعدادات إدارة الوسائط",
    "UnableToLoadQualities": "غير قادر على تحميل الصفات",
    "UsenetDelayHelpText": "تأخر بالدقائق للانتظار قبل الحصول على إصدار من Usenet",
    "UseProxy": "استخدام بروكسي",
    "UsingExternalUpdateMechanismBranchUsedByExternalUpdateMechanism": "يستخدم الفرع بواسطة آلية التحديث الخارجية",
    "Version": "الإصدار",
    "UiLanguageHelpText": "اللغة التي سيستخدمها {appName} لواجهة المستخدم",
    "UpgradeAllowedHelpText": "إذا لن تتم ترقية الصفات المعوقين",
    "Uptime": "مدة التشغيل",
    "URLBase": "قاعدة URL",
    "UrlBaseHelpText": "لدعم الوكيل العكسي ، الافتراضي فارغ",
    "WeekColumnHeader": "رأس عمود الأسبوع",
    "20MinutesTwenty": "120 دقيقة: {0}",
    "45MinutesFourtyFive": "90 دقيقة: {0}",
    "60MinutesSixty": "60 دقيقة: {0}",
    "APIKey": "مفتاح API",
    "AlreadyInYourLibrary": "بالفعل في مكتبتك",
    "AlternateTitles": "عنوان بديل",
    "AlternateTitleslength1Title": "عنوان",
    "AlternateTitleslength1Titles": "الألقاب",
    "Analytics": "تحليلات",
    "AnalyticsEnabledHelpText": "إرسال معلومات الاستخدام والخطأ المجهولة إلى خوادم {appName}. يتضمن ذلك معلومات حول متصفحك ، وصفحات {appName} WebUI التي تستخدمها ، والإبلاغ عن الأخطاء بالإضافة إلى إصدار نظام التشغيل ووقت التشغيل. سنستخدم هذه المعلومات لتحديد أولويات الميزات وإصلاحات الأخطاء.",
    "AnalyticsEnabledHelpTextWarning": "يتطلب إعادة التشغيل ليصبح ساري المفعول",
    "Automatic": "تلقائي",
    "Cancel": "إلغاء",
    "CancelPendingTask": "هل أنت متأكد أنك تريد إلغاء هذه المهمة المعلقة؟",
    "CertificateValidation": "التحقق من صحة الشهادة",
    "ChangeFileDate": "تغيير تاريخ الملف",
    "DelayingDownloadUntil": "تأجيل التنزيل حتى {0} الساعة {1}",
    "MinimumAgeHelpText": "Usenet فقط: الحد الأدنى للعمر بالدقائق من NZBs قبل الاستيلاء عليها. استخدم هذا لمنح الإصدارات الجديدة وقتًا للنشر إلى مزود usenet.",
    "MinimumFreeSpace": "أدنى مساحة حرة",
    "MinimumFreeSpaceWhenImportingHelpText": "منع الاستيراد إذا كان سيترك أقل من هذا القدر من مساحة القرص المتوفرة",
    "NoBackupsAreAvailable": "لا توجد نسخ احتياطية متاحة",
    "NoHistory": "لا تاريخ",
    "RefreshScan": "التحديث والمسح الضوئي",
    "RootFolder": "المجلد الرئيسي",
    "ShowDateAdded": "إظهار تاريخ الإضافة",
    "UnableToLoadLists": "تعذر تحميل القوائم",
    "UnableToLoadRootFolders": "تعذر تحميل مجلدات الجذر",
    "UnableToLoadTags": "تعذر تحميل العلامات",
    "Docker": "عامل ميناء",
    "NETCore": ".شبكة",
    "Added": "مضاف",
    "AddIndexer": "أضف مفهرس",
    "AddNew": "اضف جديد",
    "AddQualityProfile": "أضف ملف تعريف الجودة",
    "AddRemotePathMapping": "إضافة تعيين المسار البعيد",
    "AddRootFolder": "إضافة مجلد جذر",
    "AfterManualRefresh": "بعد التحديث اليدوي",
    "Age": "عمر",
    "All": "الكل",
    "AllFiles": "كل الملفات",
    "Apply": "تطبيق",
    "AudioInfo": "معلومات الصوت",
    "Backup": "دعم",
    "BeforeUpdate": "قبل التحديث",
    "Close": "قريب",
    "Connect": "الاتصال",
    "CustomFilters": "مرشحات مخصصة",
    "Date": "تاريخ",
    "Deleted": "تم الحذف",
    "Details": "تفاصيل",
    "Donations": "التبرعات",
    "DoNotPrefer": "لا تفضل",
    "DoNotUpgradeAutomatically": "لا تقم بالترقية تلقائيًا",
    "DownloadFailed": "التحميل فشل",
    "EditDelayProfile": "تحرير ملف تعريف التأخير",
    "EditImportListExclusion": "حذف استبعاد قائمة الاستيراد",
    "EditQualityProfile": "تحرير ملف تعريف الجودة",
    "EditRemotePathMapping": "تحرير تعيين المسار البعيد",
    "EditRootFolder": "إضافة مجلد جذر",
    "Error": "خطأ",
    "ErrorRestoringBackup": "خطأ في استعادة النسخة الاحتياطية",
    "Events": "الأحداث",
    "EventType": "نوع الحدث",
    "Filters": "منقي",
    "FreeSpace": "مساحة فارغة",
    "General": "جنرال لواء",
    "Genres": "الأنواع",
    "Grabbed": "اقتطف",
    "HardlinkCopyFiles": "Hardlink / نسخ الملفات",
    "HideAdvanced": "إخفاء الإعدادات المتقدمة",
    "Ignored": "تم التجاهل",
    "Import": "استيراد",
    "Info": "معلومات",
    "InteractiveImport": "الاستيراد التفاعلي",
    "LastDuration": "المدة الماضية",
    "LastExecution": "آخر تنفيذ",
    "LastUsed": "آخر أستخدام",
    "LastWriteTime": "وقت الكتابة الأخير",
    "Location": "موقعك",
    "MediaManagement": "إدارة وسائل الإعلام",
    "Metadata": "البيانات الوصفية",
    "MonitoredOnly": "مراقب فقط",
    "NoTagsHaveBeenAddedYet": "لم يتم إضافة أي علامات حتى الان",
    "OnlyTorrent": "فقط تورنت",
    "OnlyUsenet": "يوزنت فقط",
    "Organize": "تنظم",
    "OutputPath": "مسار الاخراج",
    "Peers": "الأقران",
    "PreferAndUpgrade": "يفضل والترقية",
    "Progress": "التقدم",
    "QualityLimitsHelpText": "يتم ضبط الحدود تلقائيًا لوقت تشغيل الفيلم.",
    "Queued": "في قائمة الانتظار",
    "Rating": "التقييمات",
    "RejectionCount": "عدد الرفض",
    "ReleaseTitle": "عنوان الإصدار",
    "Replace": "يحل محل",
    "RestartRequiredHelpTextWarning": "يتطلب إعادة التشغيل ليصبح ساري المفعول",
    "RestoreBackupAdditionalInfo": "ملاحظة: سيتم إعادة تشغيل {appName} تلقائيًا وإعادة تحميل واجهة المستخدم أثناء عملية الاستعادة.",
    "Seeders": "بزار",
    "Select...": "'تحديد...",
    "SelectFolder": "اختر مجلد",
    "SelectQuality": "حدد الجودة",
    "ShowAdvanced": "عرض متقدمة",
    "SizeOnDisk": "الحجم على القرص",
    "SourceTitle": "عنوان المصدر",
    "Test": "اختبار",
    "TimeLeft": "الوقت المتبقي",
    "TotalSpace": "المساحة الكلية",
    "Ui": "واجهة المستخدم",
    "UnmappedFilesOnly": "الملفات غير المعينة فقط",
    "WouldYouLikeToRestoreBackup": "هل ترغب في استعادة النسخة الاحتياطية {0}؟",
    "Activity": "نشاط",
    "Add": "إضافة",
    "AddDelayProfile": "إضافة ملف تعريف تأخير",
    "Always": "دائما",
    "Custom": "مخصص",
    "Presets": "الإعدادات المسبقة",
    "Renamed": "تمت إعادة تسميته",
    "UnmonitoredOnly": "مراقب فقط",
    "UpgradesAllowed": "الترقيات المسموح بها",
    "Wanted": "مطلوب",
    "Warn": "حذر",
    "Manual": "كتيب",
    "Save": "حفظ",
    "System": "النظام",
    "Title": "عنوان",
    "MoveAutomatically": "التحرك تلقائيا",
    "MoveFiles": "نقل الملفات",
    "NextExecution": "التنفيذ القادم",
    "Ok": "موافق",
    "ImportListExclusions": "حذف استبعاد قائمة الاستيراد",
    "AddImportListExclusion": "حذف استبعاد قائمة الاستيراد",
    "EditGroups": "تحرير المجموعات",
    "QualitiesHelpText": "الصفات الأعلى في القائمة هي الأفضل. الصفات داخل نفس المجموعة متساوية. فقط الصفات المحددة مطلوبة",
    "DoneEditingGroups": "تم تحرير المجموعات",
    "CustomFormatScore": "درجة التنسيق المخصص",
    "MinimumCustomFormatScore": "الحد الأدنى من نقاط التنسيق المخصص",
    "CloneCustomFormat": "استنساخ تنسيق مخصص",
    "Conditions": "الظروف",
    "CopyToClipboard": "نسخ إلى الحافظة",
    "CouldntFindAnyResultsForTerm": "تعذر العثور على أية نتائج لـ \"{0}\"",
    "CutoffFormatScoreHelpText": "بمجرد الوصول إلى درجة التنسيق المخصص هذه ، لن يقوم {appName} بتنزيل الأفلام",
    "DeleteCustomFormat": "حذف التنسيق المخصص",
    "DeleteCustomFormatMessageText": "هل أنت متأكد أنك تريد حذف المفهرس \"{0}\"؟",
    "DeleteFormatMessageText": "هل تريد بالتأكيد حذف علامة التنسيق {0}؟",
    "DownloadPropersAndRepacksHelpTextWarning": "استخدم التنسيقات المخصصة للترقيات التلقائية لـ Propers / Repacks",
    "DownloadedUnableToImportCheckLogsForDetails": "تم التنزيل - تعذر الاستيراد: تحقق من السجلات للحصول على التفاصيل",
    "ExportCustomFormat": "تصدير تنسيق مخصص",
    "FailedDownloadHandling": "فشل معالجة التنزيل",
    "FailedLoadingSearchResults": "فشل تحميل نتائج البحث ، يرجى المحاولة مرة أخرى.",
    "Formats": "التنسيقات",
    "IncludeCustomFormatWhenRenamingHelpText": "تضمين في تنسيق إعادة تسمية {تنسيقات مخصصة}",
    "ItsEasyToAddANewArtistJustStartTypingTheNameOfTheArtistYouWantToAdd": "من السهل إضافة فيلم جديد ، فقط ابدأ بكتابة اسم الفيلم الذي تريد إضافته",
    "MinFormatScoreHelpText": "الحد الأدنى لدرجة التنسيق المخصص المسموح به للتنزيل",
    "Monitor": "مراقب",
    "NegateHelpText": "إذا تم تحديده ، فلن يتم تطبيق التنسيق المخصص إذا تطابق شرط {0} هذا.",
    "PreferTorrent": "تفضل Torrent",
    "PreferUsenet": "تفضل Usenet",
    "UnableToLoadCustomFormats": "تعذر تحميل التنسيقات المخصصة",
    "UnableToLoadInteractiveSearch": "تعذر تحميل نتائج بحث هذا الفيلم. حاول مرة أخرى في وقت لاحق",
    "TheArtistFolderStrongpathstrongAndAllOfItsContentWillBeDeleted": "سيتم حذف مجلد الفيلم \"{0}\" وجميع محتوياته.",
    "CustomFormat": "تنسيق مخصص",
    "CustomFormatRequiredHelpText": "يجب أن يتطابق شرط {0} هذا مع التنسيق المخصص المراد تطبيقه. وبخلاف ذلك ، تكون مطابقة {1} واحدة كافية.",
    "CustomFormatSettings": "إعدادات التنسيقات المخصصة",
    "CustomFormats": "تنسيقات مخصصة",
    "Customformat": "تنسيق مخصص",
    "MaintenanceRelease": "إصدار الصيانة: إصلاحات الأخطاء والتحسينات الأخرى. راجع Github Commit History لمزيد من التفاصيل",
    "ImportListStatusCheckAllClientMessage": "جميع القوائم غير متاحة بسبب الإخفاقات",
    "ImportListStatusCheckSingleClientMessage": "القوائم غير متاحة بسبب الإخفاقات: {0}",
    "IndexerRssHealthCheckNoIndexers": "لا توجد مفهرسات متاحة مع تمكين مزامنة RSS ، ولن يحصل {appName} على الإصدارات الجديدة تلقائيًا",
    "IndexerSearchCheckNoAutomaticMessage": "لا تتوفر مفهرسات مع تمكين البحث التلقائي ، ولن يقدم {appName} أي نتائج بحث تلقائية",
    "MountArtistHealthCheckMessage": "تم تثبيت الحامل الذي يحتوي على مسار فيلم للقراءة فقط: ",
    "ProxyCheckResolveIpMessage": "فشل حل عنوان IP لمضيف الخادم الوكيل المكون {0}",
    "ReplaceWithDash": "استبدل بـ داش",
    "AppDataLocationHealthCheckMessage": "لن يكون التحديث ممكنًا لمنع حذف AppData عند التحديث",
    "ColonReplacement": "استبدال القولون",
    "DownloadClientRootFolderHealthCheckMessage": "يقوم برنامج التنزيل {downloadClientName} بوضع التنزيلات في المجلد الجذر {rootFolderPath}. يجب ألا تقوم بالتنزيل إلى مجلد جذر.",
    "Disabled": "معاق",
    "DownloadClientCheckNoneAvailableMessage": "لا يوجد عميل تنزيل متاح",
    "DownloadClientCheckUnableToCommunicateMessage": "تعذر الاتصال بـ {0}.",
    "DownloadClientStatusCheckAllClientMessage": "جميع عملاء التنزيل غير متاحين بسبب الفشل",
    "HiddenClickToShow": "مخفي ، انقر للعرض",
    "ImportMechanismHealthCheckMessage": "تفعيل معالجة التنزيل المكتملة",
    "IndexerLongTermStatusCheckAllClientMessage": "جميع المفهرسات غير متوفرة بسبب الفشل لأكثر من 6 ساعات",
    "IndexerStatusCheckAllClientMessage": "جميع المفهرسات غير متوفرة بسبب الفشل",
    "ReplaceWithSpaceDash": "استبدل بـ Space Dash",
    "ReplaceWithSpaceDashSpace": "استبدل بـ Space Dash Space",
    "RootFolderCheckMultipleMessage": "عدة مجلدات جذر مفقودة: {0}",
    "RootFolderCheckSingleMessage": "مجلد الجذر مفقود: {0}",
    "UpdateCheckStartupNotWritableMessage": "لا يمكن تثبيت التحديث لأن مجلد بدء التشغيل \"{0}\" غير قابل للكتابة بواسطة المستخدم \"{1}\".",
    "UpdateCheckStartupTranslocationMessage": "لا يمكن تثبيت التحديث لأن مجلد بدء التشغيل \"{0}\" موجود في مجلد App Translocation.",
    "UpdateCheckUINotWritableMessage": "لا يمكن تثبيت التحديث لأن مجلد واجهة المستخدم '{0}' غير قابل للكتابة بواسطة المستخدم '{1}'",
    "DownloadClientStatusCheckSingleClientMessage": "برامج التنزيل غير متاحة بسبب الإخفاقات: {0}",
    "IndexerLongTermStatusCheckSingleClientMessage": "المفهرسات غير متاحة بسبب الإخفاقات لأكثر من 6 ساعات: {0}",
    "IndexerRssHealthCheckNoAvailableIndexers": "جميع المفهرسات التي تدعم خدمة RSS غير متاحة مؤقتًا بسبب أخطاء المفهرس الأخيرة",
    "IndexerSearchCheckNoAvailableIndexersMessage": "جميع المفهرسات القادرة على البحث غير متوفرة مؤقتًا بسبب أخطاء المفهرس الأخيرة",
    "IndexerSearchCheckNoInteractiveMessage": "لا تتوفر مفهرسات مع تمكين البحث التفاعلي ، ولن يقدم {appName} أي نتائج بحث تفاعلية",
    "IndexerStatusCheckSingleClientMessage": "المفهرسات غير متاحة بسبب الإخفاقات: {0}",
    "ProxyCheckBadRequestMessage": "فشل اختبار الوكيل. رمز الحالة: {0}",
    "ProxyCheckFailedToTestMessage": "فشل اختبار الوكيل: {0}",
    "SystemTimeCheckMessage": "توقف وقت النظام بأكثر من يوم واحد. قد لا تعمل المهام المجدولة بشكل صحيح حتى يتم تصحيح الوقت",
    "ShownClickToHide": "يظهر ، انقر للإخفاء",
    "DeleteRemotePathMapping": "تحرير تعيين المسار البعيد",
    "DeleteRemotePathMappingMessageText": "هل أنت متأكد أنك تريد حذف تعيين المسار البعيد هذا؟",
    "BlocklistReleases": "إصدار القائمة السوداء",
    "Required": "مطلوب",
    "BlocklistReleaseHelpText": "يمنع {appName} من الاستيلاء على هذا الإصدار تلقائيًا مرة أخرى",
    "DeleteConditionMessageText": "هل أنت متأكد أنك تريد حذف العلامة \"{0}\"؟",
    "DeleteSelectedDownloadClients": "حذف Download Client",
    "DeleteSelectedIndexers": "حذف المفهرس",
    "ExistingTag": "علامة موجودة",
    "FailedToLoadQueue": "فشل تحميل قائمة الانتظار",
    "Negated": "نفي",
    "No": "لا",
    "NoChange": "لا تغيير",
    "RemoveSelectedItemBlocklistMessageText": "هل أنت متأكد أنك تريد إزالة العناصر المحددة من القائمة السوداء؟",
    "RemovingTag": "إزالة العلامة",
    "SetTags": "تعيين العلامات",
    "Yes": "نعم",
    "ApplyTagsHelpTextRemove": "إزالة: قم بإزالة العلامات التي تم إدخالها",
    "QueueIsEmpty": "قائمة الانتظار فارغة",
    "ApplyTagsHelpTextAdd": "إضافة: أضف العلامات إلى قائمة العلامات الموجودة",
    "RemoveSelectedItemsQueueMessageText": "هل تريد بالتأكيد إزالة {0} عنصر {1} من قائمة الانتظار؟",
    "NoEventsFound": "لم يتم العثور على أحداث",
    "RemoveSelectedItemQueueMessageText": "هل تريد بالتأكيد إزالة {0} عنصر {1} من قائمة الانتظار؟",
    "ApplyTagsHelpTextHowToApplyArtists": "كيفية تطبيق العلامات على الأفلام المختارة",
    "ApplyTagsHelpTextHowToApplyDownloadClients": "كيفية تطبيق العلامات على الأفلام المختارة",
    "ApplyTagsHelpTextHowToApplyImportLists": "كيفية تطبيق العلامات على الأفلام المختارة",
    "ApplyTagsHelpTextHowToApplyIndexers": "كيفية تطبيق العلامات على الأفلام المختارة",
    "SuggestTranslationChange": "اقترح تغيير الترجمة",
    "UpdateSelected": "تم تحديد التحديث",
    "AllResultsAreHiddenByTheAppliedFilter": "يتم إخفاء جميع النتائج بواسطة عامل التصفية المطبق",
    "NoResultsFound": "لم يتم العثور على نتائج",
    "SomeResultsAreHiddenByTheAppliedFilter": "بعض النتائج مخفية بواسطة عامل التصفية المطبق",
    "Release": " صدر",
    "NotificationStatusSingleClientHealthCheckMessage": "القوائم غير متاحة بسبب الإخفاقات: {0}",
    "Priority": "أفضلية",
    "ConnectionLostReconnect": "سيحاول {appName} الاتصال تلقائيًا ، أو يمكنك النقر فوق إعادة التحميل أدناه.",
    "Enabled": "ممكن",
    "RecentChanges": "التغييرات الأخيرة",
    "ConnectionLost": "انقطع الاتصال",
    "NotificationStatusAllClientHealthCheckMessage": "جميع القوائم غير متاحة بسبب الإخفاقات",
    "WhatsNew": "ما هو الجديد؟",
    "AddNewArtistRootFolderHelpText": "سيتم إنشاء المجلد الفرعي \"{folder}\" تلقائيًا",
    "DisabledForLocalAddresses": "معطل بسبب العناوين المحلية",
    "Table": "الطاولة",
    "Negate": "ينفي",
    "Overview": "نظرة عامة",
    "OverviewOptions": "نظرة عامة على الخيارات",
    "GrabId": "انتزاع معرف",
    "AddListExclusionHelpText": "منع إضافة الفيلم إلى {appName} بواسطة القوائم",
    "AlbumsLoadError": "تعذر تحميل النسخ الاحتياطية",
    "DeleteArtistFolderHelpText": "احذف مجلد الفيلم ومحتوياته",
    "Large": "كبير",
    "OrganizeSelectedArtists": "تنظيم أفلام مختارة",
    "Small": "صغير",
    "AuthBasic": "أساسي (المتصفح المنبثق)",
    "AuthForm": "النماذج (صفحة تسجيل الدخول)",
    "PosterOptions": "خيارات الملصق",
    "Posters": "ملصقات",
    "AutoTaggingNegateHelpText": "إذا تم تحديده ، فلن يتم تطبيق التنسيق المخصص إذا تطابق شرط {implementationName} هذا.",
    "AddAutoTag": "أضف كلمات دلالية تلقائيا",
    "AddAutoTagError": "غير قادر على إضافة قائمة جديدة ، يرجى المحاولة مرة أخرى.",
    "AddCondition": "إضافة شرط",
    "AddConditionError": "غير قادر على إضافة شرط جديد ، يرجى المحاولة مرة أخرى.",
    "AddImportListExclusionArtistHelpText": "منع إضافة الفيلم إلى {appName} بواسطة القوائم",
    "AddNewArtistSearchForMissingAlbums": "ابدأ البحث عن فيلم مفقود",
    "DeleteArtistFoldersHelpText": "احذف مجلد الفيلم ومحتوياته",
    "DeleteSpecification": "حذف الإعلام",
    "DeleteSpecificationHelpText": "هل أنت متأكد من أنك تريد حذف ملف تعريف الجودة {0}",
    "ConditionUsingRegularExpressions": "يتطابق هذا الشرط مع استخدام التعبيرات العادية. لاحظ أن الأحرف {0} لها معاني خاصة وتحتاج إلى الهروب بعلامة {1}",
    "Connection": "الإتصال",
    "DeleteAutoTagHelpText": "هل أنت متأكد من أنك تريد حذف ملف تعريف الجودة {0}",
    "RenameFiles": "إعادة تسمية الملفات",
    "NoLimitForAnyDuration": "لا يوجد حد لأي وقت تشغيل",
    "NoMinimumForAnyDuration": "لا يوجد حد أدنى لأي وقت تشغيل",
    "PreferredSize": "الحجم المفضل",
    "Unlimited": "غير محدود",
    "AddImportListExclusionAlbumHelpText": "منع إضافة الفيلم إلى {appName} بواسطة القوائم",
    "ExtraFileExtensionsHelpTextsExamples": "أمثلة: \".sub أو .nfo\" أو \"sub، nfo\"",
    "ExtraFileExtensionsHelpText": "قائمة مفصولة بفواصل بالملفات الإضافية المراد استيرادها (سيتم استيراد .nfo كـ .nfo-Orig)",
    "IncludeHealthWarnings": "قم بتضمين التحذيرات الصحية",
    "RemoveQueueItemConfirmation": "هل تريد بالتأكيد إزالة {0} عنصر {1} من قائمة الانتظار؟",
    "AutoRedownloadFailed": "التحميل فشل",
    "DefaultCase": "الحالة الافتراضية",
    "FileNameTokens": "رموز اسم الملف",
    "KeyboardShortcuts": "اختصارات لوحة المفاتيح",
    "Links": "الروابط",
    "Lowercase": "أحرف صغيرة",
    "Uppercase": "الأحرف الكبيرة",
    "CustomFormatsSettings": "إعدادات التنسيقات المخصصة",
    "CustomFormatsSettingsSummary": "التنسيقات والإعدادات المخصصة",
    "DownloadClientsSettingsSummary": "تنزيل العملاء وتنزيل المناولة وتعيينات المسار البعيد",
    "GeneralSettingsSummary": "المنفذ ، SSL ، اسم المستخدم / كلمة المرور ، الوكيل ، التحليلات والتحديثات",
    "ImportListsSettingsSummary": "قوائم الاستيراد ، قائمة الاستبعادات",
    "QualitySettingsSummary": "أحجام الجودة والتسمية",
    "TagsSettingsSummary": "اطلع على جميع العلامات وكيفية استخدامها. يمكن إزالة العلامات غير المستخدمة",
    "UiSettingsSummary": "التقويم والتاريخ وخيارات الألوان الضعيفة",
    "MonitoredStatus": "مراقب / الحالة",
    "ConnectSettingsSummary": "الإخطارات والاتصالات بخوادم / مشغلات الوسائط والبرامج النصية المخصصة",
    "ImportLists": "القوائم",
    "ArtistIndexFooterDownloading": "جارى التحميل",
    "ImportList": "القوائم",
    "AutomaticSearch": "البحث التلقائي",
    "FormatAgeMinutes": "الدقائق",
    "IndexerFlags": "أعلام المفهرس",
    "CustomFilter": "مرشحات مخصصة",
    "FormatAgeMinute": "الدقائق",
    "MonitorNoAlbums": "لا شيء",
    "Yesterday": "في الامس",
    "FormatAgeHours": "ساعات",
    "FormatAgeHour": "ساعات",
    "Tomorrow": "غدا",
    "GrabReleaseUnknownArtistOrAlbumMessageText": "لم يتمكن Radarr من تحديد الفيلم الذي كان هذا الإصدار من أجله. قد يتعذر على Radarr استيراد هذا الإصدار تلقائيًا. هل تريد انتزاع \"{0}\"؟",
    "AddToDownloadQueue": "إضافة إلى قائمة انتظار التنزيل",
    "AddedToDownloadQueue": "تمت الإضافة إلى قائمة انتظار التنزيلات",
    "InteractiveSearchModalHeader": "بحث تفاعلي",
    "IndexerPriorityHelpText": "أولوية المفهرس من 1 (الأعلى) إلى 50 (الأدنى). الافتراضي: 25.",
    "BuiltIn": "مدمج",
    "Script": "النصي",
    "DeleteSelectedCustomFormats": "حذف التنسيق المخصص",
    "IncludeCustomFormatWhenRenaming": "قم بتضمين تنسيق مخصص عند إعادة التسمية",
    "AptUpdater": "استخدم apt لتثبيت التحديث",
    "ExternalUpdater": "تم تكوين {appName} لاستخدام آلية تحديث خارجية",
    "DockerUpdater": "تحديث حاوية عامل الإرساء لتلقي التحديث",
    "InstallLatest": "تثبيت الأحدث",
    "OnLatestVersion": "تم بالفعل تثبيت أحدث إصدار من {appName}",
    "Shutdown": "اغلق",
    "UpdateAppDirectlyLoadError": "تعذر تحديث {appName} مباشرة ،",
    "UnmappedFiles": "المجلدات غير المعينة",
    "Clone": "قريب",
    "EditReleaseProfile": "تحرير ملف تعريف التأخير",
    "AddReleaseProfile": "تحرير ملف تعريف التأخير",
    "Season": "السبب",
    "AddDelayProfileError": "غير قادر على إضافة ملف تعريف جودة جديد ، يرجى المحاولة مرة أخرى.",
    "Max": "ماكس",
    "Min": "دقيقة",
    "Preferred": "يفضل",
    "Today": "اليوم",
    "MappedNetworkDrivesWindowsService": "لا تتوفر محركات أقراص الشبكة المعينة عند التشغيل كخدمة Windows. يرجى الاطلاع على التعليمات لمزيد من المعلومات",
    "DownloadClientSettingsRecentPriority": "أولوية العميل"
}
