{
    "About": "O",
    "Actions": "Akcije",
    "Activity": "Aktivnost",
    "AddDelayProfile": "Dodaj Profil Odgode",
    "Added": "Dodano",
    "AddIndexer": "Dodaj Indexer",
    "AddingTag": "Dodaj oznaku",
    "AddListExclusion": "Dodaj na Listu Isključenja",
    "AddNew": "Dodaj Novo",
    "AddQualityProfile": "Dodaj Profil Kvalitete",
    "AddRootFolder": "Dodaj Korijensku Mapu",
    "ApplicationUrlHelpText": "Vanjski URL ove aplikacije uključuje http(s)://, port i URL base",
    "ApplyTags": "Primjeni Oznake",
    "AudioInfo": "Informacije o Zvuku",
    "Automatic": "Automatski",
    "AutoRedownloadFailedHelpText": "Automatski pretraži i pokušaj preuzeti drukčiju verziju",
    "BackupRetentionHelpText": "Automatske sigurnosne kopije starije od vremena zadržavanja će biti očišćene automatski",
    "BindAddress": "Poveži Adrese",
    "BindAddressHelpText": "Ispravna IP adresa, localhost ili '*' za sva sučelja",
    "BlocklistRelease": "Verzija Blok Liste",
    "Artist": "umjetnik",
    "CatalogNumber": "broj kataloga",
    "Details": "detalji",
    "Discography": "diskografija",
    "AddRemotePathMapping": "Dodaj mapiranje mrežne putanje",
    "Age": "Starost",
    "Albums": "album",
    "AlternateTitleslength1Title": "Naslov",
    "AlternateTitleslength1Titles": "Naslovi",
    "Always": "Uvijek",
    "Analytics": "Analitika",
    "Apply": "Primjeni",
    "Artists": "umjetnik",
    "Authentication": "Autentikacija",
    "Backup": "Sigurnosna kopija",
    "BackupNow": "Napravi sigurnosnu kopiju sada",
    "Backups": "Sigurnosna kopija",
    "Branch": "Grana",
    "Calendar": "Kalendar",
    "Cancel": "Otkaži",
    "Clear": "Očisti",
    "Connect": "Poveži",
    "Connections": "Veze",
    "Custom": "Prilagođeno",
    "DelayProfile": "Profil Odgode",
    "DelayProfiles": "Profil Odgode",
    "Delete": "Obriši",
    "Deleted": "Obriši",
    "DownloadClient": "Klijent za preuzimanje",
    "DownloadClients": "Klijent za preuzimanje",
    "Events": "Događaj",
    "ExpandAlbumByDefaultHelpText": "album",
    "Files": "Datoteka",
    "Filters": "Filteri",
    "Grab": "Dohvati",
    "ICalFeed": "iCal Feed",
    "ICalLink": "iCal Link",
    "Indexer": "Indekser",
    "Indexers": "Indekseri",
    "Info": "Informacije",
    "IsCutoffCutoff": "Prekid",
    "Label": "Oznaka",
    "Language": "jezik",
    "Library": "Biblioteka",
    "LocalPath": "Local Path",
    "Metadata": "metapodaci",
    "MetadataProfile": "profil metapodataka",
    "MetadataProfiles": "profil metapodataka",
    "Password": "Lozinka",
    "Peers": "Peers",
    "Port": "Port",
    "PreferredProtocol": "Preferirani protokol",
    "Quality": "kvalitet",
    "QualityProfile": "Profil Kvalitete",
    "QualityProfiles": "profil kvalitete",
    "Queue": "Red",
    "Queued": "Red",
    "Rating": "Ocjena",
    "RecyclingBin": "Koš za Smeće",
    "Refresh": "Osvježi",
    "ReleaseProfiles": "profil verzije",
    "Reload": "Ponovno Učitaj",
    "RemotePathMappings": "Daljinsko Mapiranje Portova",
    "Remove": "Ukloni",
    "Replace": "Zamijeni",
    "Reset": "Resetiraj",
    "RootFolder": "Korijenska Mapa",
    "Scheduled": "Zakazano",
    "Season": "Sezona",
    "Seeders": "Seederi",
    "Settings": "Postavke",
    "Theme": "Tema",
    "Title": "Naslov",
    "Torrents": "Torrenti",
    "Ui": "Korisničko sučelje",
    "Updates": "Ažuriraj",
    "URLBase": "URL Base",
    "Username": "Korisničko Ime",
    "Album": "album",
    "Add": "Dodaj",
    "AddMetadataProfile": "profil metapodataka",
    "APIKey": "API ključ",
    "Blocklist": "Blok Lista",
    "Docker": "Docker",
    "EditRemotePathMapping": "Daljinsko Mapiranje Portova",
    "EditMetadataProfile": "profil metapodataka",
    "Episode": "epizoda",
    "Enable": "Omogući",
    "Host": "Domaćin",
    "Hostname": "Ime Domaćina",
    "NETCore": ".NET",
    "New": "Novo",
    "Protocol": "Protokol",
    "RootFolders": "Korijenska Mapa",
    "Search": "Traži",
    "Usenet": "Usenet",
    "AfterManualRefresh": "Nakon Ručnog Osvježavanja",
    "AgeWhenGrabbed": "Starost (kada bude dohvaćeno)",
    "All": "Sve",
    "AllFiles": "Sve Datoteke",
    "AlreadyInYourLibrary": "Već je u Vašoj biblioteci",
    "AppDataDirectory": "AppData direktorij",
    "ApplicationURL": "URL Aplikacije",
    "BypassProxyForLocalAddresses": "Zaobiđi Proxy za Lokalne Adrese",
    "CertificateValidation": "Potvrda Certifikata",
    "CertificateValidationHelpText": "Promijenite strogoću validacije HTTPS certifikata. Nemojte promijeniti ako ne razumijete rizik.",
    "ChangeFileDate": "Promijeni Datum Datoteke",
    "ChangeHasNotBeenSavedYet": "Promjene još nisu spremljene",
    "ChmodFolder": "chmod Mapa",
    "ChmodFolderHelpText": "Octal, primjenjeno na dokumentima i mapama tijekom uvoza/promjene imena (bez izvršnih bitova)",
    "CloneIndexer": "Kloniraj Indekser",
    "ClickToChangeQuality": "Klikni za promjenu kvalitete",
    "ClickToChangeReleaseGroup": "Klikni za promjenu grupe verzije",
    "ClientPriority": "Prioritet Klijenata",
    "CloneProfile": "Kloniraj Profil",
    "Close": "Zatvori",
    "Columns": "Stupci",
    "Time": "Vrijeme",
    "Ok": "Ok",
    "Restart": "Resetiraj",
    "Status": "Status",
    "Yes": "Da",
    "Options": "Opcije",
    "Source": "Izvor",
    "Version": "Verzija",
    "No": "Ne",
    "History": "Povijest",
    "Result": "Rezultat",
    "Security": "Sigurnost",
    "Style": "Stil",
    "Type": "Tip",
    "Year": "Godina",
    "YesCancel": "Da, otkaži",
    "Name": "Ime",
    "RemoveFilter": "Ukloni filter",
    "Save": "Spremi",
    "System": "Sustav",
    "UseProxy": "Koristi proxy",
    "RestartNow": "Resetiraj sad",
    "DeleteDownloadClientMessageText": "Jeste li sigurni da želite obrisati ovaj profil odgode?",
    "RestartLidarr": "Resetiraj {appName}",
    "UsingExternalUpdateMechanismBranchToUseToUpdateLidarr": "Grana korištena za ažuriranje {appName}a",
    "ImportList": "Lista",
    "ApplyTagsHelpTextAdd": "Dodaj: Dodaj oznake u postojeću listu oznaka",
    "ChownGroupHelpText": "Naziv grupe ili gid. Koristite gid za udaljene sustave datoteka.",
    "ApplyTagsHelpTextRemove": "Ukloni: Ukloni unešene oznake",
    "ShowQualityProfile": "Dodaj Profil Kvalitete",
    "CustomFormats": "Prilagođeni format",
    "DeleteIndexerMessageText": "Jeste li sigurni da želite obrisati ovaj profil odgode?",
    "DeleteRemotePathMapping": "Daljinsko Mapiranje Portova",
    "Tomorrow": "Sutra",
    "ApplyTagsHelpTextHowToApplyArtists": "Kako primjeniti oznake za odabrane filmove",
    "ApplyTagsHelpTextHowToApplyDownloadClients": "Kako primjeniti oznake za odabrane filmove",
    "UsingExternalUpdateMechanismBranchUsedByExternalUpdateMechanism": "Grana korištena od strane vanjskog mehanizma za ažuriranje",
    "AppDataLocationHealthCheckMessage": "Ažuriranje ne može spriječiti brisanje AppData pri ažuriranju",
    "Customformat": "Prilagođeni format",
    "Genres": "Žanr",
    "HasPendingChangesSaveChanges": "Spremi izmjene",
    "BeforeUpdate": "Prije ažuriranja",
    "BlocklistReleases": "Verzije Blok Liste",
    "Disabled": "onemogućeno",
    "ImportListExclusions": "Dodaj na Listu Isključenja",
    "Priority": "Prioritet",
    "Size": " Veličina",
    "SomeResultsAreHiddenByTheAppliedFilter": "Svi rezultati su skriveni zbog primjenjenog filtera",
    "AutoTaggingSpecificationTag": "Oznaka",
    "CloneCustomFormat": "Kloniraj Prilagođeni Format",
    "ColonReplacement": "Zamjena Zareza",
    "CustomFormat": "Prilagođeni format",
    "DeleteMetadataProfileMessageText": "Jeste li sigurni da želite obrisati ovaj profil odgode?",
    "Enabled": "Omogući",
    "RemoveSelectedItemQueueMessageText": "Jeste li sigurni da želite izbrisati stavku {0} iz reda?",
    "AddImportListExclusionArtistHelpText": "Spriječi dodavanje ovog filma na {appName} preko listi",
    "ApplyTagsHelpTextReplace": "Zamijeni: Zamijeni oznake sa unešenim oznakama (ostavi prazno kako bi poništio oznake)",
    "Auto": "Automatski",
    "DeleteConditionMessageText": "Jeste li sigurni da želite obrisati ovaj profil odgode?",
    "DeleteCustomFormat": "Kloniraj Prilagođeni Format",
    "DisabledForLocalAddresses": "Onemogućeno za Lokalne Adrese",
    "ApplyTagsHelpTextHowToApplyIndexers": "Kako primjeniti oznake za odabrane filmove",
    "ChmodFolderHelpTextWarning": "Ovo jedino radi ako je korisnik koji je pokrenuo Radarr vlasnik datoteke. Bolje je osigurati da klijent za preuzimanje postavi dozvolu ispravno.",
    "ChownGroupHelpTextWarning": "Ovo jedino radi ako je korisnik koji je pokrenuo Radarr vlasnik datoteke. Bolje je osigurati da klijent za preuzimanje koristi istu grupu kao Radarr.",
    "DeleteReleaseProfileMessageText": "Jeste li sigurni da želite obrisati ovaj profil odgode?",
    "DeleteRootFolderMessageText": "Jeste li sigurni da želite obrisati ovaj profil odgode?",
    "DeleteTagMessageText": "Jeste li sigurni da želite obrisati oznaku formata {0}?",
    "EditImportListExclusion": "Dodaj na Listu Isključenja",
    "EditQualityProfile": "Dodaj Profil Kvalitete",
    "RemoveSelectedItemsQueueMessageText": "Jeste li sigurni da želite izbrisati stavku {0} iz reda?",
    "ImportLists": "Lista",
    "AddImportListExclusion": "Dodaj na Listu Isključenja",
    "AllResultsAreHiddenByTheAppliedFilter": "Svi rezultati su skriveni zbog primjenjenog filtera",
    "DeleteNotificationMessageText": "Jeste li sigurni da želite obrisati ovaj profil odgode?",
    "AddListExclusionHelpText": "Spriječi dodavanje ovog filma na {appName} preko listi",
    "EditDelayProfile": "Dodaj Profil Odgode",
    "AnalyticsEnabledHelpText": "Pošalji anonimnu informaciju o uporabi i pogreškama {appName} serverima. Ovo uključuje informacije o Vašem pregledniku, koje {appName} WebUI stranice koristite, prijave o greškama kao i o OS i runtime verziji. Ove podatke koristimo kako bismo dali prioritet značajkama i popravili greške.",
    "FormatAgeDays": "dani",
    "FormatAgeMinute": "minute",
    "FormatAgeMinutes": "minute",
    "BypassIfHighestQualityHelpText": "Zaobiđi odgodu ako verzija ima omogućen najviši kvalitet u profilu kvalitete za vanjske protokole",
    "CancelPendingTask": "Jeste li sigurni da želite otkazati ovaj zadatak na čekanju?",
    "DeleteQualityProfileMessageText": "Jeste li sigurni da želite obrisati ovaj profil odgode?",
    "Yesterday": "Jučer",
    "ExportCustomFormat": "Dodaj Prilagođeni Format",
    "Required": "Zahtjevaj",
    "BackupFolderHelpText": "Relativne putanje će biti unutar Radarrovog AppData direktorija",
    "AlternateTitles": "Alternativni Naslov",
    "ApplyTagsHelpTextHowToApplyImportLists": "Kako primjeniti oznake za odabrane filmove",
    "ArtistAlbumClickToChangeTrack": "Klikni za promjenu filma",
    "DeleteSpecificationHelpText": "Jeste li sigurni da želite obrisati ovaj profil odgode?",
    "Formats": "Format",
    "AuthBasic": "Osnovno (Skočni prozor preglednika)",
    "AuthForm": "Forme (Login Stranica)",
    "Release": " verzija",
    "ReleaseProfile": "profil verzije",
    "ResetAPIKeyMessageText": "Jeste li sigurni da želite resetirati vaš API Ključ?",
    "BlocklistReleaseHelpText": "Spriječi Radarr da automatski dohvaća ovu verziju ponovno",
    "DeleteFormatMessageText": "Jeste li sigurni da želite obrisati ovaj profil odgode?",
    "AuthenticationMethodHelpText": "Zahtjevaj korisničko ime i lozinku za pristup {appName}u",
    "BypassIfHighestQuality": "Zaobiđi ako je Najviši Kvalitet",
    "ChooseImportMethod": "Odaberite Način Uvoza",
    "Connection": "Veze",
    "Posters": "Naslovnice",
    "RemoveQueueItemConfirmation": "Jeste li sigurni da želite izbrisati stavku {0} iz reda?",
    "DeleteAutoTagHelpText": "Jeste li sigurni da želite obrisati ovaj profil odgode?",
    "DeleteBackupMessageText": "Jeste li sigurni da želite obrisati ovaj profil odgode?",
    "DeleteDelayProfileMessageText": "Jeste li sigurni da želite obrisati ovaj profil odgode?",
    "DeleteImportListExclusionMessageText": "Jeste li sigurni da želite izbrisati ovu uvoznu listu isključenja?",
    "DeleteImportListMessageText": "Jeste li sigurni da želite obrisati oznaku formata {0}?",
    "AutomaticSearch": "Automatska Pretraga",
    "DeleteCustomFormatMessageText": "Jeste li sigurni da želite obrisati oznaku formata {name}?",
    "DeleteImportListExclusion": "Dodaj na Listu Isključenja",
    "ItsEasyToAddANewArtistJustStartTypingTheNameOfTheArtistYouWantToAdd": "Lako je dodati nove filmove, samo kreni upisivati ime filma kojeg želiš dodati",
    "AddToDownloadQueue": "Dodano u red za preuzimanje",
    "AddedToDownloadQueue": "Dodano u red za preuzimanje",
    "EditRootFolder": "asdf",
    "AddImportListExclusionAlbumHelpText": "Spriječi dodavanje ovog filma na {appName} preko listi",
    "BuiltIn": "Ugrađeno",
    "DeleteSelectedCustomFormats": "Kloniraj Prilagođeni Format",
    "AppUpdatedVersion": "{appName} je ažuriran na verziju '{version}', kako bi najnovije promjene bile aktivne potrebno je ponovno učitati {appName}",
    "AppUpdated": "{appName} Ažuriran",
    "ApplyChanges": "Primjeni Promjene",
    "AddConditionImplementation": "Dodaj Uvjet - {implementationName}",
    "AddConnection": "Dodaj vezu",
    "AddImportList": "Dodaj Listu Za Uvoz",
    "AddImportListImplementation": "Dodaj Listu Za Uvoz - {implementationName}",
    "AddIndexerImplementation": "Dodaj Indexer - {implementationName}",
    "AddReleaseProfile": "Dodaj profil verzije",
    "AuthenticationRequired": "Potrebna Autentikacija",
    "AuthenticationRequiredPasswordHelpTextWarning": "Unesi novu lozinku",
    "AddAutoTag": "Dodaj AutoOznaku",
    "AddAutoTagError": "Neuspješno dodavanje automatske oznake, molimo pokušaj ponovno.",
    "AddCondition": "Dodaj Uvjet",
    "AddConditionError": "Neuspješno dodavanje novog uvjeta, molimo pokušaj ponovno.",
    "Any": "BIlo koji",
    "AuthenticationRequiredUsernameHelpTextWarning": "Unesi novo korisničko ime",
    "AutoRedownloadFailed": "Ponovno preuzimanje neuspješno",
    "AddConnectionImplementation": "Dodaj Vezu - {implementationName}",
    "AddDownloadClientImplementation": "Dodaj Klijenta za Preuzimanje- {implementationName}",
    "AuthenticationMethod": "Metoda Autentikacije",
    "AuthenticationMethodHelpTextWarning": "Molimo odaberi ispravnu metodu autentikacije",
    "AuthenticationRequiredPasswordConfirmationHelpTextWarning": "Potvrdi novu lozinku",
    "AuthenticationRequiredWarning": "Kako bi se spriječio udaljeni pristup bez autentikacije, {appName} sad zahtjeva da autentikacija bude omogućena. Izborno se može onemogućiti autentikacija s lokalnih adresa.",
    "AutoRedownloadFailedFromInteractiveSearch": "Ponovno preuzimanje iz Interaktivne Pretrage neuspješno",
    "IgnoredPlaceHolder": "Dodaj novo ograničenje",
    "ApiKeyValidationHealthCheckMessage": "Molimo ažuriraj svoj API ključ da ima barem {length} znakova. Ovo možeš uraditi u postavkama ili konfiguracijskoj datoteci",
    "EditIndexerImplementation": "Dodaj Indexer - {implementationName}",
    "EditReleaseProfile": "Dodaj profil verzije",
    "UnableToAddANewIndexerPleaseTryAgain": "Neuspješno dodavanje novog indexera, molimo pokušaj ponovno.",
    "DownloadFailed": "Ponovno preuzimanje neuspješno",
    "EditConnectionImplementation": "Dodaj Vezu - {implementationName}",
    "UnableToAddANewDownloadClientPleaseTryAgain": "Nesupješno dodavanje klijenta za preuzimanje, molimo pokušaj ponovno.",
    "UnableToAddANewListPleaseTryAgain": "Neuspješno dodavanje nove liste, molimo pokušaj ponovno.",
    "EditDownloadClientImplementation": "Dodaj Klijenta za Preuzimanje- {implementationName}",
    "EditConditionImplementation": "Dodaj Vezu - {implementationName}",
    "EditImportListImplementation": "Dodaj Listu Za Uvoz - {implementationName}",
    "UnableToAddANewImportListExclusionPleaseTryAgain": "Neuspješno dodavanje na listu za isključenje, molimo pokušaj ponovno.",
    "UnableToAddANewMetadataProfilePleaseTryAgain": "Neuspješno dodavanje profila odgode, molimo pokušaj ponovno.",
    "UnableToAddANewRemotePathMappingPleaseTryAgain": "Neuspješno dodavanje novog mapiranja mrežne putanje, molimo pokušaj ponovno.",
    "RequiredPlaceHolder": "Dodaj novo ograničenje",
    "UnableToAddANewNotificationPleaseTryAgain": "Neuspješno dodavanje nove obavijesti, molimo pokušaj ponovno.",
    "UnableToAddANewQualityProfilePleaseTryAgain": "Neuspješno dodavanje novog profila kvalitete, molimo pokušaj ponovno.",
    "UnableToAddANewRootFolderPleaseTryAgain": "Neuspješno dodavanje novog indexera, molimo pokušaj ponovno.",
    "UnableToLoadRootFolders": "Neuspješno dodavanje korijenske mape",
    "AptUpdater": "Koristi apt kako bi instalirao ažuriranje",
    "Reason": "Sezona",
    "Clone": "Zatvori",
    "DeleteSelectedTrackFilesMessageText": "Jeste li sigurni da želite obrisati ovaj profil odgode?",
    "AddDelayProfileError": "Neuspješno dodavanje profila odgode, molimo pokušaj ponovno.",
    "Today": "Danas",
    "DownloadClientSettingsRecentPriority": "Prioritet Klijenata"
}
