{
    "All": "Semua",
    "AlreadyInYourLibrary": "Sudah di pustakamu",
    "ApplicationURL": "URL Aplikasi",
    "Custom": "Khusus",
    "CustomFormat": "Format Khusus",
    "Formats": "Format",
    "Grab": "Peroleh",
    "Indexer": "Pengindeks",
    "NETCore": ".NET",
    "Always": "Selalu",
    "Analytics": "Analitik",
    "CustomFormats": "Format Khusus",
    "Customformat": "Format Khusus",
    "ApplicationUrlHelpText": "URL eksternal aplikasi termasuk http(s)://, port, dan dasar URL",
    "Actions": "Tindakan",
    "Activity": "Aktivitas",
    "Add": "Tambah",
    "AddIndexer": "Tambahkan Pengindeks",
    "Apply": "Terapkan",
    "Authentication": "Autentikasi",
    "AuthenticationMethodHelpText": "Perlukan Nama Pengguna dan Sandi untuk mengakses {appName}",
    "Backup": "Cadangan",
    "BackupNow": "Cadangkan Sekarang",
    "Backups": "Cadangan",
    "Blocklist": "Daftar Blokir",
    "Calendar": "Kalender",
    "Cancel": "Batal",
    "Docker": "Docker",
    "Host": "Host",
    "Hostname": "Hostname",
    "Indexers": "Pengindeks",
    "Info": "Informasi",
    "ItsEasyToAddANewArtistJustStartTypingTheNameOfTheArtistYouWantToAdd": "Mudah caranya untuk menambahkan film, ketik saja nama film yang ingin kamu tambahkan",
    "Age": "Usia",
    "AgeWhenGrabbed": "Usia (saat diperoleh)",
    "About": "Tentang",
    "Added": "Ditambahkan",
    "AnalyticsEnabledHelpText": "Kirimkan informasi penggunaan secara anonim ke server {appName}. Informasi tersebut mengandung browser kamu, halaman WebUI {appName} yang kamu gunakan, pelaporan masalah serta OS dan versi runtime. Kami akan memanfaatkan informasi ini untuk memprioritaskan fitur dan perbaikan bug.",
    "AppDataDirectory": "Direktori AppData",
    "ChangeHasNotBeenSavedYet": "Perubahan belum disimpan",
    "Automatic": "Otomatis",
    "ClickToChangeQuality": "Klik untuk mengubah kualitas",
    "Close": "Tutup",
    "Date": "Tanggal",
    "Delete": "Hapus",
    "AlternateTitles": "Judul Lain",
    "Connections": "Koneksi",
    "CopyToClipboard": "Salin ke Papan Klip",
    "Deleted": "Hapus",
    "ExportCustomFormat": "Tambahkan Format Khusus",
    "ArtistAlbumClickToChangeTrack": "Klik untuk mengubah film",
    "Dates": "Tanggal",
    "HasPendingChangesNoChanges": "Tidak Ada Perubahan",
    "BlocklistReleaseHelpText": "Mencegah Sonarr memperoleh rilis ini secara otomatis",
    "LogFiles": "File Log",
    "Name": "Nama",
    "UiLanguageHelpText": "Bahasa yang digunakan UI Sonarr",
    "Enable": "Aktif",
    "Profiles": "Profil",
    "Queue": "Antrean",
    "Queued": "Antrean",
    "ProxyCheckFailedToTestMessage": "Gagal menguji proxy: {0}",
    "EnableAutomaticSearch": "Aktifkan Penelusuran Otomatis",
    "EnableInteractiveSearch": "Aktifkan Penelusuran Interaktif",
    "Path": "Path",
    "ProxyCheckBadRequestMessage": "Gagal menguji proxy. Kode Status: {0}",
    "No": "Tidak",
    "NoChange": "Tidak Ada Perubahan",
    "QualityProfiles": "Profil Kualitas",
    "Disabled": "Nonaktif",
    "EnableRSS": "Aktifkan RSS",
    "Ended": "Berakhir",
    "Language": "Bahasa",
    "Monitored": "Dimonitor",
    "MediaManagement": "Pengelolaan Media",
    "Metadata": "Metadata",
    "Quality": "Kualitas",
    "QualityProfile": "Profil Kualitas",
    "ConnectionLost": "Koneksi Terputus",
    "History": "Riwayat",
    "Refresh": "Muat Ulang",
    "AllFiles": "Semua File",
    "ApplyChanges": "Terapkan Perubahan",
    "Connect": "Koneksi",
    "ConnectionLostReconnect": "{appName} akan mencoba untuk menghubungkan secara otomatis, atau silakan klik muat ulang di bawah.",
    "Continuing": "Berlanjut",
    "ClickToChangeReleaseGroup": "Klik untuk mengubah rilis grup",
    "Edit": "Edit",
    "Search": "Cari",
    "Unmonitored": "Tidak Dimonitor",
    "AuthForm": "Formulir (Halaman Masuk)",
    "AuthenticationMethodHelpTextWarning": "Silakan pilih metode autentikasi yang sah",
    "AuthenticationMethod": "Metode Autentikasi",
    "AuthBasic": "Dasar (Popup Browser)",
    "AuthenticationRequired": "Autentikasi Diperlukan",
    "AuthenticationRequiredPasswordHelpTextWarning": "Masukkan sandi baru",
    "AuthenticationRequiredUsernameHelpTextWarning": "Masukkan nama pengguna baru",
    "ConnectSettings": "Pengaturan Koneksi",
    "ConnectionLostToBackend": "Koneksi {appName} telah terputus dari backend dan perlu dimuat ulang untuk dipulihkan.",
    "AddNew": "Tambah",
    "Connection": "Koneksi",
    "AuthenticationRequiredPasswordConfirmationHelpTextWarning": "Konfirmasi sandi baru",
    "AuthenticationRequiredWarning": "Untuk mencegah akses jarak jauh tanpa autentikasi, {appName} kini mewajibkan pengaktifkan autentikasi. Kamu dapat menonaktifkan autentikasi dari jaringan lokal.",
    "Files": "File",
    "TotalFileSize": "Jumlah Ukuran File",
    "20MinutesTwenty": "Indonesia",
    "StatusEndedContinuing": "Berlanjut",
    "UnableToLoadTheCalendar": "Tidak dapat memuat kalender",
    "Yesterday": "Kemarin",
    "FormatAgeMinute": "menit",
    "FormatAgeMinutes": "menit",
    "FormatRuntimeMinutes": "{minutes}mnt",
    "FormatShortTimeSpanMinutes": "{minutes} menit",
    "FormatTimeSpanDays": "{days}h {time}",
    "FormatDateTimeRelative": "{relativeDay}, {formattedDate} {formattedTime}",
    "SomeResultsAreHiddenByTheAppliedFilter": "Seluruh hasil disembunyikan karena penyaringan yang diterapkan",
    "ConnectSettingsSummary": "Notifikasi, koneksi ke server/pemutar media, dan script khusus",
    "DownloadFailed": "Pengunduhan Ulang Gagal",
    "AllResultsAreHiddenByTheAppliedFilter": "Seluruh hasil disembunyikan karena penyaringan yang diterapkan",
    "FormatAgeDay": "hari",
    "FormatAgeDays": "hari",
    "Links": "Tautan",
    "Auto": "Otomatis",
    "Enabled": "Aktif",
    "AutoRedownloadFailed": "Pengunduhan Ulang Gagal",
    "CouldntFindAnyResultsForTerm": "Tidak ditemukan hasil untuk '{term}'",
    "Priority": "Prioritas",
    "AutomaticSearch": "Penelusuran Otomatis",
    "AddToDownloadQueue": "Tambahkan ke antrean pengunduhan",
    "AddedToDownloadQueue": "Ditambahkan ke antrean pengunduhan",
    "AptUpdater": "Gunakan apt untuk memasang pembaruan",
    "Clone": "Tutup",
    "EnableSSL": "Aktifkan RSS",
    "AddDelayProfile": "Tambah Delay Profile",
    "Today": "Hari Ini"
}
