{
    "AddConditionImplementation": "Pievienot Nosacījumu - {implementationName}",
    "AddDelayProfile": "Pievienot Aizkaves Profilu",
    "AddConnectionImplementation": "Pievienot Savienojumu - {implementationName}",
    "Actions": "Darbības",
    "About": "Par",
    "Activity": "Aktivitāte",
    "Add": "Pievienot",
    "AddAutoTag": "Pievienot Automātisko Tagu",
    "AddCondition": "Pievienot Nosacījumu",
    "AddConnection": "Pievienot Savienojumu",
    "New": "Jauns",
    "EditConditionImplementation": "Pievienot Nosacījumu - {implementationName}",
    "EditIndexerImplementation": "Pievienot Nosacījumu - {implementationName}",
    "ExportCustomFormat": "Pievienot Pielāgotu Formātu",
    "AddIndexerImplementation": "Pievienot Nosacījumu - {implementationName}",
    "EditConnectionImplementation": "Pievienot Savienojumu - {implementationName}",
    "EditDelayProfile": "Pievienot Aizkaves Profilu",
    "AddReleaseProfile": "Pievienot Aizkaves Profilu",
    "EditReleaseProfile": "Pievienot Aizkaves Profilu"
}
