{
    "About": "Про нас",
    "Actions": "Дії",
    "AddingTag": "Додавання тега",
    "AddListExclusion": "Додати виняток зі списку",
    "AgeWhenGrabbed": "Вік (коли схоплено)",
    "AutoRedownloadFailedHelpText": "Автоматичний пошук і спроба завантажити інший випуск",
    "BackupRetentionHelpText": "Автоматичні резервні копії, старіші за період зберігання, очищаються автоматично",
    "ChmodFolderHelpText": "Восьмеричний, застосовується при імпорті/перейменуванні до медіа-папок та файлів (без бітів виконання)",
    "CompletedDownloadHandling": "Обробка завершених завантажень",
    "CopyUsingHardlinksHelpText": "Використання жорстких посилань, коли намагаєтеся скопіювати файли з торентів, які все ще завантажуються",
    "DeleteBackupMessageText": "Ви впевнені, що хочете видалити резервну копію \"{name}\"?",
    "DeleteDownloadClientMessageText": "Ви впевнені, що хочете видалити клієнт завантаження '{name}'?",
    "AlreadyInYourLibrary": "Вже у вашій бібліотеці",
    "Analytics": "Аналітика",
    "AppDataDirectory": "Каталог AppData",
    "ApplyTags": "Застосувати теги",
    "Authentication": "Автентифікація",
    "Automatic": "Автоматично",
    "BackupNow": "Зробити резервну копію",
    "Backups": "Резервні копії",
    "BindAddress": "Прив'язати адресу",
    "Blocklist": "Чорний список",
    "BlocklistRelease": "Реліз із чорного списку",
    "Branch": "Гілка",
    "BypassProxyForLocalAddresses": "Обійти проксі для локальних адрес",
    "Calendar": "Календар",
    "Cancel": "Скасувати",
    "CertificateValidation": "Перевірка сертифіката",
    "ChangeFileDate": "Змінити дату файлу",
    "ChangeHasNotBeenSavedYet": "Зміни ще не набрали чинності",
    "ChmodFolder": "chmod директорії",
    "Clear": "Очистити",
    "ClickToChangeQuality": "Натисніть, щоб змінити якість",
    "ClientPriority": "Пріоритет клієнта",
    "CloneIndexer": "Клонувати індексер",
    "CloneProfile": "Клонувати профіль",
    "Columns": "Колонки",
    "Component": "Компонент",
    "Connections": "З'єднання",
    "ConnectSettings": "Налаштування підключення",
    "CreateGroup": "Створити групу",
    "Dates": "Дати",
    "DatabaseMigration": "Міграція бази даних",
    "DelayingDownloadUntil": "Завантаження відкладається до {date} о {time}",
    "DelayProfile": "Профіль затримки",
    "DelayProfiles": "Профілі затримки",
    "Delete": "Видалити",
    "DeleteBackup": "Видалити резервну копію",
    "DeleteDelayProfile": "Видалити профіль затримки",
    "DeleteDownloadClient": "Видалити клієнт завантаження",
    "DeleteEmptyFolders": "Видалити порожні папки",
    "UsingExternalUpdateMechanismBranchToUseToUpdateLidarr": "Гілка для оновлення {appName}",
    "UsingExternalUpdateMechanismBranchUsedByExternalUpdateMechanism": "Гілка, що використовується зовнішнім механізмом оновлення",
    "ResetAPIKeyMessageText": "Ви впевнені, що хочете скинути свій ключ API?",
    "ShowQualityProfile": "Додати профіль якості",
    "AnalyticsEnabledHelpText": "Надсилайте анонімну інформацію про використання та помилки на сервери {appName}. Це включає інформацію про ваш веб-переглядач, які сторінки {appName} WebUI ви використовуєте, звіти про помилки, а також версію ОС і часу виконання. Ми будемо використовувати цю інформацію, щоб визначити пріоритети функцій і виправлення помилок.",
    "DeleteMetadataProfileMessageText": "Ви впевнені, що хочете видалити цей профіль затримки?",
    "DeleteNotificationMessageText": "Ви впевнені, що хочете видалити сповіщення '{name}'?",
    "DeleteQualityProfileMessageText": "Ви впевнені, що хочете видалити профіль якості '{name}'?",
    "DeleteReleaseProfile": "Видалити профіль випуску",
    "DeleteReleaseProfileMessageText": "Ви впевнені, що хочете видалити цей профіль затримки?",
    "DeleteRootFolderMessageText": "Ви впевнені, що хочете видалити тег {0} ?",
    "DeleteTagMessageText": "Ви впевнені, що хочете видалити тег '{label}'?",
    "IsCutoffCutoff": "Припинення",
    "CertificateValidationHelpText": "Змініть суворість перевірки сертифікації HTTPS. Не змінюйте, якщо не розумієте ризики.",
    "AlternateTitles": "Альтернативна назва",
    "APIKey": "API Ключ",
    "ArtistAlbumClickToChangeTrack": "Натисніть, щоб змінити фільм",
    "AuthenticationMethodHelpText": "Вимагати ім’я користувача та пароль для доступу до {appName}",
    "BackupFolderHelpText": "Відносні шляхи будуть у каталозі AppData {appName}",
    "CancelPendingTask": "Ви впевнені, що хочете скасувати це незавершене завдання?",
    "ChmodFolderHelpTextWarning": "Це працює лише в тому випадку, якщо власником файлу є користувач, на якому працює {appName}. Краще переконатися, що клієнт завантаження правильно встановлює дозволи.",
    "ChownGroupHelpText": "Назва групи або gid. Використовуйте gid для віддалених файлових систем.",
    "ChownGroupHelpTextWarning": "Це працює, лише якщо користувач, який запускає {appName}, є власником файлу. Краще переконатися, що клієнт завантаження використовує ту саму групу, що й {appName}.",
    "CopyUsingHardlinksHelpTextWarning": "Блокування файлів може заважати перейменуванню файлів під час роздачі. Можна тимчасово зупинити роздачу та використовувати функції {appName} для перейменування.",
    "CreateEmptyArtistFolders": "Створіть порожні папки для фільмів",
    "CreateEmptyArtistFoldersHelpText": "Створити папки для не знайдених фільмів під час сканування",
    "CutoffHelpText": "Після досягнення цієї якості {appName} більше не завантажуватиме фільми",
    "CutoffUnmet": "Поріг невиконаний",
    "DeleteDelayProfileMessageText": "Ви впевнені, що хочете видалити цей профіль затримки?",
    "DeleteImportListMessageText": "Ви впевнені, що хочете видалити список '{name}'?",
    "DeleteIndexerMessageText": "Ви впевнені, що хочете видалити індексатор \"{name}\"?",
    "BindAddressHelpText": "Дійсна адреса IP або '*' для всіх інтерфейсів",
    "AudioInfo": "Аудіо інформація",
    "Deleted": "Видалено",
    "Activity": "Активність",
    "Add": "Додати",
    "AddDelayProfile": "Додати Профіль Затримки",
    "Added": "Додано",
    "AddIndexer": "Додати Індексер",
    "AddNew": "Додати",
    "AddQualityProfile": "Додати профіль якості",
    "AddRemotePathMapping": "Додати віддалений шлях",
    "AddRootFolder": "Додати корневий каталог",
    "AfterManualRefresh": "Після ручного оновлення",
    "All": "Всі",
    "AllFiles": "Всі файли",
    "Always": "Завжди",
    "Apply": "Застосувати",
    "Backup": "Резервне копіювання",
    "BeforeUpdate": "Перед оновленням",
    "Close": "Закрити",
    "Connect": "Підключити",
    "Custom": "Настроюваний",
    "CustomFilters": "Користувацькі фільтри",
    "Date": "Дата",
    "EditDelayProfile": "Додати профіль затримки",
    "EditQualityProfile": "Додати профіль якості",
    "EditRemotePathMapping": "Додати віддалений шлях",
    "EditRootFolder": "Додати корневий каталог",
    "Age": "Вік",
    "Docker": "Docker",
    "RestoreBackup": "Відновлення резервної копії",
    "UnableToLoadDownloadClients": "Не вдалося завантажити клієнти для завантаження",
    "UnableToLoadDownloadClientOptions": "Не вдалося завантажити параметри клієнта для завантаження",
    "UnableToLoadIndexerOptions": "Не вдалося завантажити параметри індексатора",
    "Original": "Оригінал",
    "OutputPath": "Вихідний шлях",
    "PackageVersion": "Версія пакета",
    "PageSize": "Розмір сторінки",
    "PageSizeHelpText": "Кількість елементів для показу на кожній сторінці",
    "Password": "Пароль",
    "Path": "Шлях",
    "Permissions": "Дозволи",
    "Port": "Порт",
    "PosterSize": "Розмір плаката",
    "PreferAndUpgrade": "Віддайте перевагу та оновіть",
    "PreviewRename": "Попередній перегляд Перейменування",
    "Profiles": "Профілі",
    "Progress": "Прогрес",
    "Proper": "Належний",
    "Protocol": "Протокол",
    "Proxy": "Проксі",
    "ProxyBypassFilterHelpText": "Використовуйте «,» як роздільник і «*». як символ підстановки для субдоменів",
    "ProxyType": "Тип проксі",
    "ProxyUsernameHelpText": "Вам потрібно лише ввести ім’я користувача та пароль, якщо вони потрібні. В іншому випадку залиште їх порожніми.",
    "PublishedDate": "Дата публікації",
    "Quality": "Якість",
    "QualityDefinitions": "Визначення якості",
    "QualityProfile": "Профіль якості",
    "QualityProfiles": "Профілі якості",
    "Rating": "Рейтинг",
    "ReadTheWikiForMoreInformation": "Читайте Wiki для отримання додаткової інформації",
    "Real": "Справжня",
    "Reason": "Причина",
    "RecycleBinCleanupDaysHelpTextWarning": "Файли в кошику, старші за вибрану кількість днів, будуть очищені автоматично",
    "RecyclingBin": "Сміттєвий кошик",
    "RecyclingBinCleanup": "Очищення сміттєвого кошика",
    "Redownload": "Повторне завантаження",
    "RefreshInformationAndScanDisk": "Оновити інформацію та сканувати диск",
    "RejectionCount": "Кількість відмов",
    "ReleaseRejected": "Реліз відхилено",
    "ReleaseWillBeProcessedInterp": "Випуск буде оброблено {0}",
    "Reload": "Перезавантажити",
    "RemotePath": "Віддалений шлях",
    "Remove": "Видалити",
    "RemovedFromTaskQueue": "Видалено з черги завдань",
    "RemoveFailed": "Не вдалося видалити",
    "RemoveFailedDownloadsHelpText": "Видаліть невдалі завантаження з історії завантажень клієнта",
    "RemoveFilter": "Видалити фільтр",
    "RemoveFromBlocklist": "Видалити зі списку блокувань",
    "RemoveFromQueue": "Видалити з черги",
    "RemoveSelected": "Видалити вибране",
    "Renamed": "Перейменовано",
    "Restart": "Перезавантажити",
    "RestartRequiredHelpTextWarning": "Щоб набуло чинності, потрібно перезапустити",
    "Restore": "Відновлення",
    "Result": "Результат",
    "Retention": "Утримання",
    "RetryingDownloadOn": "Повторна спроба завантажити {0} о {1}",
    "RootFolder": "Коренева папка",
    "RSSSync": "Синхронізація RSS",
    "RSSSyncInterval": "Інтервал синхронізації RSS",
    "Save": "Зберегти",
    "Scheduled": "За розкладом",
    "Search": "Пошук",
    "SearchForMissing": "Розшук зниклих",
    "SearchSelected": "Пошук вибрано",
    "SelectQuality": "Виберіть Якість",
    "Settings": "Налаштування",
    "ShowAdvanced": "Показати Додатково",
    "ShowCutoffUnmetIconHelpText": "Показувати піктограму для файлів, коли обмеження не досягнуто",
    "ShowSearch": "Показати пошук",
    "SizeLimit": "Обмеження розміру",
    "SizeOnDisk": "Розмір на диску",
    "SkipFreeSpaceCheck": "Пропустити перевірку вільного місця",
    "SourcePath": "Вихідний шлях",
    "SourceTitle": "Назва джерела",
    "SSLPort": "Порт SSL",
    "Started": "Розпочато",
    "StartTypingOrSelectAPathBelow": "Почніть вводити текст або виберіть шлях нижче",
    "Status": "Статус",
    "Style": "Стиль",
    "System": "Система",
    "TagIsNotUsedAndCanBeDeleted": "Тег не використовується і може бути видалений",
    "Tags": "Теги",
    "Tasks": "Задачі",
    "Test": "Тест",
    "TestAll": "Перевірити все",
    "TestAllClients": "Перевірте всіх клієнтів",
    "TestAllIndexers": "Перевірити всі індексатори",
    "TestAllLists": "Перевірити всі списки",
    "Title": "Назва",
    "Torrents": "Торренти",
    "TotalFileSize": "Загальний розмір файлу",
    "TotalSpace": "Загальний простір",
    "Type": "Тип",
    "UiLanguage": "Мова інтерфейсу користувача",
    "UiSettings": "Налаштування інтерфейсу користувача",
    "UnableToAddANewDownloadClientPleaseTryAgain": "Не вдається додати новий клієнт для завантаження, повторіть спробу.",
    "UnableToAddANewIndexerPleaseTryAgain": "Не вдалося додати новий індексатор, спробуйте ще раз.",
    "UnableToAddANewListPleaseTryAgain": "Не вдалося додати новий список, спробуйте ще раз.",
    "UnableToAddANewNotificationPleaseTryAgain": "Не вдалося додати нове сповіщення, спробуйте ще раз.",
    "UnableToAddANewQualityProfilePleaseTryAgain": "Не вдалося додати новий профіль якості, спробуйте ще раз.",
    "UnableToAddANewRemotePathMappingPleaseTryAgain": "Не вдалося додати нове зіставлення віддаленого шляху, спробуйте ще раз.",
    "UnableToLoadBackups": "Не вдалося завантажити резервні копії",
    "UnableToLoadDelayProfiles": "Неможливо завантажити профілі затримки",
    "UnableToLoadGeneralSettings": "Не вдалося завантажити загальні налаштування",
    "UnableToLoadIndexers": "Не вдалося завантажити індексатори",
    "UnableToLoadMetadata": "Не вдалося завантажити метадані",
    "UnableToLoadNamingSettings": "Не вдалося завантажити налаштування імен",
    "UnableToLoadNotifications": "Не вдалося завантажити сповіщення",
    "UnableToLoadQualityDefinitions": "Не вдалося завантажити визначення якості",
    "UnableToLoadRemotePathMappings": "Неможливо завантажити віддалені відображення шляхів",
    "UnableToLoadRootFolders": "Не вдалося завантажити кореневі папки",
    "UnableToLoadTheCalendar": "Неможливо завантажити календар",
    "UnableToLoadUISettings": "Не вдалося завантажити налаштування інтерфейсу користувача",
    "Ungroup": "Розгрупувати",
    "UnmappedFilesOnly": "Лише незіставлені файли",
    "Updates": "Оновлення",
    "UpdateScriptPathHelpText": "Шлях до спеціального сценарію, який приймає витягнутий пакет оновлення та обробляє решту процесу оновлення",
    "UpgradeAllowedHelpText": "Якщо відключені якості не будуть покращені",
    "Version": "Версія",
    "FileManagement": "Керування файлами",
    "FirstDayOfWeek": "Перший день тижня",
    "HardlinkCopyFiles": "Жорстке посилання/Копіювати файли",
    "IndexerSettings": "Налаштування індексатора",
    "LastDuration": "Остання тривалість",
    "LastWriteTime": "Час останнього запису",
    "ManualImport": "Імпорт вручну",
    "MarkAsFailedMessageText": "Ви впевнені, що бажаєте позначити \"{0}\" як невдале?",
    "MinimumAgeHelpText": "Тільки Usenet: мінімальний вік NZB у хвилинах до їх захоплення. Використовуйте це, щоб дати новим випускам час для поширення до вашого провайдера usenet.",
    "PreferredProtocol": "Переважний протокол",
    "Presets": "Предустановки",
    "ProtocolHelpText": "Виберіть протокол(и) для використання та який із них є кращим під час вибору між однаковими випусками",
    "ProxyPasswordHelpText": "Вам потрібно лише ввести ім’я користувача та пароль, якщо вони потрібні. В іншому випадку залиште їх порожніми.",
    "QualitiesHelpText": "Якості, які стоять вище в списку, є кращими, навіть якщо не позначено. Якості в одній групі рівні. Потрібні тільки перевірені якості",
    "ReleaseGroup": "Група випуску",
    "ReleaseTitle": "Назва випуску",
    "RemotePathMappings": "Віддалені відображення шляхів",
    "RemoveCompleted": "Видалення завершено",
    "RemoveCompletedDownloadsHelpText": "Видалити імпортовані завантаження з історії клієнта завантажень",
    "RemoveDownloadsAlert": "Параметри видалення переміщено до окремих налаштувань клієнта завантаження в таблиці вище.",
    "RemoveFromDownloadClient": "Видалити з клієнта завантаження",
    "ResetAPIKey": "Скинути ключ API",
    "RestartNow": "Перезавантажити зараз",
    "RetentionHelpText": "Лише Usenet: встановіть нуль, щоб налаштувати необмежену утримку",
    "RootFolders": "Кореневі папки",
    "SelectFolder": "Виберіть папку",
    "SetPermissionsLinuxHelpTextWarning": "Якщо ви не впевнені, що ці налаштування роблять, не змінюйте їх.",
    "ShowQualityProfileHelpText": "Покажіть якісний профіль під плакатом",
    "ShowSizeOnDisk": "Показати розмір на диску",
    "TimeFormat": "Формат часу",
    "TorrentDelay": "Затримка торрента",
    "TorrentDelayHelpText": "Затримка в хвилинах, щоб зачекати, перш ніж захопити торрент",
    "DeleteImportListExclusion": "Видалити виключення зі списку імпорту",
    "DeleteNotification": "Видалити сповіщення",
    "DeleteQualityProfile": "Видалити профіль якості",
    "DeleteTag": "Видалити тег",
    "DestinationPath": "Шлях призначення",
    "DetailedProgressBar": "Детальний індикатор прогресу",
    "Details": "Подробиці",
    "DoNotPrefer": "Не віддавати перевагу",
    "DiskSpace": "Дисковий простір",
    "Donations": "Пожертви",
    "ErrorRestoringBackup": "Помилка відновлення резервної копії",
    "General": "Загальний",
    "GeneralSettings": "Загальні налаштування",
    "Genres": "Жанри",
    "Global": "Глобальний",
    "GoToInterp": "Перейти до {0}",
    "History": "Історія",
    "UnableToLoadLists": "Не вдалося завантажити списки",
    "Ignored": "Ігнорується",
    "IgnoredAddresses": "Ігноровані адреси",
    "IllRestartLater": "Я перезапущу пізніше",
    "Import": "Імпорт",
    "ImportedTo": "Імпортовано в",
    "ImportExtraFiles": "Імпорт додаткових файлів",
    "Hostname": "Ім'я хоста",
    "ICalHttpUrlHelpText": "Скопіюйте цю URL-адресу до своїх клієнтів або натисніть, щоб підписатися, якщо ваш браузер підтримує веб-канал",
    "UnableToLoadMediaManagementSettings": "Не вдалося завантажити налаштування керування медіафайлами",
    "UnableToLoadQualityProfiles": "Не вдалося завантажити профілі якості",
    "Indexers": "Індексатори",
    "Indexer": "Індексатор",
    "IndexerDownloadClientHelpText": "Укажіть, який клієнт завантаження використовується для захоплення з цього індексатора",
    "Info": "Інформація",
    "InstanceName": "Ім'я екземпляра",
    "InstanceNameHelpText": "Ім’я екземпляра на вкладці та ім’я програми Syslog",
    "InteractiveImport": "Інтерактивний імпорт",
    "InteractiveSearch": "Інтерактивний пошук",
    "UnableToLoadTags": "Не вдалося завантажити теги",
    "UpdateAutomaticallyHelpText": "Автоматичне завантаження та встановлення оновлень. Ви все ще зможете встановити з System: Updates",
    "LogFiles": "Файли журналів",
    "LogLevel": "Рівень журналу",
    "Logs": "Журнали",
    "MaximumSize": "Максимальний розмір",
    "Mechanism": "Механізм",
    "MediaInfo": "Медіа інформація",
    "Medium": "Середній",
    "MIA": "MIA",
    "MinimumAge": "Мінімальний вік",
    "MinimumFreeSpace": "Мінімальний вільний простір",
    "NoLeaveIt": "Ні, залиште це",
    "OnApplicationUpdate": "Оновлення програми",
    "OnHealthIssue": "Про питання здоров'я",
    "UpgradesAllowed": "Якщо відключені якості не будуть покращені",
    "PortNumber": "Номер порту",
    "RecycleBinCleanupDaysHelpText": "Встановіть значення 0, щоб вимкнути автоматичне очищення",
    "ReplaceIllegalCharacters": "Замінити неприпустимі символи",
    "Reset": "Скинути",
    "Time": "Час",
    "UnableToLoadBlocklist": "Не вдалося завантажити список блокувань",
    "YesCancel": "Так, скасувати",
    "Duration": "Тривалість",
    "IgnoredPlaceHolder": "Додайте нове обмеження",
    "Unmonitored": "Неконтрольований",
    "ICalFeed": "Канал iCal",
    "DeleteIndexer": "Видалити індексатор",
    "DoneEditingGroups": "Редагування груп завершено",
    "DoNotUpgradeAutomatically": "Не оновлювати автоматично",
    "DownloadClient": "Клієнт завантажувача",
    "DownloadClients": "Клієнти завантажувачів",
    "DownloadClientSettings": "Налаштування клієнта завантаження",
    "DownloadFailedCheckDownloadClientForMoreDetails": "Помилка завантаження: перевірте клієнт завантаження, щоб дізнатися більше",
    "DownloadFailedInterp": "Помилка завантаження: {0}",
    "Downloading": "Завантаження",
    "DownloadWarningCheckDownloadClientForMoreDetails": "Попередження про завантаження: перевірте клієнт завантаження, щоб дізнатися більше",
    "Edit": "Редагувати",
    "EditGroups": "Редагувати групи",
    "Enable": "Увімкнути",
    "EnableAutomaticAdd": "Увімкнути автоматичне додавання",
    "EnableAutomaticSearch": "Увімкнути автоматичний пошук",
    "EnableColorImpairedMode": "Увімкнути режим із порушенням кольору",
    "EnableColorImpairedModeHelpText": "Змінений стиль, щоб користувачі з вадами кольору могли краще розрізняти кольорову кодовану інформацію",
    "EnableCompletedDownloadHandlingHelpText": "Автоматично імпортувати завершені завантаження з клієнта завантажень",
    "EnableHelpText": "Увімкнути створення файлу метаданих для цього типу метаданих",
    "EnableInteractiveSearch": "Увімкнути інтерактивний пошук",
    "EnableSSL": "Увімкнути SSL",
    "EnableSslHelpText": " Щоб набуло чинності, потрібно перезапустити роботу від імені адміністратора",
    "Ended": "Завершено",
    "Error": "Помилка",
    "ErrorLoadingContents": "Помилка завантаження вмісту",
    "ErrorLoadingPreviews": "Помилка завантаження попереднього перегляду",
    "Events": "Події",
    "EventType": "Тип події",
    "Exception": "Виняток",
    "FileDateHelpText": "Змінити дату файлу під час імпорту/повторного сканування",
    "Filename": "Ім'я файлу",
    "FileNames": "Імена файлів",
    "Files": "Файли",
    "Fixed": "Виправлено",
    "Folder": "Папка",
    "Folders": "Папки",
    "FreeSpace": "Вільний простір",
    "Group": "Група",
    "HideAdvanced": "Сховати додаткові",
    "Host": "Хост",
    "ImportFailedInterp": "Помилка імпорту: {0}",
    "Importing": "Імпорт",
    "IndexerPriority": "Пріоритет індексатора",
    "Filters": "Фільтри",
    "Interval": "Інтервал",
    "Language": "Мова",
    "LastExecution": "Останнє виконання",
    "LastUsed": "Останнє використання",
    "Level": "Рівень",
    "Local": "Місцевий",
    "LocalPath": "Місцевий шлях",
    "Location": "Місцезнаходження",
    "Manual": "Інструкція",
    "MarkAsFailed": "Позначити як помилку",
    "MaximumLimits": "Максимальні обмеження",
    "Message": "Повідомлення",
    "MinimumFreeSpaceWhenImportingHelpText": "Заборонити імпорт, якщо він залишить менше, ніж цей обсяг доступного дискового простору",
    "MinimumLimits": "Мінімальні обмеження",
    "Missing": "Відсутня",
    "Mode": "Режим",
    "MoreInfo": "Більше інформації",
    "MoveFiles": "Перемістити файли",
    "MustContain": "Має містити",
    "MustNotContain": "Не повинен містити",
    "Name": "Ім'я",
    "NamingSettings": "Налаштування імен",
    "Never": "Ніколи",
    "New": "Новий",
    "NextExecution": "Наступне виконання",
    "NoBackupsAreAvailable": "Немає резервних копій",
    "NoLogFiles": "Немає файлів журналу",
    "None": "Жодного",
    "OpenBrowserOnStart": "Відкрийте браузер при запуску",
    "Options": "Опції",
    "Organize": "Організувати",
    "NoTagsHaveBeenAddedYet": "Теги ще не додано",
    "NotificationTriggers": "Тригери сповіщень",
    "NoUpdatesAreAvailable": "Немає оновлень",
    "OnlyTorrent": "Тільки торрент",
    "OnlyUsenet": "Тільки Usenet",
    "OnRename": "При перейменуванні",
    "OnUpgrade": "При оновленні",
    "QualitySettings": "Налаштування якості",
    "Queue": "Черга",
    "Queued": "У черзі",
    "Reorder": "Змінити порядок",
    "Replace": "Замінити",
    "UiLanguageHelpTextWarning": "Потрібно перезавантажити браузер",
    "Refresh": "Оновити",
    "ApplicationURL": "URL програми",
    "ApplicationUrlHelpText": "Зовнішня URL-адреса цієї програми, включаючи http(s)://, порт і базу URL-адрес",
    "Security": "Безпека",
    "SendAnonymousUsageData": "Надсилати анонімні дані про використання",
    "SetPermissions": "Встановити дозволи",
    "SetPermissionsLinuxHelpText": "Чи слід запускати chmod, коли файли імпортуються/перейменовуються?",
    "ShowDateAdded": "Показати дату додавання",
    "ShowMonitored": "Показати Моніторинг",
    "ShowMonitoredHelpText": "Показати відстежуваний статус під плакатом",
    "ShowPath": "Показати шлях",
    "EnableRSS": "Увімкнути RSS",
    "Ok": "Гаразд",
    "ScriptPath": "Шлях сценарію",
    "SearchAll": "Пошук у всіх",
    "Source": "Джерело",
    "StartupDirectory": "Каталог запуску",
    "UnableToLoadQualities": "Неможливо завантажити якості",
    "Uptime": "Час роботи",
    "URLBase": "URL-адреса",
    "UrlBaseHelpText": "Для підтримки зворотного проксі-сервера значення за умовчанням порожнє",
    "UseHardlinksInsteadOfCopy": "Використовуйте жорсткі посилання замість копіювати",
    "UsenetDelay": "Затримка Usenet",
    "UsenetDelayHelpText": "Затримка в хвилинах, щоб зачекати, перш ніж отримати випуск від Usenet",
    "UseProxy": "Використовуйте проксі",
    "Username": "Ім'я користувача",
    "Wanted": "Розшукується",
    "Warn": "Попередити",
    "WeekColumnHeader": "Заголовок стовпця тижня",
    "WouldYouLikeToRestoreBackup": "Бажаєте відновити резервну копію {0}?",
    "Year": "Рік",
    "Peers": "Піри",
    "Seeders": "Сиди",
    "SSLCertPassword": "Пароль SSL сертифіката",
    "SSLCertPath": "Шлях сертифіката SSL",
    "Ui": "Інтерфейс користувача",
    "Grab": "Захопити",
    "IconForCutoffUnmet": "Значок \"Не виконано відсікання\"",
    "IncludeUnmonitored": "Включити неконтрольований",
    "Logging": "Журналування",
    "MediaManagementSettings": "Налаштування Управління медіа",
    "OnGrab": "При захопленні",
    "Grabbed": "Захоплений",
    "GrabRelease": "Захопити реліз",
    "GrabSelected": "Захопити вибране",
    "Metadata": "Метадані",
    "MetadataSettings": "Налаштування метаданих",
    "Monitored": "Відстежується",
    "MonitoredOnly": "Тільки під контролем",
    "Usenet": "Usenet",
    "AddConditionImplementation": "Додати умову - {implementationName}",
    "UpdateMechanismHelpText": "Використайте вбудоване оновлення {appName}'у або скрипт",
    "AddImportListExclusion": "Додати виняток до списку імпорту",
    "AddConnection": "Додати Підключення",
    "AddConnectionImplementation": "Додати Підключення - {implementationName}",
    "Absolute": "Абсолютний",
    "AddAutoTag": "Додати Авто Тег",
    "AddAutoTagError": "Не вдалося додати новий авто тег, спробуйте ще раз.",
    "AddConditionError": "Не вдалося додати нову умову, спробуйте ще раз.",
    "AddCondition": "Додати Умову",
    "AddDownloadClientImplementation": "Додати клієнт завантаження - {implementationName}",
    "AddImportListImplementation": "Додати список імпорту - {implementationName}",
    "AddIndexerImplementation": "Додати індексер - {implementationName}",
    "AddImportList": "Додати список імпорту",
    "ApplyTagsHelpTextAdd": "Додати: додати теги до наявного списку тегів",
    "ApplyTagsHelpTextRemove": "Видалити: видалити введені теги",
    "ApplyTagsHelpTextReplace": "Замінити: Змінити наявні теги на введені теги (залишіть порожнім, щоб очистити всі теги)",
    "AppUpdated": "{appName} Оновлено",
    "AppDataLocationHealthCheckMessage": "Оновлення буде неможливим, щоб запобігти видаленню AppData під час оновлення",
    "ApplyTagsHelpTextHowToApplyIndexers": "Як застосувати теги до вибраних індексаторів",
    "ApplyChanges": "Застосувати зміни",
    "AddReleaseProfile": "Додати профіль релізу",
    "AllResultsAreHiddenByTheAppliedFilter": "Всі результати приховані фільтром",
    "AuthenticationMethodHelpTextWarning": "Виберіть дійсний метод автентифікації",
    "ApplyTagsHelpTextHowToApplyDownloadClients": "Як застосувати теги до вибраних клієнтів завантаження",
    "ApplyTagsHelpTextHowToApplyImportLists": "Як застосувати теги до вибраних списків імпорту",
    "AuthForm": "Форми (сторінка входу)",
    "AuthenticationMethod": "Метод автентифікації",
    "WhatsNew": "Що нового ?",
    "AppUpdatedVersion": "{appName} оновлено до версії `{version}`. Щоб отримати останні зміни, потрібно перезавантажити {appName}",
    "AlternateTitleslength1Title": "Назва",
    "AlternateTitleslength1Titles": "Назви",
    "Artists": "Виконавців",
    "TrackNumber": "Номер треку",
    "TrackFilesCountMessage": "Немає файлів треків",
    "UnableToLoadHistory": "Не вдалося завантажити історію.",
    "Yes": "Так",
    "AutomaticUpdatesDisabledDocker": "Автоматичні оновлення не підтримуються безпосередньо під час використання механізму оновлення Docker. Вам потрібно буде оновити зображення контейнера за межами {appName} або скористатися сценарієм",
    "BindAddressHelpTextWarning": "Щоб набуло чинності, потрібно перезапустити",
    "TrackTitle": "Назва Треку",
    "UrlBaseHelpTextWarning": "Щоб набуло чинності, потрібно перезапустити",
    "BackupIntervalHelpText": "Інтервал резервного копіювання БД {appName} і налаштувань",
    "AddMissing": "Додати відсутні",
    "Artist": "Виконавець",
    "AllAlbums": "Всі Альбоми",
    "AllAlbumsData": "Відстежує всі альбоми, крім спеціальних",
    "Auto": "Авто",
    "AlbumType": "Тип Альбому",
    "AlbumsLoadError": "Неможливо завантажити альбоми",
    "AuthenticationRequired": "Потрібна Автентифікація",
    "Yesterday": "Вчора",
    "ArtistType": "Тип Виконавця",
    "UpdateAvailableHealthCheckMessage": "Доступне нове оновлення",
    "AddArtistWithName": "Додати {artistName}",
    "AddNewArtist": "Додати Нового Виконавця",
    "AddNewArtistSearchForMissingAlbums": "Почніть пошук відсутніх альбомів",
    "AddNewItem": "Додати Новий Елемент",
    "Album": "Альбом",
    "AlbumTitle": "Назва Альбому",
    "AddedToDownloadQueue": "Додано в чергу на завантаження",
    "AlbumIsDownloading": "Альбом завантажується",
    "AlbumIsDownloadingInterp": "Альбом завантажується - {0}% {1}",
    "AlbumReleaseDate": "Дата Виходу Альбому",
    "AlbumStatus": "Статус Альбому",
    "AlbumStudioTracksDownloaded": "{trackFileCount}/{totalTrackCount} треків завантажено",
    "AlbumStudioTruncated": "Показано лише останні 20 альбомів, перейдіть до деталей, щоб переглянути всі альбоми",
    "ArtistMonitoring": "Виконавець Відстежується",
    "ArtistName": "Ім'я Виконавця",
    "AuthenticationRequiredPasswordHelpTextWarning": "Введіть новий пароль",
    "AuthenticationRequiredUsernameHelpTextWarning": "Введіть нове ім'я користувача",
    "AuthenticationRequiredWarning": "Щоб запобігти віддаленому доступу без автентифікації, {appName} тепер вимагає ввімкнення автентифікації. За бажанням можна вимкнути автентифікацію з локальних адрес.",
    "UpdateAll": "Оновити все",
    "20MinutesTwenty": "20 хвилин: {0}",
    "45MinutesFourtyFive": "45 хвилин: {0}",
    "60MinutesSixty": "60 хвилин: {0}",
    "AddAlbumWithTitle": "Додати {albumTitle}",
    "AddNewAlbum": "Додати новий альбом",
    "AddNewAlbumSearchForNewAlbum": "Почати пошук нового альбому",
    "AddToDownloadQueue": "Додати до черги завантажень",
    "AlbumDetails": "Деталі альбому",
    "Continuing": "Продовження",
    "DownloadClientDelugeSettingsDirectoryCompletedHelpText": "Необов’язкове розташування для переміщення завершених завантажень. Залиште поле порожнім, щоб використовувати стандартне розташування Deluge",
    "ConnectionLostReconnect": "{appName} спробує підключитися автоматично, або ви можете натиснути «Перезавантажити» нижче.",
    "ConnectionLost": "Зв'язок втрачений",
    "ConnectionLostToBackend": "{appName} втратив з’єднання з серверною частиною, і його потрібно перезавантажити, щоб відновити роботу.",
    "DeleteRootFolder": "Видалити кореневу папку",
    "DownloadClientQbittorrentSettingsContentLayoutHelpText": "Чи використовувати налаштований макет вмісту qBittorrent, оригінальний макет із торрента чи завжди створювати вкладену папку (qBittorrent 4.3.2+)",
    "AutoRedownloadFailedFromInteractiveSearch": "Помилка повторного завантаження з інтерактивного пошуку",
    "AutoRedownloadFailed": "Помилка повторного завантаження",
    "ConnectSettingsSummary": "Сповіщення, підключення до медіасерверів/програвачів і спеціальні сценарії",
    "CustomFormatsSettings": "Налаштування спеціальних форматів",
    "AutoTaggingSpecificationTag": "Тег",
    "ConditionUsingRegularExpressions": "Ця умова відповідає використанню регулярних виразів. Зауважте, що символи `\\^$.|?*+()[{` мають спеціальні значення та потребують екранування за допомогою `\\`",
    "Connection": "Підключення",
    "CustomFormatsSpecificationRegularExpressionHelpText": "Спеціальний формат RegEx не враховує регістр",
    "DeleteAutoTag": "Видалити автоматичний тег",
    "DeleteAutoTagHelpText": "Ви впевнені, що хочете видалити автоматичний тег \"{name}\"?",
    "DeleteCustomFormat": "Видалити спеціальний формат",
    "DeleteCustomFormatMessageText": "Ви впевнені, що хочете видалити спеціальний формат \"{name}\"?",
    "DeleteImportList": "Видалити список імпорту",
    "DeleteSelectedImportLists": "Видалити списки імпорту",
    "DeleteSelectedIndexers": "Видалити індексатор(и)",
    "DeleteSpecification": "Видалити специфікацію",
    "DeleteSpecificationHelpText": "Ви впевнені, що хочете видалити специфікацію '{name}'?",
    "DisabledForLocalAddresses": "Вимкнено для локальних адрес",
    "DownloadClientAriaSettingsDirectoryHelpText": "Додаткове розташування для розміщення завантажень. Залиште поле порожнім, щоб використовувати стандартне розташування Aria2",
    "Disabled": "Вимкнено",
    "ContinuingOnly": "Тільки продовження",
    "CustomFormatScore": "Оцінка спеціального формату",
    "Database": "База даних",
    "BlocklistAndSearch": "Чорний список і пошук",
    "AuthenticationRequiredPasswordConfirmationHelpTextWarning": "Підтвердити новий пароль",
    "ChangeCategory": "Змінити категорію",
    "AuthenticationRequiredHelpText": "Змінити запити, для яких потрібна автентифікація. Не змінюйте, якщо не розумієте ризики.",
    "CustomFormatsSettingsTriggerInfo": "Спеціальний формат буде застосовано до випуску або файлу, якщо він відповідає принаймні одному з кожного з різних типів вибраних умов.",
    "DownloadClientDelugeSettingsDirectoryHelpText": "Необов’язкове розташування для розміщення завантажень. Залиште поле порожнім, щоб використовувати стандартне розташування Deluge",
    "AutomaticSearch": "Автоматичний пошук",
    "ClearBlocklist": "Очистити список блокувань",
    "ClearBlocklistMessageText": "Ви впевнені, що бажаєте очистити всі елементи зі списку блокування?",
    "CloneAutoTag": "Клонувати автоматичний тег",
    "ConnectionSettingsUrlBaseHelpText": "Додає префікс до URL-адреси {connectionName}, наприклад {url}",
    "UserAgentProvidedByTheAppThatCalledTheAPI": "Агент користувача, наданий програмою, яка викликала API",
    "ImportListRootFolderMissingRootHealthCheckMessage": "Відсутня коренева папка для списків імпорту: {0}",
    "IndexerLongTermStatusCheckAllClientMessage": "Усі індексатори недоступні через збої більше 6 годин",
    "ShowUnknownArtistItems": "Показати невідомі елементи фільму",
    "Size": " Розмір",
    "GrabReleaseUnknownArtistOrAlbumMessageText": "{appName} не зміг визначити, для якого фільму цей випуск. Можливо, {appName} не зможе автоматично імпортувати цей випуск. Ви хочете взяти '{0}'?",
    "InteractiveSearchModalHeader": "Інтерактивний пошук",
    "RemoveSelectedItem": "Видалити вибраний елемент",
    "SslCertPathHelpText": "Шлях до файлу pfx",
    "TheArtistFolderStrongpathstrongAndAllOfItsContentWillBeDeleted": "Папку фільму \"{0}\" і весь її вміст буде видалено.",
    "UpdateCheckStartupNotWritableMessage": "Неможливо встановити оновлення, оскільки папка запуску \"{0}\" не може бути записана користувачем \"{1}\".",
    "ColonReplacement": "Заміна двокрапок",
    "CustomFormats": "Користувацькі формати",
    "UpdateSelected": "Оновити вибране",
    "DeleteArtistFolderCountWithFilesConfirmation": "Ви впевнені, що хочете видалити {count} вибраних серіалів і весь вміст?",
    "DeleteSelectedTrackFilesMessageText": "Ви впевнені, що бажаєте видалити вибрані файли фільмів?",
    "DetailedProgressBarHelpText": "Показати текст на панелі виконання",
    "ImportListStatusCheckSingleClientMessage": "Списки недоступні через помилки: {0}",
    "NETCore": ".NET",
    "IndexerRssHealthCheckNoIndexers": "Немає доступних індексаторів із увімкненою синхронізацією RSS, {appName} не збиратиме нові випуски автоматично",
    "Negated": "Заперечено",
    "OrganizeSelectedArtists": "Упорядкуйте вибрані фільми",
    "RequiresRestartToTakeEffect": "Щоб набуло чинності, потрібно перезапустити",
    "AnalyticsEnabledHelpTextWarning": "Щоб набуло чинності, потрібно перезапустити",
    "ApiKeyHelpTextWarning": "Щоб набуло чинності, потрібно перезапустити",
    "DownloadClientStatusCheckSingleClientMessage": "Завантаження клієнтів недоступне через помилки: {0}",
    "Large": "Великий",
    "RemoveTagExistingTag": "Існуючий тег",
    "RemoveTagRemovingTag": "Видалення мітки",
    "ReplaceWithSpaceDash": "Замінити пробілом",
    "RestartLidarr": "Перезавантажити {appName}",
    "UnmonitoredHelpText": "Включайте неконтрольовані фільми в канал iCal",
    "Posters": "Плакати",
    "Priority": "Пріоритет",
    "RemotePathMappingCheckImportFailed": "{appName} не вдалося імпортувати фільм. Подробиці перевірте у своїх журналах.",
    "SslPortHelpTextWarning": "Щоб набуло чинності, потрібно перезапустити",
    "ApiKeyValidationHealthCheckMessage": "Будь ласка оновіть ключ API, щоб він містив принаймні {length} символів. Ви можете зробити це в налаштуваннях або в файлі конфігурації",
    "CustomFilter": "Користувацькі фільтри",
    "DeleteRemotePathMapping": "Додати віддалений шлях",
    "DeleteSelectedTrackFiles": "Видалити вибрані файли фільмів",
    "DeleteTrackFileMessageText": "Ви впевнені, що хочете видалити '{path}'?",
    "EditConditionImplementation": "Додати умому",
    "EditConnectionImplementation": "Додати умому",
    "MonitorNoAlbums": "Жодного",
    "GeneralSettingsSummary": "Порт, SSL, ім’я користувача/пароль, проксі, аналітика та оновлення",
    "Negate": "Заперечувати",
    "QualitySettingsSummary": "Якісні розміри та найменування",
    "Release": " Випуск",
    "ReplaceWithDash": "Замінити тире",
    "Small": "Маленький",
    "SslCertPasswordHelpText": "Пароль для файлу pfx",
    "SupportsSearchvalueWillBeUsedWhenInteractiveSearchIsUsed": "Буде використано, коли використовується інтерактивний пошук",
    "Uppercase": "Великі літери",
    "ApplyTagsHelpTextHowToApplyArtists": "Як застосувати теги до вибраних фільмів",
    "ImportMechanismHealthCheckMessage": "Увімкнути обробку завершених завантажень",
    "FileNameTokens": "Маркери імен файлів",
    "KeyboardShortcuts": "Гарячі клавіши",
    "MinimumCustomFormatScore": "Мінімальна оцінка спеціального формату",
    "Customformat": "Користувацький формат",
    "DeleteSelectedImportListsMessageText": "Ви впевнені, що хочете видалити тег {0} ?",
    "ShownClickToHide": "Показано, натисніть, щоб приховати",
    "SuggestTranslationChange": "Запропонуйте зміну перекладу",
    "Unlimited": "Необмежений",
    "Enabled": "Увімкнено",
    "Formats": "Формати",
    "IncludeCustomFormatWhenRenamingHelpText": "Включіть у формат перейменування {Custom Formats}",
    "NoLimitForAnyDuration": "Немає обмежень для будь-якого часу виконання",
    "CalendarWeekColumnHeaderHelpText": "Відображається над кожним стовпцем, коли тиждень є активним переглядом",
    "UnableToAddANewImportListExclusionPleaseTryAgain": "Не вдалось додати виняток нового списку імпорту, спробуйте ще раз.",
    "RemotePathMappingCheckBadDockerPath": "Ви використовуєте docker; клієнт завантаження {0} розміщує завантаження в {1}, але це недійсний шлях {2}. Перегляньте свої віддалені відображення шляхів і завантажте налаштування клієнта.",
    "ExistingTag": "Існуючий тег",
    "ExpandAlbumByDefaultHelpText": "Альбом",
    "RemotePathMappingCheckDockerFolderMissing": "Ви використовуєте docker; клієнт завантаження {0} розміщує завантаження в {1}, але цей каталог не існує всередині контейнера. Перегляньте свої віддалені відображення шляхів і налаштування обсягу контейнера.",
    "RemotePathMappingCheckFilesGenericPermissions": "Завантажте файли звітів клієнта {0} в {1}, але Radarr не бачить цей каталог. Можливо, вам знадобиться налаштувати дозволи для папки.",
    "NoHistory": "Без історії",
    "PropersAndRepacks": "Пропери та Репаки",
    "RemotePathMappingCheckFilesWrongOSPath": "Клієнт віддаленого завантаження {0} повідомив про файли в {1}, але це недійсний шлях {2}. Перегляньте свої віддалені відображення шляхів і завантажте налаштування клієнта.",
    "RootFolderCheckMultipleMessage": "Відсутні кілька кореневих папок: {0}",
    "RootFolderCheckSingleMessage": "Відсутня коренева папка: {0}",
    "StandardTrackFormat": "Стандартний формат фільму",
    "ThemeHelpText": "Змініть тему інтерфейсу додатка, тема «Авто» використовуватиме вашу тему ОС, щоб установити світлий або темний режим. Натхненний Theme.Park",
    "DeleteImportListExclusionMessageText": "Ви впевнені, що хочете видалити це виключення зі списку імпорту?",
    "Links": "Посилання",
    "RemoveQueueItemConfirmation": "Ви впевнені, що хочете видалити {0} елементів із черги?",
    "ReplaceIllegalCharactersHelpText": "Замінити недопустимі символи. Якщо не позначено, {appName} видалить їх",
    "AddImportListExclusionArtistHelpText": "Заборонити додавання фільму до {appName} за списками",
    "MinFormatScoreHelpText": "Мінімальна оцінка спеціального формату, дозволена для завантаження",
    "RenameFiles": "Перейменування файлів",
    "ReplaceWithSpaceDashSpace": "Замінити на Пробіл Тире Пробіл",
    "TimeLeft": "Час залишився",
    "UpdateCheckUINotWritableMessage": "Неможливо встановити оновлення, оскільки папка інтерфейсу користувача \"{0}\" не може бути записана користувачем \"{1}\".",
    "DownloadClientTagHelpText": "Використовуйте цей індексатор лише для фільмів із принаймні одним відповідним тегом. Залиште поле порожнім для використання з усіма фільмами.",
    "ImportExtraFilesHelpText": "Імпортуйте відповідні додаткові файли (субтитри, nfo тощо) після імпортування файлу фільму",
    "RemotePathMappingCheckGenericPermissions": "Клієнт завантаження {0} розміщує завантаження в {1}, але Radarr не бачить цей каталог. Можливо, вам знадобиться налаштувати дозволи для папки.",
    "RenameTracksHelpText": "{appName} використовуватиме існуючу назву файлу, якщо перейменування вимкнено",
    "ExtraFileExtensionsHelpTextsExamples": "Приклади: '.sub, .nfo' або 'sub,nfo'",
    "SuccessMyWorkIsDoneNoFilesToRename": "Успіх! Мою роботу виконано, немає файлів для перейменування.",
    "TagsSettingsSummary": "Перегляньте всі теги та те, як вони використовуються. Невикористані теги можна видалити",
    "ImportListStatusCheckAllClientMessage": "Усі списки недоступні через помилки",
    "Tracks": "Трасувати",
    "RemotePathMappingCheckWrongOSPath": "Клієнт віддаленого завантаження {0} розміщує завантаження в {1}, але це недійсний шлях {2}. Перегляньте свої віддалені відображення шляхів і завантажте налаштування клієнта.",
    "ThisWillApplyToAllIndexersPleaseFollowTheRulesSetForthByThem": "Це стосується всіх індексаторів, будь ласка, дотримуйтеся встановлених ними правил",
    "DeleteEmptyFoldersHelpText": "Видаліть порожні папки серіалів і сезонів під час сканування диска та під час видалення файлів серій",
    "IgnoredHelpText": "Випуск буде відхилено, якщо він містить один або кілька термінів (незалежно від регістру)",
    "LocalPathHelpText": "Шлях, який має використовувати {appName} для локального доступу до віддаленого шляху",
    "LongDateFormat": "Довгий формат дати",
    "MaintenanceRelease": "Випуск для обслуговування: виправлення помилок та інші покращення. Щоб отримати докладнішу інформацію, перегляньте історію фіксації Github",
    "ReleaseDate": "Дати випуску",
    "RemotePathMappingCheckDownloadPermissions": "{appName} може бачити, але не має доступу до завантаженого фільму {path}. Ймовірна помилка дозволів.",
    "UnableToLoadCustomFormats": "Не вдалося завантажити спеціальні формати",
    "ShownAboveEachColumnWhenWeekIsTheActiveView": "Відображається над кожним стовпцем, коли тиждень є активним переглядом",
    "Table": "Таблиця",
    "UnableToAddANewMetadataProfilePleaseTryAgain": "Не вдалося додати новий профіль якості, спробуйте ще раз.",
    "DownloadPropersAndRepacksHelpTextWarning": "Використовуйте спеціальні формати для автоматичного оновлення до Propers/Repacks",
    "EnableRssHelpText": "Використовуватиметься, коли {appName} періодично шукатиме випуски через RSS Sync",
    "GrabId": "Захопити ID",
    "HiddenClickToShow": "Приховано, натисніть, щоб показати",
    "LidarrSupportsAnyIndexerThatUsesTheNewznabStandardAsWellAsOtherIndexersListedBelow": "{appName} підтримує будь-який індексатор, який використовує стандарт Newznab, а також інші індексатори, перелічені нижче.",
    "NoMinimumForAnyDuration": "Немає мінімуму для будь-якого часу виконання",
    "ReleaseStatuses": "Статус випуску",
    "RemovingTag": "Видалення мітки",
    "ShowRelativeDates": "Показати відносні дати",
    "SslCertPathHelpTextWarning": "Щоб набуло чинності, потрібно перезапустити",
    "UnableToAddANewRootFolderPleaseTryAgain": "Не вдалося додати новий індексатор, спробуйте ще раз.",
    "CloneCustomFormat": "Клонувати користувацький формат",
    "CustomFormatSettings": "Налаштування спеціальних форматів",
    "IndexerSearchCheckNoAutomaticMessage": "Немає доступних індексаторів із увімкненим автоматичним пошуком, {appName} не надаватиме автоматичних результатів пошуку",
    "QueueIsEmpty": "Черга порожня",
    "RescanAfterRefreshHelpTextWarning": "{appName} не визначатиме автоматично зміни файлів, якщо не встановлено значення «Завжди»",
    "CutoffFormatScoreHelpText": "Radarr перестане завантажувати фільми після досягнення вказаної кількості очок",
    "DeleteFormatMessageText": "Ви впевнені, що хочете видалити тег {0} ?",
    "DownloadClientCheckUnableToCommunicateMessage": "Неможливо зв'язатися з {0}.",
    "FormatAgeHours": "Години",
    "FormatAgeMinute": "Хвилин",
    "HasPendingChangesSaveChanges": "Зберегти зміни",
    "IndexerTagHelpText": "Використовуйте цей індексатор лише для фільмів із принаймні одним відповідним тегом. Залиште поле порожнім для використання з усіма фільмами.",
    "ImportListsSettingsSummary": "Імпорт списків, список виключень",
    "IndexerLongTermStatusCheckSingleClientMessage": "Індексатори недоступні через збої більше 6 годин: {0}",
    "IndexerRssHealthCheckNoAvailableIndexers": "Усі індексатори з підтримкою rss тимчасово недоступні через нещодавні помилки індексатора",
    "ItsEasyToAddANewArtistJustStartTypingTheNameOfTheArtistYouWantToAdd": "Додати новий фільм дуже легко! Почни друкувати назву фільму, який хочете додати",
    "Lowercase": "Малі літери",
    "MediaManagement": "Управління медіа",
    "NotificationStatusAllClientHealthCheckMessage": "Усі списки недоступні через помилки",
    "NotificationStatusSingleClientHealthCheckMessage": "Списки недоступні через помилки: {0}",
    "ResetDefinitionTitlesHelpText": "Скинути заголовки визначень, а також значення",
    "ResetDefinitions": "Скинути визначення",
    "SupportsRssvalueRSSIsNotSupportedWithThisIndexer": "Цей індексатор не підтримує RSS",
    "SupportsSearchvalueSearchIsNotSupportedWithThisIndexer": "Пошук не підтримується цим індексатором",
    "SystemTimeCheckMessage": "Системний час вимкнено більш ніж на 1 день. Заплановані завдання можуть не працювати належним чином, доки час не буде виправлено",
    "AddListExclusionHelpText": "Заборонити додавання фільму до {appName} за списками",
    "IndexerSearchCheckNoAvailableIndexersMessage": "Усі індексатори з можливістю пошуку тимчасово недоступні через нещодавні помилки індексатора",
    "NegateHelpText": "Якщо позначено, настроюваний формат не застосовуватиметься, якщо ця умова {0} збігається.",
    "ClickToChangeReleaseGroup": "Натисніть, щоб змінити групу випуску",
    "CouldntFindAnyResultsForTerm": "Не вдалося знайти жодних результатів для '{0}'",
    "DownloadClientStatusCheckAllClientMessage": "Усі клієнти завантаження недоступні через збої",
    "Monitor": "Контрольований",
    "ProxyCheckBadRequestMessage": "Не вдалося перевірити проксі. Код стану: {0}",
    "RssSyncIntervalHelpText": "Інтервал у хвилинах. Встановіть нуль, щоб вимкнути (це зупинить автоматичне захоплення звільнення)",
    "BlocklistReleaseHelpText": "Забороняє Radarr знову автоматично захопити цей випуск",
    "BlocklistReleases": "Релізи з чорного списку",
    "BypassIfHighestQuality": "Ігнорувати при максимальній якості",
    "ResetTitlesHelpText": "Скинути заголовки визначень, а також значення",
    "NoChange": "Без змін",
    "PreferredSize": "Бажаний розмір",
    "MountArtistHealthCheckMessage": "Монтування, що містить шлях до фільму, монтується лише для читання: ",
    "PreferUsenet": "Віддавайте перевагу Usenet",
    "ForMoreInformationOnTheIndividualListsClickOnTheInfoButtons": "Щоб отримати додаткову інформацію про окремі списки імпорту, натисніть інформаційні кнопки.",
    "DeleteSelectedDownloadClientsMessageText": "Ви впевнені, що хочете видалити тег {0} ?",
    "Conditions": "Умови",
    "OverviewOptions": "Параметри огляду",
    "DeleteConditionMessageText": "Ви впевнені, що хочете видалити тег {0} ?",
    "DownloadClientCheckNoneAvailableMessage": "Немає доступного клієнта для завантаження",
    "EditDownloadClientImplementation": "Додати клієнт завантаження - {implementationName}",
    "EditImportListExclusion": "Видалити виключення зі списку імпорту",
    "EditReleaseProfile": "Додати профіль релізу",
    "ExtraFileExtensionsHelpText": "Розділений комами список додаткових файлів для імпорту (.nfo буде імпортовано як .nfo-orig)",
    "ForMoreInformationOnTheIndividualIndexersClickOnTheInfoButtons": "Щоб отримати додаткову інформацію про окремих індексаторів, натисніть кнопки інформації.",
    "HasPendingChangesNoChanges": "Жодних змін",
    "HostHelpText": "Той самий хост, який ви вказали для віддаленого клієнта завантаження",
    "ICalLink": "Посилання iCal",
    "ImportListExclusions": "Видалити виключення зі списку імпорту",
    "ImportListRootFolderMultipleMissingRootsHealthCheckMessage": "Кілька кореневих папок відсутні для списків імпорту: {0}",
    "IndexerFlags": "Прапори індексатора",
    "IsCutoffUpgradeUntilThisQualityIsMetOrExceeded": "Оновлюйте, поки ця якість не буде досягнута або перевищена",
    "LidarrTags": "Теги {appName}",
    "LogLevelvalueTraceTraceLoggingShouldOnlyBeEnabledTemporarily": "Журнал трасування слід увімкнути лише тимчасово",
    "MaximumSizeHelpText": "Максимальний розмір випуску для захоплення в МБ. Встановіть нуль, щоб встановити необмежений",
    "MonitorAllAlbums": "Всі Альбоми",
    "MonitoredStatus": "Відстежується/Стан",
    "MoveAutomatically": "Рухатися автоматично",
    "PosterOptions": "Параметри плаката",
    "PreferTorrent": "Віддаю перевагу Torrent",
    "ProxyCheckFailedToTestMessage": "Не вдалося перевірити проксі: {0}",
    "ProxyCheckResolveIpMessage": "Не вдалося визначити IP-адресу для налаштованого проксі-сервера {0}",
    "RemotePathMappingCheckFilesBadDockerPath": "Ви використовуєте docker; завантажити клієнтські {0} звітні файли в {1}, але це недійсний {2} шлях. Перегляньте свої віддалені відображення шляхів і завантажте налаштування клієнта.",
    "RemotePathMappingCheckFilesLocalWrongOSPath": "Локальний клієнт завантаження {0} повідомив про файли в {1}, але це недійсний шлях {2}. Перегляньте налаштування клієнта завантаження.",
    "RemoveSelectedItemsQueueMessageText": "Ви впевнені, що хочете видалити {0} елементів із черги?",
    "Required": "Обов'язковий",
    "RequiredHelpText": "Реліз має містити принаймні один із цих термінів (незалежно від регістру)",
    "RescanArtistFolderAfterRefresh": "Перескануйте папку фільму після оновлення",
    "ResetQualityDefinitions": "Скинути визначення якості",
    "ResetTitles": "Скинути заголовки",
    "SelectReleaseGroup": "Виберіть Release Group",
    "SetTags": "Встановити теги",
    "ShortDateFormat": "Короткий формат дати",
    "ShowRelativeDatesHelpText": "Показати відносні (сьогодні/вчора/тощо) або абсолютні дати",
    "SorryThatAlbumCannotBeFound": "Вибачте, цей фільм неможливо знайти.",
    "SomeResultsAreHiddenByTheAppliedFilter": "Всі результати приховані фільтром",
    "SorryThatArtistCannotBeFound": "Вибачте, цей фільм неможливо знайти.",
    "SslCertPasswordHelpTextWarning": "Щоб набуло чинності, потрібно перезапустити",
    "StatusEndedContinuing": "Продовження",
    "SuccessMyWorkIsDoneNoFilesToRetag": "Успіх! Мою роботу виконано, немає файлів для перейменування.",
    "SupportsSearchvalueWillBeUsedWhenAutomaticSearchesArePerformedViaTheUIOrByLidarr": "Використовуватиметься, коли автоматичний пошук виконується через інтерфейс користувача або {appName}",
    "Theme": "Тема",
    "AddNewArtistRootFolderHelpText": "Вкладена папка \"{0}\" буде створена автоматично",
    "EditIndexerImplementation": "Додати умому",
    "CopyToClipboard": "Копіювати в буфер обміну",
    "AuthBasic": "Основний (спливаюче вікно браузера)",
    "DeleteSelectedIndexersMessageText": "Ви впевнені, що хочете видалити тег {0} ?",
    "IndexerJackettAll": "Індексатори, які використовують непідтримувану кінцеву точку Jackett 'all': {0}",
    "RemoveSelectedItemQueueMessageText": "Ви впевнені, що хочете видалити {0} елементів із черги?",
    "RequiredPlaceHolder": "Додайте нове обмеження",
    "RescanAfterRefreshHelpText": "Перескануйте папку фільму після оновлення фільму",
    "NoEventsFound": "Подій не знайдено",
    "RemotePathHelpText": "Кореневий шлях до каталогу, до якого має доступ клієнт завантаження",
    "FormatAgeHour": "Години",
    "FormatAgeMinutes": "Хвилин",
    "IncludeUnknownArtistItemsHelpText": "Показати елементи без фільму в черзі. Це може включати видалені фільми чи будь-що інше в категорії {appName}",
    "IsTagUsedCannotBeDeletedWhileInUse": "Неможливо видалити під час використання",
    "RemotePathMappingCheckFileRemoved": "Файл {0} видалено під час обробки.",
    "RemotePathMappingCheckFolderPermissions": "{appName} може бачити, але не має доступу до каталогу завантажень {path}. Ймовірна помилка дозволів.",
    "RestoreBackupAdditionalInfo": "Примітка: {appName} автоматично перезапуститься та перезавантажить інтерфейс під час процесу відновлення.",
    "Tomorrow": "Завтра",
    "UiLanguageHelpText": "Мова, яку {appName} використовуватиме для інтерфейсу користувача",
    "UiSettingsSummary": "Параметри календаря, дати та кольору",
    "AllExpandedCollapseAll": "Закрити все",
    "CustomFormat": "Користувацький формат",
    "DownloadClientRootFolderHealthCheckMessage": "Клієнт завантаження {downloadClientName} розміщує завантаження в кореневій папці {rootFolderPath}. Ви не повинні завантажувати в кореневу папку.",
    "FailedLoadingSearchResults": "Не вдалося завантажити результати пошуку, спробуйте ще.",
    "ExportCustomFormat": "Додати свій формат",
    "FailedToLoadQueue": "Не вдалося завантажити чергу",
    "ImportLists": "Списки",
    "NoResultsFound": "Нічого не знайдено",
    "QualityLimitsHelpText": "Обмеження автоматично регулюються для тривалості фільму.",
    "EditImportListImplementation": "Додати список імпорту - {implementationName}",
    "FailedDownloadHandling": "Помилка обробки завантаження",
    "RemoveSelectedItems": "Видалити вибрані елементи",
    "DeleteArtistFolderHelpText": "Видалити папку з фільмами та її вміст",
    "DeleteArtistFolderCountConfirmation": "Ви впевнені, що хочете видалити {count} вибраних серіалів?",
    "DeleteArtistFoldersHelpText": "Видалити папку з фільмами та її вміст",
    "DownloadFailed": "Помилка завантаження",
    "IndexerStatusCheckAllClientMessage": "Усі індексатори недоступні через збої",
    "AutoTaggingNegateHelpText": "Якщо позначено, настроюваний формат не застосовуватиметься, якщо ця умова {0} збігається.",
    "IncludeHealthWarnings": "Включайте попередження про здоров’я",
    "Overview": "Огляд",
    "ShowSearchActionHelpText": "Показувати кнопку пошуку при наведенні",
    "UnableToLoadMetadataProfiles": "Неможливо завантажити профілі затримки",
    "UnmonitoredOnly": "Тільки під контролем",
    "UpdateCheckStartupTranslocationMessage": "Неможливо встановити оновлення, оскільки папка запуску \"{0}\" знаходиться в папці переміщення програми.",
    "Albums": "Альбом",
    "CustomFormatsSettingsSummary": "Користувацькі формати та налаштування",
    "BypassIfHighestQualityHelpText": "Ігнорування затримки, коли випуск має максимальну якість у вибраному профілі якості з бажаним протоколом",
    "ArtistIndexFooterDownloading": "Завантаження",
    "Library": "бібліотека",
    "IndexerSearchCheckNoInteractiveMessage": "Немає доступних індексаторів, коли ввімкнено інтерактивний пошук, {appName} не надаватиме жодних інтерактивних результатів пошуку",
    "RecentChanges": "Останні зміни",
    "RecycleBinHelpText": "Файли фільмів потраплять сюди після видалення, а не назавжди",
    "ImportList": "Список",
    "DefaultCase": "Випадок за умовчанням",
    "DownloadClientsSettingsSummary": "Клієнти завантаження, обробка завантажень і віддалені відображення шляхів",
    "DownloadPropersAndRepacksHelpTexts1": "Автоматичне оновлення до Propers/Repacks чи ні",
    "ForMoreInformationOnTheIndividualDownloadClientsClickOnTheInfoButtons": "Щоб отримати додаткові відомості про окремі клієнти для завантаження, натисніть кнопки додаткових відомостей.",
    "IndexerStatusCheckSingleClientMessage": "Індексатори недоступні через помилки: {0}",
    "RefreshScan": "Оновити та сканувати",
    "RemotePathMappingCheckLocalFolderMissing": "Клієнт віддаленого завантаження {0} розміщує завантаження в {1}, але цей каталог не існує. Ймовірно, віддалений шлях відсутній або неправильний.",
    "RemotePathMappingCheckLocalWrongOSPath": "Локальний клієнт завантаження {0} розміщує завантаження в {1}, але це недійсний шлях {2}. Перегляньте налаштування клієнта завантаження.",
    "RemotePathMappingCheckRemoteDownloadClient": "Клієнт віддаленого завантаження {0} повідомив про файли в {1}, але цей каталог, здається, не існує. Ймовірно, відсутнє відображення віддаленого шляху.",
    "Track": "Трасувати",
    "IndexerPriorityHelpText": "Пріоритет індексатора від 1 (найвищий) до 50 (найнижчий). За замовчуванням: 25. Використовується під час захоплення випусків як тай-брейку для інших однакових випусків, {appName} все одно використовуватиме всі ввімкнені індексатори для RSS-синхронізації та пошуку",
    "UnableToLoadImportListExclusions": "Неможливо завантажити список винятків",
    "UnableToLoadReleaseProfiles": "Неможливо завантажити профілі затримки",
    "ChooseImportMethod": "Виберіть режим імпорту",
    "LaunchBrowserHelpText": " Відкрийте веб-браузер і перейдіть на домашню сторінку {appName} під час запуску програми.",
    "LidarrSupportsAnyDownloadClientThatUsesTheNewznabStandardAsWellAsOtherDownloadClientsListedBelow": "{appName} підтримує багато популярних торрент-клієнтів і клієнтів для завантаження через Usenet.",
    "ClickToChangeIndexerFlags": "Натисніть, щоб змінити прапорці індексатора",
    "ChownGroup": "chown Група",
    "Clone": "Клонування",
    "AutoRedownloadFailedFromInteractiveSearchHelpText": "Автоматично шукати та намагатися завантажити інший реліз, якщо обраний реліз не вдалось завантажити з інтерактивного пошуку.",
    "BlocklistAndSearchHint": "Розпочати пошук заміни після додавання до чорного списку",
    "BlocklistAndSearchMultipleHint": "Розпочати пошук замін після додавання до чорного списку",
    "BlocklistMultipleOnlyHint": "Додати до чорного списку без пошуку замін",
    "BlocklistOnly": "Тільки чорний список",
    "BlocklistOnlyHint": "Додати до чорного списку без пошуку заміни",
    "AutoTaggingLoadError": "Не вдалося завантажити автоматичне маркування",
    "AutoTagging": "Автоматичне маркування",
    "AutomaticAdd": "Автоматичне додавання",
    "CloneCondition": "Клонування умови",
    "ChangeCategoryMultipleHint": "Змінює завантаження на «Категорію після імпорту» з клієнта завантажувача",
    "ChangeCategoryHint": "Змінює завантаження на «Категорію після імпорту» з клієнта завантажувача",
    "CountDownloadClientsSelected": "Вибрано {count} клієнтів завантажувача",
    "AddImportListExclusionAlbumHelpText": "Заборонити додавання фільму до {appName} за списками",
    "ReleaseProfiles": "профіль релізу",
    "BypassIfAboveCustomFormatScoreHelpText": "Увімкнути обхід, якщо реліз має оцінку вищу за встановлений мінімальний бал користувацького формату",
    "MinimumCustomFormatScoreHelpText": "Мінімальна оцінка користувацького формату, необхідна для обходу затримки для обраного протоколу",
    "ReleaseProfile": "профіль релізу",
    "CountArtistsSelected": "Вибрано {count} списків імпорту",
    "BypassIfAboveCustomFormatScore": "Пропустити, якщо перевищено оцінку користувацького формату",
    "Any": "Будь-який",
    "BuiltIn": "Вбудований",
    "Script": "Сценарій",
    "DeleteSelectedCustomFormatsMessageText": "Ви впевнені, що хочете видалити тег {0} ?",
    "DeleteSelectedCustomFormats": "Видалити спеціальний формат",
    "IncludeCustomFormatWhenRenaming": "Включати спеціальний формат під час перейменування",
    "IndexerSettingsApiUrl": "API URL",
    "DockerUpdater": "Оновіть контейнер docker, щоб отримати оновлення",
    "ExternalUpdater": "{appName} налаштовано на використання зовнішнього механізму оновлення",
    "InstallLatest": "Встановити останній",
    "OnLatestVersion": "Остання версія {appName} вже встановлена",
    "Shutdown": "Вимкнення",
    "UpdateAppDirectlyLoadError": "Неможливо оновити {appName} безпосередньо,",
    "AptUpdater": "Використовуйте apt для інсталяції оновлення",
    "UnmappedFiles": "Невідповідні папки",
    "Season": "Причина",
    "CountCustomFormatsSelected": "Користувацькі формати обрано {count}",
    "AutoTaggingRequiredHelpText": "Ця умова {0} має збігатися, щоб користувацький формат застосовувався. В іншому випадку достатньо одного збігу {1}.",
    "AddDelayProfileError": "Неможливо додати новий профіль затримки, будь ласка спробуйте ще.",
    "Today": "Сьогодні",
    "Min": "Мінімум",
    "Preferred": "Бажано",
    "Max": "Максимальний",
    "MappedNetworkDrivesWindowsService": "Підключені мережеві диски недоступні під час роботи як служби Windows. Щоб отримати додаткову інформацію, перегляньте FAQ",
    "DownloadClientSettingsRecentPriority": "Пріоритет клієнта"
}
