{
    "Language": "Ngôn ngữ",
    "UiLanguage": "Ngôn ngữ giao diện người dùng",
    "RescanArtistFolderAfterRefresh": "Quét lại thư mục phim sau khi làm mới",
    "Reset": "Cài lại",
    "ResetAPIKey": "Đặt lại khóa API",
    "ResetAPIKeyMessageText": "Bạn có chắc chắn muốn đặt lại Khóa API của mình không?",
    "Restart": "Khởi động lại",
    "RestartLidarr": "Khởi động lại {appName}",
    "RestoreBackup": "Khôi phục lại bản sao lưu",
    "ShowMonitored": "Hiển thị được Giám sát",
    "ShowMonitoredHelpText": "Hiển thị trạng thái được giám sát dưới áp phích",
    "ShowUnknownArtistItems": "Hiển thị các mục phim không xác định",
    "Status": "Trạng thái",
    "Analytics": "phân tích",
    "Track": "Dấu vết",
    "Tracks": "Dấu vết",
    "UsenetDelayHelpText": "Trì hoãn vài phút để đợi trước khi lấy bản phát hành từ Usenet",
    "UseProxy": "Sử dụng Proxy",
    "YesCancel": "Có, Hủy bỏ",
    "RestartNow": "Khởi động lại ngay",
    "ForMoreInformationOnTheIndividualDownloadClientsClickOnTheInfoButtons": "Để biết thêm thông tin về các ứng dụng khách tải xuống riêng lẻ, hãy nhấp vào các nút thông tin.",
    "LidarrSupportsAnyDownloadClientThatUsesTheNewznabStandardAsWellAsOtherDownloadClientsListedBelow": "Whisparr hỗ trợ bất kỳ ứng dụng khách tải xuống nào sử dụng tiêu chuẩn Newznab, cũng như các ứng dụng khách tải xuống khác được liệt kê bên dưới.",
    "RemovedFromTaskQueue": "Đã xóa khỏi hàng đợi tác vụ",
    "ShowCutoffUnmetIconHelpText": "Hiển thị biểu tượng cho các tệp khi điểm giới hạn chưa được đáp ứng",
    "MaximumSize": "Kích thước tối đa",
    "MaximumSizeHelpText": "Kích thước tối đa cho một bản phát hành được tính bằng MB. Đặt thành 0 để đặt thành không giới hạn",
    "Mechanism": "Cơ chế",
    "MediaInfo": "Thông tin truyền thông",
    "MediaManagementSettings": "Cài đặt quản lý phương tiện",
    "Medium": "Trung bình",
    "Message": "Thông điệp",
    "MetadataSettings": "Cài đặt siêu dữ liệu",
    "MIA": "MIA",
    "MinimumAge": "Tuổi tối thiểu",
    "MinimumAgeHelpText": "Usenet only: Tuổi tối thiểu tính bằng phút của NZB trước khi chúng bị tóm. Sử dụng điều này để cho các bản phát hành mới có thời gian phổ biến tới nhà cung cấp mạng sử dụng của bạn.",
    "MinimumFreeSpace": "Dung lượng trống tối thiểu",
    "MinimumFreeSpaceWhenImportingHelpText": "Ngăn nhập nếu nó để lại ít hơn số lượng không gian đĩa khả dụng này",
    "MinimumLimits": "Giới hạn tối thiểu",
    "Missing": "Còn thiếu",
    "Mode": "Chế độ",
    "Monitored": "Giám sát",
    "MoreInfo": "Thêm thông tin",
    "MustContain": "Phải chứa",
    "MustNotContain": "Không được chứa",
    "Name": "Tên",
    "NamingSettings": "Cài đặt đặt tên",
    "NETCore": ".NET Core",
    "New": "Mới",
    "NoBackupsAreAvailable": "Không có bản sao lưu nào",
    "NoHistory": "Không có lịch sử",
    "NoLeaveIt": "Không để nó",
    "NoLogFiles": "Không có tệp nhật ký",
    "None": "không ai",
    "NotificationTriggers": "Kích hoạt thông báo",
    "NoUpdatesAreAvailable": "Không có bản cập nhật nào có sẵn",
    "OnRename": "Khi đổi tên",
    "OnUpgrade": "Đang nâng cấp",
    "OpenBrowserOnStart": "Mở trình duyệt khi bắt đầu",
    "Options": "Tùy chọn",
    "Original": "Nguyên",
    "PageSizeHelpText": "Số mục hiển thị trên mỗi trang",
    "Path": "Con đường",
    "Permissions": "Quyền",
    "Port": "Hải cảng",
    "PortNumber": "Số cổng",
    "PosterSize": "Kích thước áp phích",
    "PreviewRename": "Xem trước Đổi tên",
    "Profiles": "Hồ sơ",
    "Proper": "Thích hợp",
    "PropersAndRepacks": "Người ủng hộ và người đóng gói",
    "Protocol": "Giao thức",
    "ProtocolHelpText": "Chọn (các) giao thức để sử dụng và giao thức nào được ưu tiên khi lựa chọn giữa các bản phát hành ngang nhau",
    "Proxy": "Ủy quyền",
    "ProxyBypassFilterHelpText": "Sử dụng ',' làm dấu phân tách và '*.' làm ký tự đại diện cho các miền phụ",
    "ProxyPasswordHelpText": "Bạn chỉ cần nhập tên người dùng và mật khẩu nếu được yêu cầu. Nếu không, hãy để trống chúng.",
    "ProxyType": "Loại proxy",
    "ProxyUsernameHelpText": "Bạn chỉ cần nhập tên người dùng và mật khẩu nếu được yêu cầu. Nếu không, hãy để trống chúng.",
    "PublishedDate": "Ngày xuất bản",
    "Quality": "Chất lượng",
    "QualityDefinitions": "Định nghĩa chất lượng",
    "QualityProfile": "Hồ sơ chất lượng",
    "QualityProfiles": "Hồ sơ chất lượng",
    "QualitySettings": "Cài đặt chất lượng",
    "Queue": "Xếp hàng",
    "ReadTheWikiForMoreInformation": "Đọc Wiki để biết thêm thông tin",
    "Real": "Thực tế",
    "Reason": "Lý do",
    "RecyclingBinCleanup": "Thu dọn thùng rác tái chế",
    "Redownload": "Tải lại",
    "Refresh": "Làm tươi",
    "RefreshInformationAndScanDisk": "Làm mới thông tin và quét đĩa",
    "RefreshScan": "Làm mới và quét",
    "ReleaseDate": "Ngày phát hành",
    "ReleaseGroup": "Nhóm phát hành",
    "ReleaseRejected": "Bản phát hành bị từ chối",
    "ReleaseStatuses": "Tình trạng phát hành",
    "ReleaseWillBeProcessedInterp": "Bản phát hành sẽ được xử lý {0}",
    "Reload": "Nạp lại",
    "RemotePath": "Đường đi từ xa",
    "RemotePathHelpText": "Đường dẫn gốc đến thư mục mà Ứng dụng khách tải xuống truy cập",
    "RemotePathMappings": "Ánh xạ đường dẫn từ xa",
    "Remove": "Tẩy",
    "RemoveCompletedDownloadsHelpText": "Xóa các bản tải xuống đã nhập khỏi lịch sử tải xuống của ứng dụng khách",
    "RemoveFailedDownloadsHelpText": "Xóa các lần tải xuống không thành công khỏi lịch sử máy khách tải xuống",
    "RemoveFilter": "Xóa bộ lọc",
    "RemoveFromBlocklist": "Xóa khỏi danh sách đen",
    "RemoveFromDownloadClient": "Xóa khỏi ứng dụng khách tải xuống",
    "RemoveFromQueue": "Xóa khỏi hàng đợi",
    "RemoveSelected": "Bỏ đã chọn",
    "RemoveTagExistingTag": "Thẻ hiện có",
    "RemoveTagRemovingTag": "Xóa thẻ",
    "RenameTracksHelpText": "{appName} sẽ sử dụng tên tệp hiện có nếu việc đổi tên bị tắt",
    "Reorder": "Sắp xếp lại",
    "ReplaceIllegalCharacters": "Thay thế các ký tự bất hợp pháp",
    "ReplaceIllegalCharactersHelpText": "Thay thế các ký tự bất hợp pháp. Nếu không được chọn, {appName} sẽ xóa chúng thay thế",
    "RequiredHelpText": "Bản phát hành phải chứa ít nhất một trong các điều khoản này (không phân biệt chữ hoa chữ thường)",
    "RequiredPlaceHolder": "Thêm hạn chế mới",
    "RequiresRestartToTakeEffect": "Yêu cầu khởi động lại để có hiệu lực",
    "RescanAfterRefreshHelpText": "Quét lại thư mục phim sau khi làm mới phim",
    "RescanAfterRefreshHelpTextWarning": "{appName} sẽ không tự động phát hiện các thay đổi đối với tệp khi không được đặt thành 'Luôn luôn'",
    "Restore": "Khôi phục",
    "Result": "Kết quả",
    "Retention": "Giữ lại",
    "RetentionHelpText": "Chỉ sử dụng mạng: Đặt thành 0 để đặt giữ chân không giới hạn",
    "RetryingDownloadOn": "Đang thử tải xuống lại {0} lúc {1}",
    "RootFolder": "Thư mục gốc",
    "RootFolders": "Thư mục gốc",
    "RSSSync": "Đồng bộ hóa RSS",
    "RSSSyncInterval": "Khoảng thời gian đồng bộ hóa RSS",
    "RssSyncIntervalHelpText": "Khoảng thời gian tính bằng phút. Đặt thành 0 để tắt (điều này sẽ dừng tất cả việc lấy bản phát hành tự động)",
    "SearchAll": "Tìm kiếm tất cả",
    "SearchForMissing": "Tìm kiếm mất tích",
    "SearchSelected": "Tìm kiếm đã chọn",
    "Security": "Bảo vệ",
    "ShowDateAdded": "Hiển thị Ngày đã Thêm",
    "ShownAboveEachColumnWhenWeekIsTheActiveView": "Được hiển thị phía trên mỗi cột khi tuần là chế độ xem đang hoạt động",
    "ShowPath": "Hiển thị đường dẫn",
    "ShowQualityProfile": "Hiển thị hồ sơ chất lượng",
    "ShowQualityProfileHelpText": "Hiển thị hồ sơ chất lượng dưới áp phích",
    "ShowRelativeDates": "Hiển thị Ngày tương đối",
    "ShowRelativeDatesHelpText": "Hiển thị ngày tương đối (Hôm nay / Hôm qua / v.v.) hoặc ngày tuyệt đối",
    "ShowSearch": "Hiển thị Tìm kiếm",
    "ShowSearchActionHelpText": "Hiển thị nút tìm kiếm khi di chuột",
    "ShowSizeOnDisk": "Hiển thị kích thước trên đĩa",
    "Size": " Kích thước",
    "SkipFreeSpaceCheck": "Bỏ qua kiểm tra dung lượng trống",
    "SorryThatAlbumCannotBeFound": "Xin lỗi, không thể tìm thấy bộ phim đó.",
    "SorryThatArtistCannotBeFound": "Xin lỗi, không thể tìm thấy bộ phim đó.",
    "Source": "Nguồn",
    "SourcePath": "Đường dẫn nguồn",
    "SSLCertPassword": "Mật khẩu cảnh báo SSL",
    "SslCertPasswordHelpText": "Mật khẩu cho tệp pfx",
    "SslCertPasswordHelpTextWarning": "Yêu cầu khởi động lại để có hiệu lực",
    "SSLCertPath": "Đường dẫn cảnh báo SSL",
    "SslCertPathHelpText": "Đường dẫn đến tệp pfx",
    "SslCertPathHelpTextWarning": "Yêu cầu khởi động lại để có hiệu lực",
    "SSLPort": "Cổng SSL",
    "SslPortHelpTextWarning": "Yêu cầu khởi động lại để có hiệu lực",
    "StandardTrackFormat": "Định dạng phim tiêu chuẩn",
    "SupportsSearchvalueSearchIsNotSupportedWithThisIndexer": "Trình lập chỉ mục này không hỗ trợ tìm kiếm",
    "SupportsSearchvalueWillBeUsedWhenAutomaticSearchesArePerformedViaTheUIOrByLidarr": "Sẽ được sử dụng khi tìm kiếm tự động được thực hiện qua giao diện người dùng hoặc bằng {appName}",
    "SupportsSearchvalueWillBeUsedWhenInteractiveSearchIsUsed": "Sẽ được sử dụng khi tìm kiếm tương tác được sử dụng",
    "TagIsNotUsedAndCanBeDeleted": "Thẻ không được sử dụng và có thể bị xóa",
    "Tasks": "Nhiệm vụ",
    "TestAll": "Kiểm tra tất cả",
    "TestAllClients": "Kiểm tra tất cả khách hàng",
    "TestAllIndexers": "Kiểm tra tất cả các chỉ mục",
    "TestAllLists": "Kiểm tra tất cả danh sách",
    "ThisWillApplyToAllIndexersPleaseFollowTheRulesSetForthByThem": "Điều này sẽ áp dụng cho tất cả người lập chỉ mục, vui lòng tuân theo các quy tắc do họ đặt ra",
    "Time": "Thời gian",
    "TorrentDelayHelpText": "Trì hoãn trong vài phút để đợi trước khi lấy một torrent",
    "Torrents": "Torrents",
    "TotalFileSize": "Tổng kích thước tệp",
    "Type": "Kiểu",
    "UiSettings": "Cài đặt giao diện người dùng",
    "UnableToAddANewImportListExclusionPleaseTryAgain": "Không thể thêm loại trừ danh sách mới, vui lòng thử lại.",
    "UnableToAddANewRemotePathMappingPleaseTryAgain": "Không thể thêm ánh xạ đường dẫn từ xa mới, vui lòng thử lại.",
    "UnableToAddANewRootFolderPleaseTryAgain": "Không thể thêm định dạng tùy chỉnh mới, vui lòng thử lại.",
    "UnableToLoadBackups": "Không thể tải các bản sao lưu",
    "UnableToLoadBlocklist": "Không thể tải danh sách đen",
    "UnableToLoadDelayProfiles": "Không thể tải hồ sơ độ trễ",
    "UnableToLoadIndexers": "Không thể tải Trình chỉ mục",
    "UnableToLoadNamingSettings": "Không thể tải cài đặt Đặt tên",
    "UnableToLoadNotifications": "Không thể tải thông báo",
    "UnableToLoadQualities": "Không thể tải chất lượng",
    "UnableToLoadQualityDefinitions": "Không thể tải Định nghĩa chất lượng",
    "UnableToLoadQualityProfiles": "Không thể tải Hồ sơ chất lượng",
    "UnableToLoadReleaseProfiles": "Không thể tải hồ sơ độ trễ",
    "UnableToLoadRemotePathMappings": "Không thể tải Ánh xạ đường dẫn từ xa",
    "UnableToLoadRootFolders": "Không thể tải các thư mục gốc",
    "UnableToLoadTags": "Không thể tải thẻ",
    "UnableToLoadTheCalendar": "Không thể tải lịch",
    "UnableToLoadUISettings": "Không thể tải cài đặt giao diện người dùng",
    "Unmonitored": "Không giám sát",
    "UnmonitoredHelpText": "Đưa các phim chưa được giám sát vào nguồn cấp dữ liệu iCal",
    "UpdateAll": "Cập nhật tất cả",
    "UpdateAutomaticallyHelpText": "Tự động tải xuống và cài đặt các bản cập nhật. Bạn vẫn có thể cài đặt từ Hệ thống: Cập nhật",
    "UpdateMechanismHelpText": "Sử dụng trình cập nhật tích hợp của {appName} hoặc một tập lệnh",
    "Updates": "Cập nhật",
    "UpdateScriptPathHelpText": "Đường dẫn đến tập lệnh tùy chỉnh có gói cập nhật được trích xuất và xử lý phần còn lại của quá trình cập nhật",
    "UpgradeAllowedHelpText": "Nếu chất lượng bị vô hiệu hóa sẽ không được nâng cấp",
    "Uptime": "Thời gian hoạt động",
    "URLBase": "Cơ sở URL",
    "UrlBaseHelpTextWarning": "Yêu cầu khởi động lại để có hiệu lực",
    "UseHardlinksInsteadOfCopy": "Sử dụng liên kết cứng thay vì sao chép",
    "UsenetDelay": "Sự chậm trễ của Usenet",
    "OnGrab": "Trên Grab",
    "OnHealthIssue": "Về vấn đề sức khỏe",
    "Password": "Mật khẩu",
    "RecycleBinCleanupDaysHelpText": "Đặt thành 0 để tắt tính năng dọn dẹp tự động",
    "RecycleBinCleanupDaysHelpTextWarning": "Các tệp trong thùng rác cũ hơn số ngày đã chọn sẽ tự động được dọn dẹp",
    "RecycleBinHelpText": "Các tệp phim sẽ chuyển đến đây khi bị xóa thay vì bị xóa vĩnh viễn",
    "RecyclingBin": "Thùng tái chế",
    "SetPermissionsLinuxHelpTextWarning": "Nếu bạn không chắc chắn những cài đặt này có tác dụng gì, đừng thay đổi chúng.",
    "Settings": "Cài đặt",
    "ShortDateFormat": "Định dạng ngày ngắn",
    "StartTypingOrSelectAPathBelow": "Bắt đầu nhập hoặc chọn một đường dẫn bên dưới",
    "StartupDirectory": "Thư mục khởi động",
    "Style": "Phong cách",
    "SuccessMyWorkIsDoneNoFilesToRename": "Sự thành công! Công việc của tôi đã xong, không có tệp nào để đổi tên.",
    "SuccessMyWorkIsDoneNoFilesToRetag": "Sự thành công! Công việc của tôi đã xong, không có tệp nào để đổi tên.",
    "SupportsRssvalueRSSIsNotSupportedWithThisIndexer": "RSS không được hỗ trợ với trình chỉ mục này",
    "Tags": "Thẻ",
    "TimeFormat": "Định dạng thời gian",
    "TorrentDelay": "Torrent Delay",
    "UnableToLoadDownloadClientOptions": "Không thể tải các tùy chọn ứng dụng khách tải xuống",
    "UnableToLoadDownloadClients": "Không thể tải ứng dụng khách tải xuống",
    "UnableToLoadGeneralSettings": "Không thể tải Cài đặt chung",
    "UnableToLoadHistory": "Không thể tải lịch sử",
    "UnableToLoadImportListExclusions": "Không thể tải Danh sách Loại trừ",
    "UnableToLoadIndexerOptions": "Không thể tải các tùy chọn trình lập chỉ mục",
    "UnableToAddANewNotificationPleaseTryAgain": "Không thể thêm thông báo mới, vui lòng thử lại.",
    "UnableToAddANewQualityProfilePleaseTryAgain": "Không thể thêm hồ sơ chất lượng mới, vui lòng thử lại.",
    "45MinutesFourtyFive": "60 phút: {0}",
    "60MinutesSixty": "60 phút: {0}",
    "APIKey": "Mã API",
    "About": "Trong khoảng",
    "AddListExclusion": "Thêm loại trừ danh sách",
    "AddingTag": "Thêm thẻ",
    "AgeWhenGrabbed": "Tuổi (khi nắm lấy)",
    "AlbumIsDownloadingInterp": "Đang tải phim xuống - {0}% {1}",
    "AlreadyInYourLibrary": "Đã có trong thư viện của bạn",
    "AlternateTitles": "Tiêu đề thay thế",
    "AlternateTitleslength1Title": "Tiêu đề",
    "AlternateTitleslength1Titles": "Tiêu đề",
    "ApplyTags": "Áp dụng thẻ",
    "ApplyTagsHelpTextReplace": "Thay thế: Thay thế các thẻ bằng các thẻ đã nhập (không nhập thẻ nào để xóa tất cả các thẻ)",
    "ArtistAlbumClickToChangeTrack": "Bấm để thay đổi phim",
    "AutoRedownloadFailedHelpText": "Tự động tìm kiếm và cố gắng tải xuống một bản phát hành khác",
    "BackupFolderHelpText": "Các đường dẫn tương đối sẽ nằm trong thư mục AppData của {appName}",
    "BackupNow": "Sao lưu ngay",
    "BackupRetentionHelpText": "Các bản sao lưu tự động cũ hơn khoảng thời gian lưu giữ sẽ tự động được dọn dẹp",
    "Backups": "Những bản sao lưu",
    "BindAddress": "Địa chỉ ràng buộc",
    "BindAddressHelpTextWarning": "Yêu cầu khởi động lại để có hiệu lực",
    "Blocklist": "Danh sách chặn",
    "BlocklistRelease": "Chặn bản phát hành",
    "Branch": "Chi nhánh",
    "BypassProxyForLocalAddresses": "Bỏ qua proxy cho địa chỉ cục bộ",
    "Calendar": "Lịch",
    "CalendarWeekColumnHeaderHelpText": "Được hiển thị phía trên mỗi cột khi tuần là chế độ xem đang hoạt động",
    "Cancel": "Huỷ bỏ",
    "CancelPendingTask": "Bạn có chắc chắn muốn hủy nhiệm vụ đang chờ xử lý này không?",
    "CertificateValidation": "Xác thực chứng chỉ",
    "ChangeFileDate": "Thay đổi ngày tệp",
    "ChangeHasNotBeenSavedYet": "Thay đổi vẫn chưa được lưu",
    "ChmodFolder": "Thư mục chmod",
    "ChmodFolderHelpText": "Hệ bát phân, được áp dụng trong quá trình nhập / đổi tên cho các thư mục và tệp phương tiện (không có bit thực thi)",
    "ChmodFolderHelpTextWarning": "Điều này chỉ hoạt động nếu người dùng chạy {appName} là chủ sở hữu của tệp. Tốt hơn là đảm bảo ứng dụng khách tải xuống đặt các quyền đúng cách.",
    "ChownGroupHelpText": "Tên nhóm hoặc gid. Sử dụng gid cho các hệ thống tệp từ xa.",
    "ChownGroupHelpTextWarning": "Điều này chỉ hoạt động nếu người dùng chạy {appName} là chủ sở hữu của tệp. Tốt hơn là đảm bảo rằng ứng dụng khách tải xuống sử dụng cùng một nhóm với {appName}.",
    "Clear": "Thông thoáng",
    "ClickToChangeQuality": "Nhấp để thay đổi chất lượng",
    "ClientPriority": "Ưu tiên khách hàng",
    "CloneIndexer": "Trình lập chỉ mục nhân bản",
    "CloneProfile": "Hồ sơ nhân bản",
    "Columns": "Cột",
    "CompletedDownloadHandling": "Đã hoàn thành xử lý tải xuống",
    "Component": "Thành phần",
    "Connections": "Kết nối",
    "ConnectSettings": "Kết nối Cài đặt",
    "CopyUsingHardlinksHelpText": "Sử dụng Liên kết cứng khi cố gắng sao chép tệp từ torrent vẫn đang được seed",
    "CopyUsingHardlinksHelpTextWarning": "Đôi khi, khóa tệp có thể ngăn đổi tên các tệp đang được seed. Bạn có thể tạm thời tắt tính năng seeding và sử dụng chức năng đổi tên của {appName} như một công việc xung quanh.",
    "CreateEmptyArtistFolders": "Tạo thư mục phim trống",
    "CreateEmptyArtistFoldersHelpText": "Tạo thư mục phim bị thiếu trong quá trình quét đĩa",
    "CreateGroup": "Tạo nhóm",
    "CutoffHelpText": "Khi đạt đến chất lượng này {appName} sẽ không tải phim nữa",
    "CutoffUnmet": "Cắt bỏ chưa được đáp ứng",
    "DatabaseMigration": "Di chuyển DB",
    "DelayProfile": "Hồ sơ trì hoãn",
    "DelayProfiles": "Hồ sơ trì hoãn",
    "Delete": "Xóa bỏ",
    "DeleteBackup": "Xóa bản sao lưu",
    "DeleteBackupMessageText": "Bạn có chắc chắn muốn xóa bản sao lưu '{0}' không?",
    "DeleteDelayProfile": "Xóa hồ sơ độ trễ",
    "DeleteDelayProfileMessageText": "Bạn có chắc chắn muốn xóa hồ sơ trì hoãn này không?",
    "DeleteDownloadClient": "Xóa ứng dụng khách tải xuống",
    "DeleteDownloadClientMessageText": "Bạn có chắc chắn muốn xóa ứng dụng khách tải xuống '{0}' không?",
    "DeleteEmptyFolders": "Xóa các thư mục trống",
    "DeleteImportListExclusion": "Xóa loại trừ danh sách nhập",
    "DeleteImportListExclusionMessageText": "Bạn có chắc chắn muốn xóa loại trừ danh sách nhập này không?",
    "DeleteImportListMessageText": "Bạn có chắc chắn muốn xóa danh sách '{0}' không?",
    "DeleteIndexer": "Xóa trình lập chỉ mục",
    "DeleteIndexerMessageText": "Bạn có chắc chắn muốn xóa trình lập chỉ mục '{0}' không?",
    "DeleteMetadataProfileMessageText": "Bạn có chắc chắn muốn xóa cấu hình chất lượng không {0}",
    "DeleteNotification": "Xóa thông báo",
    "DeleteNotificationMessageText": "Bạn có chắc chắn muốn xóa thông báo '{0}' không?",
    "DeleteQualityProfile": "Xóa hồ sơ chất lượng",
    "DeleteQualityProfileMessageText": "Bạn có chắc chắn muốn xóa cấu hình chất lượng không {0}",
    "DeleteReleaseProfile": "Xóa hồ sơ độ trễ",
    "DeleteReleaseProfileMessageText": "Bạn có chắc chắn muốn xóa hồ sơ trì hoãn này không?",
    "DeleteRootFolderMessageText": "Bạn có chắc chắn muốn xóa trình lập chỉ mục '{0}' không?",
    "DeleteSelectedTrackFiles": "Xóa các tệp phim đã chọn",
    "DeleteSelectedTrackFilesMessageText": "Bạn có chắc chắn muốn xóa các tệp phim đã chọn không?",
    "DeleteTag": "Xóa thẻ",
    "DeleteTagMessageText": "Bạn có chắc chắn muốn xóa thẻ '{0}' không?",
    "DestinationPath": "Đường dẫn đích",
    "DetailedProgressBar": "Thanh tiến trình chi tiết",
    "DetailedProgressBarHelpText": "Hiển thị văn bản trên thanh tiến trình",
    "DiskSpace": "Dung lượng đĩa",
    "Docker": "Docker",
    "DownloadClient": "Tải xuống ứng dụng khách",
    "DownloadClients": "Tải xuống ứng dụng khách",
    "DownloadClientSettings": "Tải xuống cài đặt ứng dụng khách",
    "DownloadFailedCheckDownloadClientForMoreDetails": "Tải xuống không thành công: kiểm tra ứng dụng khách tải xuống để biết thêm chi tiết",
    "DownloadFailedInterp": "Tải xuống không thành công: {0}",
    "Downloading": "Đang tải xuống",
    "DownloadPropersAndRepacksHelpTexts1": "Có tự động nâng cấp lên Propers / Repacks hay không",
    "DownloadWarningCheckDownloadClientForMoreDetails": "Cảnh báo tải xuống: kiểm tra ứng dụng khách tải xuống để biết thêm chi tiết",
    "Edit": "Biên tập",
    "Enable": "Kích hoạt",
    "EnableAutomaticAdd": "Bật tính năng Thêm tự động",
    "EnableAutomaticSearch": "Bật tìm kiếm tự động",
    "EnableColorImpairedMode": "Bật Chế độ Khuyết màu",
    "EnableColorImpairedModeHelpText": "Đã thay đổi kiểu để cho phép người dùng khiếm thị phân biệt rõ hơn thông tin mã màu",
    "EnableCompletedDownloadHandlingHelpText": "Tự động nhập các bản tải xuống đã hoàn thành từ máy khách tải xuống",
    "EnableHelpText": "Cho phép tạo tệp siêu dữ liệu cho loại siêu dữ liệu này",
    "EnableInteractiveSearch": "Bật tìm kiếm tương tác",
    "EnableRSS": "Bật RSS",
    "EnableSSL": "Bật SSL",
    "EnableSslHelpText": " Yêu cầu khởi động lại chạy với tư cách quản trị viên để có hiệu lực",
    "Ended": "Đã kết thúc",
    "ErrorLoadingContents": "Lỗi khi tải nội dung",
    "ErrorLoadingPreviews": "Lỗi khi tải bản xem trước",
    "Exception": "ngoại lệ",
    "FileDateHelpText": "Thay đổi ngày tệp khi nhập / quét lại",
    "FileManagement": "Quản lý tệp",
    "Filename": "Tên tệp",
    "FileNames": "Tên tệp",
    "Files": "Các tập tin",
    "FirstDayOfWeek": "Ngày đầu tuần",
    "Fixed": "đã sửa",
    "Folder": "Thư mục",
    "Folders": "Thư mục",
    "ForMoreInformationOnTheIndividualIndexersClickOnTheInfoButtons": "Để biết thêm thông tin về các chỉ mục riêng lẻ, hãy nhấp vào các nút thông tin.",
    "ForMoreInformationOnTheIndividualListsClickOnTheInfoButtons": "Để biết thêm thông tin về các danh sách nhập riêng lẻ, hãy nhấp vào các nút thông tin.",
    "GeneralSettings": "Cài đặt chung",
    "Global": "Toàn cầu",
    "GoToInterp": "Đi tới {0}",
    "Grab": "Vồ lấy",
    "GrabRelease": "Lấy bản phát hành",
    "GrabSelected": "Lấy đã chọn",
    "Group": "Nhóm",
    "HasPendingChangesNoChanges": "Không thay đổi",
    "HasPendingChangesSaveChanges": "Lưu thay đổi",
    "History": "Lịch sử",
    "Host": "Tổ chức",
    "HostHelpText": "Cùng một máy chủ lưu trữ mà bạn đã chỉ định cho Máy khách tải xuống từ xa",
    "Hostname": "Tên máy chủ",
    "ICalFeed": "iCal Feed",
    "ICalHttpUrlHelpText": "Sao chép URL này vào (các) khách hàng của bạn hoặc nhấp để đăng ký nếu trình duyệt của bạn hỗ trợ webcal",
    "ICalLink": "Liên kết iCal",
    "IconForCutoffUnmet": "Biểu tượng cho Cutoff Unmet",
    "IgnoredAddresses": "Địa chỉ bị Bỏ qua",
    "IgnoredHelpText": "Bản phát hành sẽ bị từ chối nếu nó chứa một hoặc nhiều điều khoản (không phân biệt chữ hoa chữ thường)",
    "IgnoredPlaceHolder": "Thêm hạn chế mới",
    "IllRestartLater": "Tôi sẽ khởi động lại sau",
    "ImportedTo": "Đã nhập vào",
    "ImportExtraFiles": "Nhập tệp bổ sung",
    "ImportExtraFilesHelpText": "Nhập các tệp bổ sung phù hợp (phụ đề, nfo, v.v.) sau khi nhập tệp phim",
    "ImportFailedInterp": "Nhập không thành công: {0}",
    "Importing": "Nhập khẩu",
    "IncludeUnknownArtistItemsHelpText": "Hiển thị các mục không có phim trong hàng đợi. Điều này có thể bao gồm các phim đã bị xóa hoặc bất kỳ thứ gì khác trong danh mục của {appName}",
    "IncludeUnmonitored": "Bao gồm Không theo dõi",
    "Indexer": "Người lập chỉ mục",
    "IndexerPriority": "Mức độ ưu tiên của người lập chỉ mục",
    "Indexers": "Người lập chỉ mục",
    "IndexerSettings": "Cài đặt trình lập chỉ mục",
    "InteractiveSearch": "Tìm kiếm tương tác",
    "Interval": "Khoảng thời gian",
    "IsCutoffCutoff": "Cắt",
    "IsCutoffUpgradeUntilThisQualityIsMetOrExceeded": "Nâng cấp cho đến khi đáp ứng hoặc vượt quá chất lượng này",
    "IsTagUsedCannotBeDeletedWhileInUse": "Không thể bị xóa khi đang sử dụng",
    "LaunchBrowserHelpText": " Mở trình duyệt web và điều hướng đến trang chủ {appName} khi khởi động ứng dụng.",
    "Level": "Cấp độ",
    "LidarrSupportsAnyIndexerThatUsesTheNewznabStandardAsWellAsOtherIndexersListedBelow": "{appName} hỗ trợ bất kỳ trình chỉ mục nào sử dụng tiêu chuẩn Newznab, cũng như các trình chỉ mục khác được liệt kê bên dưới.",
    "LidarrTags": "Thẻ {appName}",
    "Local": "Địa phương",
    "LocalPath": "Đường dẫn địa phương",
    "LocalPathHelpText": "Đường dẫn mà {appName} nên sử dụng để truy cập cục bộ đường dẫn từ xa",
    "LogFiles": "Tệp nhật ký",
    "Logging": "Ghi nhật ký",
    "LogLevel": "Mức đăng nhập",
    "LogLevelvalueTraceTraceLoggingShouldOnlyBeEnabledTemporarily": "Ghi nhật ký theo dõi chỉ nên được bật tạm thời",
    "Logs": "Nhật ký",
    "LongDateFormat": "Định dạng ngày dài",
    "ManualImport": "Nhập thủ công",
    "MarkAsFailed": "Đánh dấu là Không thành công",
    "MarkAsFailedMessageText": "Bạn có chắc chắn muốn đánh dấu '{0}' là không thành công không?",
    "MaximumLimits": "Giới hạn tối đa",
    "PackageVersion": "Phiên bản gói",
    "PageSize": "Kích thước trang",
    "Scheduled": "Lên kế hoạch",
    "ScriptPath": "Đường dẫn tập lệnh",
    "Search": "Tìm kiếm",
    "SendAnonymousUsageData": "Gửi dữ liệu sử dụng ẩn danh",
    "SetPermissions": "Đặt quyền",
    "SetPermissionsLinuxHelpText": "Có nên chạy chmod khi tệp được nhập / đổi tên không?",
    "UnableToLoadLists": "Không thể tải danh sách",
    "UnableToLoadMediaManagementSettings": "Không thể tải cài đặt Quản lý phương tiện",
    "UnableToLoadMetadata": "Không thể tải Siêu dữ liệu",
    "UnableToLoadMetadataProfiles": "Không thể tải hồ sơ độ trễ",
    "Ungroup": "Bỏ nhóm",
    "UiLanguageHelpText": "Ngôn ngữ mà {appName} sẽ sử dụng cho giao diện người dùng",
    "UiLanguageHelpTextWarning": "Yêu cầu tải lại trình duyệt",
    "UnableToAddANewDownloadClientPleaseTryAgain": "Không thể thêm ứng dụng khách tải xuống mới, vui lòng thử lại.",
    "UnableToAddANewIndexerPleaseTryAgain": "Không thể thêm trình chỉ mục mới, vui lòng thử lại.",
    "UnableToAddANewListPleaseTryAgain": "Không thể thêm danh sách mới, vui lòng thử lại.",
    "UnableToAddANewMetadataProfilePleaseTryAgain": "Không thể thêm hồ sơ chất lượng mới, vui lòng thử lại.",
    "Usenet": "Usenet",
    "UrlBaseHelpText": "Đối với hỗ trợ proxy ngược, mặc định là trống",
    "Username": "tên tài khoản",
    "UsingExternalUpdateMechanismBranchToUseToUpdateLidarr": "Nhánh sử dụng để cập nhật {appName}",
    "UsingExternalUpdateMechanismBranchUsedByExternalUpdateMechanism": "Nhánh được sử dụng bởi cơ chế cập nhật bên ngoài",
    "Version": "Phiên bản",
    "WeekColumnHeader": "Tiêu đề cột tuần",
    "Year": "Năm",
    "20MinutesTwenty": "60 phút: {0}",
    "AnalyticsEnabledHelpText": "Gửi thông tin sử dụng và lỗi ẩn danh đến máy chủ của {appName}. Điều này bao gồm thông tin về trình duyệt của bạn, trang WebUI của {appName} mà bạn sử dụng, báo cáo lỗi cũng như hệ điều hành và phiên bản thời gian chạy. Chúng tôi sẽ sử dụng thông tin này để ưu tiên các tính năng và sửa lỗi.",
    "AnalyticsEnabledHelpTextWarning": "Yêu cầu khởi động lại để có hiệu lực",
    "Automatic": "Tự động",
    "DelayingDownloadUntil": "Trì hoãn tải xuống cho đến {0} lúc {1}",
    "Actions": "Hành động",
    "ApiKeyHelpTextWarning": "Yêu cầu khởi động lại để có hiệu lực",
    "AppDataDirectory": "Thư mục AppData",
    "Authentication": "Xác thực",
    "AuthenticationMethodHelpText": "Yêu cầu Tên người dùng và Mật khẩu để truy cập {appName}",
    "Dates": "ngày",
    "BindAddressHelpText": "Địa chỉ IP hợp lệ, localhost hoặc '*' cho tất cả các giao diện",
    "CertificateValidationHelpText": "Thay đổi cách xác thực chứng chỉ HTTPS nghiêm ngặt. Không được đổi nếu bạn biết rõ về",
    "EventType": "Loại sự kiện",
    "Progress": "Phát triển",
    "RejectionCount": "Số lượng từ chối",
    "Title": "Tiêu đề",
    "Activity": "Hoạt động",
    "Add": "Thêm vào",
    "AddDelayProfile": "Thêm cấu hình trễ",
    "Added": "Đã thêm",
    "AddIndexer": "Thêm trình lập chỉ mục",
    "AddNew": "Thêm mới",
    "AddQualityProfile": "Thêm hồ sơ chất lượng",
    "AddRemotePathMapping": "Thêm ánh xạ đường dẫn từ xa",
    "AddRootFolder": "Thêm thư mục gốc",
    "AfterManualRefresh": "Sau khi làm mới thủ công",
    "All": "Tất cả",
    "AllFiles": "Tất cả các tệp",
    "Always": "Luôn luôn",
    "Apply": "Áp dụng",
    "AudioInfo": "Thông tin âm thanh",
    "BeforeUpdate": "Trước khi cập nhật",
    "Close": "Đóng",
    "Connect": "Kết nối",
    "Custom": "Tập quán",
    "CustomFilters": "Bộ lọc tùy chỉnh",
    "Date": "Ngày",
    "Deleted": "Đã xóa",
    "Details": "Chi tiết",
    "Donations": "Quyên góp",
    "DoNotPrefer": "Không thích",
    "DoNotUpgradeAutomatically": "Không nâng cấp tự động",
    "DownloadFailed": "Tải xuống không thành công",
    "EditDelayProfile": "Chỉnh sửa hồ sơ độ trễ",
    "EditImportListExclusion": "Xóa loại trừ danh sách nhập",
    "EditQualityProfile": "Chỉnh sửa hồ sơ chất lượng",
    "EditRemotePathMapping": "Chỉnh sửa ánh xạ đường dẫn từ xa",
    "EditRootFolder": "Thêm thư mục gốc",
    "ErrorRestoringBackup": "Lỗi khi khôi phục bản sao lưu",
    "Events": "Sự kiện",
    "FreeSpace": "Không gian trông",
    "General": "Chung",
    "Grabbed": "Nắm lấy",
    "HardlinkCopyFiles": "Hardlink / Sao chép tệp",
    "HideAdvanced": "Ẩn nâng cao",
    "Ignored": "Mặc kệ",
    "Import": "Nhập khẩu",
    "Info": "Thông tin",
    "InteractiveImport": "Nhập tương tác",
    "LastDuration": "lastDuration",
    "LastExecution": "Lần thực hiện cuối cùng",
    "LastUsed": "Được sử dụng lần cuối",
    "LastWriteTime": "Lần viết cuối cùng",
    "Location": "Vị trí",
    "MediaManagement": "Quản lý truyền thông",
    "Metadata": "metadata",
    "MonitoredOnly": "Chỉ giám sát",
    "MoveAutomatically": "Nhập nhanh",
    "MoveFiles": "Di chuyển tệp",
    "NextExecution": "Thực hiện tiếp theo",
    "OnlyTorrent": "Chỉ Torrent",
    "OnlyUsenet": "Chỉ Usenet",
    "Organize": "Tổ chức",
    "OutputPath": "Đường đầu ra",
    "Peers": "Ngang hàng",
    "PreferAndUpgrade": "Ưu tiên và nâng cấp",
    "Presets": "Cài đặt trước",
    "QualityLimitsHelpText": "Các giới hạn được tự động điều chỉnh cho thời gian chạy phim.",
    "Queued": "Đã xếp hàng",
    "Rating": "Xếp hạng",
    "ReleaseTitle": "Tiêu đề phát hành",
    "Renamed": "Đã đổi tên",
    "Replace": "Thay thế",
    "RestartRequiredHelpTextWarning": "Yêu cầu khởi động lại để có hiệu lực",
    "RestoreBackupAdditionalInfo": "Lưu ý: {appName} sẽ tự động khởi động lại và tải lại giao diện người dùng trong quá trình khôi phục.",
    "Save": "Tiết kiệm",
    "Seeders": "Máy gieo hạt",
    "Select...": "'Lựa chọn...",
    "SelectFolder": "Chọn thư mục",
    "SelectQuality": "Chọn chất lượng",
    "ShowAdvanced": "Hiển thị nâng cao",
    "SizeOnDisk": "Kích thước trên đĩa",
    "SourceTitle": "Tiêu đề nguồn",
    "TimeLeft": "Thời gian còn lại",
    "TotalSpace": "Tổng không gian",
    "UnmappedFilesOnly": "Chỉ các tệp chưa được ánh xạ",
    "UnmonitoredOnly": "Chỉ giám sát",
    "UpgradesAllowed": "Nâng cấp được phép",
    "Wanted": "Muốn",
    "Warn": "Cảnh báo",
    "WouldYouLikeToRestoreBackup": "Bạn có muốn khôi phục bản sao lưu {0} không?",
    "Manual": "Thủ công",
    "Test": "Kiểm tra",
    "Ui": "Giao diện người dùng",
    "Backup": "Sao lưu",
    "Filters": "Bộ lọc",
    "Genres": "Thể loại",
    "AddImportListExclusion": "Xóa loại trừ danh sách nhập",
    "Age": "Tuổi tác",
    "Error": "lỗi",
    "NoTagsHaveBeenAddedYet": "Chưa có thẻ nào được thêm vào",
    "Ok": "Đồng ý",
    "System": "Hệ thống",
    "ImportListExclusions": "Xóa loại trừ danh sách nhập",
    "DoneEditingGroups": "Chỉnh sửa xong nhóm",
    "EditGroups": "Chỉnh sửa nhóm",
    "QualitiesHelpText": "Các phẩm chất cao hơn trong danh sách được ưu tiên hơn. Các phẩm chất trong cùng một nhóm là ngang nhau. Chỉ những phẩm chất đã được kiểm tra mới được mong muốn",
    "CustomFormatScore": "Điểm định dạng tùy chỉnh",
    "MinimumCustomFormatScore": "Điểm định dạng tùy chỉnh tối thiểu",
    "CloneCustomFormat": "Định dạng tùy chỉnh sao chép",
    "ColonReplacement": "Thay thế ruột kết",
    "Conditions": "Điều kiện",
    "CopyToClipboard": "Sao chép vào clipboard",
    "CouldntFindAnyResultsForTerm": "Không thể tìm thấy bất kỳ kết quả nào cho '{0}'",
    "DeleteCustomFormat": "Xóa định dạng tùy chỉnh",
    "DeleteCustomFormatMessageText": "Bạn có chắc chắn muốn xóa trình lập chỉ mục '{0}' không?",
    "DeleteFormatMessageText": "Bạn có chắc chắn muốn xóa thẻ định dạng {0} không?",
    "Disabled": "Tàn tật",
    "DownloadClientRootFolderHealthCheckMessage": "Tải xuống ứng dụng khách {downloadClientName} đặt các bản tải xuống trong thư mục gốc {rootFolderPath}. Bạn không nên tải xuống thư mục gốc.",
    "DownloadClientCheckUnableToCommunicateMessage": "Không thể giao tiếp với {0}.",
    "DownloadClientStatusCheckAllClientMessage": "Tất cả các ứng dụng khách tải xuống không khả dụng do lỗi",
    "DownloadClientStatusCheckSingleClientMessage": "Ứng dụng khách tải xuống không khả dụng do lỗi: {0}",
    "DownloadPropersAndRepacksHelpTextWarning": "Sử dụng các định dạng tùy chỉnh để tự động nâng cấp lên Người ủng hộ / Đóng gói lại",
    "DownloadedUnableToImportCheckLogsForDetails": "Đã tải xuống - Không thể nhập: kiểm tra nhật ký để biết chi tiết",
    "FailedLoadingSearchResults": "Không tải được kết quả tìm kiếm, vui lòng thử lại.",
    "Formats": "Định dạng",
    "HiddenClickToShow": "Ẩn, bấm để hiển thị",
    "ImportListStatusCheckAllClientMessage": "Tất cả danh sách không có sẵn do lỗi",
    "MaintenanceRelease": "Bản phát hành bảo trì: sửa lỗi và các cải tiến khác. Xem Lịch sử cam kết Github để biết thêm chi tiết",
    "MountArtistHealthCheckMessage": "Mount chứa đường dẫn phim được mount ở chế độ chỉ đọc: ",
    "PreferTorrent": "Thích Torrent",
    "PreferUsenet": "Ưu tiên Usenet",
    "ReplaceWithSpaceDash": "Thay thế bằng Dấu gạch ngang",
    "CustomFormat": "Định dạng tùy chỉnh",
    "CustomFormatRequiredHelpText": "Điều kiện {0} này phải phù hợp để áp dụng định dạng tùy chỉnh. Nếu không, một kết hợp {1} duy nhất là đủ.",
    "CustomFormatSettings": "Cài đặt định dạng tùy chỉnh",
    "CustomFormats": "Định dạng tùy chỉnh",
    "Customformat": "Định dạng tùy chỉnh",
    "CutoffFormatScoreHelpText": "Khi đạt đến điểm định dạng tùy chỉnh này, {appName} sẽ không tải phim xuống nữa",
    "ImportListStatusCheckSingleClientMessage": "Danh sách không có sẵn do lỗi: {0}",
    "ImportMechanismHealthCheckMessage": "Bật Xử lý Tải xuống Đã Hoàn tất",
    "IncludeCustomFormatWhenRenamingHelpText": "Bao gồm trong định dạng đổi tên {Custom Formats}",
    "IndexerLongTermStatusCheckAllClientMessage": "Tất cả các trình lập chỉ mục không khả dụng do lỗi trong hơn 6 giờ",
    "IndexerLongTermStatusCheckSingleClientMessage": "Trình lập chỉ mục không khả dụng do lỗi trong hơn 6 giờ: {0}",
    "IndexerRssHealthCheckNoAvailableIndexers": "Tất cả các trình chỉ mục hỗ trợ rss tạm thời không khả dụng do các lỗi trình lập chỉ mục gần đây",
    "IndexerRssHealthCheckNoIndexers": "Không có bộ lập chỉ mục nào có đồng bộ RSS được bật, {appName} sẽ không tự động lấy các bản phát hành mới",
    "IndexerSearchCheckNoAutomaticMessage": "Không có trình chỉ mục nào có sẵn khi bật Tìm kiếm tự động, {appName} sẽ không cung cấp bất kỳ kết quả tìm kiếm tự động nào",
    "IndexerSearchCheckNoAvailableIndexersMessage": "Tất cả các trình chỉ mục có khả năng tìm kiếm tạm thời không khả dụng do các lỗi trình lập chỉ mục gần đây",
    "IndexerSearchCheckNoInteractiveMessage": "Không có trình chỉ mục nào có sẵn khi bật Tìm kiếm tương tác, {appName} sẽ không cung cấp bất kỳ kết quả tìm kiếm tương tác nào",
    "IndexerStatusCheckAllClientMessage": "Tất cả các trình lập chỉ mục không khả dụng do lỗi",
    "IndexerStatusCheckSingleClientMessage": "Trình lập chỉ mục không khả dụng do lỗi: {0}",
    "MinFormatScoreHelpText": "Điểm định dạng tùy chỉnh tối thiểu được phép tải xuống",
    "ProxyCheckBadRequestMessage": "Không thể kiểm tra proxy. Mã trạng thái: {0}",
    "ReplaceWithSpaceDashSpace": "Thay thế bằng Space Dash Space",
    "ShownClickToHide": "Hiển thị, nhấp để ẩn",
    "UpdateCheckStartupNotWritableMessage": "Không thể cài đặt bản cập nhật vì người dùng '{0}' không thể ghi thư mục khởi động '{1}'.",
    "UpdateCheckStartupTranslocationMessage": "Không thể cài đặt bản cập nhật vì thư mục khởi động '{0}' nằm trong thư mục Chuyển vị ứng dụng.",
    "UpdateCheckUINotWritableMessage": "Không thể cài đặt bản cập nhật vì thư mục giao diện người dùng '{0}' không thể ghi bởi người dùng '{1}'.",
    "TheArtistFolderStrongpathstrongAndAllOfItsContentWillBeDeleted": "Thư mục phim '{0}' và tất cả nội dung của nó sẽ bị xóa.",
    "UnableToLoadInteractiveSearch": "Không thể tải kết quả cho tìm kiếm phim này. Thử lại sau",
    "AppDataLocationHealthCheckMessage": "Việc cập nhật sẽ không xảy ra để tránh xóa AppData khi cập nhật",
    "DownloadClientCheckNoneAvailableMessage": "Không có ứng dụng khách tải xuống nào",
    "ItsEasyToAddANewArtistJustStartTypingTheNameOfTheArtistYouWantToAdd": "Thật dễ dàng để thêm phim mới, chỉ cần bắt đầu nhập tên phim bạn muốn thêm",
    "Monitor": "Giám sát",
    "NegateHelpText": "Nếu được chọn, định dạng tùy chỉnh sẽ không áp dụng nếu điều kiện {0} này phù hợp.",
    "ProxyCheckFailedToTestMessage": "Không thể kiểm tra proxy: {0}",
    "ProxyCheckResolveIpMessage": "Không thể phân giải Địa chỉ IP cho Máy chủ Proxy đã Định cấu hình {0}",
    "ReplaceWithDash": "Thay thế bằng Dấu gạch ngang",
    "RootFolderCheckMultipleMessage": "Nhiều thư mục gốc bị thiếu: {0}",
    "RootFolderCheckSingleMessage": "Thiếu thư mục gốc: {0}",
    "SystemTimeCheckMessage": "Thời gian hệ thống tắt hơn 1 ngày. Các tác vụ đã lên lịch có thể không chạy chính xác cho đến khi thời gian được sửa",
    "UnableToLoadCustomFormats": "Không thể tải các Định dạng Tùy chỉnh",
    "ExportCustomFormat": "Xuất định dạng tùy chỉnh",
    "FailedDownloadHandling": "Xử lý tải xuống không thành công",
    "BlocklistReleases": "Phát hành danh sách đen",
    "ApiKeyValidationHealthCheckMessage": "Hãy cập nhật mã API để dài ít nhất {0} kí tự. Bạn có thể làm điều này trong cài đặt hoặc trong tập config",
    "ApplicationURL": "URL của ứng dụng",
    "NoResultsFound": "không tìm thấy kết quả nào",
    "SomeResultsAreHiddenByTheAppliedFilter": "Một số kết quả bị ẩn bởi bộ lọc được áp dụng",
    "SuggestTranslationChange": "Đề xuất thay đổi bản dịch",
    "BlocklistReleaseHelpText": "Ngăn chặn Radarr không lấy bản phát hành này nữa",
    "QueueIsEmpty": "Hàng đợi trống",
    "UpdateSelected": "Cập nhật đã chọn",
    "ApplyTagsHelpTextAdd": "Thêm: Thêm thẻ vào danh sách thẻ hiện có",
    "ApplyTagsHelpTextRemove": "Xóa: Xóa các thẻ đã nhập",
    "BypassIfHighestQuality": "Bỏ qua nếu chất lượng cao nhất",
    "DeleteConditionMessageText": "Bạn có chắc chắn muốn xóa danh sách '{0}' không?",
    "DeleteRemotePathMapping": "Chỉnh sửa ánh xạ đường dẫn từ xa",
    "DeleteSelectedDownloadClients": "Xóa ứng dụng khách tải xuống",
    "DeleteSelectedIndexers": "Xóa trình lập chỉ mục",
    "FailedToLoadQueue": "Không tải được hàng đợi",
    "NoChange": "Không thay đổi",
    "RemoveSelectedItemsQueueMessageText": "Bạn có chắc chắn muốn xóa {0} khỏi hàng đợi không?",
    "ApplyChanges": "Áp dụng thay đổi",
    "Yes": "Đúng",
    "Negated": "Được tôn trọng",
    "ApplyTagsHelpTextHowToApplyArtists": "Cách áp dụng thẻ cho các phim đã chọn",
    "ApplyTagsHelpTextHowToApplyImportLists": "Cách áp dụng thẻ cho các phim đã chọn",
    "ApplyTagsHelpTextHowToApplyIndexers": "Cách áp dụng thẻ cho các phim đã chọn",
    "No": "Không",
    "NoEventsFound": "Không tìm thấy sự kiện",
    "RemovingTag": "Xóa thẻ",
    "AutomaticAdd": "Tự động thêm",
    "RemoveSelectedItemQueueMessageText": "Bạn có chắc chắn muốn xóa {0} khỏi hàng đợi không?",
    "SetTags": "Đặt thẻ",
    "Required": "Cần thiết",
    "ExistingTag": "Thẻ hiện có",
    "AllResultsAreHiddenByTheAppliedFilter": "Tất cả kết quả bị ẩn bởi bộ lọc được áp dụng",
    "WhatsNew": "Có gì mới?",
    "ApplyTagsHelpTextHowToApplyDownloadClients": "Cách áp dụng thẻ cho các phim đã chọn",
    "ConnectionLostReconnect": "Radarr sẽ cố gắng kết nối tự động hoặc bạn có thể nhấp vào tải lại bên dưới.",
    "ConnectionLost": "Kết nối bị mất",
    "NotificationStatusAllClientHealthCheckMessage": "Tất cả danh sách không có sẵn do lỗi",
    "RecentChanges": "Những thay đổi gần đây",
    "NotificationStatusSingleClientHealthCheckMessage": "Danh sách không có sẵn do lỗi: {0}",
    "Enabled": "Đã bật",
    "Priority": "Sự ưu tiên",
    "AddNewArtistRootFolderHelpText": "Thư mục con '{0}' sẽ được tạo tự động",
    "PosterOptions": "Tùy chọn áp phích",
    "Posters": "Áp phích",
    "AuthBasic": "Cơ bản (Cửa sổ bật lên trình duyệt)",
    "AuthForm": "Biểu mẫu (Trang đăng nhập)",
    "GrabId": "Lấy ID",
    "Release": " Phát hành",
    "DisabledForLocalAddresses": "Bị vô hiệu hóa đối với địa chỉ địa phương",
    "RenameFiles": "Đổi tên tệp",
    "Small": "Nhỏ",
    "Table": "Bàn",
    "AddAutoTagError": "Không thể thêm danh sách mới, vui lòng thử lại.",
    "AddConditionError": "Không thể thêm điều kiện mới, vui lòng thử lại.",
    "AlbumsLoadError": "Không thể tải các bản sao lưu",
    "Auto": "Tự động",
    "AutoTaggingNegateHelpText": "Nếu được chọn, định dạng tùy chỉnh sẽ không áp dụng nếu điều kiện {0} này phù hợp.",
    "ConditionUsingRegularExpressions": "Điều kiện này phù hợp với việc sử dụng Biểu thức chính quy. Lưu ý rằng các ký tự {0} có ý nghĩa đặc biệt và cần thoát bằng {1}",
    "Large": "Lớn",
    "Negate": "Phủ nhận",
    "Overview": "Tổng quat",
    "Connection": "Kết nối",
    "DeleteArtistFolderHelpText": "Xóa thư mục phim và nội dung của nó",
    "DeleteAutoTagHelpText": "Bạn có chắc chắn muốn xóa cấu hình chất lượng không {0}",
    "DeleteSpecification": "Xóa thông báo",
    "DeleteSpecificationHelpText": "Bạn có chắc chắn muốn xóa cấu hình chất lượng không {0}",
    "OrganizeSelectedArtists": "Sắp xếp các phim đã chọn",
    "OverviewOptions": "Tùy chọn Tổng quan",
    "AddImportListExclusionArtistHelpText": "Ngăn phim được thêm vào {appName} theo danh sách",
    "AddListExclusionHelpText": "Ngăn phim được thêm vào {appName} theo danh sách",
    "DeleteArtistFoldersHelpText": "Xóa thư mục phim và nội dung của nó",
    "AddNewArtistSearchForMissingAlbums": "Bắt đầu tìm kiếm phim bị thiếu",
    "AddImportListExclusionAlbumHelpText": "Ngăn phim được thêm vào {appName} theo danh sách",
    "ExtraFileExtensionsHelpText": "Danh sách các tệp bổ sung cần nhập được phân tách bằng dấu phẩy (.nfo sẽ được nhập dưới dạng .nfo-orig)",
    "ExtraFileExtensionsHelpTextsExamples": "Ví dụ: '.sub, .nfo' hoặc 'sub, nfo'",
    "NoLimitForAnyDuration": "Không có giới hạn cho bất kỳ thời gian chạy nào",
    "NoMinimumForAnyDuration": "Không có tối thiểu cho bất kỳ thời gian chạy nào",
    "PreferredSize": "Kích thước ưa thích",
    "Unlimited": "Vô hạn",
    "RemoveQueueItemConfirmation": "Bạn có chắc chắn muốn xóa {0} khỏi hàng đợi không?",
    "AutoRedownloadFailed": "Tải xuống không thành công",
    "IncludeHealthWarnings": "Bao gồm các cảnh báo về sức khỏe",
    "FileNameTokens": "Mã thông báo tên tệp",
    "ImportLists": "Danh sách",
    "KeyboardShortcuts": "Các phím tắt bàn phím",
    "Links": "Liên kết",
    "Lowercase": "Chữ thường",
    "MonitoredStatus": "Theo dõi / Trạng thái",
    "Uppercase": "Chữ hoa",
    "ImportList": "Danh sách",
    "DefaultCase": "Trường hợp mặc định",
    "ConnectSettingsSummary": "Thông báo, kết nối với máy chủ / trình phát đa phương tiện và tập lệnh tùy chỉnh",
    "CustomFormatsSettings": "Cài đặt định dạng tùy chỉnh",
    "CustomFormatsSettingsSummary": "Định dạng và Cài đặt Tùy chỉnh",
    "DownloadClientsSettingsSummary": "Tải xuống ứng dụng khách, xử lý tải xuống và ánh xạ đường dẫn từ xa",
    "GeneralSettingsSummary": "Cổng, SSL, tên người dùng / mật khẩu, proxy, phân tích và cập nhật",
    "ImportListsSettingsSummary": "Nhập danh sách, loại trừ danh sách",
    "QualitySettingsSummary": "Kích thước chất lượng và cách đặt tên",
    "TagsSettingsSummary": "Xem tất cả các thẻ và cách chúng được sử dụng. Các thẻ không sử dụng có thể bị xóa",
    "UiSettingsSummary": "Lịch, ngày tháng và các tùy chọn bị suy giảm màu sắc",
    "ArtistIndexFooterDownloading": "Đang tải xuống",
    "AutomaticSearch": "Tìm kiếm tự động",
    "IndexerFlags": "Cờ chỉ mục",
    "CustomFilter": "Bộ lọc tùy chỉnh",
    "FormatAgeHours": "Giờ",
    "FormatAgeMinute": "Phút",
    "MonitorNoAlbums": "không ai",
    "Tomorrow": "Ngày mai",
    "Yesterday": "Hôm qua",
    "AddToDownloadQueue": "Thêm vào hàng đợi tải xuống",
    "AddedToDownloadQueue": "Đã thêm vào hàng đợi tải xuống",
    "FormatAgeMinutes": "Phút",
    "GrabReleaseUnknownArtistOrAlbumMessageText": "{appName} không thể xác định bộ phim này được phát hành. {appName} có thể không tự động nhập bản phát hành này. Bạn có muốn lấy '{0}' không?",
    "InteractiveSearchModalHeader": "Tìm kiếm tương tác",
    "IndexerPriorityHelpText": "Mức độ ưu tiên của người lập chỉ mục từ 1 (Cao nhất) đến 50 (Thấp nhất). Mặc định: 25.",
    "FormatAgeHour": "Giờ",
    "Script": "Kịch bản",
    "BuiltIn": "Được xây dựng trong",
    "DeleteSelectedCustomFormats": "Xóa định dạng tùy chỉnh",
    "IncludeCustomFormatWhenRenaming": "Bao gồm định dạng tùy chỉnh khi đổi tên",
    "AptUpdater": "Sử dụng apt để cài đặt bản cập nhật",
    "DockerUpdater": "cập nhật vùng chứa docker để nhận bản cập nhật",
    "InstallLatest": "Cài đặt mới nhất",
    "OnLatestVersion": "Phiên bản mới nhất của {appName} đã được cài đặt",
    "Shutdown": "Tắt",
    "UpdateAppDirectlyLoadError": "Không thể cập nhật {appName} trực tiếp,",
    "ExternalUpdater": "{appName} được định cấu hình để sử dụng cơ chế cập nhật bên ngoài",
    "AddAutoTag": "Thêm thẻ tự động",
    "AddCondition": "Thêm điều kiện",
    "AddIndexerImplementation": "Thêm trình lập chỉ mục - {implementationName}",
    "BlocklistAndSearch": "Danh sách chặn và tìm kiếm",
    "AddImportListImplementation": "Thêm danh sách nhập - {implementationName}",
    "AutoTagging": "Tự động gắn thẻ",
    "AutoTaggingLoadError": "Không thể tải tính năng tự động gắn thẻ",
    "UseSsl": "Dùng SSL",
    "UpdateAvailableHealthCheckMessage": "Có cập nhật mới: {version}",
    "AppUpdated": "{appName} đã cập nhật",
    "AppUpdatedVersion": "{appName} đã được cập nhật lên phiên bản `{version}`, để nhận được những thay đổi mới nhất, bạn cần tải lại {appName}",
    "AddConditionImplementation": "Thêm điều kiện - {implementationName}",
    "AddConnectionImplementation": "Thêm điều kiện - {implementationName}",
    "AddImportList": "Thêm danh sách nhập",
    "AddDownloadClientImplementation": "Thêm trình tải xuống - {implementationName}",
    "AddConnection": "Thêm kết nối",
    "AuthenticationMethod": "Phương thức xác thực",
    "AuthenticationMethodHelpTextWarning": "Vui lòng chọn một phương thức xác thực hợp lệ",
    "AuthenticationRequired": "Bắt buộc phải xác thực",
    "AuthenticationRequiredPasswordConfirmationHelpTextWarning": "Xác nhận mật khẩu mới",
    "AuthenticationRequiredPasswordHelpTextWarning": "Nhập mật khẩu mới",
    "AuthenticationRequiredUsernameHelpTextWarning": "Nhập tên người dùng mới",
    "AuthenticationRequiredWarning": "Để ngăn truy cập từ xa mà không cần xác thực, {appName} hiện yêu cầu bật xác thực. Bạn có thể tùy ý tắt xác thực từ các địa chỉ cục bộ.",
    "AutomaticUpdatesDisabledDocker": "Cập nhật tự động không được hỗ trợ trực tiếp khi sử dụng cơ chế cập nhật Docker. Bạn sẽ cần cập nhật container image của {appName} hoặc sử dụng tập lệnh",
    "UnmappedFiles": "Thư mục chưa được ánh xạ",
    "EditIndexerImplementation": "Thêm điều kiện - {implementationName}",
    "EditReleaseProfile": "Chỉnh sửa hồ sơ độ trễ",
    "Clone": "Đóng",
    "EditConditionImplementation": "Thêm điều kiện - {implementationName}",
    "Season": "Lý do",
    "AddReleaseProfile": "Chỉnh sửa hồ sơ độ trễ",
    "EditConnectionImplementation": "Thêm điều kiện - {implementationName}",
    "AddDelayProfileError": "Không thể thêm hồ sơ chất lượng mới, vui lòng thử lại.",
    "Max": "Max",
    "Min": "Min",
    "Preferred": "Ưu tiên",
    "Today": "Hôm nay",
    "MappedNetworkDrivesWindowsService": "Các ổ đĩa mạng được ánh xạ không khả dụng khi chạy dưới dạng Dịch vụ Windows. Vui lòng xem Câu hỏi thường gặp để biết thêm thông tin",
    "DownloadClientSettingsRecentPriority": "Ưu tiên khách hàng"
}
