<?xml version="1.0" encoding="UTF-8" standalone="yes"?>
<addon id="service.sonarr"
       name="Sonarr"
       version="1.1.0"
       provider-name="caradium">
  <requires>
    <import addon="xbmc.python" version="3.0.0"/>

    <import addon="virtual.icu4c" version="0.0.0" />
  </requires>
  <extension point="xbmc.service" library="default.py">
    <provides></provides>
  </extension>
  <extension point="xbmc.addon.metadata">
    <summary>Sonarr: a PVR for Usenet and BitTorrent users</summary>
    <description>
Sonarr is a PVR for Usenet and BitTorrent users. It can monitor multiple RSS feeds for new episodes of your favorite shows and will grab, sort and rename them. It can also be configured to automatically upgrade the quality of files already downloaded when a better quality format becomes available.
    </description>
    <disclaimer>
Keep it legal and carry on
    </disclaimer>
    <platform>all</platform>
    <news>

v1.0.1  (2025-01-02)
- Initial version

v1.0.2  (2025-01-07)
- added fanart

v1.1.0  (2025-01-29)
- added icu as a dependency
- changed systemd service to a simple type
- added exec permission to ffprobe
    </news>
    <assets>
      <icon>resources/icon.png</icon>
      <fanart>resources/fanart.png</fanart>

    </assets>
  </extension>
</addon>
