<addon id="service.caradium" name="Caradium Add-ons" version="0.0.7" provider-name="caradium">
  <requires>
    <import addon="xbmc.python" version="3.0.0" />
  </requires>
  <extension point="xbmc.service" library="default.py">
    <provides />
  </extension>
  <extension point="xbmc.addon.repository">
    <dir>
      <datadir zip="true">TBD</datadir>
      <info compressed="false">TBD</info>
      <checksum compressed="false">TBD</checksum>
    </dir>
  </extension>
  <extension point="xbmc.addon.metadata">
    <summary>Caradium Add-ons Repository</summary>
    <description>Service Add-ons for Kodi</description>
    <disclaimer>Keep it legal and carry on</disclaimer>
    <language>en</language>
    <platform>all</platform>
    <license>GPL-2.0-or-later</license>
    <forum />
    <website />
    <email>caradium@duck.com</email>
    <source>https://github.com/caradium/caradium</source>
    <news>
    </news>
    <assets>
        <icon>resources/icon.png</icon>
        <fanart>resources/fanart.jpg</fanart>
        <banner>resources/banner.jpg</banner>
    </assets>
  </extension>
</addon>