<?xml version="1.0" encoding="UTF-8" standalone="yes"?>
<addon id="service.prowlarr"
       name="Prowlarr"
       version="1.1.2"
       provider-name="caradium">
  <requires>
    <import addon="xbmc.python" version="3.0.0"/>

    <import addon="virtual.icu4c" version="1.74.1" />
  </requires>
  <extension point="xbmc.service" library="default.py">
    <provides></provides>
  </extension>
  <extension point="xbmc.addon.metadata">
    <summary>Prowlarr: The Ultimate Indexer Manager</summary>
    <description>
Prowlarr is an indexer manager/proxy built on the popular *arr .net/reactjs base stack to integrate with your various PVR apps. Prowlarr supports management of both Torrent Trackers and Usenet Indexers. It integrates seamlessly with Lidarr, Mylar3, Radarr, Readarr, and Sonarr offering complete management of your indexers with no per app Indexer setup required.
    </description>
    <disclaimer>
Keep it legal and carry on
    </disclaimer>
    <platform>all</platform>
    <news>
v1.1.2  (2025-04-05)
- specified the actual version of icu
- added a build for the arm architecture

v1.1.1  (2025-01-31)
- change the systemd type from forking to simple

v1.1.0  (2025-01-30)
- added icu as a dependancy

v0.0.1  (2025-01-07)
- Initial version

    </news>
    <assets>
      <icon>resources/icon.png</icon>
      <fanart>resources/fanart.jpg</fanart>
<screenshot>resources/screenshot-1.jpg</screenshot>

    </assets>
  </extension>
</addon>
