{
    "Add": "Legg til",
    "AddDownloadClient": "Legg til nedlastingsklient",
    "Added": "La til",
    "AddingTag": "Legger til tag",
    "All": "Alle",
    "Analytics": "Analyse",
    "AppDataDirectory": "AppData -katalog",
    "ApplyTags": "Bruk Tags",
    "Authentication": "Godkjenning",
    "Automatic": "Automatisk",
    "Backup": "Sikkerhetskopiering",
    "BackupIntervalHelpText": "Intervall mellom automatiske sikkerhetskopier",
    "BackupNow": "Sikkerhetskopier nå",
    "Backups": "Sikkerhetskopier",
    "BeforeUpdate": "Før oppdatering",
    "BindAddressHelpText": "Gyldig IPv4 -adresse, localhost eller \"*\" for alle grensesnitt",
    "Branch": "Gren",
    "Cancel": "Avbryt",
    "CertificateValidation": "Sertifikatvalidering",
    "ChangeHasNotBeenSavedYet": "Endringen er ikke lagret ennå",
    "Clear": "Klar",
    "About": "Om",
    "AcceptConfirmationModal": "Godta bekreftelsesmodal",
    "Actions": "Handlinger",
    "AddDownloadClientToProwlarr": "Ved å legge til en nedlastingsklient kan {appName} sende utgivelser direkte fra brukergrensesnittet mens du gjør et manuelt søk.",
    "AddIndexer": "Legg til indekser",
    "Age": "Alder",
    "ApiKey": "API Nøkkel",
    "AppDataLocationHealthCheckMessage": "Oppdatering vil ikke være mulig for å forhindre sletting av AppData på oppdateringen",
    "Apply": "Bruk",
    "AutomaticSearch": "Automatisk Søk",
    "BackupRetentionHelpText": "Automatiske sikkerhetskopier som er eldre enn oppbevaringsperioden, blir ryddet opp automatisk",
    "BindAddress": "Bind adresse",
    "BranchUpdateMechanism": "Gren brukt av ekstern oppdateringsmekanisme",
    "BypassProxyForLocalAddresses": "Omgå proxy for lokale adresser",
    "CancelPendingTask": "Er du sikker på at du vil avbryte denne ventende oppgaven?",
    "CertificateValidationHelpText": "Endre hvor streng HTTPS -sertifisering validering er",
    "DeleteBackupMessageText": "Er du sikker på at du vil slette formattaggen {0}?",
    "AllIndexersHiddenDueToFilter": "Alle filmer er skjult på grunn av påført filter.",
    "AnalyticsEnabledHelpText": "Send anonym bruk og feilinformasjon til {appName}s servere. Dette inkluderer informasjon om nettleseren din, hvilke {appName} WebUI -sider du bruker, feilrapportering samt OS og kjøretidsversjon. Vi vil bruke denne informasjonen til å prioritere funksjoner og feilrettinger.",
    "AuthenticationMethodHelpText": "Krev brukernavn og passord for å få tilgang til {appName}",
    "BackupFolderHelpText": "Relative stier vil være under {appName}'s AppData -katalog",
    "BranchUpdate": "Gren som skal brukes til å oppdatere {appName}",
    "DeleteApplicationMessageText": "Er du sikker på at du vil slette formattaggen {0}?",
    "DeleteDownloadClientMessageText": "Er du sikker på at du vil slette formattaggen {0}?",
    "DeleteIndexerProxyMessageText": "Er du sikker på at du vil slette formattaggen {0}?",
    "DeleteNotificationMessageText": "Er du sikker på at du vil slette formattaggen {0}?",
    "DeleteTagMessageText": "Er du sikker på at du vil slette formattaggen {0}?",
    "ClientPriority": "Klientprioritet",
    "Close": "Lukk",
    "Enabled": "Aktiver",
    "Title": "Tittel",
    "UI": "Grensesnitt",
    "ConnectionLost": "Tilkobling mistet",
    "New": "Ny",
    "Rss": "RSS",
    "Applications": "Applikasjoner",
    "Connections": "Tilkoblinger",
    "Usenet": "Usenet",
    "Username": "Brukernavn",
    "Language": "språk",
    "Notification": "Varslinger",
    "Notifications": "Varslinger",
    "Password": "Passord",
    "Peers": "Likemenn",
    "Port": "Port",
    "Protocol": "Protokoll",
    "Queue": "Kø",
    "Refresh": "Oppdater",
    "Scheduled": "Planlagt",
    "Search": "Søk",
    "Seeders": "Delere",
    "Settings": "Innstillinger",
    "Torrent": "Torrent",
    "Torrents": "Torrents",
    "CloneProfile": "Klon profil",
    "Columns": "Kolonner",
    "Component": "Komponent",
    "Connect": "Varslinger",
    "ConnectSettings": "Tilkoblingsinnstillinger",
    "CouldNotConnectSignalR": "Kunne ikke koble til SignalR, grensesnitt vil ikke oppdateres",
    "Custom": "Tilpass",
    "Delete": "Slett",
    "Disabled": "deaktivert",
    "DownloadClient": "Nedlastingsklient",
    "DownloadClients": "Nedlastingsklient",
    "Enable": "Aktiver",
    "Encoding": "Koding",
    "Events": "Hendelse",
    "Files": "Fil",
    "Filter": "Filter",
    "Filters": "Filtre",
    "Host": "Vert",
    "Hostname": "Vertsnavn",
    "Indexer": "Indekser",
    "Indexers": "Indeksere",
    "Grabs": "Hent",
    "Application": "Applikasjoner",
    "Reload": "Likemenn",
    "UpdateMechanismHelpText": "Bruk {appName}s innebygde oppdaterer eller et skript",
    "Updates": "Oppdater",
    "URLBase": "URL Base",
    "Details": "detaljer",
    "Info": "Info",
    "Queued": "Kø",
    "Remove": "Slett",
    "Replace": "Erstatt",
    "ApplicationURL": "Applikasjon URL",
    "Episode": "episode",
    "ApplyTagsHelpTextAdd": "Legg til: Legg til taggene i den eksisterende listen med tagger",
    "ApplyTagsHelpTextHowToApplyApplications": "Slik bruker du tagger på de valgte filmene",
    "ApplyTagsHelpTextHowToApplyIndexers": "Slik bruker du tagger på de valgte filmene",
    "DeleteSelectedApplicationsMessageText": "Er du sikker på at du vil slette formattaggen {0}?",
    "DeleteSelectedDownloadClientsMessageText": "Er du sikker på at du vil slette formattaggen {0}?",
    "DeleteSelectedIndexersMessageText": "Er du sikker på at du vil slette formattaggen {0}?",
    "ApplyTagsHelpTextRemove": "Fjern: Fjern de angitte kodene",
    "ApplyTagsHelpTextReplace": "Erstatt: Erstatt taggene med de angitte kodene (skriv inn ingen tagger for å slette alle taggene)",
    "Label": "Merke",
    "Reset": "Tilbakestill",
    "Publisher": "Utgiver",
    "Season": "Sesong",
    "Theme": "Tema",
    "Track": "spor",
    "Categories": "Kategorier",
    "Album": "album",
    "Artist": "artist",
    "ApplicationUrlHelpText": "Denne applikasjonens eksterne URL inkludert http(s)://, port og URL base",
    "ApplyChanges": "Bekreft endringer",
    "ApiKeyValidationHealthCheckMessage": "Vennligst oppdater din API-nøkkel til å være minst {length} tegn lang. Du kan gjøre dette via innstillinger eller konfigurasjonsfilen",
    "ConnectionLostReconnect": "Radarr vil forsøke å koble til automatisk, eller du kan klikke oppdater nedenfor.",
    "ConnectionLostToBackend": "Radarr har mistet tilkoblingen til baksystemet og må lastes inn på nytt for å gjenopprette funksjonalitet.",
    "DeleteAppProfileMessageText": "Er du sikker på at du vil slette denne forsinkelsesprofilen?",
    "AddConnection": "Legg til kobling",
    "AuthBasic": "Grunnleggende (nettleser -popup)",
    "AuthForm": "Skjemaer (påloggingsside)",
    "DisabledForLocalAddresses": "Deaktivert for lokale adresser",
    "ResetAPIKeyMessageText": "Er du sikker på at du vil tilbakestille API -nøkkelen din?",
    "CountApplicationsSelected": "{count} samling(er) valgt",
    "Id": "ID",
    "UnableToAddANewNotificationPleaseTryAgain": "Ikke mulig å legge til ny betingelse, vennligst prøv igjen",
    "Docker": "Docker",
    "UnableToAddANewDownloadClientPleaseTryAgain": "Ikke mulig å legge til ny betingelse, vennligst prøv igjen",
    "EditApplicationImplementation": "Legg til betingelse - {implementationName}",
    "EditIndexerImplementation": "Legg til betingelse - {implementationName}",
    "AddApplicationImplementation": "Legg til betingelse - {implementationName}",
    "EditConnectionImplementation": "Legg til betingelse - {implementationName}",
    "IndexerHDBitsSettingsCodecs": "Kodek",
    "UnableToAddANewIndexerProxyPleaseTryAgain": "Ikke mulig å legge til ny betingelse, vennligst prøv igjen",
    "Directory": "Mappe",
    "UnableToAddANewIndexerPleaseTryAgain": "Ikke mulig å legge til ny betingelse, vennligst prøv igjen",
    "AddConnectionImplementation": "Legg til betingelse - {implementationName}",
    "AddIndexerImplementation": "Legg til betingelse - {implementationName}",
    "AddIndexerProxyImplementation": "Legg til betingelse - {implementationName}",
    "UnableToAddANewApplicationPleaseTryAgain": "Ikke mulig å legge til ny betingelse, vennligst prøv igjen",
    "EditIndexerProxyImplementation": "Legg til betingelse - {implementationName}",
    "UnableToAddANewAppProfilePleaseTryAgain": "Ikke mulig å legge til ny betingelse, vennligst prøv igjen",
    "BuiltIn": "Bygget inn",
    "AllSearchResultsHiddenByFilter": "Alle resultatene er skjult av det anvendte filteret"
}
