{
    "About": "Om",
    "Language": "Språk",
    "IndexerStatusUnavailableHealthCheckMessage": "Indexerare otillgängliga på grund av fel: {indexerNames}",
    "IndexerStatusAllUnavailableHealthCheckMessage": "Samtliga indexerare otillgängliga på grund av fel",
    "Indexers": "Indexerare",
    "Host": "Värd",
    "History": "Historik",
    "HideAdvanced": "Dölj avancerat",
    "Health": "Hälsa",
    "General": "Generell",
    "Folder": "Mapp",
    "Filter": "Filter",
    "Files": "Filer",
    "Events": "Händelser",
    "Edit": "Ändra",
    "DownloadClientStatusSingleClientHealthCheckMessage": "Otillgängliga nedladdningsklienter på grund av misslyckade anslutningsförsök: {downloadClientNames}",
    "DownloadClientStatusAllClientHealthCheckMessage": "Samtliga nedladdningsklienter är otillgängliga på grund av misslyckade anslutningsförsök",
    "DownloadClients": "Nerladdningsklienter",
    "Delete": "Radera",
    "Dates": "Datum",
    "Date": "Datum",
    "CustomFilters": "Anpassade Filter",
    "Connections": "Anslutningar",
    "Connect": "Aviseringar",
    "Clear": "Rensa",
    "BackupNow": "Säkerhetskopiera Nu",
    "Backup": "Säkerhetskopiering",
    "AppDataLocationHealthCheckMessage": "Uppdatering ej möjlig för att AppData inte skall raderas",
    "Analytics": "Analys",
    "All": "Samtliga",
    "MoreInfo": "Mer info",
    "Logging": "Loggning",
    "LogFiles": "Loggfiler",
    "View": "Vy",
    "Updates": "Uppdateringar",
    "UpdateUiNotWritableHealthCheckMessage": "Ej möjligt att installera uppdatering då användargränssnittsmappen '{uiFolder}' inte är skrivbar för användaren '{userName}'.",
    "UpdateStartupTranslocationHealthCheckMessage": "Ej möjligt att installera uppdatering då uppstartsmappen '{startupFolder}' är i en \"App translocation\"-mapp.",
    "UpdateStartupNotWritableHealthCheckMessage": "Ej möjligt att installera uppdatering då uppstartsmappen '{startupFolder}' inte är skrivbar för användaren '{userName}'.",
    "UnselectAll": "Avmarkera samtliga",
    "UISettingsSummary": "Datum, språk, och färgblindhetsinställningar",
    "UI": "Användargränssnitt",
    "Tasks": "Uppgifter",
    "TagsSettingsSummary": "Se samtliga taggar och hur de används. Oanvända taggar kan tas bort",
    "Tags": "Taggar",
    "System": "System",
    "Style": "Stil",
    "Status": "Status",
    "Sort": "Sortera",
    "Size": "Storlek",
    "ShowAdvanced": "Visa avancerat",
    "Settings": "Inställningar",
    "SetTags": "Ange taggar",
    "SelectAll": "Välj samtliga",
    "Security": "Säkerhet",
    "Search": "Sök",
    "Scheduled": "Schemalagt",
    "SaveChanges": "Spara ändringar",
    "RestoreBackup": "Återställ säkerhetskopia",
    "ReleaseBranchCheckOfficialBranchMessage": "Gren {0} är inte en giltig gren av {appName}, du kommer ej erhålla uppdateringar",
    "Refresh": "Uppdatera",
    "Queue": "Kö",
    "ProxyResolveIpHealthCheckMessage": "Misslyckades att slå upp IP-adressen till konfigurerad proxyvärd {proxyHostName}",
    "ProxyFailedToTestHealthCheckMessage": "Test av proxy misslyckades: {url}",
    "ProxyBadRequestHealthCheckMessage": "Test av proxy misslyckades. Statuskod: {statusCode}",
    "Proxy": "Proxy",
    "Protocol": "Protokoll",
    "LastWriteTime": "Senast skriven tid",
    "Indexer": "Indexerare",
    "Grabbed": "Hämtad",
    "GeneralSettingsSummary": "Port, SSL, användarnamn/lösenord, proxy, analyser, och uppdateringar",
    "Filename": "Filnamn",
    "Failed": "Misslyckad",
    "EventType": "Händelsetyp",
    "DownloadClientsSettingsSummary": "Nedladdningsklienter, nedladdningshantering och fjärrsökvägar",
    "DownloadClient": "Nedladdningsklient",
    "ReleaseStatus": "Releasestatus",
    "Details": "Detaljer",
    "ConnectSettingsSummary": "Aviseringar och anpassade script",
    "Added": "Tillagd",
    "Actions": "Åtgärder",
    "Options": "Alternativ",
    "NoChanges": "Inga ändringar",
    "NoChange": "Ingen förändring",
    "Warn": "Varna",
    "Type": "Typ",
    "Title": "Titel",
    "Time": "Tid",
    "TestAll": "Testa samtliga",
    "Test": "Test",
    "TableOptionsColumnsMessage": "Välj vilka kolumner som är synliga och i vilken ordning de dyker upp",
    "TableOptions": "Tabellalternativ",
    "Source": "Källa",
    "Shutdown": "Stäng av",
    "Seeders": "Seeders",
    "Save": "Spara",
    "Restart": "Starta om",
    "Reload": "Ladda om",
    "Peers": "Peers",
    "PageSize": "Sidstorlek",
    "OAuthPopupMessage": "Popups blockeras av din webbläsare",
    "Ok": "Ok",
    "Name": "Namn",
    "Message": "Meddelande",
    "Level": "Nivå",
    "KeyboardShortcuts": "Tangentbordsgenvägar",
    "Info": "Info",
    "HealthNoIssues": "Inga problem hittades med din konfiguration",
    "Error": "Fel",
    "ConnectionLost": "Anslutning saknas",
    "Component": "Komponent",
    "Columns": "Kolumner",
    "Close": "Avsluta",
    "Cancel": "Avbryt",
    "Apply": "TIllämpa",
    "Age": "Ålder",
    "SystemTimeCheckMessage": "Systemklockan går fel med mer än en dag. Schemalagda uppgifter kan få problem att köras innan tiden är korrigerad",
    "HomePage": "Hemsida",
    "IndexerPriority": "Indexerprioritet",
    "Reddit": "Reddit",
    "IndexerProxyStatusAllUnavailableHealthCheckMessage": "Samtliga indexerare otillgängliga på grund av fel",
    "NoLinks": "Inga länkar",
    "NoTagsHaveBeenAddedYet": "Inga taggar har lagts till ännu",
    "NotificationTriggers": "Meddelandeutlösare",
    "Presets": "Förinställningar",
    "RefreshMovie": "Uppdatera filmen",
    "RemoveFilter": "Ta bort filter",
    "ResetAPIKey": "Återställa API-nyckel",
    "Rss": "RSS",
    "SettingsEnableColorImpairedMode": "Aktivera färgskadat läge",
    "ClientPriority": "Klient prioritet",
    "SettingsTimeFormat": "Tidsformat",
    "UnableToAddANewAppProfilePleaseTryAgain": "Det gick inte att lägga till en ny kvalitetsprofil. Försök igen.",
    "UnableToAddANewDownloadClientPleaseTryAgain": "Inte möjligt att lägga till en ny nedladdningsklient, var god försök igen.",
    "UnableToAddANewIndexerPleaseTryAgain": "Inte möjligt att lägga till en ny indexerare, var god försök igen.",
    "UnableToAddANewNotificationPleaseTryAgain": "Det gick inte att lägga till ett nytt meddelande, försök igen.",
    "UpdateScriptPathHelpText": "Sökväg till ett anpassat skript som tar ett extraherat uppdateringspaket och hanterar resten av uppdateringsprocessen",
    "Usenet": "Usenet",
    "UseProxy": "Använd proxy",
    "Username": "Användarnamn",
    "Version": "Version",
    "Wiki": "Wiki",
    "YesCancel": "Ja, avbryt",
    "Yesterday": "Igår",
    "ShowSearchHelpText": "Visa sökknappen på svävaren",
    "ConnectSettings": "Anslutnings inställningar",
    "EditIndexer": "Redigera indexerare",
    "EnableAutomaticSearchHelpText": "Används när automatiska sökningar utförs via användargränssnittet eller av {appName}",
    "Password": "Lösenord",
    "Port": "Port",
    "Add": "Lägg till",
    "ApplyTags": "Tillämpa taggar",
    "RestartRequiredHelpTextWarning": "Kräver omstart för att träda i kraft",
    "Restore": "Återställ",
    "Result": "Resultat",
    "Retention": "Bibehållande",
    "CertificateValidation": "Validering av Certifikat",
    "RssIsNotSupportedWithThisIndexer": "RSS stöds inte av denna indexerare",
    "SaveSettings": "Spara inställningar",
    "ScriptPath": "Skriptsökväg",
    "CouldNotConnectSignalR": "Kunde inte ansluta till SignalR, UI uppdateras inte",
    "DeleteTag": "Radera Tagg",
    "Hostname": "Värdnamn",
    "Mode": "Läge",
    "Docker": "Docker",
    "Enable": "Aktivera",
    "ProxyPasswordHelpText": "Du behöver bara ange ett användarnamn och lösenord om det krävs. Lämna dem tomma annars.",
    "Automatic": "Automatiskt",
    "BindAddress": "Bindningsadress",
    "Branch": "Gren",
    "CloseCurrentModal": "Stäng nuvarande modal",
    "DatabaseMigration": "DB Migration",
    "DeleteApplicationMessageText": "Är du säker på att du vill radera aviseringen '{0}'?",
    "Discord": "Discord",
    "Donations": "Donationer",
    "DownloadClientSettings": "Inställningar för Nedladdningsklient",
    "EnableRss": "Aktivera RSS",
    "MovieIndexScrollBottom": "Filmindex: Skrolla ner",
    "PendingChangesDiscardChanges": "Kassera ändringar och lämna",
    "ProxyType": "Proxy-typ",
    "RestartNow": "Starta om nu",
    "StartupDirectory": "Startkatalog",
    "TestAllClients": "Testa samtliga klienter",
    "Today": "Idag",
    "UILanguageHelpText": "Språk som {appName} kommer att använda för användargränssnitt",
    "UISettings": "UI-inställningar",
    "UnableToLoadNotifications": "Det gick inte att läsa in aviseringar",
    "UnableToLoadTags": "Det gick inte att ladda taggar",
    "AcceptConfirmationModal": "Acceptera bekräftelsemodal",
    "Authentication": "Autentisera",
    "LogLevelTraceHelpTextWarning": "Spårloggning bör endast aktiveras tillfälligt",
    "DeleteIndexerProxyMessageText": "Är du säker på att du vill radera taggen '{0}'?",
    "DeleteNotification": "Radera Avisering",
    "Fixed": "Fast",
    "FocusSearchBox": "Fokus sökruta",
    "IncludeHealthWarningsHelpText": "Inkludera hälsovarningar",
    "IndexerFlags": "Indexerflaggor",
    "AddDownloadClient": "Lägg till nedladdningsklient",
    "AddIndexer": "Lägg till index",
    "AddingTag": "Lägg till tagg",
    "Enabled": "Aktiverad",
    "Exception": "Undantag",
    "IndexerProxyStatusUnavailableHealthCheckMessage": "Indexerare otillgängliga på grund av fel: {indexerProxyNames}",
    "UILanguageHelpTextWarning": "Omladdning av webbläsaren krävs",
    "UnableToLoadHistory": "Det gick inte att läsa in historiken",
    "Uptime": "Drifttid",
    "URLBase": "URL-bas",
    "UnableToLoadUISettings": "Det går inte att ladda UI-inställningarna",
    "UnsavedChanges": "Osparade ändringar",
    "UpdateAutomaticallyHelpText": "Automatiskt ladda ned och installera uppdateringar. Du kommer fortfarande att kunna installera från System: Uppdateringar",
    "UrlBaseHelpText": "För omvänd proxy-stöd är standard tom",
    "AnalyticsEnabledHelpText": "Skicka anonym användning och felinformation till {appName}'s servrar. Detta inkluderar information i din webbläsare, vilka {appName}'s WebUI-sidor du använder, felrapportering samt operativsystem och runtime-version. Vi kommer att använda denna information för att prioritera funktioner och buggfixar.",
    "AppDataDirectory": "AppData-katalog",
    "ApplicationStatusCheckSingleClientMessage": "Listor otillgängliga på grund av fel: {0}",
    "BindAddressHelpText": "Giltig IP4-adress eller '*' för alla gränssnitt",
    "BranchUpdate": "Gren att använda för att uppdatera {appName}",
    "BranchUpdateMechanism": "Gren som används av extern uppdateringsmekanism",
    "BypassProxyForLocalAddresses": "Bypass Proxy för lokala adresser",
    "CancelPendingTask": "Är du säker på att du vill avbryta den väntande uppgiften?",
    "CertificateValidationHelpText": "Ändra hur strikt valideringen av HTTPS certifikat är",
    "ChangeHasNotBeenSavedYet": "Ändringen har inte sparats än",
    "CloneProfile": "Klona profil",
    "Custom": "Beställnings",
    "DeleteBackup": "Radera säkerhetskopia",
    "DeleteBackupMessageText": "Är du säker på att du vill radera säkerhetskopian '{0}'?",
    "DeleteDownloadClient": "Radera nedladdningsklient",
    "DeleteDownloadClientMessageText": "Är du säker på att du vill ta bort nedladdningsklienten '{0}'?",
    "DeleteNotificationMessageText": "Är du säker på att du vill radera aviseringen '{0}'?",
    "DeleteTagMessageText": "Är du säker på att du vill radera taggen '{0}'?",
    "Disabled": "Inaktiverad",
    "EnableAutomaticSearch": "Aktivera Automatisk Sökning",
    "EnableInteractiveSearch": "Aktivera interaktiv sökning",
    "EnableInteractiveSearchHelpText": "Används när interaktiv sökning används",
    "EnableSSL": "Aktivera SSL",
    "EnableSslHelpText": " Kräver omstart som administratör för att träda i kraft",
    "ErrorLoadingContents": "Fel vid inläsning av innehåll",
    "ExistingTag": "Befintlig tagg",
    "FeatureRequests": "Funktionsbegäranden",
    "ForMoreInformationOnTheIndividualDownloadClients": "Klicka på informationsknapparna för mer information om de enskilda nedladdningsklienterna.",
    "GeneralSettings": "Allmänna Inställningar",
    "Grabs": "Hämta",
    "IgnoredAddresses": "Ignorerade adresser",
    "IllRestartLater": "Jag startar om senare",
    "IndexerLongTermStatusAllUnavailableHealthCheckMessage": "Alla indexerare är inte tillgängliga på grund av fel i mer än 6 timmar",
    "IndexerLongTermStatusUnavailableHealthCheckMessage": "Indexatorer är inte tillgängliga på grund av misslyckanden i mer än sex timmar: {indexerNames}",
    "IndexerPriorityHelpText": "Indexeringsprioritet från 1 (högst) till 50 (lägst). Standard: 25.",
    "InteractiveSearch": "Interaktiv sökning",
    "Interval": "Intervall",
    "LaunchBrowserHelpText": " Öppna en webbläsare och navigera till {appName}-hemsidan vid appstart.",
    "Logs": "Loggar",
    "Manual": "Manuell",
    "Mechanism": "Mekanism",
    "MIA": "MIA",
    "MovieIndexScrollTop": "Filmindex: Skrolla upp",
    "NoUpdatesAreAvailable": "Inga uppdateringar är tillgängliga",
    "OnHealthIssueHelpText": "På hälsofrågan",
    "OpenBrowserOnStart": "Öppna webbläsare vid start",
    "OpenThisModal": "Öppna den här modalen",
    "PackageVersion": "Paketversion",
    "PageSizeHelpText": "Antal objekt som ska visas på varje sida",
    "PendingChangesMessage": "Du har osparade ändringar, är du säker på att du vill lämna sidan?",
    "PendingChangesStayReview": "Bo och granska ändringar",
    "PortNumber": "Portnummer",
    "Priority": "Prioritet",
    "ProxyBypassFilterHelpText": "Använd ',' som separator och '*.' som ett jokertecken för underdomäner",
    "ProxyUsernameHelpText": "Du behöver bara ange ett användarnamn och lösenord om det krävs. Lämna dem tomma annars.",
    "ReadTheWikiForMoreInformation": "Läs Wiki för mer information",
    "RemovedFromTaskQueue": "Borttagen från uppgiftskön",
    "RemovingTag": "Ta bort taggen",
    "Reset": "Återställa",
    "SendAnonymousUsageData": "Skickar anonym användningsinformation",
    "SettingsEnableColorImpairedModeHelpText": "Ändrad stil för att göra det möjligt för användare med färgstörning att bättre skilja färgkodad information",
    "SettingsLongDateFormat": "Långt datumformat",
    "SettingsShortDateFormat": "Kort datumformat",
    "SettingsShowRelativeDates": "Visa relativa datum",
    "SettingsShowRelativeDatesHelpText": "Visa relativa (Idag / Igår / etc) eller absoluta datum",
    "ShowSearch": "Visa sök",
    "SSLCertPassword": "SSL-certifierat lösenord",
    "SSLCertPasswordHelpText": "Lösenord för pfx-fil",
    "SSLCertPath": "SSL-certifierad sökväg",
    "SSLCertPathHelpText": "Sökväg till pfx-fil",
    "SSLPort": "SSL-port",
    "StartTypingOrSelectAPathBelow": "Börja skriva eller välj en sökväg nedan",
    "SuggestTranslationChange": "Föreslå översättningsändring",
    "TagCannotBeDeletedWhileInUse": "Kan inte tas bort när den används",
    "TagIsNotUsedAndCanBeDeleted": "Taggen används inte och kan raderas",
    "TagsHelpText": "Gäller filmer med minst en matchande tagg",
    "Tomorrow": "Igår",
    "Torrent": "Torrenter",
    "UILanguage": "UI-språk",
    "UnableToAddANewApplicationPleaseTryAgain": "Det gick inte att lägga till ett nytt meddelande, försök igen.",
    "UnableToLoadBackups": "Det gick inte att ladda säkerhetskopior",
    "UnableToAddANewIndexerProxyPleaseTryAgain": "Inte möjligt att lägga till en ny indexerare, var god försök igen.",
    "UnableToLoadGeneralSettings": "Det går inte att läsa in allmänna inställningar",
    "New": "Ny",
    "NoBackupsAreAvailable": "Inga säkerhetskopior tillgängliga",
    "NoLeaveIt": "Nej, lämna det",
    "AuthenticationMethodHelpText": "Kräva användarnamn och lösenord för att komma åt {appName}",
    "AutomaticSearch": "Automatisk sökning",
    "BackupFolderHelpText": "Relativa sökvägar finns under {appName}'s AppData-katalog",
    "BackupIntervalHelpText": "Intervall mellan automatiska säkerhetskopior",
    "BackupRetentionHelpText": "Automatiska säkerhetskopior som är äldre än lagringsperioden rensas automatiskt",
    "Backups": "Säkerhetskopior",
    "BeforeUpdate": "Innan uppdatering",
    "Torrents": "Torrenter",
    "AllIndexersHiddenDueToFilter": "Samtliga filmer är dolda på grund av tillämpade filter.",
    "ApiKey": "API-nyckel",
    "ApplicationStatusCheckAllClientMessage": "Samtliga listor otillgängliga på grund av fel",
    "LogLevel": "Loggnivå",
    "NoLogFiles": "Inga loggfiler",
    "DownloadClientsLoadError": "Det gick inte att ladda nedladdningsklienter",
    "UpdateMechanismHelpText": "Använd {appName}s inbyggda uppdaterare eller ett skript",
    "AddDownloadClientToProwlarr": "Lägg till en nedladdningsklient tillåter {appName} att sända nyutgåvor direkt från UI:t samtidigt som en manuell sökning genomförs.",
    "UnableToLoadIndexerProxies": "Kunde inte ladda Indexer Proxies",
    "UnableToLoadDevelopmentSettings": "Kunde inte ladda Utvecklingsinställningar",
    "UnableToLoadAppProfiles": "Kunde inte ladda app-profiler",
    "TestAllApps": "Testa Alla Appar",
    "SyncLevelFull": "Full Synkronisering: Kommer att hålla den här appen fullständigt synkad. Ändringar gjorda i {appName} är sedan synkade till den här appen. Några ändringar gjorda fjärrvis kommer bli överskrivna av {appName} under nästa synkning.",
    "SyncLevelAddRemove": "Lägg till och Ta bort Endast: När det är tillagt eller borttaget från {appName}, det kommer uppdatera den här fjärrstyrda appen.",
    "SyncLevel": "Synka Nivå",
    "SyncAppIndexers": "Synka App Indexers",
    "Stats": "Statistik",
    "SettingsSqlLoggingHelpText": "Logga alla SQL frågor från {appName}",
    "SettingsLogSql": "Logga Sql",
    "SettingsLogRotateHelpText": "Största nummer av loggfiler att ha sparat i logg-mappen",
    "SettingsLogRotate": "Logga Rotation",
    "SettingsIndexerLoggingHelpText": "Logga extra Indexer data inkluderat svar",
    "SettingsIndexerLogging": "Förändra Indexer Loggning",
    "SettingsFilterSentryEventsHelpText": "Filtrera kända användarfel-aktiviteter från att skickas som Analys",
    "SettingsFilterSentryEvents": "Filtrera Analytiska Events",
    "SettingsConsoleLogLevel": "Konsol Logg Nivå",
    "SearchIndexers": "Sök Indexers",
    "RestartProwlarr": "Starta om {appName}",
    "RedirectHelpText": "Omdirigera inkomna nedladdningsförfrågningar för indexer och hoppa över \"hämta direkt\" istället för proxying förfrågan via {appName}",
    "Redirect": "Omdirigera",
    "Query": "Fråga",
    "ProwlarrSupportsAnyIndexer": "{appName} stödjer många indexers i komplettering till vilken indexer som helst, som använder Newznab/Torznab standard användning 'Generic Newznab' (för usenet) eller 'Generic Torznab' (för torrents). Sök & Markera dina indexers nedan.",
    "ProwlarrSupportsAnyDownloadClient": "{appName} stödjer alla nedladdningsklienter listade nedan.",
    "Privacy": "Privat",
    "NotificationTriggersHelpText": "Markera vilka event som ska utlösa den här notifikationen",
    "Notification": "Notifikation",
    "NoSearchResultsFound": "Inget sökresultat hittat, försök utföra en ny sökning nedan.",
    "NetCore": ".NET",
    "MaintenanceRelease": "Underhållsutgåva",
    "IndexerVipExpiringHealthCheckMessage": "Indexer VIP förmåner utgår snart: {indexerNames}",
    "IndexerVipExpiredHealthCheckMessage": "Indexer VIP förmåner har utgått: {indexerNames}",
    "IndexerTagsHelpText": "Använd taggar för att specificera standardklient, specificera Indexer Proxies, eller bara för att organisera dina indexers.",
    "IndexerSettingsSummary": "Konfigurera flera globala Indexerinställningar, includerat Proxies.",
    "IndexerRss": "Indexer Rss",
    "IndexerQuery": "Indexer Fråga",
    "IndexerProxy": "Indexer Proxy",
    "IndexerProxies": "Indexer Proxies",
    "IndexerObsoleteCheckMessage": "Indexer är obsolete eller har blivit uppdaterad: {0}. Var god ta bort och (eller) lägg till igen i {appName}",
    "IndexerHealthCheckNoIndexers": "Ingen indexer aktiverad, {appName} kommer inte returnera sökresultat",
    "IndexerAuth": "Indexer Författa",
    "Id": "Id",
    "FullSync": "Full Synkronisering",
    "FilterPlaceHolder": "Sök indexers",
    "Encoding": "Enkodering",
    "EnableRssHelpText": "Aktiverea Rss feed för Indexer",
    "EnableIndexer": "Aktivera Indexer",
    "DevelopmentSettings": "Utvecklingsinställningar",
    "Description": "Beskrivning",
    "DeleteIndexerProxy": "Radera Indexer Proxy",
    "DeleteAppProfile": "Radera App Profil",
    "DeleteApplication": "Radera Applikation",
    "Notifications": "Anslut",
    "ClearHistoryMessageText": "Är du säker på att du vill rensa all {appName} historik?",
    "ClearHistory": "Rensa Historik",
    "Category": "Kategori",
    "AddToDownloadClient": "Lägg till nyutgåva i nedladdningsklienten",
    "AddRemoveOnly": "Lägg till och Ta bort Endast",
    "AddNewIndexer": "Lägg till Ny Indexer",
    "AddIndexerProxy": "Lägg till Indexer Proxy",
    "AddedToDownloadClient": "Nyutgåva lades till i klienten",
    "Auth": "Förafa",
    "AppSettingsSummary": "Applikationer och inställningar för att konfigurera hur {appName} interagerar med PVR program",
    "Apps": "Appar",
    "AppProfileSelectHelpText": "App profiler är använda för att kontrollera RSS, Automatisk Sökning och interaktiv Sökningsinställningar på applikationen sync",
    "AppProfileInUse": "App Profil i användning",
    "Applications": "Applikationer",
    "Filters": "Filter",
    "HistoryCleanupDaysHelpText": "Ställ in på 0 för att inaktivera automatisk rensning",
    "HistoryCleanupDaysHelpTextWarning": "Filer i papperskorgen som är äldre än det valda antalet dagar rensas automatiskt",
    "OnGrab": "Vid hämtning",
    "OnHealthIssue": "På hälsofrågan",
    "TestAllIndexers": "Testa samtliga indexerare",
    "GrabReleases": "Hämta utgåva",
    "UnableToLoadIndexers": "Det går inte att ladda indexerare",
    "Yes": "Ja",
    "Application": "Applikationer",
    "Link": "Länkar",
    "MappedDrivesRunningAsService": "Mappade nätverksenheter är inte tillgängliga när de körs som en Windows-tjänst. Se FAQ för mer information",
    "No": "Nej",
    "ApplicationLongTermStatusCheckAllClientMessage": "Alla indexerare är inte tillgängliga på grund av fel i mer än 6 timmar",
    "ApplicationLongTermStatusCheckSingleClientMessage": "Indexatorer är inte tillgängliga på grund av misslyckanden i mer än sex timmar: {0}",
    "Duration": "Längd",
    "Ended": "Avslutad",
    "LastDuration": "lastDuration",
    "LastExecution": "Senaste avrättningen",
    "NextExecution": "Nästa utförande",
    "Queued": "Köad",
    "Remove": "Ta bort",
    "Replace": "Ersätta",
    "TheLatestVersionIsAlreadyInstalled": "Den senaste versionen av {appName} är redan installerad",
    "ApplicationURL": "Applikations-URL",
    "ApplicationUrlHelpText": "Denna applikations externa URL inklusive http(s)://, port och URL-bas",
    "Episode": "Avsnitt",
    "More": "Mer",
    "Season": "Säsong",
    "Album": "Album",
    "ApplyTagsHelpTextAdd": "Lägg till: Lägg till taggarna i den befintliga listan med taggar",
    "ApplyTagsHelpTextHowToApplyApplications": "Så här applicerar du taggar på de valda författarna",
    "ApplyTagsHelpTextHowToApplyIndexers": "Så här applicerar du taggar på de valda författarna",
    "ApplyTagsHelpTextRemove": "Ta bort: Ta bort de angivna taggarna",
    "ApplyTagsHelpTextReplace": "Ersätt: Ersätt taggarna med de angivna taggarna (ange inga taggar för att rensa alla taggar)",
    "CountIndexersSelected": "{0} Indexer(s) Markerade",
    "DeleteSelectedDownloadClients": "Radera nedladdningsklient",
    "Label": "Markering",
    "Genre": "Genrer",
    "DownloadClientPriorityHelpText": "Prioritera flera nedladdningsklienter. Round-Robin används för kunder med samma prioritet.",
    "SelectIndexers": "Sök Indexers",
    "Track": "Spår",
    "Year": "År",
    "Artist": "Artist",
    "Author": "Författare",
    "Book": "Bok",
    "Publisher": "Utgivare",
    "ConnectionLostReconnect": "Radarr kommer försöka ansluta automatiskt, du kan även klicka på ladda om nedan.",
    "DeleteAppProfileMessageText": "Är du säker på att du vill ta bort kvalitetsprofilen '{0}'?",
    "RecentChanges": "Senaste ändringar",
    "WhatsNew": "Vad är nytt?",
    "minutes": "Minuter",
    "NotificationStatusSingleClientHealthCheckMessage": "Listor otillgängliga på grund av fel: {notificationNames}",
    "NotificationStatusAllClientHealthCheckMessage": "Samtliga listor otillgängliga på grund av fel",
    "AuthBasic": "Grundläggande (Browser Popup)",
    "AuthForm": "Blanketter (inloggningssida)",
    "DisabledForLocalAddresses": "Inaktiverad för lokala adresser",
    "None": "Ingen",
    "ResetAPIKeyMessageText": "Är du säker på att du vill nollställa din API-nyckel?",
    "AddCustomFilter": "Lägg till anpassat filter",
    "UseSsl": "Använd SSL",
    "IndexerHDBitsSettingsMediums": "Medium",
    "Directory": "Plats",
    "ProxyValidationBadRequest": "Test av proxy misslyckades. Statuskod: {statusCode}",
    "CustomFilter": "Anpassade Filter",
    "GrabRelease": "Hämta Utågva",
    "BuiltIn": "Inbyggd",
    "Script": "Skript",
    "PublishedDate": "Publiceringsdatum",
    "Redirected": "Omdirigera",
    "AllSearchResultsHiddenByFilter": "Alla resultat döljs av det tillämpade filtret"
}
