{
    "Add": "Afegeix",
    "Actions": "Accions",
    "AcceptConfirmationModal": "Accepta el modal de confirmació",
    "About": "Quant a",
    "New": "Nou",
    "Reload": "Torna a carregar",
    "Queue": "Cua",
    "Refresh": "Actualitza",
    "Password": "Contrasenya",
    "Logs": "Registres",
    "MaintenanceRelease": "Versió de manteniment: correcció d'errors i altres millores. Consulteu l'historial de publicacions de Github per a més detalls",
    "BackupIntervalHelpText": "Interval entre còpies de seguretat automàtiques",
    "ProxyPasswordHelpText": "Només cal que introduïu un nom d'usuari i una contrasenya si cal. Deixeu-los en blanc en cas contrari.",
    "ProxyType": "Tipus de servidor intermediari",
    "DownloadClient": "Client de baixada",
    "DownloadClients": "Descàrrega Clients",
    "Scheduled": "Programat",
    "ScriptPath": "Camí de l'script",
    "Search": "Cerca",
    "Files": "Fitxers",
    "SettingsEnableColorImpairedModeHelpText": "Estil modificat per a permetre als usuaris amb problemes visuals distingir millor la informació codificada per colors",
    "TagIsNotUsedAndCanBeDeleted": "L'etiqueta no està en ús i es pot suprimir",
    "TagsSettingsSummary": "Consulta totes les etiquetes i com s'utilitzen. Les etiquetes no utilitzades es poden eliminar",
    "Tasks": "Tasques",
    "TestAllClients": "Prova tots els clients",
    "Today": "Avui",
    "PendingChangesMessage": "Teniu canvis no desats, esteu segur que voleu sortir d'aquesta pàgina?",
    "PendingChangesStayReview": "Roman i revisa els canvis",
    "Port": "Port^",
    "PortNumber": "Número de port",
    "ShowAdvanced": "Mostra característiques avançades",
    "AddDownloadClient": "Afegeix un client de descàrrega",
    "Added": "Afegit",
    "Age": "Edat",
    "All": "Tot",
    "Analytics": "Anàlisi",
    "ApiKey": "Clau API",
    "AppDataDirectory": "Directori AppData",
    "AppDataLocationHealthCheckMessage": "No es podrà actualitzar per a evitar que s'eliminin AppData a l'actualització",
    "Authentication": "Autenticació",
    "Torrents": "Torrents",
    "Type": "Tipus",
    "UILanguageHelpTextWarning": "Es requereix una recàrrega del navegador",
    "UISettings": "Configuració de la interfície",
    "UnableToLoadBackups": "No es poden carregar còpies de seguretat",
    "DownloadClientsLoadError": "No es poden carregar els clients de baixada",
    "UnableToLoadTags": "No es poden carregar les etiquetes",
    "UnableToLoadUISettings": "No es pot carregar la configuració de la IU",
    "UnselectAll": "Desseleccioneu-ho tot",
    "UrlBaseHelpText": "Per al suport de servidor intermediari invers, el valor predeterminat és buit",
    "DeleteBackup": "Suprimeix la còpia de seguretat",
    "Warn": "Avís",
    "DownloadClientSettings": "Baixeu la configuració del client",
    "EnableSslHelpText": " Cal reiniciar l'execució com a administrador perquè tingui efecte",
    "Filename": "Nom de fitxer",
    "Fixed": "Corregit",
    "Folder": "Carpeta",
    "Health": "Salut",
    "Host": "Amfitrió",
    "Indexer": "Indexador",
    "InteractiveSearch": "Cerca interactiva",
    "LogLevel": "Nivell de registre",
    "Name": "Nom",
    "NetCore": ".NET",
    "NoChange": "Cap canvi",
    "LogLevelTraceHelpTextWarning": "El registre de traça només s'hauria d'habilitar temporalment",
    "Message": "Missatge",
    "MoreInfo": "Més informació",
    "NoChanges": "Sense Canvis",
    "RemovedFromTaskQueue": "S'ha eliminat de la cua de tasques",
    "RestartNow": "Reinicia ara",
    "Result": "Resultat",
    "Retention": "Retenció",
    "Title": "Títol",
    "DeleteNotification": "Suprimeix la notificació",
    "ProxyBadRequestHealthCheckMessage": "No s'ha pogut provar el servidor intermediari. Codi d'estat: {statusCode}",
    "Reddit": "Reddit",
    "System": "Sistema",
    "Username": "Nom d'usuari",
    "Duration": "Durada",
    "EditIndexer": "Edita l'indexador",
    "EnableAutomaticSearch": "Activa la cerca automàtica",
    "Enabled": "Habilitat",
    "Error": "Error",
    "ErrorLoadingContents": "S'ha produït un error en carregar el contingut",
    "Events": "Esdeveniments",
    "ExistingTag": "Etiqueta existent",
    "Failed": "S'ha produït un error",
    "FeatureRequests": "Sol·licitud de noves característiques",
    "Filter": "Filtre",
    "NextExecution": "Propera execució",
    "NoBackupsAreAvailable": "No hi ha còpies de seguretat disponibles",
    "NoLeaveIt": "No, deixa-ho",
    "NoLinks": "Sense enllaços",
    "NoLogFiles": "No hi ha fitxers de registre",
    "NoTagsHaveBeenAddedYet": "Encara no s'ha afegit cap etiqueta",
    "NoUpdatesAreAvailable": "No hi ha actualitzacions disponibles",
    "OAuthPopupMessage": "Les finestres emergents estan sent bloquejades pel vostre navegador",
    "Ok": "D'acord",
    "OnHealthIssue": "Al detectar incidència",
    "OnHealthIssueHelpText": "Al detectar incidència",
    "OpenBrowserOnStart": "Obriu el navegador a l'inici",
    "OpenThisModal": "Obriu aquest modal",
    "Options": "Opcions",
    "PageSize": "Mida de la pàgina",
    "PageSizeHelpText": "Nombre d'elements per mostrar a cada pàgina",
    "Peers": "Parells",
    "PendingChangesDiscardChanges": "Descarta els canvis i surt",
    "Presets": "Predefinits",
    "Protocol": "Protocol",
    "Proxy": "Servidor intermediari",
    "ProxyBypassFilterHelpText": "Utilitzeu ',' com a separador i '*.' com a comodí per als subdominis",
    "RefreshMovie": "Actualitza pel·lícula",
    "ReleaseStatus": "Estat de llançament",
    "RemoveFilter": "Treu el filtre",
    "RemovingTag": "S'està eliminant l'etiqueta",
    "Reset": "Restableix",
    "ResetAPIKey": "Restableix la clau de l'API",
    "Restart": "Reinicia",
    "Updates": "Actualitzacions",
    "Version": "Versió",
    "Apply": "Aplica",
    "ApplyTags": "Aplica etiquetes",
    "Close": "Tanca",
    "EventType": "Tipus d'esdeveniment",
    "Exception": "Excepció",
    "Filters": "Filtres",
    "FocusSearchBox": "Posa el focus a la caixa de cerca",
    "Grabbed": "Capturat",
    "IndexerStatusAllUnavailableHealthCheckMessage": "Tots els indexadors no estan disponibles a causa d'errors",
    "IndexerStatusUnavailableHealthCheckMessage": "Els indexadors no estan disponibles a causa d'errors: {indexerNames}",
    "MovieIndexScrollTop": "Índex de pel·lícules: Desplaçament superior",
    "NotificationTriggers": "Activadors de notificacions",
    "NotificationTriggersHelpText": "Seleccioneu quins esdeveniments haurien d'activar aquesta notificació",
    "Priority": "Prioritat",
    "SendAnonymousUsageData": "Envia dades d'ús anònimes",
    "SetTags": "Estableix etiquetes",
    "SystemTimeCheckMessage": "L'hora del sistema està apagada durant més d'1 dia. És possible que les tasques programades no s'executin correctament fins que no es corregeixi l'hora",
    "TableOptions": "Opcions de taula",
    "TableOptionsColumnsMessage": "Trieu quines columnes són visibles i en quin ordre apareixen",
    "Columns": "Columnes",
    "SettingsShortDateFormat": "Format de data curta",
    "BindAddress": "Adreça d'enllaç",
    "Database": "Base de dades",
    "Ended": "Acabat",
    "SettingsTimeFormat": "Format horari",
    "YesCancel": "Si, cancel·la",
    "Automatic": "Automàtic",
    "AutomaticSearch": "Cerca automàtica",
    "Backup": "Còpia de seguretat",
    "BackupNow": "Fes ara la còpia de seguretat",
    "BackupRetentionHelpText": "Les còpies de seguretat automàtiques anteriors al període de retenció s'eliminaran automàticament",
    "BeforeUpdate": "Abans de l'actualització",
    "BranchUpdateMechanism": "Branca utilitzada pel mecanisme d'actualització extern",
    "BypassProxyForLocalAddresses": "Ometre el servidor intermediari per a adreces locals",
    "Cancel": "Cancel·la",
    "CancelPendingTask": "Esteu segur que voleu cancel·lar aquesta tasca pendent?",
    "ChangeHasNotBeenSavedYet": "El canvi encara no s'ha desat",
    "Clear": "Esborra",
    "ClientPriority": "Prioritat del client",
    "CloneProfile": "Clona el perfil",
    "CloseCurrentModal": "Tanca el modal actual",
    "Component": "Component",
    "ConnectionLost": "Connexió perduda",
    "CouldNotConnectSignalR": "No s'ha pogut connectar a SignalR, la IU no s'actualitzarà",
    "Custom": "Personalitzat",
    "CustomFilters": "Filtres personalitzats",
    "Date": "Data",
    "Dates": "Dates",
    "DatabaseMigration": "Migració de BD",
    "Delete": "Suprimeix",
    "DeleteNotificationMessageText": "Esteu segur que voleu suprimir la notificació '{name}'?",
    "DeleteTag": "Suprimeix l'etiqueta",
    "DeleteTagMessageText": "Esteu segur que voleu suprimir l'etiqueta '{label}'?",
    "Details": "Detalls",
    "Disabled": "Desactivat",
    "DownloadClientStatusAllClientHealthCheckMessage": "Tots els clients de descàrrega no estan disponibles a causa d'errors",
    "Edit": "Edita",
    "EnableInteractiveSearchHelpText": "S'utilitzarà quan s'utilitzi la cerca interactiva",
    "EnableInteractiveSearch": "Activa la cerca interactiva",
    "EnableSSL": "Activa SSL",
    "General": "General",
    "GeneralSettings": "Configuració general",
    "IllRestartLater": "Reinicia més tard",
    "IncludeHealthWarningsHelpText": "Inclou advertències de salut",
    "Indexers": "Indexadors",
    "InstanceName": "Nom de la instància",
    "InstanceNameHelpText": "Nom de la instància a la pestanya i per al nom de l'aplicació Syslog",
    "Interval": "Interval",
    "LastDuration": "Darrera durada",
    "LastExecution": "Darrere execució",
    "LastWriteTime": "La darrera hora d'escriptura",
    "Manual": "Manual",
    "Mode": "Mode",
    "MovieIndexScrollBottom": "Índex de pel·lícules: Desplaçament inferior",
    "OnApplicationUpdate": "A l'actualitzar de l'aplicació",
    "OnApplicationUpdateHelpText": "A l'actualitzar de l'aplicació",
    "OnGrab": "Al capturar llançament",
    "PackageVersion": "Versió del paquet",
    "ProxyFailedToTestHealthCheckMessage": "No s'ha pogut provar el servidor intermediari: {url}",
    "ProxyResolveIpHealthCheckMessage": "No s'ha pogut resoldre l'adreça IP de l'amfitrió intermediari configurat {proxyHostName}",
    "Queued": "En cua",
    "ReadTheWikiForMoreInformation": "Llegiu el Wiki per a més informació",
    "RestartRequiredHelpTextWarning": "Cal reiniciar perquè tingui efecte",
    "Restore": "Restaura",
    "RestoreBackup": "Restaura còpia de seguretat",
    "Rss": "RSS",
    "Save": "Desa",
    "SaveChanges": "Desa els canvis",
    "Security": "Seguretat",
    "Settings": "Configuració",
    "SettingsEnableColorImpairedMode": "Activa el mode amb alteracions del color",
    "SettingsLongDateFormat": "Format de data llarga",
    "SettingsShowRelativeDates": "Mostra les dates relatives",
    "SettingsShowRelativeDatesHelpText": "Mostra dates relatives (avui/ahir/etc) o absolutes",
    "ShowSearch": "Mostra la cerca",
    "ShowSearchHelpText": "Mostra el botó de cerca al passar el cursor",
    "Shutdown": "Apaga",
    "Sort": "Ordena",
    "Source": "Font",
    "SSLCertPassword": "Contrasenya de certificat SSL",
    "SSLCertPasswordHelpText": "Contrasenya per al fitxer pfx",
    "SSLCertPath": "Camí del certificat SSL",
    "SSLCertPathHelpText": "Camí al fitxer pfx",
    "SSLPort": "Port SSL",
    "Started": "Començat",
    "StartTypingOrSelectAPathBelow": "Comenceu a escriure o seleccioneu un camí a continuació",
    "StartupDirectory": "Directori d'inici",
    "AddIndexer": "Afegeix un indexador",
    "AddingTag": "Afegint etiqueta",
    "CertificateValidation": "Validació del certificat",
    "UI": "Interfície",
    "UnableToLoadIndexers": "No es poden carregar els indexadors",
    "Enable": "Activa",
    "IndexerFlags": "Indicadors de l'indexador",
    "UnableToLoadNotifications": "No es poden carregar les notificacions",
    "IndexerLongTermStatusAllUnavailableHealthCheckMessage": "Tots els indexadors no estan disponibles a causa d'errors durant més de 6 hores",
    "IndexerLongTermStatusUnavailableHealthCheckMessage": "Els indexadors no estan disponibles a causa d'errors durant més de 6 hores: {indexerNames}",
    "IndexerPriority": "Prioritat de l'indexador",
    "UnsavedChanges": "Canvis no desats",
    "UpdateAutomaticallyHelpText": "Baixeu i instal·leu les actualitzacions automàticament. Encara podreu instal·lar des de Sistema: Actualitzacions",
    "UpdateStartupTranslocationHealthCheckMessage": "No es pot instal·lar l'actualització perquè la carpeta d'inici '{startupFolder}' es troba en una carpeta de translocació d'aplicacions.",
    "UpdateUiNotWritableHealthCheckMessage": "No es pot instal·lar l'actualització perquè l'usuari '{userName}' no pot escriure la carpeta de la IU '{uiFolder}'.",
    "UpdateScriptPathHelpText": "Camí a un script personalitzat que pren un paquet d'actualització i gestiona la resta del procés d'actualització",
    "Uptime": "Temps de funcionament",
    "Info": "Informació",
    "KeyboardShortcuts": "Dreceres de teclat",
    "Language": "Idioma",
    "UseProxy": "Utilitzeu el servidor intermediari",
    "Level": "Nivell",
    "LogFiles": "Fitxers de registre",
    "Logging": "Registre",
    "MappedDrivesRunningAsService": "Les unitats de xarxa assignades no estan disponibles quan s'executen com a servei de Windows. Si us plau, consulteu les PMF per a obtenir més informació",
    "Mechanism": "Mecanisme",
    "MIA": "MIA",
    "Wiki": "Wiki",
    "Tags": "Etiquetes",
    "Backups": "Còpies de seguretat",
    "Branch": "Branca",
    "Connections": "Connexions",
    "ConnectSettings": "Configuració de connexió",
    "DeleteBackupMessageText": "Esteu segur que voleu suprimir la còpia de seguretat '{name}'?",
    "DeleteDownloadClient": "Suprimeix el client de descàrrega",
    "DeleteDownloadClientMessageText": "Esteu segur que voleu suprimir el client de baixada '{name}'?",
    "Discord": "Discord",
    "Docker": "Docker",
    "Donations": "Donacions",
    "DownloadClientStatusSingleClientHealthCheckMessage": "Baixa els clients no disponibles a causa d'errors: {downloadClientNames}",
    "HealthNoIssues": "No hi ha cap problema amb la configuració",
    "HideAdvanced": "Amaga avançat",
    "History": "Història",
    "HomePage": "Pàgina d'inici",
    "Hostname": "Nom d'amfitrió",
    "IgnoredAddresses": "Adreces ignorades",
    "ProxyUsernameHelpText": "Només cal que introduïu un nom d'usuari i una contrasenya si cal. Deixeu-los en blanc en cas contrari.",
    "RssIsNotSupportedWithThisIndexer": "RSS no és compatible amb aquest indexador",
    "SaveSettings": "Desa la configuració",
    "Seeders": "Llavors",
    "SelectAll": "Selecciona-ho tot",
    "Size": "Mida",
    "Status": "Estat",
    "Style": "Estil",
    "SuggestTranslationChange": "Suggereix un canvi de traducció",
    "TagCannotBeDeletedWhileInUse": "No es pot suprimir mentre està en ús",
    "Test": "Prova",
    "TestAll": "Prova-ho tot",
    "TestAllIndexers": "Prova tots els indexadors",
    "Time": "Temps",
    "Tomorrow": "Demà",
    "UILanguage": "Idioma de la interfície",
    "UnableToAddANewDownloadClientPleaseTryAgain": "No es pot afegir un nou client de descàrrega, torneu-ho a provar.",
    "UnableToAddANewIndexerPleaseTryAgain": "No es pot afegir un indexador nou, torneu-ho a provar.",
    "UnableToAddANewNotificationPleaseTryAgain": "No es pot afegir una notificació nova, torneu-ho a provar.",
    "UnableToLoadGeneralSettings": "No es pot carregar la configuració general",
    "UnableToLoadHistory": "No es pot carregar l'historial",
    "UpdateStartupNotWritableHealthCheckMessage": "No es pot instal·lar l'actualització perquè l'usuari '{userName}' no té permisos d'escriptura de la carpeta d'inici '{startupFolder}'.",
    "URLBase": "Base URL",
    "Usenet": "Usenet",
    "View": "Visualitza",
    "Yesterday": "Ahir",
    "ApplicationStatusCheckSingleClientMessage": "Aplicacions no disponibles a causa d'errors: {0}",
    "AnalyticsEnabledHelpText": "Envieu informació anònima d'ús i errors als servidors de {appName}. Això inclou informació sobre el vostre navegador, quines pàgines {appName} WebUI feu servir, informes d'errors, així com el sistema operatiu i la versió de l'entorn d'execució. Utilitzarem aquesta informació per a prioritzar les funcions i les correccions d'errors.",
    "HistoryCleanupDaysHelpTextWarning": "Els fitxers de la paperera de reciclatge més antics que el nombre de dies seleccionat es netejaran automàticament",
    "UnableToAddANewAppProfilePleaseTryAgain": "No es pot afegir un perfil d'aplicació nou, torneu-ho a provar.",
    "BackupFolderHelpText": "Els camins relatius estaran sota el directori AppData de {appName}",
    "AllIndexersHiddenDueToFilter": "Tots els indexadors estan ocults a causa del filtre aplicat.",
    "EnableRss": "Activa RSS",
    "Grabs": "Captura",
    "EnableAutomaticSearchHelpText": "S'utilitzarà quan es realitzin cerques automàtiques mitjançant la interfície d'usuari o per {appName}",
    "UnableToAddANewApplicationPleaseTryAgain": "No es pot afegir una aplicació nova, torneu-ho a provar.",
    "Application": "Aplicacions",
    "Applications": "Aplicacions",
    "ApplicationStatusCheckAllClientMessage": "Totes les aplicacions no estan disponibles a causa d'errors",
    "AuthenticationMethodHelpText": "Es requereix nom d'usuari i contrasenya per a accedir a {appName}",
    "ApplicationLongTermStatusCheckAllClientMessage": "Totes les aplicacions no estan disponibles a causa d'errors durant més de 6 hores",
    "ApplicationLongTermStatusCheckSingleClientMessage": "Aplicacions no disponibles a causa d'errors durant més de 6 hores: {0}",
    "BindAddressHelpText": "Adreça IP vàlida, localhost o '*' per a totes les interfícies",
    "BranchUpdate": "Branca que s'utilitza per a actualitzar {appName}",
    "Connect": "Notificacions",
    "DeleteApplicationMessageText": "Esteu segur que voleu suprimir l'aplicació '{name}'?",
    "DeleteIndexerProxyMessageText": "Esteu segur que voleu suprimir el servidor intermediari de l'indexador '{name}'?",
    "Encoding": "Codificació",
    "ForMoreInformationOnTheIndividualDownloadClients": "Per a obtenir més informació sobre els clients de baixada individuals, feu clic als botons de més informació.",
    "GeneralSettingsSummary": "Port, SSL, nom d'usuari/contrasenya, servidor intermediari, analítiques i actualitzacions",
    "GrabReleases": "Captura llançament(s)",
    "HistoryCleanupDaysHelpText": "Establiu a 0 per desactivar la neteja automàtica",
    "Notification": "Notificacions",
    "Notifications": "Notificacions",
    "ReleaseBranchCheckOfficialBranchMessage": "La branca {0} no és una branca de llançament de {appName} vàlida, no rebreu actualitzacions",
    "TagsHelpText": "S'aplica a indexadors amb almenys una etiqueta coincident",
    "Torrent": "Torrents",
    "UnableToAddANewIndexerProxyPleaseTryAgain": "No es pot afegir un servidor intermediari d'indexador nou, torneu-ho a provar.",
    "UpdateMechanismHelpText": "Utilitzeu l'actualitzador integrat de {appName} o un script",
    "UserAgentProvidedByTheAppThatCalledTheAPI": "Agent d'usuari proporcionat per l'aplicació per fer peticions a l'API",
    "IndexerProxyStatusAllUnavailableHealthCheckMessage": "Tots els indexadors no estan disponibles a causa d'errors",
    "IndexerProxyStatusUnavailableHealthCheckMessage": "Els indexadors no estan disponibles a causa d'errors: {indexerProxyNames}",
    "LaunchBrowserHelpText": " Obriu un navegador web i navegueu a la pàgina d'inici de {appName} a l'inici de l'aplicació.",
    "Link": "Enllaç",
    "UILanguageHelpText": "Idioma que utilitzarà {appName} per a la interfície d'usuari",
    "Remove": "Elimina",
    "Replace": "Substitueix",
    "TheLatestVersionIsAlreadyInstalled": "La darrera versió de {appName} ja està instal·lada",
    "ThemeHelpText": "Canvieu el tema de la interfície d'usuari de l'aplicació, el tema \"Automàtic\" utilitzarà el tema del vostre sistema operatiu per configurar el mode clar o fosc. Inspirat en {inspiredBy}.",
    "ApplicationURL": "URL de l'aplicació",
    "Publisher": "Editor",
    "ApplicationUrlHelpText": "URL extern de l'aplicació, inclòs http(s)://, port i URL base",
    "ApplyTagsHelpTextAdd": "Afegiment: afegeix les etiquetes a la llista d'etiquetes existent",
    "ApplyTagsHelpTextHowToApplyApplications": "Com aplicar etiquetes a les aplicacions seleccionades",
    "ApplyTagsHelpTextHowToApplyIndexers": "Com aplicar etiquetes als indexadors seleccionats",
    "ApplyTagsHelpTextRemove": "Eliminació: elimina les etiquetes introduïdes",
    "DeleteSelectedApplicationsMessageText": "Esteu segur que voleu suprimir {count} sol·licituds seleccionades?",
    "Label": "Etiqueta",
    "ApplyTagsHelpTextReplace": "Substitució: substituïu les etiquetes per les etiquetes introduïdes (no introduïu cap etiqueta per a esborrar totes les etiquetes)",
    "DeleteSelectedDownloadClients": "Suprimeix el(s) client(s) de baixada",
    "Genre": "Gèneres",
    "DeleteSelectedDownloadClientsMessageText": "Esteu segur que voleu suprimir {count} client(s) de baixada seleccionat(s)?",
    "DeleteSelectedIndexersMessageText": "Esteu segur que voleu suprimir {count} indexador(s) seleccionat(s)?",
    "DownloadClientPriorityHelpText": "Prioritzeu diversos clients de baixada. S'utilitza round-robin per a clients amb la mateixa prioritat.",
    "More": "Més",
    "Season": "Temporada",
    "Theme": "Tema",
    "Track": "Pista",
    "Year": "Any",
    "UpdateAvailableHealthCheckMessage": "Nova actualització disponible",
    "ConnectionLostReconnect": "{appName} intentarà connectar-se automàticament, o podeu fer clic a recarregar.",
    "ConnectionLostToBackend": "{appName} ha perdut la connexió amb el backend i s'haurà de tornar a carregar per a restaurar la funcionalitat.",
    "RecentChanges": "Canvis recents",
    "WhatsNew": "Novetats",
    "minutes": "minuts",
    "DeleteAppProfileMessageText": "Esteu segur que voleu suprimir el perfil de l'aplicació '{name}'?",
    "NotificationStatusSingleClientHealthCheckMessage": "Notificacions no disponibles a causa d'errors: {notificationNames}",
    "AddConnection": "Afegeix una connexió",
    "NotificationStatusAllClientHealthCheckMessage": "Totes les notificacions no estan disponibles a causa d'errors",
    "AuthBasic": "Bàsic (finestra emergent del navegador)",
    "AuthForm": "Formularis (pàgina d'inici de sessió)",
    "DisabledForLocalAddresses": "Desactivat per a adreces locals",
    "None": "Cap",
    "ResetAPIKeyMessageText": "Esteu segur que voleu restablir la clau API?",
    "RestartProwlarr": "Reinicia {appName}",
    "AuthenticationRequired": "Autenticació necessària",
    "CountDownloadClientsSelected": "{count} client(s) de baixada seleccionat(s)",
    "NoDownloadClientsFound": "No s'han trobat clients de baixada",
    "AuthenticationRequiredWarning": "Per a evitar l'accés remot sense autenticació, ara {appName} requereix que l'autenticació estigui activada. Opcionalment, podeu desactivar l'autenticació des d'adreces locals.",
    "AppUpdatedVersion": "{appName} s'ha actualitzat a la versió `{version}`, per tal d'obtenir els darrers canvis, haureu de tornar a carregar {appName}",
    "AppUpdated": "{appName} Actualitzada",
    "ApplyChanges": "Aplica els canvis",
    "Implementation": "Implementació",
    "OnHealthRestored": "Al resoldre les incidències",
    "ManageDownloadClients": "Gestiona els clients de descàrrega",
    "AuthenticationRequiredHelpText": "Canvia per a quines sol·licituds cal autenticar. No canvieu tret que entengueu els riscos.",
    "CountIndexersSelected": "S'han seleccionat {count} indexador(s)",
    "EditDownloadClientImplementation": "Edita el client de baixada - {implementationName}",
    "EditIndexerImplementation": "Edita l'indexador - {implementationName}",
    "EditSelectedDownloadClients": "Editeu els clients de descàrrega seleccionats",
    "EditSelectedIndexers": "Edita els indexadors seleccionats",
    "IndexerDownloadClientHealthCheckMessage": "Indexadors amb clients de baixada no vàlids: {indexerNames}.",
    "AddCustomFilter": "Afegeix un filtre personalitzat",
    "AddDownloadClientImplementation": "Afegeix un client de descàrrega - {implementationName}",
    "AddIndexerImplementation": "Afegeix un indexador - {implementationName}",
    "AddConnectionImplementation": "Afegeix una connexió - {implementationName}",
    "InvalidUILanguage": "La vostra IU està configurada en un idioma no vàlid, corregiu-lo i deseu la configuració",
    "NoHistoryFound": "No s'ha trobat cap historial",
    "NoIndexersFound": "No s'han trobat indexadors",
    "OnHealthRestoredHelpText": "Al resoldre les incidències",
    "AuthenticationMethod": "Mètode d'autenticació",
    "AuthenticationMethodHelpTextWarning": "Seleccioneu un mètode d'autenticació vàlid",
    "AuthenticationRequiredPasswordHelpTextWarning": "Introduïu una contrasenya nova",
    "DefaultNameCopiedProfile": "{name} - Còpia",
    "DownloadClientQbittorrentSettingsContentLayout": "Disseny de contingut",
    "DownloadClientQbittorrentSettingsContentLayoutHelpText": "Si s'utilitza el disseny de contingut de qBittorrent s'utilitza el disseny original del torrent o es crea una subcarpeta (qBittorrent 4.3.2+)",
    "AuthenticationRequiredPasswordConfirmationHelpTextWarning": "Confirmeu la nova contrasenya",
    "AuthenticationRequiredUsernameHelpTextWarning": "Introduïu un nom d'usuari nou",
    "Categories": "Categories",
    "ApiKeyValidationHealthCheckMessage": "Actualitzeu la vostra clau API perquè tingui almenys {length} caràcters. Podeu fer-ho mitjançant la configuració o el fitxer de configuració",
    "Episode": "Episodi",
    "EditApplicationImplementation": "Edita l'aplicació - {implementationName}",
    "EditConnectionImplementation": "Afegeix una connexió - {implementationName}",
    "EditIndexerProxyImplementation": "Edita el servidor intermediari de l'indexador - {implementationName}",
    "days": "dies",
    "Album": "Àlbum",
    "Artist": "Artista",
    "AddApplicationImplementation": "Afegeix una aplicació - {implementationName}",
    "AddIndexerProxyImplementation": "Afegeix un indexador - {implementationName}",
    "Category": "Categoria",
    "Clone": "Clona",
    "Yes": "Si",
    "No": "No",
    "StopSelecting": "Deixa de seleccionar",
    "External": "Extern",
    "Id": "ID",
    "Author": "Autor",
    "ManageClients": "Gestiona els clients",
    "CountApplicationsSelected": "{count} aplicacions seleccionades",
    "DownloadClientAriaSettingsDirectoryHelpText": "Ubicació opcional per a les baixades, deixeu-lo en blanc per utilitzar la ubicació predeterminada d'Aria2",
    "Donate": "Dona",
    "BlackholeFolderHelpText": "Carpeta on {appName} emmagatzemarà els fitxers {extension}",
    "Destination": "Destinació",
    "Directory": "Directori",
    "DownloadClientDelugeSettingsUrlBaseHelpText": "Afegeix un prefix a l'url json del Deluge, vegeu {url}",
    "CustomFilter": "Filtres personalitzats",
    "IndexerHDBitsSettingsCodecs": "Còdecs",
    "DownloadClientSettingsUrlBaseHelpText": "Afegeix un prefix a l'URL {clientName}, com ara {url}",
    "DownloadClientTransmissionSettingsDirectoryHelpText": "Ubicació opcional per a les baixades, deixeu-lo en blanc per utilitzar la ubicació predeterminada de Transmission",
    "DownloadClientRTorrentSettingsDirectoryHelpText": "Ubicació opcional de les baixades completades, deixeu-lo en blanc per utilitzar la ubicació predeterminada de rTorrent",
    "IndexerHDBitsSettingsMediums": "Mitjans",
    "Query": "Consulta",
    "AddApplication": "Afegeix una aplicació",
    "AddRemoveOnly": "Només afegeix i elimina",
    "AddSyncProfile": "Afegeix perfil de sincronització",
    "Auth": "Autenticació",
    "ActiveIndexers": "Indexadors actius",
    "Description": "Descripció",
    "DeleteSelectedIndexers": "Suprimeix els indexadors seleccionats",
    "IndexerSettingsBaseUrlHelpText": "Seleccioneu quina URL base utilitzarà {appName} per a les sol·licituds al lloc",
    "ActiveApps": "Aplicacions actives",
    "AddCategory": "Afegeix una categoria",
    "AddDownloadClientToProwlarr": "Afegir un client de baixada permet que {appName} enviï publicacions directament des de la interfície d'usuari mentre fa una cerca manual.",
    "AddIndexerProxy": "Afegeix un servidor intermediari per a l'indexador",
    "AddNewIndexer": "Afegeix un nou indexador",
    "AddToDownloadClient": "Afegeix llançament al client de baixades",
    "AddedToDownloadClient": "Baixada afegida al client",
    "DevelopmentSettings": "Configuració de desenvolupament",
    "Mixed": "Combinat",
    "Apps": "Aplicacions",
    "Privacy": "Privacitat",
    "Redirect": "Redirecció",
    "Stats": "Estadístiques",
    "Private": "Privat",
    "Proxies": "Servidors intermediaris",
    "Public": "Públic",
    "DeleteSelectedIndexer": "Suprimeix els indexadors seleccionats",
    "EditSyncProfile": "Afegeix perfil de sincronització",
    "Menu": "Menú",
    "OnGrabHelpText": "Al capturar llançament",
    "ProxyValidationBadRequest": "No s'ha pogut provar el servidor intermediari. Codi d'estat: {statusCode}",
    "Default": "Per defecte",
    "GrabRelease": "Captura novetat",
    "ManualGrab": "Captura manual",
    "PrioritySettings": "Prioritat: {priority}",
    "Any": "Qualsevol",
    "BuiltIn": "Integrat",
    "Script": "Script",
    "InfoUrl": "URL d'informació",
    "PublishedDate": "Data de publicació",
    "Redirected": "Redirecció",
    "AllSearchResultsHiddenByFilter": "Tots els resultats estan ocults pel filtre aplicat"
}
