{
    "Add": "Přidat",
    "CertificateValidation": "Ověření certifikátu",
    "DeleteBackupMessageText": "Opravdu chcete odstranit zálohu '{name}'?",
    "YesCancel": "Ano, zrušit",
    "About": "O aplikaci",
    "Component": "Komponenta",
    "Info": "Info",
    "LogFiles": "Záznam souborů",
    "Logs": "Protokoly",
    "ProxyBypassFilterHelpText": "Použijte ',' jako oddělovač a '*.' jako zástupný znak pro subdomény",
    "SaveSettings": "Uložit nastavení",
    "Scheduled": "Naplánováno",
    "ScriptPath": "Cesta skriptu",
    "SetTags": "Nastavit značky",
    "Settings": "Nastavení",
    "StartTypingOrSelectAPathBelow": "Začněte psát nebo vyberte cestu níže",
    "Usenet": "Usenet",
    "AddDownloadClient": "Přidat klienta pro stahování",
    "Backups": "Zálohy",
    "CancelPendingTask": "Opravdu chcete zrušit tento nevyřízený úkol?",
    "MovieIndexScrollBottom": "Rejstřík filmů: Posun dolů",
    "ProxyType": "Typ serveru proxy",
    "Reddit": "Reddit",
    "ErrorLoadingContents": "Chyba při načítání obsahu",
    "IndexerLongTermStatusAllUnavailableHealthCheckMessage": "Všechny indexery nejsou k dispozici z důvodu selhání po dobu delší než 6 hodin",
    "RemovedFromTaskQueue": "Odebráno z fronty úkolů",
    "ResetAPIKey": "Resetovat klíč API",
    "SSLCertPassword": "Heslo SSL Cert",
    "SSLPort": "Port SSL",
    "TableOptions": "Možnosti tabulky",
    "UnableToAddANewNotificationPleaseTryAgain": "Nelze přidat nové oznámení, zkuste to znovu.",
    "UnableToLoadHistory": "Nelze načíst historii",
    "View": "Pohled",
    "Warn": "Varovat",
    "Wiki": "Wiki",
    "Connections": "Připojení",
    "DeleteDownloadClientMessageText": "Opravdu chcete odstranit klienta pro stahování '{name}'?",
    "Details": "Detaily",
    "Disabled": "Zakázáno",
    "Docker": "Přístavní dělník",
    "Donations": "Dary",
    "DownloadClientSettings": "Stáhněte si nastavení klienta",
    "DownloadClientStatusAllClientHealthCheckMessage": "Všichni klienti pro stahování nejsou kvůli chybám k dispozici",
    "DownloadClientStatusSingleClientHealthCheckMessage": "Stahování klientů není k dispozici z důvodu selhání: {downloadClientNames}",
    "Folder": "Složka",
    "Grabs": "Urvat",
    "HealthNoIssues": "Žádné problémy s vaší konfigurací",
    "HideAdvanced": "Skrýt pokročilé",
    "Host": "Hostitel",
    "Hostname": "Název hostitele",
    "IncludeHealthWarningsHelpText": "Zahrnout zdravotní varování",
    "Indexer": "Indexer",
    "IndexerFlags": "Příznaky indexeru",
    "IndexerPriority": "Priorita indexování",
    "IndexerPriorityHelpText": "Priorita indexování od 1 (nejvyšší) do 50 (nejnižší). Výchozí: 25.",
    "Indexers": "Indexery",
    "IndexerStatusAllUnavailableHealthCheckMessage": "Všechny indexery nejsou k dispozici z důvodu selhání",
    "LastWriteTime": "Čas posledního zápisu",
    "Level": "Úroveň",
    "LogLevel": "Úroveň protokolu",
    "Manual": "Manuál",
    "Message": "Zpráva",
    "MIA": "MIA",
    "Mode": "Režim",
    "NoTagsHaveBeenAddedYet": "Zatím nebyly přidány žádné značky",
    "Ok": "OK",
    "SendAnonymousUsageData": "Odesílejte anonymní údaje o používání",
    "UnselectAll": "Odznačit vše",
    "UpdateStartupNotWritableHealthCheckMessage": "Aktualizaci nelze nainstalovat, protože spouštěcí složku „{startupFolder}“ nelze zapisovat uživatelem „{userName}“.",
    "Version": "Verze",
    "AnalyticsEnabledHelpText": "Odesílejte anonymní informace o použití a chybách na servery {appName}u. To zahrnuje informace o vašem prohlížeči, které stránky {appName} WebUI používáte, hlášení chyb a také verzi operačního systému a běhového prostředí. Tyto informace použijeme k upřednostnění funkcí a oprav chyb.",
    "ApiKey": "Klíč API",
    "AppDataDirectory": "Adresář AppData",
    "AppDataLocationHealthCheckMessage": "Aktualizace nebude možná, aby se zabránilo odstranění AppData při aktualizaci",
    "ApplicationStatusCheckAllClientMessage": "Všechny seznamy nejsou k dispozici z důvodu selhání",
    "ApplicationStatusCheckSingleClientMessage": "Seznamy nejsou k dispozici z důvodu selhání: {0}",
    "Apply": "Použít",
    "Branch": "Větev",
    "BranchUpdate": "Pobočka, která se má použít k aktualizaci {appName}",
    "EditIndexer": "Upravit indexátor",
    "ForMoreInformationOnTheIndividualDownloadClients": "Další informace o jednotlivých klientech pro stahování získáte kliknutím na informační tlačítka.",
    "General": "Všeobecné",
    "CloseCurrentModal": "Zavřít aktuální modální",
    "Columns": "Sloupce",
    "ConnectionLost": "Spojení ztraceno",
    "ConnectSettings": "Nastavení připojení",
    "Custom": "Zvyk",
    "Error": "Chyba",
    "Failed": "Selhalo",
    "FeatureRequests": "Žádosti o funkce",
    "Filename": "Název souboru",
    "Files": "Soubory",
    "Filter": "Filtr",
    "Fixed": "Pevný",
    "FocusSearchBox": "Zaostřovací vyhledávací pole",
    "GeneralSettingsSummary": "Port, SSL, uživatelské jméno / heslo, proxy, analytika a aktualizace",
    "History": "Dějiny",
    "HomePage": "Domovská stránka",
    "SettingsEnableColorImpairedModeHelpText": "Upravený styl umožňující uživatelům s barevným postižením lépe rozlišovat barevně kódované informace",
    "SettingsLongDateFormat": "Long Date Format",
    "SettingsShortDateFormat": "Formát krátkého data",
    "Shutdown": "Vypnout",
    "TagsHelpText": "Platí pro filmy s alespoň jednou shodnou značkou",
    "Tasks": "Úkoly",
    "Test": "Test",
    "UnableToLoadTags": "Značky nelze načíst",
    "IndexerProxyStatusAllUnavailableHealthCheckMessage": "Všechny indexery nejsou k dispozici z důvodu selhání",
    "ApplyTags": "Použít značky",
    "MoreInfo": "Více informací",
    "System": "Systém",
    "Enabled": "Povoleno",
    "IgnoredAddresses": "Ignorované adresy",
    "AcceptConfirmationModal": "Přijměte potvrzovací modální okno",
    "Actions": "Akce",
    "Added": "Přidáno",
    "AddIndexer": "Přidat indexer",
    "LaunchBrowserHelpText": " Otevřete webový prohlížeč a při spuštění aplikace přejděte na domovskou stránku {appName}.",
    "Logging": "Protokolování",
    "Mechanism": "Mechanismus",
    "NoLinks": "Žádné odkazy",
    "Presets": "Předvolby",
    "Priority": "Přednost",
    "Grabbed": "Popadl",
    "Health": "Zdraví",
    "LogLevelTraceHelpTextWarning": "Trasování protokolování by mělo být povoleno pouze dočasně",
    "ProxyBadRequestHealthCheckMessage": "Nepodařilo se otestovat proxy. StatusCode: {statusCode}",
    "ProxyFailedToTestHealthCheckMessage": "Nepodařilo se otestovat proxy: {url}",
    "ProxyResolveIpHealthCheckMessage": "Nepodařilo se vyřešit adresu IP konfigurovaného hostitele proxy {proxyHostName}",
    "ProxyPasswordHelpText": "Musíte pouze zadat uživatelské jméno a heslo, pokud je požadováno. Jinak je nechte prázdné.",
    "ProxyUsernameHelpText": "Musíte pouze zadat uživatelské jméno a heslo, pokud je požadováno. Jinak je nechte prázdné.",
    "Queue": "Fronta",
    "ReadTheWikiForMoreInformation": "Další informace najdete na Wiki",
    "Refresh": "Obnovit",
    "RefreshMovie": "Obnovit film",
    "MovieIndexScrollTop": "Rejstřík filmů: Posun nahoru",
    "ReleaseBranchCheckOfficialBranchMessage": "Pobočka {0} není platná větev vydání {appName}, nebudete dostávat aktualizace",
    "ReleaseStatus": "Stav vydání",
    "Proxy": "Proxy",
    "Reload": "Znovu načíst",
    "SaveChanges": "Uložit změny",
    "Search": "Vyhledávání",
    "Security": "Bezpečnostní",
    "Seeders": "Secí stroje",
    "SelectAll": "Vybrat vše",
    "SettingsEnableColorImpairedMode": "Aktivujte režim se sníženou barevností",
    "Sort": "Třídit",
    "Source": "Zdroj",
    "StartupDirectory": "Spouštěcí adresář",
    "Status": "Postavení",
    "Style": "Styl",
    "SuggestTranslationChange": "Navrhnout změnu překladu",
    "TableOptionsColumnsMessage": "Vyberte, které sloupce jsou viditelné a v jakém pořadí se zobrazují",
    "TagCannotBeDeletedWhileInUse": "Během používání nelze smazat",
    "TagIsNotUsedAndCanBeDeleted": "Značka se nepoužívá a lze ji smazat",
    "Tags": "Značky",
    "UILanguageHelpTextWarning": "Vyžaduje se opětovné načtení prohlížeče",
    "UnableToAddANewApplicationPleaseTryAgain": "Nelze přidat nové oznámení, zkuste to znovu.",
    "UnableToAddANewAppProfilePleaseTryAgain": "Nelze přidat nový kvalitní profil, zkuste to znovu.",
    "UnableToAddANewDownloadClientPleaseTryAgain": "Nelze přidat nového klienta pro stahování, zkuste to znovu.",
    "UnableToAddANewIndexerPleaseTryAgain": "Nelze přidat nový indexer, zkuste to znovu.",
    "UnableToAddANewIndexerProxyPleaseTryAgain": "Nelze přidat nový indexer, zkuste to znovu.",
    "UnableToLoadNotifications": "Nelze načíst oznámení",
    "UpdateStartupTranslocationHealthCheckMessage": "Aktualizaci nelze nainstalovat, protože spouštěcí složka „{startupFolder}“ je ve složce Translocation aplikace.",
    "UpdateUiNotWritableHealthCheckMessage": "Aktualizaci nelze nainstalovat, protože uživatelská složka „{uiFolder}“ není zapisovatelná uživatelem „{userName}“.",
    "UpdateMechanismHelpText": "Použijte vestavěný aktualizátor {appName} nebo skript",
    "UpdateScriptPathHelpText": "Cesta k vlastnímu skriptu, který přebírá extrahovaný balíček aktualizace a zpracovává zbytek procesu aktualizace",
    "Uptime": "Provozuschopnost",
    "URLBase": "URL Base",
    "UrlBaseHelpText": "Pro podporu reverzního proxy je výchozí hodnota prázdná",
    "UseProxy": "Použij proxy",
    "Username": "Uživatelské jméno",
    "Yesterday": "Včera",
    "AutomaticSearch": "Vyhledat automaticky",
    "BackupFolderHelpText": "Relativní cesty budou v adresáři AppData společnosti {appName}",
    "BackupIntervalHelpText": "Interval mezi automatickými zálohami",
    "BackupNow": "Ihned zálohovat",
    "BackupRetentionHelpText": "Automatické zálohy starší než doba uchovávání budou automaticky vyčištěny",
    "BeforeUpdate": "Před zálohováním",
    "BindAddress": "Vázat adresu",
    "BindAddressHelpText": "Platná IP adresa, localhost nebo '*' pro všechna rozhraní",
    "BranchUpdateMechanism": "Větev používaná externím aktualizačním mechanismem",
    "BypassProxyForLocalAddresses": "Obcházení proxy serveru pro místní adresy",
    "DeleteIndexerProxyMessageText": "Opravdu chcete smazat značku „{0}“?",
    "DeleteTag": "Smazat značku",
    "IndexerProxyStatusUnavailableHealthCheckMessage": "Indexery nedostupné z důvodu selhání: {indexerProxyNames}",
    "Name": "název",
    "New": "Nový",
    "Protocol": "Protokol",
    "RemoveFilter": "Vyjměte filtr",
    "RemovingTag": "Odebírání značky",
    "Reset": "Resetovat",
    "Restart": "Restartujte",
    "RestartNow": "Restartovat nyní",
    "RestoreBackup": "Obnovit zálohu",
    "RssIsNotSupportedWithThisIndexer": "RSS není u tohoto indexeru podporováno",
    "Save": "Uložit",
    "SSLCertPasswordHelpText": "Heslo pro soubor pfx",
    "SSLCertPath": "Cesta certifikátu SSL",
    "SSLCertPathHelpText": "Cesta k souboru pfx",
    "UnableToLoadBackups": "Nelze načíst zálohy",
    "DownloadClientsLoadError": "Nelze načíst klienty pro stahování",
    "UnableToLoadGeneralSettings": "Nelze načíst obecná nastavení",
    "DeleteNotification": "Smazat oznámení",
    "EnableAutomaticSearch": "Povolit automatické vyhledávání",
    "EnableInteractiveSearchHelpText": "Bude použito při použití interaktivního vyhledávání",
    "GeneralSettings": "Obecné nastavení",
    "InteractiveSearch": "Interaktivní vyhledávání",
    "Interval": "Interval",
    "KeyboardShortcuts": "Klávesové zkratky",
    "Language": "Jazyk",
    "NoLogFiles": "Žádné soubory protokolu",
    "NoBackupsAreAvailable": "Nejsou k dispozici žádné zálohy",
    "NoChanges": "Žádné změny",
    "NoLeaveIt": "Ne, nech to",
    "PageSize": "Velikost stránky",
    "PendingChangesMessage": "Máte neuložené změny. Opravdu chcete tuto stránku opustit?",
    "PendingChangesStayReview": "Zůstaňte a zkontrolujte změny",
    "Port": "Přístav",
    "RestartRequiredHelpTextWarning": "Vyžaduje restart, aby se projevilo",
    "Restore": "Obnovit",
    "SettingsShowRelativeDates": "Zobrazit relativní data",
    "SettingsShowRelativeDatesHelpText": "Zobrazit relativní (dnes / včera / atd.) Nebo absolutní data",
    "SystemTimeCheckMessage": "Systémový čas je vypnutý o více než 1 den. Naplánované úlohy nemusí fungovat správně, dokud nebude čas opraven",
    "AddingTag": "Přidání značky",
    "Age": "Stáří",
    "All": "Vše",
    "AllIndexersHiddenDueToFilter": "Všechny filmy jsou skryty kvůli použitému filtru.",
    "Analytics": "Analýzy",
    "EnableRss": "Povolit RSS",
    "NoChange": "Žádná změna",
    "Authentication": "Ověřování",
    "AuthenticationMethodHelpText": "Vyžadovat uživatelské jméno a heslo pro přístup k {appName}",
    "Automatic": "Automatický",
    "Backup": "Záloha",
    "Cancel": "Zrušit",
    "CertificateValidationHelpText": "Změňte, jak přísné je ověření certifikace HTTPS",
    "ChangeHasNotBeenSavedYet": "Změna ještě nebyla uložena",
    "Clear": "Vyčistit",
    "ClientPriority": "Priorita klienta",
    "CloneProfile": "Klonovat profil",
    "Close": "Zavřít",
    "CouldNotConnectSignalR": "Nelze se připojit k SignalR, uživatelské rozhraní se neaktualizuje",
    "CustomFilters": "Vlastní filtry",
    "Date": "datum",
    "Dates": "Termíny",
    "DatabaseMigration": "Migrace databáze",
    "Delete": "Vymazat",
    "DeleteApplicationMessageText": "Opravdu chcete smazat oznámení „{0}“?",
    "DeleteBackup": "Odstranit zálohu",
    "DeleteDownloadClient": "Odstranit staženého klienta",
    "DeleteNotificationMessageText": "Opravdu chcete smazat oznámení '{name}'?",
    "DeleteTagMessageText": "Opravdu chcete smazat značku „{0}“?",
    "Discord": "Svár",
    "DownloadClient": "Stáhnout klienta",
    "DownloadClients": "Stáhnout klienty",
    "Edit": "Upravit",
    "Enable": "Umožnit",
    "EnableAutomaticSearchHelpText": "Použije se, když se automatické vyhledávání provádí pomocí uživatelského rozhraní nebo {appName}",
    "EnableInteractiveSearch": "Povolit interaktivní vyhledávání",
    "EnableSSL": "Povolit SSL",
    "EnableSslHelpText": " Vyžaduje restartování spuštěné jako správce, aby se projevilo",
    "Events": "Události",
    "EventType": "Typ události",
    "Exception": "Výjimka",
    "ExistingTag": "Stávající značka",
    "IllRestartLater": "Restartuji později",
    "IndexerLongTermStatusUnavailableHealthCheckMessage": "Indexery nedostupné z důvodu selhání po dobu delší než 6 hodin: {indexerNames}",
    "IndexerStatusUnavailableHealthCheckMessage": "Indexery nedostupné z důvodu selhání: {indexerNames}",
    "SettingsTimeFormat": "Časový formát",
    "ShowAdvanced": "Zobrazit pokročilé",
    "ShowSearch": "Zobrazit vyhledávání",
    "ShowSearchHelpText": "Zobrazit vyhledávací tlačítko při najetí myší",
    "Size": "Velikost",
    "Updates": "Aktualizace",
    "NotificationTriggers": "Spouštěče oznámení",
    "NoUpdatesAreAvailable": "Nejsou k dispozici žádné aktualizace",
    "OAuthPopupMessage": "Vyskakovací okna jsou blokována vaším prohlížečem",
    "OnHealthIssueHelpText": "K otázce zdraví",
    "OpenBrowserOnStart": "Při spuštění otevřete prohlížeč",
    "OpenThisModal": "Otevřete tento modální",
    "Options": "Možnosti",
    "PackageVersion": "Verze balíčku",
    "PageSizeHelpText": "Počet položek, které se mají zobrazit na každé stránce",
    "Password": "Heslo",
    "Peers": "Vrstevníci",
    "PendingChangesDiscardChanges": "Zahodit změny a odejít",
    "PortNumber": "Číslo portu",
    "Result": "Výsledek",
    "Retention": "Zadržení",
    "Rss": "RSS",
    "TagsSettingsSummary": "Podívejte se na všechny značky a na to, jak se používají. Nepoužité značky lze odstranit",
    "TestAll": "Vyzkoušet vše",
    "TestAllClients": "Vyzkoušejte všechny klienty",
    "Time": "Čas",
    "Title": "Titul",
    "Today": "Dnes",
    "Tomorrow": "Zítra",
    "Torrent": "Torrenty",
    "Torrents": "Torrenty",
    "Type": "Typ",
    "UI": "UI",
    "UILanguage": "Jazyk uživatelského rozhraní",
    "UILanguageHelpText": "Jazyk, který {appName} použije pro uživatelské rozhraní",
    "UISettings": "Nastavení uživatelského rozhraní",
    "UnableToLoadUISettings": "Nelze načíst nastavení uživatelského rozhraní",
    "UnsavedChanges": "Neuložené změny",
    "UpdateAutomaticallyHelpText": "Automaticky stahovat a instalovat aktualizace. Stále budete moci instalovat ze systému: Aktualizace",
    "NetCore": ".NET Core",
    "Filters": "Filtr",
    "HistoryCleanupDaysHelpText": "Nastavením na 0 zakážete automatické čištění",
    "HistoryCleanupDaysHelpTextWarning": "Soubory v koši starší než vybraný počet dní budou automaticky vyčištěny",
    "MaintenanceRelease": "Údržbové vydání: opravy chyb a další vylepšení. Další podrobnosti najdete v GitHub Commit History",
    "OnGrab": "Chyť",
    "OnHealthIssue": "K otázce zdraví",
    "TestAllIndexers": "Vyzkoušejte všechny indexery",
    "Link": "Odkazy",
    "MappedDrivesRunningAsService": "Mapované síťové jednotky nejsou k dispozici, když běží jako služba Windows. Další informace najdete v častých dotazech",
    "No": "Ne",
    "UnableToLoadIndexers": "Nelze načíst indexery",
    "Yes": "Ano",
    "GrabReleases": "Uchopte uvolnění",
    "ApplicationLongTermStatusCheckSingleClientMessage": "Indexery nedostupné z důvodu selhání po dobu delší než 6 hodin: {0}",
    "ApplicationLongTermStatusCheckAllClientMessage": "Všechny indexery nejsou k dispozici z důvodu selhání po dobu delší než 6 hodin",
    "Ended": "Skončil",
    "LastDuration": "lastDuration",
    "LastExecution": "Poslední poprava",
    "NextExecution": "Další spuštění",
    "Queued": "Ve frontě",
    "Remove": "Odstranit",
    "Replace": "Nahradit",
    "TheLatestVersionIsAlreadyInstalled": "Nejnovější verze aplikace {appName} je již nainstalována",
    "More": "Více",
    "ApplyTagsHelpTextAdd": "Přidat: Přidá značky k již existujícímu seznamu",
    "ApplyTagsHelpTextHowToApplyApplications": "Jak použít značky na vybrané filmy",
    "DeleteSelectedDownloadClients": "Odstranit klienta pro stahování",
    "DeleteSelectedIndexersMessageText": "Opravdu chcete smazat {count} vybraný(ch) indexer(ů)?",
    "DeleteSelectedApplicationsMessageText": "Opravdu chcete odstranit indexer „{0}“?",
    "DeleteSelectedDownloadClientsMessageText": "Opravdu chcete smazat {count} vybraných klientů pro stahování?",
    "Year": "Rok",
    "ApplyTagsHelpTextRemove": "Odebrat: Odebrat zadané značky",
    "DownloadClientPriorityHelpText": "Upřednostněte více klientů pro stahování. Round-Robin se používá pro klienty se stejnou prioritou.",
    "ApplyTagsHelpTextHowToApplyIndexers": "Jak použít značky na vybrané indexery",
    "ApplyTagsHelpTextReplace": "Nahradit: Nahradit značky zadanými značkami (prázdné pole vymaže všechny značky)",
    "Track": "Stopa",
    "Genre": "Žánry",
    "ConnectionLostReconnect": "{appName} se pokusí připojit automaticky, nebo můžete kliknout na tlačítko znovunačtení níže.",
    "RecentChanges": "Nedávné změny",
    "WhatsNew": "Co je nového?",
    "DeleteAppProfileMessageText": "Opravdu chcete smazat kvalitní profil {0}",
    "ConnectionLostToBackend": "{appName} ztratil spojení s backendem a pro obnovení funkčnosti bude třebaho znovu načíst.",
    "minutes": "Minut",
    "ApplicationURL": "URL aplikace",
    "ApplicationUrlHelpText": "Externí adresa URL této aplikace včetně http(s)://, portu a základní adresy URL",
    "ApplyChanges": "Použít změny",
    "ApiKeyValidationHealthCheckMessage": "Aktualizujte svůj klíč API tak, aby měl alespoň {length} znaků. Můžete to provést prostřednictvím nastavení nebo konfiguračního souboru",
    "AppUpdated": "{appName} aktualizován",
    "AddDownloadClientImplementation": "Přidat klienta pro stahování - {implementationName}",
    "AuthenticationRequired": "Vyžadované ověření",
    "AuthenticationRequiredHelpText": "Změnit, pro které požadavky je vyžadováno ověření. Pokud nerozumíte rizikům, neměňte je.",
    "AddCustomFilter": "Přidat vlastní filtr",
    "AddConnection": "Přidat spojení",
    "AddConnectionImplementation": "Přidat spojení - {implementationName}",
    "AddIndexerImplementation": "Přidat indexer - {implementationName}",
    "Publisher": "Vydavatel",
    "Categories": "Kategorie",
    "Notification": "Oznámení",
    "AddApplicationImplementation": "Přidat spojení - {implementationName}",
    "AddIndexerProxyImplementation": "Přidat indexátor - {implementationName}",
    "Artist": "Umělec",
    "EditIndexerImplementation": "Upravit indexer - {implementationName}",
    "Episode": "epizoda",
    "NotificationStatusAllClientHealthCheckMessage": "Všechny seznamy nejsou k dispozici z důvodu selhání",
    "NotificationStatusSingleClientHealthCheckMessage": "Seznamy nejsou k dispozici z důvodu selhání: {notificationNames}",
    "Application": "Aplikace",
    "AppUpdatedVersion": "{appName} byl aktualizován na verzi `{version}`, abyste získali nejnovější změny, musíte znovu načíst {appName}",
    "Encoding": "Kódování",
    "Notifications": "Oznámení",
    "Season": "Řada",
    "Theme": "Motiv",
    "Label": "Etiketa",
    "Album": "Album",
    "Applications": "Aplikace",
    "Connect": "Oznámení",
    "EditConnectionImplementation": "Přidat spojení - {implementationName}",
    "EditDownloadClientImplementation": "Upravit klienta pro stahování - {implementationName}",
    "AuthForm": "Formuláře (přihlašovací stránka)",
    "Clone": "Klonovat",
    "DefaultNameCopiedProfile": "{name} - Kopírovat",
    "DisabledForLocalAddresses": "Zakázáno pro místní adresy",
    "EditApplicationImplementation": "Přidat spojení - {implementationName}",
    "None": "Žádný",
    "ResetAPIKeyMessageText": "Opravdu chcete resetovat klíč API?",
    "Database": "Databáze",
    "CountDownloadClientsSelected": "{count} vybraných klientů ke stahování",
    "CountIndexersSelected": "{count} vybraných indexerů",
    "EditIndexerProxyImplementation": "Přidat indexátor - {implementationName}",
    "AuthBasic": "Základní (vyskakovací okno prohlížeče)",
    "AuthenticationRequiredWarning": "Aby se zabránilo vzdálenému přístupu bez ověření, vyžaduje nyní {appName} povolení ověření. Ověřování z místních adres můžete volitelně zakázat.",
    "RestartProwlarr": "Restartujte {appName}",
    "Duration": "Trvání",
    "EditSelectedDownloadClients": "Upravit vybrané klienty pro stahování",
    "EditSelectedIndexers": "Upravit vybrané indexery",
    "AuthenticationMethod": "Metoda ověřování",
    "AuthenticationRequiredPasswordHelpTextWarning": "Vložte nové heslo",
    "AuthenticationRequiredUsernameHelpTextWarning": "Vložte nové uživatelské jméno",
    "AuthenticationMethodHelpTextWarning": "Prosím vyberte platnou metodu ověřování",
    "AuthenticationRequiredPasswordConfirmationHelpTextWarning": "Potvrďte nové heslo",
    "days": "dnů",
    "Id": "ID",
    "CountApplicationsSelected": "Vybráno {0} kolekcí",
    "IndexerHDBitsSettingsCodecs": "Kodek",
    "IndexerHDBitsSettingsMediums": "Střední",
    "Directory": "Adresář",
    "CustomFilter": "Vlastní filtry",
    "ProxyValidationBadRequest": "Nepodařilo se otestovat proxy. StatusCode: {statusCode}",
    "Default": "Výchozí",
    "GrabRelease": "Uchopte uvolnění",
    "Category": "Kategorie",
    "BlackholeFolderHelpText": "Složka do které {appName} uloží {extension} soubor",
    "DownloadClientSettingsUrlBaseHelpText": "Přidá předponu do {connectionName} url, jako např. {url}",
    "Any": "Jakákoliv",
    "BuiltIn": "Vestavěný",
    "Script": "Skript",
    "PublishedDate": "Datum zveřejnění",
    "AllSearchResultsHiddenByFilter": "Všechny výsledky jsou schovány použitým filtrem"
}
