{
    "Close": "Закрыть",
    "CloneProfile": "Клонировать профиль",
    "ClientPriority": "Приоритет клиента",
    "Backups": "Резервные копии",
    "BackupRetentionHelpText": "Автоматические резервные копии старше указанного периода будут автоматически удалены",
    "BackupNow": "Создать резервную копию",
    "BackupIntervalHelpText": "Периодичность автоматического резервного копирования",
    "Backup": "Резервное копирование",
    "AutomaticSearch": "Автоматический поиск",
    "Authentication": "Аутентификация",
    "ApplyTags": "Применить тэги",
    "Apply": "Применить",
    "AppDataLocationHealthCheckMessage": "Обновление будет не возможно, во избежание удаления данных программы во время обновления",
    "ApiKey": "API ключ",
    "Analytics": "Аналитика",
    "AddIndexer": "Добавить индексер",
    "Added": "Добавлено",
    "Actions": "Действия",
    "About": "Об",
    "DeleteBackupMessageText": "Вы уверены, что хотите удалить резервную копию '{name}'?",
    "DeleteBackup": "Удалить резервную копию",
    "Delete": "Удалить",
    "NoLinks": "Нет ссылок",
    "Refresh": "Обновить",
    "RefreshMovie": "Обновить фильм",
    "Rss": "RSS",
    "SendAnonymousUsageData": "Отправка анонимных данных об использовании",
    "UnableToLoadHistory": "Не удалось загрузить историю",
    "MoreInfo": "Ещё инфо",
    "MovieIndexScrollTop": "Индекс фильма: промотать вверх",
    "Size": "Размер",
    "OpenBrowserOnStart": "Открывать браузер при запуске",
    "OpenThisModal": "Открыть это модальное окно",
    "Options": "Опции",
    "PackageVersion": "Версия пакета",
    "PageSize": "Размер страницы",
    "PageSizeHelpText": "Количество показываемое на каждой страницы",
    "Password": "Пароль",
    "Peers": "Пиры",
    "PendingChangesDiscardChanges": "Не применять изменения и выйти",
    "PendingChangesStayReview": "Оставайтесь и просмотрите изменения",
    "Port": "Порт",
    "PortNumber": "Номер порта",
    "LogFiles": "Файлы журнала",
    "Details": "Подробности",
    "DownloadClients": "Клиенты для скачивания",
    "Filename": "Имя файла",
    "Files": "Файлы",
    "Filter": "Фильтр",
    "IndexerStatusAllUnavailableHealthCheckMessage": "Все индексаторы недоступны из-за ошибок",
    "LogLevel": "Уровень журнала",
    "LogLevelTraceHelpTextWarning": "Отслеживание журнала следует включать только временно",
    "Logs": "Журналы",
    "Manual": "Ручной",
    "Mechanism": "Механизм",
    "NoBackupsAreAvailable": "Нет резервных копий",
    "DeleteDownloadClientMessageText": "Вы уверены, что хотите удалить клиент загрузки '{name}'?",
    "Edit": "Редактирование",
    "Enable": "Включить",
    "Indexer": "Индексатор",
    "SettingsShortDateFormat": "Короткий формат даты",
    "SettingsShowRelativeDates": "Показать относительные даты",
    "SettingsShowRelativeDatesHelpText": "Показывать относительные (сегодня / вчера / и т. д.) или абсолютные даты",
    "Docker": "Docker",
    "FocusSearchBox": "Поле поиска в фокусе",
    "Reset": "Сброс",
    "Add": "Добавить",
    "EnableSSL": "Включить SSL",
    "IndexerFlags": "Флаги индексатора",
    "Priority": "Приоритет",
    "Updates": "Обновления",
    "Usenet": "Usenet",
    "AcceptConfirmationModal": "Окно подтверждения",
    "Today": "Сегодня",
    "DeleteIndexerProxyMessageText": "Вы уверены, что хотите удалить тэг '{0}'?",
    "ExistingTag": "Существующий тэг",
    "Failed": "Неудачно",
    "IndexerProxyStatusUnavailableHealthCheckMessage": "Индексаторы недоступны из-за ошибок: {indexerProxyNames}",
    "Indexers": "Индексаторы",
    "InteractiveSearch": "Интерактивный поиск",
    "Interval": "Интервал",
    "KeyboardShortcuts": "Горячие клавиши",
    "Language": "Язык",
    "LastWriteTime": "Последнее время записи",
    "LaunchBrowserHelpText": " Открывать браузер и переходить на страницу {appName} при запуске программы.",
    "Level": "Уровень",
    "Ok": "Хорошо",
    "AddDownloadClient": "Добавить программу для скачивания",
    "UpdateMechanismHelpText": "Используйте встроенную в {appName} функцию обновления или скрипт",
    "IndexerStatusUnavailableHealthCheckMessage": "Индексаторы недоступны из-за ошибок: {indexerNames}",
    "NoTagsHaveBeenAddedYet": "Теги еще не добавлены",
    "UnableToLoadTags": "Невозможно загрузить теги",
    "AnalyticsEnabledHelpText": "Отправлять в {appName} анонимную информацию об использовании и ошибках. Анонимная статистика включает в себя информацию о браузере, какие страницы веб-интерфейса {appName} загружены, сообщения об ошибках, а также операционной системе. Мы используем эту информацию для выявления ошибок, а также для разработки нового функционала.",
    "AuthenticationMethodHelpText": "Необходим логин и пароль для доступа в {appName}",
    "BackupFolderHelpText": "Относительные пути будут в каталоге AppData {appName}",
    "BeforeUpdate": "До обновления",
    "BindAddress": "Привязать адрес",
    "BindAddressHelpText": "Действительный IP-адрес, локальный адрес или '*' для всех интерфейсов",
    "Branch": "Ветвь",
    "BranchUpdate": "Ветвь для обновления {appName}",
    "BranchUpdateMechanism": "Ветвь, используемая внешним механизмом обновления",
    "BypassProxyForLocalAddresses": "Обход прокси для локальных адресов",
    "Cancel": "Отменить",
    "CancelPendingTask": "Вы уверены, что хотите убрать данную задачу из очереди?",
    "CertificateValidation": "Проверка сертификата",
    "CertificateValidationHelpText": "Изменить строгое подтверждение сертификации НТТР",
    "ChangeHasNotBeenSavedYet": "Изменения ещё не вступили в силу",
    "Clear": "Очистить",
    "CloseCurrentModal": "Закрыть текущее окно",
    "Columns": "Столбцы",
    "Component": "Компонент",
    "ConnectionLost": "Соединение прервано",
    "Connections": "Соединения",
    "ConnectSettings": "Настройки соединения",
    "CouldNotConnectSignalR": "Не возможно подключиться к SignalR, интерфейс не будет обновляться",
    "Custom": "Настраиваемый",
    "CustomFilters": "Настраиваемые фильтры",
    "Date": "Дата",
    "Dates": "Даты",
    "DatabaseMigration": "Перенос БД",
    "DeleteNotification": "Удалить уведомление",
    "DeleteNotificationMessageText": "Вы уверены, что хотите удалить уведомление '{name}'?",
    "DeleteTag": "Удалить тэг",
    "DeleteTagMessageText": "Вы уверены, что хотите удалить тэг '{label}'?",
    "Disabled": "Выключено",
    "Discord": "Discord",
    "Donations": "Пожертвования",
    "DownloadClient": "Загрузочный клиент",
    "DownloadClientSettings": "Настройки клиента скачиваний",
    "DownloadClientStatusAllClientHealthCheckMessage": "Все клиенты для скачивания недоступны из-за ошибок",
    "DownloadClientStatusSingleClientHealthCheckMessage": "Клиенты для скачивания недоступны из-за ошибок: {downloadClientNames}",
    "EnableAutomaticSearch": "Включить автоматический поиск",
    "EnableAutomaticSearchHelpText": "Будет использовано для автоматических поисков через интерфейс или {appName}",
    "Enabled": "Включено",
    "EnableInteractiveSearch": "Включить интерактивный поиск",
    "EnableRss": "Включить RSS",
    "Fixed": "Исправлено",
    "Folder": "Папка",
    "ForMoreInformationOnTheIndividualDownloadClients": "Для дополнительной информации пл программам скачивания нажмите эту кнопку.",
    "General": "Основное",
    "GeneralSettings": "Основные настройки",
    "GeneralSettingsSummary": "Порт, SSL, логин/пароль, прокси, аналитика и обновления",
    "Grabbed": "Захвачено",
    "Grabs": "Захватить",
    "Health": "Здоровье",
    "HealthNoIssues": "С вашей конфигурацией нет проблем",
    "HideAdvanced": "Скрыть расширенные",
    "History": "История",
    "HomePage": "Домашняя страница",
    "Host": "Хост",
    "Hostname": "Имя хоста",
    "IgnoredAddresses": "Игнорируемые адреса",
    "IllRestartLater": "Перезапущу позднее",
    "IncludeHealthWarningsHelpText": "Включая предупреждения о здоровье",
    "IndexerLongTermStatusAllUnavailableHealthCheckMessage": "Все индексаторы недоступны из-за ошибок за последние 6 часов",
    "IndexerLongTermStatusUnavailableHealthCheckMessage": "Все индексаторы недоступны из-за ошибок за последние 6 часов: {indexerNames}",
    "IndexerPriority": "Приоритет индексатора",
    "IndexerPriorityHelpText": "Приоритет индексаторов от 1 (наивысший) до 50 (низший). По-умолчанию: 25.",
    "IndexerProxyStatusAllUnavailableHealthCheckMessage": "Все индексаторы недоступны из-за ошибок",
    "Info": "Информация",
    "Logging": "Ведение журнала",
    "Message": "Сообщение",
    "MIA": "MIA",
    "Mode": "Режим",
    "MovieIndexScrollBottom": "Индекс фильма: промотать в низ",
    "Name": "Имя",
    "New": "Новый",
    "NoChanges": "Нет изменений",
    "NoLeaveIt": "Нет, оставить",
    "NoLogFiles": "Нет файлов журнала",
    "NoUpdatesAreAvailable": "Нет обновлений",
    "OAuthPopupMessage": "Ваш браузер блокирует всплывающие окна",
    "OnHealthIssueHelpText": "По вопросам здоровья",
    "PendingChangesMessage": "У вас есть несохраненные изменения. Вы уверены, что хотите покинуть эту страницу?",
    "Presets": "Пресеты",
    "Protocol": "Протокол",
    "Proxy": "Прокси",
    "ProxyBypassFilterHelpText": "Используйте ',' в качестве разделителя и '*.' как подстановочный знак для субдоменов",
    "ProxyBadRequestHealthCheckMessage": "Не удалось проверить прокси. Код: {statusCode}",
    "ProxyFailedToTestHealthCheckMessage": "Не удалось проверить прокси: {url}",
    "ProxyResolveIpHealthCheckMessage": "Не удалось определить IP-адрес настроенного прокси-хоста {proxyHostName}",
    "ProxyPasswordHelpText": "Вам нужно только ввести имя пользователя и пароль, если они необходимы. В противном случае оставьте их пустыми.",
    "ProxyType": "Тип прокси",
    "ProxyUsernameHelpText": "Вам нужно только ввести имя пользователя и пароль, если они необходимы. В противном случае оставьте их пустыми.",
    "Queue": "Очередь",
    "ReadTheWikiForMoreInformation": "Прочтите Wiki для получения дополнительной информации",
    "ReleaseBranchCheckOfficialBranchMessage": "Ветка {0} не является допустимой веткой выпуска {appName}, вы не будете получать обновления",
    "ReleaseStatus": "Статус релиза",
    "Reload": "Перезагрузить",
    "RemovedFromTaskQueue": "Удалено из очереди задач",
    "RemoveFilter": "Удалить фильтр",
    "RemovingTag": "Удаление тега",
    "ResetAPIKey": "Сбросить API ключ",
    "Restart": "Перезапустить",
    "RestartNow": "Перезапустить сейчас",
    "RestartRequiredHelpTextWarning": "Для применения изменений, требуется перезапуск",
    "Restore": "Восстановить",
    "RestoreBackup": "Восстановить из резервной копии",
    "Result": "Результат",
    "Retention": "Удержание",
    "RssIsNotSupportedWithThisIndexer": "RSS не поддерживается этим индексатором",
    "Save": "Сохранить",
    "SaveChanges": "Сохранить изменения",
    "SaveSettings": "Сохранить настройки",
    "Scheduled": "Запланировано",
    "ScriptPath": "Путь к скрипту",
    "Search": "Поиск",
    "Security": "Безопасность",
    "Seeders": "Сиды",
    "SelectAll": "Выбрать все",
    "SetTags": "Установить теги",
    "Settings": "Настройки",
    "SettingsEnableColorImpairedMode": "Версия для слабовидящих",
    "SettingsEnableColorImpairedModeHelpText": "Стиль изменён чтобы слабовидящие лучше различали цвета",
    "SettingsLongDateFormat": "Длинный формат даты",
    "SettingsTimeFormat": "Формат времени",
    "ShowAdvanced": "Показать расширенные",
    "ShowSearch": "Показать поиск",
    "ShowSearchHelpText": "Показать копку поиска по наведению",
    "Shutdown": "Выключить",
    "Sort": "Сортировка",
    "Source": "Источник",
    "SSLCertPassword": "Пароль SSL сертификата",
    "SSLCertPasswordHelpText": "Пароль pfx файла",
    "SSLCertPath": "Путь SSL сертификата",
    "SSLCertPathHelpText": "Путь к pfx файлу",
    "StartTypingOrSelectAPathBelow": "Начните вводить или выберите путь ниже",
    "StartupDirectory": "Каталог автозагрузки",
    "Status": "Статус",
    "Style": "Стиль",
    "SuggestTranslationChange": "Предложить изменение перевода",
    "SystemTimeCheckMessage": "Расхождение системного времени более чем на 1 день. Запланированные задачи могут работать некорректно, пока не будет исправлено время",
    "TableOptionsColumnsMessage": "Выберите, какие столбцы отображаются и в каком порядке",
    "TagIsNotUsedAndCanBeDeleted": "Тег не используется и может быть удален",
    "TagsHelpText": "Применимо к фильмам с хотя бы одним подходящим тегом",
    "TagsSettingsSummary": "Посмотрите все теги и способы их использования. Неиспользуемые теги можно удалить",
    "Tasks": "Задачи",
    "Test": "Тест",
    "TestAll": "Тестировать все",
    "TestAllClients": "Тестировать всех клиентов",
    "Time": "Время",
    "Title": "Название",
    "Tomorrow": "Завтра",
    "Torrent": "Торренты",
    "Torrents": "Торренты",
    "Type": "Тип",
    "UI": "Пользовательский интерфейс",
    "UILanguage": "Язык пользовательского интерфейса",
    "UILanguageHelpTextWarning": "Требуется перезагрузка браузера",
    "UISettings": "Настройки пользовательского интерфейса",
    "UnableToAddANewApplicationPleaseTryAgain": "Невозможно добавить новое уведомление, попробуйте еще раз.",
    "UnableToAddANewAppProfilePleaseTryAgain": "Не удалось добавить новый профиль качества. Повторите попытку.",
    "UnableToAddANewDownloadClientPleaseTryAgain": "Не удалось добавить новый клиент загрузки, попробуйте еще раз.",
    "UnableToAddANewIndexerPleaseTryAgain": "Не удалось добавить новый индексатор, повторите попытку.",
    "UnableToAddANewIndexerProxyPleaseTryAgain": "Не удалось добавить новый индексатор, повторите попытку.",
    "UnableToAddANewNotificationPleaseTryAgain": "Невозможно добавить новое уведомление, попробуйте еще раз.",
    "UnableToLoadBackups": "Невозможно загрузить резервные копии",
    "DownloadClientsLoadError": "Невозможно загрузить загрузчики",
    "UnableToLoadGeneralSettings": "Невозможно загрузить общие настройки",
    "UnableToLoadNotifications": "Невозможно загрузить уведомления",
    "UnableToLoadUISettings": "Не удалось загрузить настройки пользовательского интерфейса",
    "UnsavedChanges": "Несохраненные изменения",
    "UnselectAll": "Снять все выделения",
    "UpdateAutomaticallyHelpText": "Автоматически загружать и устанавливать обновления. Вы так же можете установить в Система: Обновления",
    "UpdateStartupNotWritableHealthCheckMessage": "Невозможно установить обновление так как загрузочная папка '{startupFolder}' недоступна для записи для пользователя '{userName}'.",
    "UpdateStartupTranslocationHealthCheckMessage": "Не удается установить обновление, поскольку папка автозагрузки \"{startupFolder}\" находится в папке перемещения приложений.",
    "UpdateUiNotWritableHealthCheckMessage": "Невозможно установить обновление так как UI папка '{uiFolder}' недоступна для записи для пользователя '{userName}'.",
    "UpdateScriptPathHelpText": "Путь к пользовательскому скрипту, который обрабатывает остатки после процесса обновления",
    "Uptime": "Время работы",
    "URLBase": "Базовый URL",
    "UrlBaseHelpText": "Для поддержки обратного прокси, по умолчанию пусто",
    "UseProxy": "Использовать прокси",
    "Username": "Пользователь",
    "Version": "Версия",
    "View": "Просмотр",
    "AddingTag": "Добавить тэг",
    "SSLPort": "SSL порт",
    "UILanguageHelpText": "Язык, который {appName} будет использовать для пользовательского интерфейса",
    "EnableSslHelpText": " Требуется перезапуск от администратора",
    "ErrorLoadingContents": "Ошибка при загрузке контента",
    "Events": "События",
    "EventType": "Тип события",
    "Exception": "Исключение",
    "FeatureRequests": "Будущие запросы",
    "Warn": "Предупреждение",
    "Wiki": "Wiki",
    "YesCancel": "Да, отменить",
    "Yesterday": "Вчера",
    "NotificationTriggers": "Триггеры уведомления",
    "ApplicationStatusCheckAllClientMessage": "Все листы недоступны из-за ошибок",
    "Automatic": "Автоматически",
    "DeleteApplicationMessageText": "Вы уверены, что хотите удалить уведомление '{0}'?",
    "DeleteDownloadClient": "Удалить программу для скачивания",
    "EnableInteractiveSearchHelpText": "Будет использовано при интерактивном поиске",
    "Error": "Ошибка",
    "NoChange": "Нет изменений",
    "Age": "Возраст",
    "All": "Все",
    "AllIndexersHiddenDueToFilter": "Все фильмы спрятаны в соответствии с фильтром.",
    "AppDataDirectory": "Директория AppData",
    "Reddit": "Reddit",
    "System": "Система",
    "TableOptions": "Опции таблицы",
    "TagCannotBeDeletedWhileInUse": "Невозможно удалить во время использования",
    "Tags": "Теги",
    "ApplicationStatusCheckSingleClientMessage": "Листы недоступны из-за ошибок: {0}",
    "EditIndexer": "Редактировать индексатор",
    "MaintenanceRelease": "Техническая версия: исправлены ошибки и другие улучшения. Дополнительную информацию см. в истории коммитов Github",
    "Filters": "Фильтры",
    "HistoryCleanupDaysHelpText": "Установите 0, чтобы отключить автоматическую очистку",
    "HistoryCleanupDaysHelpTextWarning": "Файлы в корзине старше указанного количества дней будут очищены автоматически",
    "OnApplicationUpdateHelpText": "О обновлении приложения",
    "OnGrab": "При захвате",
    "OnHealthIssue": "О проблемах в системе",
    "OnApplicationUpdate": "При обновлении приложения",
    "TestAllIndexers": "Тестировать все индексаторы",
    "UserAgentProvidedByTheAppThatCalledTheAPI": "User-Agent, представленный приложением, который вызывает API",
    "NotificationTriggersHelpText": "Выберите, какие события должны вызвать это уведомление",
    "NetCore": ".NET",
    "GrabReleases": "Захватить релиз",
    "UnableToLoadIndexers": "Не удалось загрузить индексаторы",
    "Link": "Ссылки",
    "MappedDrivesRunningAsService": "Подключённые сетевые диски недоступны, если программа запущена как сервис. Обратитесь в FAQ за дополнительной информацией",
    "No": "Нет",
    "Yes": "Да",
    "AddRemoveOnly": "Добавить и Удалить Только",
    "AddNewIndexer": "Добавить Новый Индексатор",
    "AddToDownloadClient": "Добавить выпуск в Загрузочный клиент",
    "AddedToDownloadClient": "Выпуск добавлен в клиент",
    "AddDownloadClientToProwlarr": "Добавление клиента загрузки позволяет {appName} отправлять выпуски прямо из пользовательского интерфейса, выполняя поиск вручную.",
    "AddIndexerProxy": "Добавить индексатор прокси",
    "Connect": "Оповещения",
    "Notification": "Оповещения",
    "Encoding": "Кодирование",
    "Applications": "Приложения",
    "Application": "Приложения",
    "Notifications": "Оповещения",
    "InstanceName": "Имя экземпляра",
    "InstanceNameHelpText": "Имя экземпляра на вкладке и имя приложения системного журнала",
    "Started": "Запущено",
    "Database": "База данных",
    "Duration": "Длительность",
    "ApplicationLongTermStatusCheckSingleClientMessage": "Все индексаторы недоступны из-за ошибок за последние 6 часов: {0}",
    "Ended": "Завершен",
    "LastExecution": "Последнее выполнение",
    "NextExecution": "Следующее выполнение",
    "Queued": "В очереди",
    "ApplicationLongTermStatusCheckAllClientMessage": "Все индексаторы недоступны из-за ошибок за последние 6 часов",
    "LastDuration": "Последняя длительность",
    "ThemeHelpText": "Измените тему пользовательского интерфейса приложения, тема «Авто» будет использовать тему вашей ОС для установки светлого или темного режима. Вдохновленный Theme.Park",
    "Remove": "Удалить",
    "Replace": "Заменить",
    "TheLatestVersionIsAlreadyInstalled": "Последняя версия {appName} уже установлена",
    "ApplicationURL": "URL-адрес приложения",
    "ApplicationUrlHelpText": "Внешний URL-адрес этого приложения, включая http(s)://, порт и базовый URL-адрес",
    "Label": "Метка",
    "ApplyChanges": "Применить изменения",
    "ApplyTagsHelpTextRemove": "Удалить: удалить введенные теги",
    "DeleteSelectedApplicationsMessageText": "Вы уверены что хотите удалить индексер '{0}'?",
    "DeleteSelectedDownloadClients": "Удалить клиент(ы) загрузки",
    "DeleteSelectedDownloadClientsMessageText": "Вы уверены, что хотите удалить {count} выбранных клиента загрузки?",
    "DeleteSelectedIndexersMessageText": "Вы уверены, что хотите удалить {count} выбранных индексатора?",
    "DownloadClientPriorityHelpText": "Установите приоритет нескольких клиентов загрузки. Круговой алгоритм используется для клиентов с таким же приоритетом.",
    "EditSelectedDownloadClients": "Редактировать выбранные клиенты загрузки",
    "ApiKeyValidationHealthCheckMessage": "Пожалуйста, обновите свой ключ API, чтобы он был длиной не менее {length} символов. Вы можете сделать это через настройки или файл конфигурации",
    "Genre": "Жанры",
    "Theme": "Тема",
    "Year": "Год",
    "ApplyTagsHelpTextAdd": "Добавить: Добавьте теги в существующий список тегов",
    "ApplyTagsHelpTextHowToApplyApplications": "Как добавить ярлыки к выбранным фильмам",
    "ApplyTagsHelpTextHowToApplyIndexers": "Как применить теги к выбранным индексаторам",
    "ApplyTagsHelpTextReplace": "Заменить: заменить теги введенными тегами (оставьте поле пустым, чтобы удалить все теги)",
    "Track": "След",
    "UpdateAvailableHealthCheckMessage": "Доступно новое обновление",
    "More": "Более",
    "Publisher": "Издатель",
    "ConnectionLostReconnect": "{appName} попытается соединиться автоматически или нажмите кнопку внизу.",
    "ConnectionLostToBackend": "{appName} потерял связь с сервером и его необходимо перезагрузить, чтобы восстановить работоспособность.",
    "RecentChanges": "Последние изменения",
    "WhatsNew": "Что нового?",
    "minutes": "Минуты",
    "DeleteAppProfileMessageText": "Вы действительно хотите удалить профиль качества {0}",
    "EditDownloadClientImplementation": "Редактировать клиент загрузки - {implementationName}",
    "EditIndexerImplementation": "Редактировать индексатор - {implementationName}",
    "NoIndexersFound": "Индексаторы не найдены",
    "AuthenticationRequiredHelpText": "Отредактируйте, для каких запросов требуется аутентификация. Не меняйте, пока не поймете все риски.",
    "AuthenticationRequired": "Требуется авторизация",
    "CountDownloadClientsSelected": "{count} выбранных клиентов загрузки",
    "CountIndexersSelected": "{count} выбранных индексаторов",
    "EditSelectedIndexers": "Редактировать выбранный индексатор",
    "OnHealthRestored": "При восстановлении работоспособности",
    "OnHealthRestoredHelpText": "При восстановлении работоспособности",
    "Implementation": "Реализация",
    "NoDownloadClientsFound": "Клиенты для загрузки не найдены",
    "IndexerDownloadClientHealthCheckMessage": "Индексаторы с недопустимыми клиентами загрузки: {indexerNames}.",
    "StopSelecting": "Прекратить выбор",
    "AddDownloadClientImplementation": "Добавить клиент загрузки - {implementationName}",
    "AddConnection": "Добавить подключение",
    "AddConnectionImplementation": "Добавить подключение - {implementationName}",
    "ManageDownloadClients": "Менеджер клиентов загрузки",
    "NotificationStatusAllClientHealthCheckMessage": "Все уведомления недоступны из-за сбоев",
    "NotificationStatusSingleClientHealthCheckMessage": "Уведомления недоступны из-за сбоев: {notificationNames}",
    "AddIndexerImplementation": "Добавить индексатор - {implementationName}",
    "AddIndexerProxyImplementation": "Добавить индексатор - {implementationName}",
    "EditConnectionImplementation": "Добавить соединение - {implementationName}",
    "EditIndexerProxyImplementation": "Редактировать индексатор - {implementationName}",
    "Season": "Сезон",
    "AddApplicationImplementation": "Добавить соединение - {implementationName}",
    "EditApplicationImplementation": "Редактировать уведомление - {implementationName}",
    "AuthBasic": "Базовый (всплывающее окно браузера)",
    "AuthForm": "Формы (Страница авторизации)",
    "DisabledForLocalAddresses": "Отключено для локальных адресов",
    "None": "Ничто",
    "ResetAPIKeyMessageText": "Вы уверены, что хотите сбросить Ваш API ключ?",
    "Categories": "Категории",
    "Album": "альбом",
    "AddCustomFilter": "Добавить специальный фильтр",
    "AuthenticationMethod": "Способ авторизации",
    "AuthenticationRequiredPasswordHelpTextWarning": "Введите новый пароль",
    "AuthenticationRequiredUsernameHelpTextWarning": "Введите новое имя пользователя",
    "RestartProwlarr": "Перезапустить {appName}",
    "AuthenticationRequiredWarning": "Чтобы предотвратить удаленный доступ без авторизации, {appName} теперь требует, чтобы авторизация была включена. При желании вы можете отключить авторизацию с локальных адресов.",
    "Id": "ID",
    "ManageClients": "Управление клиентами",
    "CountApplicationsSelected": "{count} коллекция(ий) выбрано",
    "IndexerHDBitsSettingsCodecs": "Кодеки",
    "IndexerHDBitsSettingsMediums": "Средний",
    "Directory": "Каталог",
    "CustomFilter": "Настраиваемые фильтры",
    "GrabRelease": "Захватить релиз",
    "ManualGrab": "Ручной захват",
    "OverrideAndAddToDownloadClient": "Замена и добавление в очередь загрузки",
    "OverrideGrabModalTitle": "Переопределить и захватить - {title}",
    "PrioritySettings": "Приоритет: {priority}",
    "SelectDownloadClientModalTitle": "{modalTitle} - Выберите клиент для загрузки",
    "ProxyValidationBadRequest": "Не удалось проверить прокси. Код: {statusCode}",
    "Default": "По умолчанию",
    "AppUpdated": "{appName} обновлен",
    "AppUpdatedVersion": "Приложение {appName} обновлено до версии `{version}`. Чтобы получить последние изменения, вам необходимо перезагрузить приложение {appName}",
    "Episode": "Эпизод",
    "Donate": "Пожертвовать",
    "DownloadClientFreeboxSettingsAppTokenHelpText": "Токен приложения, полученный при создании доступа к API Freebox (т. е. 'app_token')",
    "DownloadClientPneumaticSettingsNzbFolder": "Nzb папка",
    "DownloadClientPneumaticSettingsStrmFolder": "Strm папка",
    "DownloadClientQbittorrentSettingsContentLayout": "Макет контента",
    "DownloadClientQbittorrentSettingsSequentialOrderHelpText": "Скачать в последовательном порядке (qBittorrent 4.1.0+)",
    "DownloadClientRTorrentSettingsUrlPath": "URL-путь",
    "DownloadClientRTorrentSettingsDirectoryHelpText": "Опциональное место для загрузок. Оставьте пустым, чтобы использовать каталог rTorrent по умолчанию",
    "DownloadClientSettingsAddPaused": "Добавить приостановленное",
    "DownloadClientSettingsInitialState": "Начальное состояние",
    "DownloadClientTransmissionSettingsUrlBaseHelpText": "Добавляет префикс к URL-адресу RPC {clientName}, например {url}, по умолчанию — '{defaultUrl}'",
    "NotificationsTelegramSettingsIncludeAppName": "Включить {appName} в заголовок",
    "Category": "Категория",
    "Clone": "Клонировать",
    "DefaultNameCopiedProfile": "{name} - Копировать",
    "DownloadClientFreeboxSettingsHostHelpText": "Имя хоста или IP-адрес хоста Freebox, по умолчанию — '{url}' (будет работать только в той же сети)",
    "DownloadClientFreeboxSettingsPortHelpText": "Порт, используемый для доступа к интерфейсу Freebox, по умолчанию — '{port}'",
    "DownloadClientPneumaticSettingsNzbFolderHelpText": "Эта папка должна быть доступна из XBMC",
    "DownloadClientQbittorrentSettingsSequentialOrder": "Последовательный порядок",
    "DownloadClientSettingsDestinationHelpText": "Вручную указывает место назначения загрузки. Оставьте поле пустым, чтобы использовать значение по умолчанию",
    "DownloadClientSettingsInitialStateHelpText": "Исходное состояние торрентов, добавленных в {clientName}",
    "DownloadClientRTorrentSettingsAddStopped": "Добавить остановленные",
    "External": "Внешний",
    "Destination": "Место назначения",
    "BlackholeFolderHelpText": "Папка, в которой {appName} будет хранить файл {extension}",
    "DownloadClientDownloadStationSettingsDirectoryHelpText": "Опциональная общая папка для размещения загрузок. Оставьте пустым, чтобы использовать каталог Download Station по умолчанию",
    "DownloadClientFloodSettingsAdditionalTags": "Дополнительные теги",
    "DownloadClientFloodSettingsUrlBaseHelpText": "Добавляет префикс к Flood API, например {url}",
    "DownloadClientFreeboxSettingsApiUrl": "URL-адрес API",
    "DownloadClientFreeboxSettingsApiUrlHelpText": "Определите базовый URL-адрес Freebox API с версией API, например '{url}', по умолчанию — '{defaultApiUrl}'",
    "DownloadClientFreeboxSettingsAppId": "Идентификатор приложения",
    "DownloadClientFreeboxSettingsAppIdHelpText": "Идентификатор приложения, указанный при создании доступа к Freebox API (т. е. 'app_id')",
    "DownloadClientFreeboxSettingsAppToken": "Токен приложения",
    "DownloadClientFloodSettingsAdditionalTagsHelpText": "Добавляет свойства мультимедиа в виде тегов. Подсказки являются примерами.",
    "DownloadClientNzbgetSettingsAddPausedHelpText": "Для этой опции требуется как минимум NzbGet версии 16.0",
    "DownloadClientPneumaticSettingsStrmFolderHelpText": "Файлы .strm в этой папке будут импортированы дроном",
    "DownloadClientQbittorrentSettingsFirstAndLastFirst": "Первый и последний Первый",
    "DownloadClientQbittorrentSettingsFirstAndLastFirstHelpText": "Сначала скачайте первую и последнюю части (qBittorrent 4.1.0+)",
    "UseSsl": "Использовать SSL",
    "AuthenticationMethodHelpTextWarning": "Пожалуйста, выберите действительный метод аутентификации",
    "XmlRpcPath": "Путь XML RPC",
    "UsenetBlackholeNzbFolder": "Nzb папка",
    "AuthenticationRequiredPasswordConfirmationHelpTextWarning": "Подтвердите новый пароль",
    "DownloadClientAriaSettingsDirectoryHelpText": "Опциональное местоположение для загрузок. Оставьте пустым, чтобы использовать местоположение Aria2 по умолчанию",
    "DownloadClientSettingsUrlBaseHelpText": "Добавляет префикс к URL-адресу {clientName}, например {url}",
    "NoHistoryFound": "История не найдена",
    "DownloadClientFloodSettingsTagsHelpText": "Начальные теги загрузки. Чтобы быть распознанным, загрузка должна иметь все начальные теги. Это позволяет избежать конфликтов с несвязанными загрузками.",
    "DownloadClientQbittorrentSettingsContentLayoutHelpText": "Использовать ли настроенный макет контента qBittorrent, исходный макет из торрента или всегда создавать подпапку (qBittorrent 4.3.2+)",
    "DownloadClientQbittorrentSettingsInitialStateHelpText": "Исходное состояние торрентов, добавленных в qBittorrent. Обратите внимание, что принудительные торренты не подчиняются ограничениям на раздачу",
    "DownloadClientDelugeSettingsUrlBaseHelpText": "Добавляет префикс к URL-адресу json deluge, см. {url}",
    "NotificationsTelegramSettingsIncludeAppNameHelpText": "При необходимости добавьте к заголовку сообщения префикс {appName}, чтобы отличать уведомления от разных приложений",
    "DownloadClientQbittorrentSettingsUseSslHelpText": "Используйте безопасное соединение. См. «Параметры» -> «Веб-интерфейс» -> «Использовать HTTPS вместо HTTP» в qBittorrent.",
    "DownloadClientRTorrentSettingsAddStoppedHelpText": "Включение добавит торренты и магниты в rTorrent в остановленном состоянии. Это может привести к поломке магнет файлов.",
    "DownloadClientRTorrentSettingsUrlPathHelpText": "Путь к конечной точке XMLRPC см. в {url}. Обычно это RPC2 или [путь к ruTorrent]{url2} при использовании ruTorrent.",
    "DownloadClientSettingsUseSslHelpText": "Использовать безопасное соединение при подключении к {clientName}",
    "DownloadClientTransmissionSettingsDirectoryHelpText": "Опциональное место для загрузок. Оставьте пустым, чтобы использовать каталог Transmission по умолчанию",
    "IndexerSettingsAdditionalParameters": "Дополнительные параметры",
    "IndexerSettingsSeedRatio": "Рейтинг",
    "IndexerSettingsSeedTimeHelpText": "Время, в течение которого торрент должен оставаться на раздаче перед остановкой, пусто: используется значение по умолчанию клиента загрузки",
    "PasswordConfirmation": "Подтверждение пароля",
    "TorrentBlackholeTorrentFolder": "Папка торрента",
    "TorrentBlackholeSaveMagnetFilesHelpText": "Сохраните магнитную ссылку, если файл .torrent недоступен (полезно только в том случае, если клиент загрузки поддерживает магниты, сохраненные в файле)",
    "NotificationsEmailSettingsUseEncryption": "Использовать шифрование",
    "NotificationsEmailSettingsUseEncryptionHelpText": "Предпочитать использовать шифрование, если оно настроено на сервере, всегда использовать шифрование через SSL (только порт 465) или StartTLS (любой другой порт) или никогда не использовать шифрование",
    "LabelIsRequired": "Требуется метка",
    "IndexerSettingsSeedTime": "Время сидирования",
    "Mixed": "Смешанный",
    "IndexerSettingsApiPath": "Путь API",
    "IndexerSettingsSeedRatioHelpText": "Рейтинг, которого должен достичь торрент перед остановкой, пустой использует значение по умолчанию клиента загрузки. Рейтинг должен быть не менее 1,0 и соответствовать правилам индексаторов",
    "InvalidUILanguage": "В вашем пользовательском интерфейсе установлен недопустимый язык. Исправьте его и сохраните настройки",
    "IndexerHDBitsSettingsCodecsHelpText": "Если не указано, используются все параметры.",
    "IndexerHDBitsSettingsMediumsHelpText": "Если не указано, используются все параметры.",
    "IndexerSettingsApiPathHelpText": "Путь к API, обычно {url}",
    "TorrentBlackholeSaveMagnetFilesExtension": "Сохранить расширение магнет файлов",
    "TorrentBlackholeSaveMagnetFiles": "Сохранить магнет файлы",
    "IndexerSettingsCookie": "Cookie",
    "SecretToken": "Секретный токен",
    "TorrentBlackholeSaveMagnetFilesExtensionHelpText": "Расширение для магнитных ссылок, по умолчанию «.magnet»",
    "MinimumSeeders": "Минимум сидеров (раздающих)",
    "SeedTime": "Время сидирования",
    "SeedRatio": "Рейтинг",
    "days": "дни",
    "ApplicationSettingsSyncRejectBlocklistedTorrentHashes": "Отклонять хэши торрентов из черного списка при захвате",
    "Author": "Автор",
    "IndexerHDBitsSettingsOriginsHelpText": "Если не указано, используются все параметры.",
    "Any": "Любой",
    "ApplicationSettingsSyncRejectBlocklistedTorrentHashesHelpText": "Если торрент заблокирован хешем, он может не быть должным образом отклонен во время RSS/поиска для некоторых индексаторов. Включение этого параметра позволит отклонить его после захвата торрента, но до его отправки клиенту.",
    "BuiltIn": "Встроено",
    "ProxyValidationUnableToConnect": "Невозможно подключиться к индексатору: {exceptionMessage}. Подробности см. в журнале этой ошибки",
    "Script": "Скрипт",
    "InfoUrl": "URL-адрес информации",
    "PublishedDate": "Дата публикации",
    "AllSearchResultsHiddenByFilter": "Все результаты скрыты фильтром"
}
