{
    "HideAdvanced": "Ẩn nâng cao",
    "OpenThisModal": "Mở phương thức này",
    "ChangeHasNotBeenSavedYet": "Thay đổi vẫn chưa được lưu",
    "Clear": "Thông thoáng",
    "CustomFilters": "Bộ lọc tùy chỉnh",
    "Date": "Ngày",
    "Dates": "ngày",
    "DatabaseMigration": "Di chuyển DB",
    "NoBackupsAreAvailable": "Không có bản sao lưu nào",
    "NoChanges": "Không thay đổi",
    "NoLeaveIt": "Không để nó",
    "NoLogFiles": "Không có tệp nhật ký",
    "IndexerProxyStatusUnavailableHealthCheckMessage": "Danh sách không có sẵn do lỗi: {indexerProxyNames}",
    "Indexers": "Người lập chỉ mục",
    "InteractiveSearch": "Tìm kiếm tương tác",
    "Message": "Thông điệp",
    "Mode": "Chế độ",
    "Name": "Tên",
    "NoLinks": "Không có liên kết",
    "NoTagsHaveBeenAddedYet": "Chưa có thẻ nào được thêm vào",
    "NotificationTriggers": "Kích hoạt thông báo",
    "NoUpdatesAreAvailable": "Không có bản cập nhật nào có sẵn",
    "OAuthPopupMessage": "Cửa sổ bật lên đang bị trình duyệt của bạn chặn",
    "OnHealthIssueHelpText": "Về vấn đề sức khỏe",
    "OpenBrowserOnStart": "Mở trình duyệt khi bắt đầu",
    "Options": "Tùy chọn",
    "PackageVersion": "Phiên bản gói",
    "PageSize": "Kích thước trang",
    "PageSizeHelpText": "Số mục hiển thị trên mỗi trang",
    "PendingChangesDiscardChanges": "Hủy các thay đổi và rời khỏi",
    "PendingChangesMessage": "Bạn có các thay đổi chưa được lưu, bạn có chắc chắn muốn rời khỏi trang này không?",
    "PendingChangesStayReview": "Ở lại và xem xét các thay đổi",
    "Presets": "Cài đặt trước",
    "Priority": "Sự ưu tiên",
    "Protocol": "Giao thức",
    "ProxyBypassFilterHelpText": "Sử dụng ',' làm dấu phân tách và '*.' làm ký tự đại diện cho các miền phụ",
    "ProxyFailedToTestHealthCheckMessage": "Không thể kiểm tra proxy: {url}",
    "ProxyResolveIpHealthCheckMessage": "Không thể phân giải Địa chỉ IP cho Máy chủ Proxy đã Định cấu hình {proxyHostName}",
    "ProxyPasswordHelpText": "Bạn chỉ cần nhập tên người dùng và mật khẩu nếu được yêu cầu. Nếu không, hãy để trống chúng.",
    "ProxyType": "Loại proxy",
    "ProxyUsernameHelpText": "Bạn chỉ cần nhập tên người dùng và mật khẩu nếu được yêu cầu. Nếu không, hãy để trống chúng.",
    "Reddit": "Reddit",
    "Refresh": "Làm tươi",
    "ReleaseBranchCheckOfficialBranchMessage": "Nhánh {0} không phải là nhánh phát hành {appName} hợp lệ, bạn sẽ không nhận được cập nhật",
    "ReleaseStatus": "Tình trạng phát hành",
    "Reload": "Nạp lại",
    "RemovedFromTaskQueue": "Đã xóa khỏi hàng đợi tác vụ",
    "RemoveFilter": "Xóa bộ lọc",
    "Search": "Tìm kiếm",
    "Security": "Bảo vệ",
    "Seeders": "Máy gieo hạt",
    "SelectAll": "Chọn tất cả",
    "SetTags": "Đặt thẻ",
    "SettingsShowRelativeDatesHelpText": "Hiển thị ngày tương đối (Hôm nay / Hôm qua / v.v.) hoặc ngày tuyệt đối",
    "SettingsTimeFormat": "Định dạng thời gian",
    "ShowAdvanced": "Hiển thị nâng cao",
    "SSLCertPath": "Đường dẫn cảnh báo SSL",
    "SSLCertPathHelpText": "Đường dẫn đến tệp pfx",
    "SSLPort": "Cổng SSL",
    "Style": "Phong cách",
    "SuggestTranslationChange": "Đề xuất thay đổi bản dịch",
    "SystemTimeCheckMessage": "Thời gian hệ thống tắt hơn 1 ngày. Các tác vụ đã lên lịch có thể không chạy chính xác cho đến khi thời gian được sửa",
    "TableOptions": "Tùy chọn bảng",
    "TableOptionsColumnsMessage": "Chọn cột nào hiển thị và chúng xuất hiện theo thứ tự nào",
    "TagCannotBeDeletedWhileInUse": "Không thể bị xóa khi đang sử dụng",
    "TagIsNotUsedAndCanBeDeleted": "Thẻ không được sử dụng và có thể bị xóa",
    "Tags": "Thẻ",
    "TagsHelpText": "Áp dụng cho phim có ít nhất một thẻ phù hợp",
    "TagsSettingsSummary": "Xem tất cả các thẻ và cách chúng được sử dụng. Các thẻ không sử dụng có thể bị xóa",
    "Tasks": "Nhiệm vụ",
    "Test": "Kiểm tra",
    "TestAll": "Kiểm tra tất cả",
    "TestAllClients": "Kiểm tra tất cả khách hàng",
    "Title": "Tiêu đề",
    "Today": "Hôm nay",
    "Tomorrow": "Ngày mai",
    "Torrent": "Torrents",
    "UnableToAddANewIndexerPleaseTryAgain": "Không thể thêm trình chỉ mục mới, vui lòng thử lại.",
    "UpdateAutomaticallyHelpText": "Tự động tải xuống và cài đặt các bản cập nhật. Bạn vẫn có thể cài đặt từ Hệ thống: Cập nhật",
    "UpdateStartupNotWritableHealthCheckMessage": "Không thể cài đặt bản cập nhật vì người dùng '{startupFolder}' không thể ghi thư mục khởi động '{userName}'.",
    "Backups": "Sao lưu",
    "BeforeUpdate": "Trước khi cập nhật",
    "CertificateValidationHelpText": "Thay đổi cách xác thực chứng chỉ HTTPS nghiêm ngặt",
    "About": "Trong khoảng",
    "AcceptConfirmationModal": "Phương thức xác nhận chấp nhận",
    "Actions": "Hành động",
    "Added": "Thêm",
    "AddIndexer": "Thêm trình lập chỉ mục",
    "AddingTag": "Thêm thẻ",
    "Age": "Tuổi tác",
    "All": "Tất cả",
    "Analytics": "phân tích",
    "Automatic": "Tự động",
    "DownloadClientSettings": "Tải xuống cài đặt ứng dụng khách",
    "DownloadClientStatusAllClientHealthCheckMessage": "Tất cả các ứng dụng khách tải xuống không khả dụng do lỗi",
    "DownloadClientStatusSingleClientHealthCheckMessage": "Ứng dụng khách tải xuống không khả dụng do lỗi: {downloadClientNames}",
    "Edit": "Biên tập",
    "EditIndexer": "Chỉnh sửa trình lập chỉ mục",
    "Enabled": "Đã bật",
    "History": "Lịch sử",
    "HomePage": "Trang chủ",
    "Host": "Tổ chức",
    "IllRestartLater": "Tôi sẽ khởi động lại sau",
    "Password": "Mật khẩu",
    "Peers": "Ngang hàng",
    "Port": "Hải cảng",
    "RestoreBackup": "Khôi phục lại bản sao lưu",
    "Result": "Kết quả",
    "Retention": "Giữ lại",
    "Rss": "RSS",
    "SendAnonymousUsageData": "Gửi dữ liệu sử dụng ẩn danh",
    "Settings": "Cài đặt",
    "SettingsEnableColorImpairedModeHelpText": "Đã thay đổi kiểu để cho phép người dùng khiếm thị phân biệt rõ hơn thông tin mã màu",
    "StartTypingOrSelectAPathBelow": "Bắt đầu nhập hoặc chọn một đường dẫn bên dưới",
    "StartupDirectory": "Thư mục khởi động",
    "UpdateScriptPathHelpText": "Đường dẫn đến tập lệnh tùy chỉnh có gói cập nhật được trích xuất và xử lý phần còn lại của quá trình cập nhật",
    "URLBase": "Cơ sở URL",
    "UrlBaseHelpText": "Đối với hỗ trợ proxy ngược, mặc định là trống",
    "Usenet": "Usenet",
    "View": "Lượt xem",
    "Authentication": "Xác thực",
    "Backup": "Sao lưu",
    "DeleteTagMessageText": "Bạn có chắc chắn muốn xóa thẻ '{0}' không?",
    "IndexerLongTermStatusUnavailableHealthCheckMessage": "Trình lập chỉ mục không khả dụng do lỗi trong hơn 6 giờ: {indexerNames}",
    "IndexerPriority": "Mức độ ưu tiên của người lập chỉ mục",
    "KeyboardShortcuts": "Các phím tắt bàn phím",
    "Language": "Ngôn ngữ",
    "LastWriteTime": "Lần viết cuối cùng",
    "LaunchBrowserHelpText": " Mở trình duyệt web và điều hướng đến trang chủ {appName} khi khởi động ứng dụng.",
    "Level": "Cấp độ",
    "LogFiles": "Tệp nhật ký",
    "Logging": "Ghi nhật ký",
    "LogLevel": "Mức đăng nhập",
    "LogLevelTraceHelpTextWarning": "Ghi nhật ký theo dõi chỉ nên được bật tạm thời",
    "Logs": "Nhật ký",
    "Manual": "Thủ công",
    "Mechanism": "Cơ chế",
    "MIA": "MIA",
    "New": "Mới",
    "ProxyBadRequestHealthCheckMessage": "Không thể kiểm tra proxy. Mã trạng thái: {statusCode}",
    "BackupRetentionHelpText": "Các bản sao lưu tự động cũ hơn khoảng thời gian lưu giữ sẽ tự động được dọn dẹp",
    "BindAddress": "Địa chỉ ràng buộc",
    "BranchUpdate": "Nhánh sử dụng để cập nhật {appName}",
    "CloseCurrentModal": "Đóng phương thức hiện tại",
    "RssIsNotSupportedWithThisIndexer": "RSS không được hỗ trợ với trình chỉ mục này",
    "SettingsEnableColorImpairedMode": "Bật Chế độ Khuyết màu",
    "AnalyticsEnabledHelpText": "Gửi thông tin sử dụng và lỗi ẩn danh đến máy chủ của {appName}. Điều này bao gồm thông tin về trình duyệt của bạn, trang WebUI của {appName} mà bạn sử dụng, báo cáo lỗi cũng như hệ điều hành và phiên bản thời gian chạy. Chúng tôi sẽ sử dụng thông tin này để ưu tiên các tính năng và sửa lỗi.",
    "ApiKey": "Mã API",
    "AppDataDirectory": "Thư mục AppData",
    "AppDataLocationHealthCheckMessage": "Việc cập nhật sẽ không thể ngăn việc xóa AppData khi cập nhật",
    "ApplicationStatusCheckAllClientMessage": "Tất cả danh sách không có sẵn do lỗi",
    "ApplicationStatusCheckSingleClientMessage": "Danh sách không có sẵn do lỗi: {0}",
    "Apply": "Ứng dụng",
    "ApplyTags": "Áp dụng thẻ",
    "AuthenticationMethodHelpText": "Yêu cầu Tên người dùng và Mật khẩu để truy cập {appName}",
    "AutomaticSearch": "Tìm kiếm tự động",
    "BackupFolderHelpText": "Các đường dẫn tương đối sẽ nằm trong thư mục AppData của {appName}",
    "BackupIntervalHelpText": "Khoảng thời gian giữa các bản sao lưu tự động",
    "BackupNow": "Sao lưu ngay",
    "BindAddressHelpText": "Địa chỉ IP4 hợp lệ hoặc '*' cho tất cả các giao diện",
    "Branch": "Chi nhánh",
    "BranchUpdateMechanism": "Nhánh được sử dụng bởi cơ chế cập nhật bên ngoài",
    "BypassProxyForLocalAddresses": "Bỏ qua proxy cho địa chỉ cục bộ",
    "Cancel": "Huỷ bỏ",
    "CancelPendingTask": "Bạn có chắc chắn muốn hủy nhiệm vụ đang chờ xử lý này không?",
    "ClientPriority": "Ưu tiên khách hàng",
    "CloneProfile": "Hồ sơ nhân bản",
    "Close": "Đóng",
    "Columns": "Cột",
    "Component": "Thành phần",
    "ConnectionLost": "Kết nối bị mất",
    "Connections": "Kết nối",
    "ConnectSettings": "Kết nối Cài đặt",
    "CouldNotConnectSignalR": "Không thể kết nối với SignalR, giao diện người dùng sẽ không cập nhật",
    "Custom": "Tập quán",
    "Delete": "Xóa bỏ",
    "DeleteApplicationMessageText": "Bạn có chắc chắn muốn xóa thông báo '{0}' không?",
    "DeleteBackup": "Xóa bản sao lưu",
    "DeleteBackupMessageText": "Bạn có chắc chắn muốn xóa bản sao lưu '{0}' không?",
    "FeatureRequests": "Yêu cầu tính năng",
    "Filename": "Tên tệp",
    "Files": "Các tập tin",
    "NoChange": "Không thay đổi",
    "PortNumber": "Số cổng",
    "Proxy": "Ủy quyền",
    "IndexerProxyStatusAllUnavailableHealthCheckMessage": "Tất cả các trình lập chỉ mục không khả dụng do lỗi",
    "IndexerStatusAllUnavailableHealthCheckMessage": "Tất cả các trình lập chỉ mục không khả dụng do lỗi",
    "Info": "Thông tin",
    "MoreInfo": "Thêm thông tin",
    "MovieIndexScrollBottom": "Mục lục phim: Cuộn dưới cùng",
    "MovieIndexScrollTop": "Mục lục phim: Cuộn lên đầu",
    "Ok": "Đồng ý",
    "RemovingTag": "Xóa thẻ",
    "Reset": "Cài lại",
    "ResetAPIKey": "Đặt lại khóa API",
    "Restart": "Khởi động lại",
    "RestartNow": "Khởi động lại ngay",
    "Save": "Tiết kiệm",
    "SaveChanges": "Lưu thay đổi",
    "SaveSettings": "Lưu các thiết lập",
    "Scheduled": "Lên kế hoạch",
    "ScriptPath": "Đường dẫn tập lệnh",
    "SettingsLongDateFormat": "Định dạng ngày dài",
    "SettingsShortDateFormat": "Định dạng ngày ngắn",
    "SettingsShowRelativeDates": "Hiển thị Ngày tương đối",
    "Torrents": "Torrents",
    "Type": "Kiểu",
    "UILanguage": "Ngôn ngữ giao diện người dùng",
    "UILanguageHelpText": "Ngôn ngữ mà {appName} sẽ sử dụng cho giao diện người dùng",
    "UILanguageHelpTextWarning": "Yêu cầu tải lại trình duyệt",
    "UnableToAddANewApplicationPleaseTryAgain": "Không thể thêm thông báo mới, vui lòng thử lại.",
    "UnableToAddANewAppProfilePleaseTryAgain": "Không thể thêm hồ sơ chất lượng mới, vui lòng thử lại.",
    "UnableToAddANewDownloadClientPleaseTryAgain": "Không thể thêm ứng dụng khách tải xuống mới, vui lòng thử lại.",
    "UnableToAddANewIndexerProxyPleaseTryAgain": "Không thể thêm trình chỉ mục mới, vui lòng thử lại.",
    "UnableToAddANewNotificationPleaseTryAgain": "Không thể thêm thông báo mới, vui lòng thử lại.",
    "UnableToLoadBackups": "Không thể tải các bản sao lưu",
    "DownloadClientsLoadError": "Không thể tải ứng dụng khách tải xuống",
    "UnableToLoadGeneralSettings": "Không thể tải Cài đặt chung",
    "UnableToLoadHistory": "Không thể tải lịch sử",
    "UnableToLoadNotifications": "Không thể tải thông báo",
    "UnableToLoadTags": "Không thể tải thẻ",
    "UnableToLoadUISettings": "Không thể tải cài đặt giao diện người dùng",
    "UnsavedChanges": "Các thay đổi chưa được lưu",
    "UnselectAll": "Bỏ chọn tất cả",
    "UpdateStartupTranslocationHealthCheckMessage": "Không thể cài đặt bản cập nhật vì thư mục khởi động '{startupFolder}' nằm trong thư mục Chuyển vị ứng dụng.",
    "UpdateUiNotWritableHealthCheckMessage": "Không thể cài đặt bản cập nhật vì thư mục giao diện người dùng '{uiFolder}' không thể ghi bởi người dùng '{userName}'.",
    "UseProxy": "Sử dụng Proxy",
    "Wiki": "Wiki",
    "YesCancel": "Có, Hủy bỏ",
    "Yesterday": "Hôm qua",
    "Add": "Thêm vào",
    "AddDownloadClient": "Thêm ứng dụng khách tải xuống",
    "FocusSearchBox": "Hộp Tìm kiếm Tiêu điểm",
    "CertificateValidation": "Xác thực chứng chỉ",
    "Hostname": "Tên máy chủ",
    "IgnoredAddresses": "Địa chỉ bị Bỏ qua",
    "IncludeHealthWarningsHelpText": "Bao gồm các cảnh báo về sức khỏe",
    "Queue": "Xếp hàng",
    "ReadTheWikiForMoreInformation": "Đọc Wiki để biết thêm thông tin",
    "Restore": "Khôi phục",
    "DeleteIndexerProxyMessageText": "Bạn có chắc chắn muốn xóa thẻ '{0}' không?",
    "DeleteNotification": "Xóa thông báo",
    "DeleteNotificationMessageText": "Bạn có chắc chắn muốn xóa thông báo '{0}' không?",
    "Details": "Chi tiết",
    "Disabled": "Tàn tật",
    "Discord": "Bất hòa",
    "Docker": "Docker",
    "Donations": "Quyên góp",
    "DownloadClient": "Tải xuống ứng dụng khách",
    "DownloadClients": "Tải xuống ứng dụng khách",
    "GeneralSettingsSummary": "Cổng, SSL, tên người dùng / mật khẩu, proxy, phân tích và cập nhật",
    "Fixed": "đã sửa",
    "Folder": "Thư mục",
    "ForMoreInformationOnTheIndividualDownloadClients": "Để biết thêm thông tin về các ứng dụng khách tải xuống riêng lẻ, hãy nhấp vào các nút thông tin.",
    "Grabbed": "Nắm lấy",
    "Grabs": "Vồ lấy",
    "Health": "Sức khỏe",
    "HealthNoIssues": "Không có vấn đề với cấu hình của bạn",
    "RestartRequiredHelpTextWarning": "Yêu cầu khởi động lại để có hiệu lực",
    "ShowSearch": "Hiển thị Tìm kiếm",
    "ShowSearchHelpText": "Hiển thị nút tìm kiếm khi di chuột",
    "SSLCertPassword": "Mật khẩu cảnh báo SSL",
    "SSLCertPasswordHelpText": "Mật khẩu cho tệp pfx",
    "Shutdown": "Tắt",
    "Size": "Kích thước",
    "Sort": "Sắp xếp",
    "Source": "Nguồn",
    "Status": "Trạng thái",
    "UpdateMechanismHelpText": "Sử dụng trình cập nhật tích hợp của {appName} hoặc một tập lệnh",
    "Updates": "Cập nhật",
    "Uptime": "Thời gian hoạt động",
    "Username": "tên tài khoản",
    "Version": "Phiên bản",
    "AllIndexersHiddenDueToFilter": "Tất cả phim đều bị ẩn do áp dụng bộ lọc.",
    "DeleteTag": "Xóa thẻ",
    "Enable": "Kích hoạt",
    "EnableAutomaticSearch": "Bật tìm kiếm tự động",
    "EnableAutomaticSearchHelpText": "Sẽ được sử dụng khi tìm kiếm tự động được thực hiện qua giao diện người dùng hoặc bằng {appName}",
    "General": "Chung",
    "Warn": "Cảnh báo",
    "DeleteDownloadClient": "Xóa ứng dụng khách tải xuống",
    "DeleteDownloadClientMessageText": "Bạn có chắc chắn muốn xóa ứng dụng khách tải xuống '{0}' không?",
    "EnableInteractiveSearch": "Bật tìm kiếm tương tác",
    "EnableInteractiveSearchHelpText": "Sẽ được sử dụng khi tìm kiếm tương tác được sử dụng",
    "EnableRss": "Bật RSS",
    "EnableSSL": "Bật SSL",
    "EnableSslHelpText": " Yêu cầu khởi động lại chạy với tư cách quản trị viên để có hiệu lực",
    "Error": "lỗi",
    "ErrorLoadingContents": "Lỗi khi tải nội dung",
    "Events": "Sự kiện",
    "EventType": "Loại sự kiện",
    "Exception": "ngoại lệ",
    "ExistingTag": "Thẻ hiện có",
    "Failed": "Thất bại",
    "Filter": "Bộ lọc",
    "GeneralSettings": "Cài đặt chung",
    "Indexer": "Người lập chỉ mục",
    "IndexerFlags": "Cờ chỉ mục",
    "IndexerLongTermStatusAllUnavailableHealthCheckMessage": "Tất cả các trình lập chỉ mục không khả dụng do lỗi trong hơn 6 giờ",
    "IndexerPriorityHelpText": "Mức độ ưu tiên của người lập chỉ mục từ 1 (Cao nhất) đến 50 (Thấp nhất). Mặc định: 25.",
    "IndexerStatusUnavailableHealthCheckMessage": "Trình lập chỉ mục không khả dụng do lỗi: {indexerNames}",
    "Interval": "Khoảng thời gian",
    "RefreshMovie": "Làm mới phim",
    "System": "Hệ thống",
    "Time": "Thời gian",
    "UI": "Giao diện người dùng",
    "UISettings": "Cài đặt giao diện người dùng",
    "MaintenanceRelease": "Bản phát hành bảo trì: sửa lỗi và các cải tiến khác. Xem Lịch sử cam kết Github để biết thêm chi tiết",
    "HistoryCleanupDaysHelpText": "Đặt thành 0 để tắt tính năng dọn dẹp tự động",
    "HistoryCleanupDaysHelpTextWarning": "Các tệp trong thùng rác cũ hơn số ngày đã chọn sẽ tự động được dọn dẹp",
    "OnHealthIssue": "Về vấn đề sức khỏe",
    "Filters": "Bộ lọc",
    "OnGrab": "Trên Grab",
    "TestAllIndexers": "Kiểm tra tất cả các chỉ mục",
    "GrabReleases": "Lấy bản phát hành",
    "Link": "Liên kết",
    "No": "Không",
    "MappedDrivesRunningAsService": "Các ổ đĩa mạng được ánh xạ không khả dụng khi chạy dưới dạng Dịch vụ Windows. Vui lòng xem Câu hỏi thường gặp để biết thêm thông tin",
    "UnableToLoadIndexers": "Không thể tải Trình chỉ mục",
    "Yes": "Đúng",
    "NetCore": ".NET Core",
    "Ended": "Đã kết thúc",
    "ApplicationLongTermStatusCheckAllClientMessage": "Tất cả các trình lập chỉ mục không khả dụng do lỗi trong hơn 6 giờ",
    "ApplicationLongTermStatusCheckSingleClientMessage": "Trình lập chỉ mục không khả dụng do lỗi trong hơn 6 giờ: {0}",
    "LastDuration": "lastDuration",
    "LastExecution": "Lần thực hiện cuối cùng",
    "NextExecution": "Thực hiện tiếp theo",
    "Queued": "Đã xếp hàng",
    "Remove": "Tẩy",
    "Replace": "Thay thế",
    "TheLatestVersionIsAlreadyInstalled": "Phiên bản mới nhất của {appName} đã được cài đặt",
    "ApplyChanges": "Áp dụng thay đổi",
    "ApplyTagsHelpTextAdd": "Thêm: Thêm thẻ vào danh sách thẻ hiện có",
    "ApplyTagsHelpTextHowToApplyApplications": "Cách áp dụng thẻ cho các phim đã chọn",
    "ApplyTagsHelpTextHowToApplyIndexers": "Cách áp dụng thẻ cho các phim đã chọn",
    "ApplyTagsHelpTextReplace": "Thay thế: Thay thế các thẻ bằng các thẻ đã nhập (không nhập thẻ nào để xóa tất cả các thẻ)",
    "DeleteSelectedDownloadClients": "Xóa ứng dụng khách tải xuống",
    "DownloadClientPriorityHelpText": "Ưu tiên nhiều Khách hàng tải xuống. Round-Robin được sử dụng cho các khách hàng có cùng mức độ ưu tiên.",
    "ApplyTagsHelpTextRemove": "Xóa: Xóa các thẻ đã nhập",
    "More": "Hơn",
    "Track": "Dấu vết",
    "Year": "Năm",
    "Genre": "Thể loại",
    "DeleteAppProfileMessageText": "Bạn có chắc chắn muốn xóa cấu hình chất lượng không {0}",
    "RecentChanges": "Những thay đổi gần đây",
    "minutes": "Phút",
    "ConnectionLostReconnect": "Radarr sẽ cố gắng kết nối tự động hoặc bạn có thể nhấp vào tải lại bên dưới.",
    "WhatsNew": "Có gì mới?",
    "NotificationStatusAllClientHealthCheckMessage": "Tất cả danh sách không có sẵn do lỗi",
    "NotificationStatusSingleClientHealthCheckMessage": "Danh sách không có sẵn do lỗi: {notificationNames}",
    "AuthBasic": "Cơ bản (Cửa sổ bật lên trình duyệt)",
    "AuthForm": "Biểu mẫu (Trang đăng nhập)",
    "DisabledForLocalAddresses": "Bị vô hiệu hóa đối với địa chỉ địa phương",
    "None": "không ai",
    "ResetAPIKeyMessageText": "Bạn có chắc chắn muốn đặt lại Khóa API của mình không?",
    "ApiKeyValidationHealthCheckMessage": "Hãy cập nhật mã API để dài ít nhất {length} kí tự. Bạn có thể làm điều này trong cài đặt hoặc trong tập config",
    "RestartProwlarr": "Khởi động lại {appName}",
    "CustomFilter": "Bộ lọc tùy chỉnh",
    "IndexerHDBitsSettingsMediums": "Trung bình",
    "ProxyValidationBadRequest": "Không thể kiểm tra proxy. Mã trạng thái: {statusCode}",
    "GrabRelease": "Lấy bản phát hành",
    "BuiltIn": "Được xây dựng trong",
    "Script": "Kịch bản",
    "PublishedDate": "Ngày xuất bản",
    "AllSearchResultsHiddenByFilter": "Tất cả kết quả bị ẩn bởi bộ lọc được áp dụng"
}
