{
    "Language": "Sprache",
    "UiLanguage": "Oberflächen Sprache ( UI Language )",
    "About": "Über",
    "AgeWhenGrabbed": "Alter (bei Erfassung)",
    "AnalyticsEnabledHelpText": "Senden Sie anonyme Nutzungs- und Fehlerinformationen an die Server von {appName}. Dazu gehören Informationen zu Ihrem Browser, welche {appName}-WebUI-Seiten Sie verwenden, Fehlerberichte sowie Betriebssystem- und Laufzeitversion. Wir werden diese Informationen verwenden, um Funktionen und Fehlerbehebungen zu priorisieren.",
    "AppDataDirectory": "AppData-Verzeichnis",
    "AuthenticationMethodHelpText": "Für den Zugriff auf {appName} sind Benutzername und Passwort erforderlich",
    "Automatic": "Automatisch",
    "AutoRedownloadFailedHelpText": "Automatisch nach einem anderen Release suchen",
    "BypassProxyForLocalAddresses": "Proxy für lokale Adressen umgehen",
    "Cancel": "Abbrechen",
    "CertificateValidationHelpText": "Ändere wie streng die Validierung der HTTPS-Zertifizierung ist. Ändern Sie nicht wenn Ihnen die Risiken nicht bewusst sind.",
    "ChangeHasNotBeenSavedYet": "Änderung wurde noch nicht gespeichert",
    "ChmodFolderHelpText": "Oktal, wird beim Importieren/Umbenennen von Medienordnern und Dateien angewendet (ohne Ausführungsbits)",
    "ChmodFolderHelpTextWarning": "Dies funktioniert nur, wenn der Benutzer, der {appName} ausführt, der Eigentümer der Datei ist. Es ist besser, sicherzustellen, dass der Download-Client die Berechtigungen richtig setzt.",
    "Clear": "Leeren",
    "ClickToChangeQuality": "Hier klicken um die Qualität zu ändern",
    "CloneIndexer": "Indexer kopieren",
    "CompletedDownloadHandling": "Verarbeitung abgeschlossener Downloads",
    "CopyUsingHardlinksHelpText": "Hardlinks ermöglichen es {appName}, geseedete Torrents in den Interpretenordner zu importieren, ohne zusätzlichen Speicherplatz zu belegen oder den gesamten Inhalt der Datei zu kopieren. Hardlinks funktionieren nur, wenn sich Quelle und Ziel auf demselben Volume befinden",
    "CopyUsingHardlinksHelpTextWarning": "Dateisperren Gelegentlich kann es vorkommen, dass Dateisperren das Umbenennen von Dateien verhindern, die gerade geseeded werden. Sie können das Seeding vorübergehend deaktivieren und die Umbenennungsfunktion von {appName} als Workaround verwenden.",
    "CreateGroup": "Gruppe erstellen",
    "DatabaseMigration": "DB Migration",
    "DelayProfile": "Verzögerungsprofil",
    "DeleteBackup": "Backup löschen",
    "DeleteBackupMessageText": "Soll das Backup '{name}' wirklich gelöscht werden?",
    "DeleteDownloadClientMessageText": "Bist du sicher, dass du den Download Client '{name}' wirklich löschen willst?",
    "DeleteIndexer": "Indexer löschen",
    "DeleteNotificationMessageText": "Bist du sicher, dass du die Benachrichtigung '{name}' wirklich löschen willst?",
    "DiskSpace": "Speicherplatz",
    "DownloadClientSettings": "Downloader Einstellungen",
    "DownloadWarningCheckDownloadClientForMoreDetails": "Download Warnung: Prüfe den Downloader für mehr Details",
    "EnableColorImpairedMode": "Farbenblindmodus aktivieren",
    "EnableCompletedDownloadHandlingHelpText": "Automatischer Import abgeschlossener Downloads vom Download Client",
    "EnableSSL": "SSL",
    "EnableSslHelpText": " Erfordert einen Neustart als Administrator",
    "ErrorLoadingContents": "Fehler beim Laden von Inhalten",
    "CutoffUnmet": "Schwelle nicht erreicht",
    "Actions": "Aktionen",
    "Authentication": "Authentifizierung",
    "BlocklistRelease": "Release sperren",
    "Branch": "Git-Branch",
    "Calendar": "Kalender",
    "CertificateValidation": "Zertifikat Validierung",
    "ChangeFileDate": "Erstelldatum der Datei anpassen",
    "ChmodFolder": "chmod Ordner",
    "ClientPriority": "Priorität",
    "CloneProfile": "Profil kopieren",
    "Columns": "Spalten",
    "Component": "Komponente",
    "Connections": "Verbindungen",
    "ConnectSettings": "Eintellungen für Verbindungen",
    "Dates": "Termine",
    "CutoffHelpText": "Sobald diese Qualität erreicht wird, wird {appName} keine neuen Releases mehr abrufen.",
    "DelayProfiles": "Verzögerungsprofile",
    "Delete": "Löschen",
    "DeleteDelayProfile": "Verzögerungsprofil löschen",
    "DeleteDownloadClient": "Downloader löschen",
    "DeleteEmptyFolders": "Leere Ordner löschen",
    "DeleteEmptyFoldersHelpText": "Lösche leere Künstler- und Albumordner während des Scans oder wenn Musikdateien gelöscht werden",
    "DeleteFilesHelpText": "Lösche Musikdateien und Künstlerordner",
    "DeleteImportListExclusion": "Importlisten Ausschluss löschen",
    "DeleteIndexerMessageText": "Bist du sicher, dass du den Indexer '{name}' wirklich löschen willst?",
    "DeleteNotification": "Benachrichtigung löschen",
    "DeleteQualityProfile": "Qualitätsdefinition löschen",
    "DeleteTag": "Tag löschen",
    "DeleteTagMessageText": "Bist du sicher, dass du den Tag '{label}' wirklich löschen willst?",
    "DestinationPath": "Zielpfad",
    "DetailedProgressBar": "Erweiterter Fortschrittsbalken",
    "DetailedProgressBarHelpText": "Text auf Fortschrittsbalken anzeigen",
    "Docker": "Docker",
    "DownloadClient": "Downloader",
    "DownloadClients": "Download Clients",
    "DownloadFailedCheckDownloadClientForMoreDetails": "Download fehlgeschlagen: Prüfe den Downloader für mehr Details",
    "DownloadFailedInterp": "Download fehlgeschlagen: {0}",
    "Downloading": "wird runtergeladen",
    "Edit": "Bearbeiten",
    "Enable": "Aktivieren",
    "EnableAutomaticAdd": "Automatisches Hinzufügen aktivieren",
    "EnableAutomaticSearch": "Automatische Suche einschalten",
    "EnableColorImpairedModeHelpText": "Stiländerung, um es Farbenblinden Benutzern zu ermöglichen, farbcodierte Informationen besser zu unterscheiden",
    "EnableHelpText": "Aktiviere die Erstellung von Metadaten-Dateien für diesen Metadaten-Typ",
    "EnableInteractiveSearch": "Interaktive Suche einschalten",
    "EnableRSS": "RSS aktivieren",
    "Ended": "Beendet",
    "AddingTag": "Tag hinzufügen",
    "AddListExclusion": "Listenausschluss hinzufügen",
    "AlreadyInYourLibrary": "Bereits in Ihrer Bibliothek",
    "Analytics": "Analysen",
    "ApplyTags": "Tags setzen",
    "BackupFolderHelpText": "Relative Pfade befinden sich unter {appName}s AppData Ordner",
    "BackupNow": "Jetzt sichern",
    "BackupRetentionHelpText": "Automatische Backups, die älter als die Aufbewahrungsfrist sind, werden automatisch gelöscht",
    "BindAddressHelpText": "Gültige IP Adresse oder \"*\" für alle Netzwerke",
    "Blocklist": "Sperrliste",
    "Backups": "Sicherungen",
    "BindAddress": "Adresse binden",
    "DelayingDownloadUntil": "Download wird bis zum {date} um {time} verzögert",
    "QualityDefinitions": "Qualitätsdefinitionen",
    "FileDateHelpText": "Aktualisiere das Erstelldatum beim Import oder Re-Scan",
    "FileManagement": "Dateiverwaltung",
    "Folders": "Ordner",
    "CreateEmptyArtistFolders": "Leeren Künstlerordner erstellen",
    "DeleteDelayProfileMessageText": "Bist du sicher, dass du dieses Verzögerung-Profil löschen willst?",
    "DeleteImportListExclusionMessageText": "Bist du sicher, dass du diesen Importlisten Ausschluss löschen willst?",
    "DeleteImportListMessageText": "Bist du sicher, dass du die Liste '{name}' wirklich löschen willst?",
    "Fixed": "Behoben",
    "Indexer": "Indexer",
    "ReleaseGroup": "Release-Gruppe",
    "ArtistAlbumClickToChangeTrack": "Klicken um den Film zu bearbeiten",
    "ArtistNameHelpText": "Der Name des auszuschließenden Autors/Buches (kann etwas Sinnvolles sein)",
    "CalendarWeekColumnHeaderHelpText": "Wird in der Wochenansicht über jeder Spalte angezeigt",
    "CancelPendingTask": "Möchten Sie diese ausstehende Aufgabe wirklich abbrechen?",
    "ChownGroupHelpText": "Gruppenname oder gid. Verwenden Sie gid für entfernte Dateisysteme.",
    "ChownGroupHelpTextWarning": "Dies funktioniert nur, wenn der Benutzer, der {appName} ausführt, der Eigentümer der Datei ist. Es ist besser, sicherzustellen, dass der Download-Client die gleiche Gruppe wie {appName} verwendet.",
    "CreateEmptyArtistFoldersHelpText": "Leere Filmordner für fehlende Filme beim Scan erstellen",
    "DeleteMetadataProfileMessageText": "Bist du sicher, dass du das Qualitätsprofil '{name}' wirklich löschen willst?",
    "DeleteQualityProfileMessageText": "Bist du sicher, dass du das Qualitätsprofil '{name}' wirklich löschen willst?",
    "DeleteReleaseProfile": "Release-Profil löschen",
    "DeleteReleaseProfileMessageText": "Bist du sicher, dass du dieses Release-Profil löschen willst?",
    "DeleteRootFolderMessageText": "Bist du sicher, dass du den Root-Ordner '{name}' wirklich löschen willst?",
    "DeleteSelectedTrackFiles": "Ausgewählte Filmdateien löschen",
    "DeleteSelectedTrackFilesMessageText": "Ausgewählte Filme wirklich löschen?",
    "DeleteTrackFileMessageText": "Möchten Sie {0} wirklich löschen?",
    "DownloadPropersAndRepacksHelpTexts1": "Automatisch Proper oder Repacks zum upgraden eines Filmes zulassen",
    "ErrorLoadingPreviews": "Fehler beim laden der Vorschauen",
    "Exception": "Ausnahme",
    "Filename": "Dateiname",
    "FileNames": "Dateinamen",
    "Files": "Dateien",
    "FirstDayOfWeek": "Erster Tag der Woche",
    "Folder": "Ordner",
    "ForMoreInformationOnTheIndividualDownloadClientsClickOnTheInfoButtons": "Für mehr Infomationen der individuellen Clients zum herunterladen, klicken Sie auf die Info-Knöpfe.",
    "ForMoreInformationOnTheIndividualIndexersClickOnTheInfoButtons": "Für mehr Infomationen klicke auf die Info-Knöpfe.",
    "ForMoreInformationOnTheIndividualListsClickOnTheInfoButtons": "Für mehr Infomationen klicke auf die Info-Knöpfe.",
    "IncludeUnknownArtistItemsHelpText": "Einträge ohne eine Zuordnung in der Warteschlange anzeigen. Dies könnten gelöschte Filme oder alles andere mit {appName}s Downloadkategorie sein",
    "InteractiveSearch": "Interaktive Suche",
    "Interval": "Intervall",
    "IsCutoffCutoff": "Schwelle",
    "IsCutoffUpgradeUntilThisQualityIsMetOrExceeded": "Solange bis die Qualität erreicht oder übertroffen wird verbessern",
    "IsTagUsedCannotBeDeletedWhileInUse": "Kann während der Benutzung nicht gelöscht werden",
    "LidarrSupportsAnyIndexerThatUsesTheNewznabStandardAsWellAsOtherIndexersListedBelow": "{appName} unterstützt jeden Indexer, der den Newznab-Standard verwendet, sowie andere unten aufgeführte Indexer.",
    "LidarrTags": "{appName} Tags",
    "LocalPath": "Lokaler Pfad",
    "LocalPathHelpText": "Pfad, den {appName} verwenden sollte, um lokal auf den Entfernten-Pfad zuzugreifen",
    "LogLevelvalueTraceTraceLoggingShouldOnlyBeEnabledTemporarily": "Trace logging sollte nur kurzzeitig aktiviert werden",
    "Logs": "Protokolle",
    "MaintenanceRelease": "Maintenance Release: Fehlerbehebungen und andere Verbesserungen. Siehe Github Commit Verlauf für weitere Details",
    "ManualImport": "Manueller Import",
    "MarkAsFailed": "Als fehlgeschlagen markieren",
    "MarkAsFailedMessageText": "'{0}' wirklich als fehlgeschlagen markieren?",
    "MaximumSizeHelpText": "Maximale Größe für ein zu erfassendes Release in MB. 0 bedeutet unbegrenzt.",
    "Mechanism": "Mechanismus",
    "Message": "Nachricht",
    "MetadataSettings": "Einstellungen für Metadaten",
    "GeneralSettings": "Allgemeine Einstellungen",
    "Global": "Weltweit",
    "GoToInterp": "Zu {0} gehen",
    "MinimumAgeHelpText": "Nur Usenet: Mindestalter in Minuten von NZBs, bevor sie heruntergeladen werden. Verwende dies, um neuen Releases Zeit zu geben, zu deinem Usenet-Anbieter zu propagieren.",
    "MinimumFreeSpaceWhenImportingHelpText": "Importieren verhindern wenn weniger als dieser Wert als freier Speicher zur Verfügung steht",
    "MinimumLimits": "Minimale Grenzen",
    "Missing": "Fehlend",
    "Options": "Optionen",
    "PageSizeHelpText": "Anzahl der Einträge pro Seite",
    "Port": "Port",
    "PortNumber": "Portnummer",
    "PosterSize": "Postergröße",
    "Profiles": "Profile",
    "Proper": "Korrekt",
    "PropersAndRepacks": "Propers und Repacks",
    "Protocol": "Protokoll",
    "ProtocolHelpText": "Wählen Sie aus, welche(s) Protokoll(e) Sie verwenden möchten und welches Protokoll Sie bevorzugen, wenn Sie zwischen ansonsten gleichen Versionen wählen",
    "ProxyBypassFilterHelpText": "Verwenden Sie ',' als Trennzeichen und '*.' als Wildcard für Subdomains",
    "ProxyPasswordHelpText": "Sie müssen nur einen Benutzernamen und ein Passwort eingeben, wenn dies erforderlich ist. Andernfalls lassen Sie sie leer.",
    "ProxyType": "Proxy-Typ",
    "Grab": "Holen",
    "PublishedDate": "Veröffentlichungsdatum",
    "Quality": "Qualität",
    "RemoveFromBlocklist": "Aus der Sperrliste entfernen",
    "RemoveFromDownloadClient": "Aus dem Download Client entfernen",
    "RemoveFromQueue": "Aus der Warteschlange entfernen",
    "RemoveTagRemovingTag": "Tag entfernen",
    "RenameTracksHelpText": "{appName} verwendet den vorhandenen Dateinamen, wenn die Umbenennung deaktiviert ist",
    "Reorder": "Neu anordnen",
    "ReplaceIllegalCharacters": "Illegale Zeichen ersetzen",
    "ReplaceIllegalCharactersHelpText": "Ersetze illegale Zeichen. Wenn nicht ausgewählt, werden sie stattdessen von {appName} entfernt",
    "RequiredHelpText": "Das Release mus mindesten eines der Begriffe beinhalten ( Groß-/Kleinschreibung wird nicht beachtet )",
    "RescanArtistFolderAfterRefresh": "Nach dem aktualisieren den Filmordner neu scannen",
    "ResetAPIKeyMessageText": "Bist du sicher, dass du den API-Schlüssel zurücksetzen willst?",
    "RestartNow": "Jetzt neustarten",
    "Restore": "Wiederherstellen",
    "Retention": "Aufbewahrung",
    "RetryingDownloadOn": "Erneuter Downloadversuch am {date} um {time}",
    "ShownAboveEachColumnWhenWeekIsTheActiveView": "Wird in der Wochenansicht über jeder Spalte angezeigt",
    "ShowQualityProfileHelpText": "Qualitätsprofil unter dem Poster anzeigen",
    "ShowRelativeDates": "Relative Daten anzeigen",
    "ShowRelativeDatesHelpText": "Relative (Heute/Gestern/etc.) oder absolute Daten anzeigen",
    "ShowSearchActionHelpText": "Suchbutton anzeigen beim draufzeigen",
    "ShowUnknownArtistItems": "Unzugeordente Filmeinträge anzeigen",
    "SslCertPasswordHelpText": "Passwort für die PFX Datei",
    "SslCertPasswordHelpTextWarning": "Erfordert einen Neustart",
    "SSLPort": "SSL Port",
    "SupportsSearchvalueSearchIsNotSupportedWithThisIndexer": "Der Indexer unterstützt keine Suchen",
    "GrabRelease": "Release holen",
    "GrabSelected": "Auswahl abrufen",
    "Group": "Gruppe",
    "SupportsSearchvalueWillBeUsedWhenAutomaticSearchesArePerformedViaTheUIOrByLidarr": "Wird verwendet, wenn die automatische Suche über die Benutzeroberfläche oder durch {appName} durchgeführt wird",
    "SupportsSearchvalueWillBeUsedWhenInteractiveSearchIsUsed": "Wird für die manuelle Suche benutzt",
    "RssSyncIntervalHelpText": "Intervall in Minuten. Setze auf null, um es zu deaktivieren (dies stoppt alle automatischen Release-Abfragen)",
    "SSLCertPath": "Pfad zum SSL Zertifikat",
    "AlternateTitleslength1Titles": "Titel",
    "AnalyticsEnabledHelpTextWarning": "Erfordert einen Neustart",
    "AnyReleaseOkHelpText": "{appName} wechselt automatisch zu der Edition, die am besten zu den heruntergeladenen Dateien passt",
    "SearchAll": "Alle durchsuchen",
    "SslPortHelpTextWarning": "Erfordert einen Neustart",
    "StandardTrackFormat": "Standard Filmformat",
    "UnableToAddANewDownloadClientPleaseTryAgain": "Der neue Downloader konnte nicht hinzugefügt werden, bitte erneut probieren.",
    "UnableToAddANewImportListExclusionPleaseTryAgain": "Der neue Listenausschluss konnte nicht hinzugefügt werden, bitte erneut probieren.",
    "UnableToAddANewIndexerPleaseTryAgain": "Der neue Indexer konnte nicht hinzugefügt werden, bitte erneut probieren.",
    "UnableToAddANewListPleaseTryAgain": "Die neue Liste konnte nicht hinzugefügt werden, bitte erneut probieren.",
    "UnableToAddANewMetadataProfilePleaseTryAgain": "Das neue Qualitätsprofil konnte nicht hinzugefügt werden, bitte erneut probieren.",
    "UnableToAddANewNotificationPleaseTryAgain": "Die neue Benachrichtigung konnte nicht hinzugefügt werden, bitte erneut probieren.",
    "UnableToAddANewQualityProfilePleaseTryAgain": "Das neue Qualitätsprofil konnte nicht hinzugefügt werden, bitte erneut probieren.",
    "UnableToAddANewRemotePathMappingPleaseTryAgain": "Die neue entfernte Pfadzuordnung konnte nicht hinzugefügt werden, bitte erneut probieren.",
    "UnableToAddANewRootFolderPleaseTryAgain": "Das neue eigene Format konnte nicht hinzugefügt werden, bitte erneut probieren.",
    "UnableToLoadBackups": "Backups konnten nicht geladen werden",
    "UnableToLoadImportListExclusions": "Listenausschlüsse konnten nicht geladen werden",
    "UnableToLoadIndexerOptions": "Indexer Einstellungen konnten nicht geladen werden",
    "UnableToLoadIndexers": "Indexer konnten nicht geladen werden",
    "HasPendingChangesNoChanges": "Keine Änderungen",
    "HasPendingChangesSaveChanges": "Änderungen speichern",
    "UnableToLoadLists": "Listen konnten nicht geladen werden",
    "UnableToLoadMediaManagementSettings": "Media Verwaltungseinstellungen konnten nicht geladen werden",
    "UnableToLoadMetadata": "Metadaten konnten nicht geladen werden",
    "UnableToLoadMetadataProfiles": "Verzögerungsprofile konnten nicht geladen werden",
    "UnableToLoadNotifications": "Benachrichtigungen konnten nicht geladen werden",
    "UnableToLoadQualities": "Qualitätsprofile konnten nicht geladen werden",
    "UnableToLoadQualityDefinitions": "Qualitätsdefinitionen konnten nicht geladen werden",
    "UnableToLoadQualityProfiles": "Qualitätsprofile konnten nicht geladen werden",
    "UnableToLoadReleaseProfiles": "Verzögerungsprofile konnten nicht geladen werden",
    "UnableToLoadRemotePathMappings": "Entfernte Pfadzuordnungen konnten nicht geladen werden",
    "UnableToLoadRootFolders": "Stammordner konnten nicht geladen werden",
    "UnableToLoadTags": "Tags konnten nicht geladen werden",
    "UnableToLoadTheCalendar": "Kalender konnte nicht geladen werden",
    "UnableToLoadUISettings": "Oberflächen Einstellungen konnten nicht geladen werden",
    "Ungroup": "Gruppierung aufheben",
    "Unmonitored": "Nicht überwacht",
    "UnmonitoredHelpText": "Nicht beobachtete Filme im iCal-Feed einschließen",
    "UpdateAll": "Alle aktualisieren",
    "UpdateAutomaticallyHelpText": "Updates automatisch herunteraden und installieren. Es kann weiterhin unter \"System -> Updates\" ein manuelles Update angestoßen werden",
    "UpdateMechanismHelpText": "Verwenden Sie den integrierten Updater von {appName} oder ein Skript",
    "UpdateScriptPathHelpText": "Pfad zu einem benutzerdefinierten Skript, das ein extrahiertes Update-Paket übernimmt und den Rest des Update-Prozesses abwickelt",
    "UpgradeAllowedHelpText": "Wenn deaktiviert wird die Qualität nicht verbessert",
    "Uptime": "Laufzeit",
    "URLBase": "URL-Basis",
    "UrlBaseHelpText": "Für Reverse-Proxy-Unterstützung. Die Standardeinstellung leer",
    "UrlBaseHelpTextWarning": "Erfordert einen Neustart",
    "UseHardlinksInsteadOfCopy": "Hardlinks anstatt kopieren verwenden",
    "UsenetDelay": "Usenet Verzögerung",
    "UsenetDelayHelpText": "Verzögerung in Minuten before ein Usenet-Release erfasst wird",
    "UseProxy": "Proxy benutzen",
    "UserAgentProvidedByTheAppThatCalledTheAPI": "UserAgent von der App welcher die API aufgerufen hat",
    "History": "Verlauf",
    "Host": "Host",
    "HostHelpText": "Derselbe Host, den du für den Remote-Download-Client angegeben hast",
    "Hostname": "Hostname",
    "ICalFeed": "iCal Feed",
    "UsingExternalUpdateMechanismBranchUsedByExternalUpdateMechanism": "Git-Branch für den externen Updateablauf",
    "Version": "Version",
    "WeekColumnHeader": "Spaltenüberschrift „Woche“.",
    "WriteMetadataToAudioFiles": "Metadaten in Audiodateien schreiben",
    "Year": "Jahr",
    "YesCancel": "Ja, abbrechen",
    "StartTypingOrSelectAPathBelow": "Eingeben oder unten auswählen",
    "StartupDirectory": "Start-Verzeichnis",
    "Status": "Status",
    "Style": "Stil",
    "SuccessMyWorkIsDoneNoFilesToRename": "Fertig! Keine weiteren Dateien zum umbennenen.",
    "SuccessMyWorkIsDoneNoFilesToRetag": "Fertig! Keine weiteren Dateien zum umbennenen.",
    "SupportsRssvalueRSSIsNotSupportedWithThisIndexer": "Der Indexer unterstützt kein RSS",
    "BindAddressHelpTextWarning": "Erfordert einen Neustart",
    "UsingExternalUpdateMechanismBranchToUseToUpdateLidarr": "Verwendeter Git-Branch, um {appName} zu aktualisieren",
    "SearchForMissing": "Suche nach fehlenden Episoden",
    "SearchSelected": "Ausgewählte durchsuchen",
    "Season": "Staffel",
    "Security": "Sicherheit",
    "SendAnonymousUsageData": "Anonyme Nutzungsdaten übertragen",
    "SetPermissions": "Berechtigungen festlegen",
    "SetPermissionsLinuxHelpText": "Soll chmod beim Importieren/Umbenennen von Dateien ausgeführt werden?",
    "SetPermissionsLinuxHelpTextWarning": "Ändere diese Einstellung nur, wenn du weißt was sie bewirken.",
    "Settings": "Einstellungen",
    "ShortDateFormat": "Kurzes Datumsformat",
    "ShowCutoffUnmetIconHelpText": "Symbol zeigen wenn die Qualitätsschwelle noch nicht erreicht wurde",
    "ShowDateAdded": "Datum \"Hinzugefügt\" anzeigen",
    "ShowMonitored": "Überwachter Status anzeigen",
    "ShowMonitoredHelpText": "Überwachungsstatus unter dem Poster anzeigen",
    "Size": " Größe",
    "SkipFreeSpaceCheck": "Prüfung des freien Speichers überspringen",
    "ICalHttpUrlHelpText": "Füge diese URL in deinen Client ein oder klicke auf abonnieren wenn dein Browser Webcal untertützt",
    "ICalLink": "iCal Link",
    "IconForCutoffUnmet": "Symbol für Schwelle nicht erreicht",
    "IgnoredAddresses": "Ignorierte Adressen",
    "SorryThatAlbumCannotBeFound": "Schade, dieser Film kann nicht gefunden werden.",
    "SorryThatArtistCannotBeFound": "Schade, dieser Film kann nicht gefunden werden.",
    "Source": "Quelle",
    "SourcePath": "Quellpfad",
    "IgnoredHelpText": "Ein Release wird abgelehnt, wenn es einen oder mehrere dieser Begriffe enthält (Groß- und Kleinschreibung wird nicht berücksichtigt)",
    "IgnoredPlaceHolder": "Neue Beschränkung hinzufügen",
    "IllRestartLater": "Später neustarten",
    "ImportedTo": "Importiert nach",
    "ImportExtraFiles": "Zusätzliche Dateien importieren",
    "ImportExtraFilesHelpText": "Importiere zutreffende Extra Dateien (Untertitel, nfo, etc.) nach dem Importieren einer Filmdatei",
    "ImportFailedInterp": "Import fehlgeschlagen: {0}",
    "Importing": "Importiere",
    "IncludeUnmonitored": "Unüberwachte einbeziehen",
    "IndexerPriority": "Indexer-Priorität",
    "Indexers": "Indexer",
    "IndexerSettings": "Indexer-Einstellungen",
    "Label": "Label",
    "LaunchBrowserHelpText": " Öffne die Startseite von {appName} im Webbrowser nach dem Start.",
    "Level": "Level",
    "LidarrSupportsAnyDownloadClientThatUsesTheNewznabStandardAsWellAsOtherDownloadClientsListedBelow": "{appName} unterstützt viele populäre Torrent und Usenet Download Clients.",
    "Local": "Lokal",
    "LogFiles": "Protokolldateien",
    "Logging": "Protokollierung",
    "LogLevel": "Protokollstufe",
    "LongDateFormat": "Langes Datumsformat",
    "MaximumLimits": "Maximale Grenzen",
    "MaximumSize": "Maximale Größe",
    "MediaInfo": "Medieninfo",
    "MediaManagementSettings": "Einstellungen zur Medienverwaltung",
    "Medium": "Medium",
    "MIA": "MIA",
    "MinimumAge": "Mindestalter",
    "MinimumFreeSpace": "Mindestfreier Speicherplatz",
    "Mode": "Modus",
    "Monitored": "Überwacht",
    "MoreInfo": "Mehr Infos",
    "MustContain": "Muss enthalten",
    "MustNotContain": "Darf nicht enthalten",
    "Name": "Name",
    "NamingSettings": "Benennungseinstellungen",
    "New": "Neu",
    "NoBackupsAreAvailable": "Keine Sicherungen verfügbar",
    "NoHistory": "Kein Verlauf.",
    "NoLeaveIt": "Nein, lass es",
    "NoLogFiles": "Keine Logdateien",
    "None": "Keine",
    "NotificationTriggers": "Benachrichtigungs-Auslöser",
    "NoUpdatesAreAvailable": "Es sind keine Updates verfügbar",
    "OpenBrowserOnStart": "Browser beim Start öffnen",
    "Original": "Original",
    "PackageVersion": "Paketversion",
    "PageSize": "Einträge pro Seite",
    "Password": "Passwort",
    "Path": "Pfad",
    "Permissions": "Berechtigungen",
    "PreviewRename": "Vorschau Umbenennung",
    "Proxy": "Proxy",
    "ProxyUsernameHelpText": "Sie müssen nur einen Benutzernamen und ein Passwort eingeben, wenn dies erforderlich ist. Andernfalls lassen Sie sie leer.",
    "QualityProfile": "Qualitätsprofil",
    "QualityProfiles": "Qualitätsprofile",
    "QualitySettings": "Qualitätseinstellungen",
    "Queue": "Warteschlange",
    "ReadTheWikiForMoreInformation": "Lesen Sie das Wiki für weitere Informationen",
    "Real": "Real",
    "Reason": "Begründung",
    "RecycleBinCleanupDaysHelpText": "Auf 0 setzen um das automatische leeren des Papierkorbs zu deaktivieren",
    "RecycleBinCleanupDaysHelpTextWarning": "Datien im Papierkorb die älter sind als der gewählte Wert, werden endgültig gelöscht",
    "RecycleBinHelpText": "Gelöschte Filmdateien werden hierher verschoben anstatt sie direkt endgültig zu löschen",
    "RecyclingBin": "Papierkorb",
    "RecyclingBinCleanup": "Papierkorb leeren",
    "Redownload": "Nochmal herunterladen",
    "Refresh": "Aktualisieren",
    "RefreshInformationAndScanDisk": "Metadaten aktualisieren und Festplatte scannen",
    "RefreshScan": "Aktualisieren",
    "ReleaseDate": "VÖ Termine",
    "ReleaseRejected": "Release abgelehnt",
    "ReleaseStatuses": "Releasestatus",
    "ReleaseWillBeProcessedInterp": "Release wird verarbeitet {0}",
    "Reload": "Neu laden",
    "RemotePath": "Remote-Pfad",
    "RemotePathHelpText": "Root-Pfad zum Verzeichnis, auf das der Download-Client zugreift",
    "RemotePathMappings": "Remote-Pfadzuordnungen",
    "Remove": "Entfernen",
    "RemoveCompletedDownloadsHelpText": "Entferne importierte Downloads aus der Download-Client-Historie",
    "RemovedFromTaskQueue": "Aus der Aufgabenwarteschlage entfernt",
    "RemoveFailedDownloadsHelpText": "Fehlgeschlagene Downloads aus dem Downloader Verlauf entfernen",
    "RemoveFilter": "Filter entfernen",
    "RemoveSelected": "Ausgewählte entfernen",
    "RemoveTagExistingTag": "Vorhandener Tag",
    "RequiredPlaceHolder": "Neue Beschränkung hinzufügen",
    "RequiresRestartToTakeEffect": "Erfordert einen Neustart",
    "RescanAfterRefreshHelpText": "Nach dem aktualisieren des Films, den Filmordner neu scannen",
    "RescanAfterRefreshHelpTextWarning": "{appName} erkennt Änderungen an Dateien nicht automatisch, wenn sie nicht auf 'Immer' eingestellt sind",
    "Reset": "Zurücksetzen",
    "ResetAPIKey": "API-Schlüssel zurücksetzen",
    "Restart": "Neustarten",
    "RestartLidarr": "{appName} neu starten",
    "RestoreBackup": "Backup einspielen",
    "Result": "Ergebnis",
    "RetentionHelpText": "Nur Usenet: Für eine umbegrenzte Aufbewahrung auf 0 setzen",
    "RootFolder": "Root-Ordner",
    "RSSSync": "RSS-Sync",
    "RSSSyncInterval": "RSS Synchronisierungs Intervall",
    "ShowPath": "Pfad anzeigen",
    "ShowQualityProfile": "Qualitätsprofil anzeigen",
    "ShowSearch": "Suche anzeigen",
    "ShowSizeOnDisk": "Größe auf der Festplatte anzeigen",
    "TagIsNotUsedAndCanBeDeleted": "Tag wird nicht verwendet und kann gelöscht werden",
    "Tags": "Tags",
    "Tasks": "Aufgaben",
    "TestAll": "Alle testen",
    "TestAllClients": "Alle testen",
    "TestAllIndexers": "Alle testen",
    "TestAllLists": "Alle testen",
    "ThisWillApplyToAllIndexersPleaseFollowTheRulesSetForthByThem": "Dies wird alle Indexer betreffen. Bitte folge deren Regeln",
    "Time": "Zeit",
    "TimeFormat": "Zeitformat",
    "TorrentDelay": "Torrent Verzögerung",
    "TorrentDelayHelpText": "Verzögerung in Minuten bevor ein Torrent-Release erfasst wird",
    "Torrents": "Torrents",
    "TotalFileSize": "Gesamte Dateigröße",
    "Track": "Trace",
    "TrackFileCounttotalTrackCountTracksDownloadedInterp": "{0}/{1} Bücher heruntergeladen",
    "TrackMissingFromDisk": "Buch fehlt auf der Festplatte",
    "Type": "Typ",
    "UiSettings": "Benutzeroberflächen Einstellungen",
    "Tracks": "Trace",
    "RootFolders": "Root-Ordner",
    "SSLCertPassword": "SSL Zertifikat Passwort",
    "20MinutesTwenty": "20 Minuten: {0}",
    "45MinutesFourtyFive": "45 Minuten: {0}",
    "60MinutesSixty": "60 Minuten: {0}",
    "APIKey": "API-Schlüssel",
    "Absolute": "Exakte",
    "AddMissing": "Fehlendes hinzufügen",
    "AddNewItem": "Neues Item hinzufügen",
    "AlbumIsDownloadingInterp": "Film lädt herunter - {0}% {1}",
    "AllExpandedCollapseAll": "Alle einklappen",
    "AllExpandedExpandAll": "Alle ausklappen",
    "AllowArtistChangeClickToChangeArtist": "Klicken um Autor zu ändern",
    "AllowFingerprinting": "Fingerprinting erlauben",
    "AlternateTitles": "Alternative Titel",
    "AlternateTitleslength1Title": "Titel",
    "ApiKeyHelpTextWarning": "Erfordert einen Neustart",
    "NETCore": ".NET",
    "Scheduled": "Geplant",
    "ScriptPath": "Skript-Pfad",
    "Search": "Suchen",
    "SslCertPathHelpText": "Pfad zur PFX Datei",
    "SslCertPathHelpTextWarning": "Erfordert einen Neustart",
    "ArtistFolderFormat": "Autor Orderformat",
    "UiLanguageHelpText": "Sprache, die {appName} für die Benutzeroberfläche verwenden wird.",
    "UiLanguageHelpTextWarning": "Seite muss neugeladen werden",
    "UnableToLoadNamingSettings": "Umbenennungeinstellungen konnten nicht geladen werden",
    "Updates": "Updates",
    "Usenet": "Usenet",
    "BackupIntervalHelpText": "Intervall zum Sichern der {appName}-DB und der Einstellungen",
    "UnableToLoadBlocklist": "Sperrliste konnte nicht geladen werden",
    "UnableToLoadDelayProfiles": "Verzögerungsprofile konnten nicht geladen werden",
    "UnableToLoadDownloadClientOptions": "Downloader Einstellungen konnten nicht geladen werden",
    "UnableToLoadDownloadClients": "Downloader konnten nicht geladen werden",
    "UnableToLoadGeneralSettings": "Allgemeine Einstellungen konnten nicht geladen werden",
    "UnableToLoadHistory": "Verlauf konnte nicht geladen werden.",
    "Username": "Benutzername",
    "Country": "Land",
    "DeleteImportList": "Importliste löschen",
    "Album": "Album",
    "AlbumHasNotAired": "Album nicht veröffentlicht",
    "AlbumIsDownloading": "Album wird heruntergeladen",
    "AllAlbums": "Alle Alben",
    "ExpandItemsByDefault": "Elemente standardmäßig ausklappen",
    "ExpandSingleByDefaultHelpText": "Singles",
    "FirstAlbum": "Erstes Album",
    "FirstAlbumData": "Beobachte die ersten Alben. Alle anderen Alben werden ignoriert",
    "RemoveCompleted": "Abgeschlossene entfernen",
    "ArtistEditor": "Künstler Editor",
    "ChownGroup": "chown Gruppe",
    "CollapseMultipleAlbums": "Mehrere Alben einklappen",
    "CollapseMultipleAlbumsHelpText": "Mehrere Alben die am gleichen Tag erschienen sind einklappen",
    "Continuing": "Fortsetzen",
    "ContinuingNoAdditionalAlbumsAreExpected": "Keine weitere Alben werden erwartet",
    "Duration": "Dauer",
    "EditArtist": "Künstler bearbeiten",
    "EnableAutomaticAddHelpText": "Künstler/Album zu {appName} hinzufügen, wenn Synchronisierung via UI Oberfläche oder durch {appName} durchgeführt werden",
    "EnabledHelpText": "Anhaken um Veröffentlichungsprofile zu aktivieren",
    "EnableProfile": "Profil aktivieren",
    "EndedAllTracksDownloaded": "Beendet (Alle Titel heruntergeladen)",
    "EntityName": "Objekt Name",
    "Episode": "Folge",
    "ExistingTagsScrubbed": "Vorhandene Tags wurden gelöscht",
    "ExpandEPByDefaultHelpText": "Folgen",
    "HideTracks": "Titel verstecken",
    "ImportListExclusions": "Ausschlüsse aus der Importliste",
    "IsInUseCantDeleteAQualityProfileThatIsAttachedToAnArtistOrImportList": "Ein Qualitätsprofil, dass einem Künstler oder einer Importliste zugeordnet ist, kann nicht gelöscht werden",
    "IsShowingMonitoredMonitorSelected": "Beobachte ausgewählte",
    "MissingAlbums": "Fehlende Alben",
    "MissingTracksArtistMonitored": "Fehlende Titel (Beobachteter Künstler)",
    "MusicBrainzRecordingID": "MusicBrainz Aufnahme Id",
    "NoneData": "Es werden keine Alben beobachtet",
    "OnApplicationUpdate": "Bei Anwendungsaktualisierung",
    "OnGrab": "Bei Abruf",
    "OnImportFailure": "Bei fehlgeschlagenem Import",
    "PathHelpTextWarning": "Dies muss ein anderes Verzeichnis sein als das, in dem der Download Client die Dateien ablegt",
    "PreviewRetag": "Retag Vorschau",
    "PrimaryAlbumTypes": "Primäre Albumtypen",
    "PrimaryTypes": "Primärtypen",
    "TagAudioFilesWithMetadata": "Audiodateien mit Metadaten versehen",
    "RefreshArtist": "Künstler aktualisieren",
    "ReleasesHelpText": "Veröffentlichung für dieses Album ändern",
    "TBA": "TBA",
    "RenameTracks": "Titel umbenennen",
    "SearchBoxPlaceHolder": "z.B Breaking Benjamin, lidarr:854a1807-025b-42a8-ba8c-2a39717f1d25",
    "TrackFilesCountMessage": "Keine Titeldateien",
    "SearchForAllMissingAlbums": "Suche nach allen fehlenden Alben",
    "SearchForMonitoredAlbums": "Suche nach beobachteten Alben",
    "SearchMonitored": "Suche überwachte Episoden",
    "SecondaryAlbumTypes": "Sekundäre Albentypen",
    "SecondaryTypes": "Sekundärtypen",
    "SelectedCountArtistsSelectedInterp": "{selectedCount} Künstler ausgewählt",
    "AlbumIsNotMonitored": "Album wird nicht beobachtet",
    "UnableToLoadMetadataProviderSettings": "Einstellungen für Metadata Provider konnten nicht geladen werden",
    "UnmappedFiles": "Nicht zugewiesene Dateien",
    "AllAlbumsData": "Alle Alben außer Specials beobachten",
    "AllArtistAlbums": "Alle Alben eines Künstlers",
    "AllowFingerprintingHelpText": "Benutze Fingerabdrücke um die Genauigkeit der Titel Übereinstimmungen zu verbessern",
    "AllowFingerprintingHelpTextWarning": "Dies erfordert, dass {appName} Teile der Datei ließt, was dazu führt, dass Scans verlangsamt werden und eventuell hohe Schreib-/Netzwerkaktivitäten entstehen.",
    "AnchorTooltip": "Diese Datei befindet sich bereits in der Bibliothek für eine Version die gerade importiert wird",
    "Artist": "Interpret",
    "ArtistClickToChangeAlbum": "Klicken um das Album zu ändern",
    "Artists": "Künstler",
    "AutomaticallySwitchRelease": "Automatischer Wechsel der Version",
    "CatalogNumber": "Katalog Nummer",
    "ContinuingAllTracksDownloaded": "Fortsetzen (Alle heruntergeladenen Titel)",
    "ContinuingMoreAlbumsAreExpected": "Mehr Alben werden erwartet",
    "DefaultLidarrTags": "Standard {appName} Tags",
    "DefaultMetadataProfileIdHelpText": "Standard Metadaten Profil für in diesem Ordner erkannte Künstler",
    "DefaultMonitorOptionHelpText": "Welche Alben sollen beim ersten Hinzufügen von Künstlern in diesem Ordner überwacht werden",
    "DefaultQualityProfileIdHelpText": "Standard Qualitätsprofil für Künstler, die in diesem Ordner gefunden werden",
    "DefaultTagsHelpText": "Standard {appName} Tags für Künstler, die in diesem Ordner gefunden werden",
    "DeleteMetadataProfile": "Metadaten Profil löschen",
    "DeleteRootFolder": "Stammordner löschen",
    "Disambiguation": "Begriffserklärung",
    "DiscCount": "Anzahl der Platten",
    "DiscNumber": "Plattennummer",
    "DeleteTrackFile": "Titel Datei löschen",
    "DownloadPropersAndRepacksHelpTexts2": "Verwende 'Nicht bevorzugen', um nach der bevorzugten Wortbewertung über Proper/Repacks zu sortieren",
    "EpisodeDoesNotHaveAnAbsoluteEpisodeNumber": "Die Folge hat keine eindeutige Folgennummer",
    "ExistingAlbums": "Vorhandene Alben",
    "ExistingAlbumsData": "Beobachte Alben die Dateien haben oder noch nicht veröffentlicht wurden",
    "ExpandAlbumByDefaultHelpText": "Alben",
    "ExpandBroadcastByDefaultHelpText": "Übertragung",
    "ExpandOtherByDefaultHelpText": "Andere",
    "ForeignIdHelpText": "Die Musicbrainz ID des Künstlers/Albums die ausgeschlossen werden soll",
    "FutureAlbums": "Zukünftige Alben",
    "FutureAlbumsData": "Überwachung von Alben die noch nicht veröffentlicht wurden",
    "FutureDays": "Zukünftige Tage",
    "FutureDaysHelpText": "Tage die iCal-Feed in die Zukunft schauen soll",
    "GoToArtistListing": "Gehe zu Künstlerliste",
    "HasMonitoredAlbumsNoMonitoredAlbumsForThisArtist": "Keine beobachteten Alben für diesen Künstler",
    "HideAlbums": "Alben verstecken",
    "IfYouDontAddAnImportListExclusionAndTheArtistHasAMetadataProfileOtherThanNoneThenThisAlbumMayBeReaddedDuringTheNextArtistRefresh": "Wenn kein Ausschluss der Import Liste hinzugefügt wird und der Künstler ein anderes Metadaten Profil als 'Keine' hat, kann es passieren, dass dieses Album bei der nächsten Aktualisierung des Künstlers erneut hinzugefügt wird.",
    "ImportFailures": "Importfehler",
    "ImportLists": "Importlisten",
    "ImportListSettings": "Allgemeine Importlisten-Einstellungen",
    "IndexerIdHelpText": "Angabe, welcher Indexer für das Profil gilt",
    "IndexerIdHelpTextWarning": "Die Verwendung eines bestimmten Indexers mit bevorzugten Wörtern kann dazu führen, dass Veröffentlichungen mehrfach erfasst werden",
    "IsExpandedHideAlbums": "Alben verstecken",
    "IsExpandedHideFileInfo": "Dateiinformationen verstecken",
    "IsExpandedHideTracks": "Tracks verstecken",
    "IsExpandedShowAlbums": "Alben anzeigen",
    "IsExpandedShowFileInfo": "Dateiinformationen anzeigen",
    "IsExpandedShowTracks": "Tracks anzeigen",
    "IsInUseCantDeleteAMetadataProfileThatIsAttachedToAnArtistOrImportList": "Ein Metadaten Profil, dass einem Künstler oder einer Importliste zugeordnet ist, kann nicht gelöscht werden",
    "IsShowingMonitoredUnmonitorSelected": "Ausgewählte nicht mehr beobachten",
    "LatestAlbum": "Neuestes Album",
    "LatestAlbumData": "Beobachte die neuesten Alben und alle zukünftigen Alben",
    "LidarrSupportsMultipleListsForImportingAlbumsAndArtistsIntoTheDatabase": "{appName} unterstützt mehrere Listen für den Import von Alben und Künstlern in die Datenbank.",
    "ManageTracks": "Titel verwalten",
    "ManualDownload": "Manueller Download",
    "MediumFormat": "Medium Format",
    "MetadataConsumers": "Metadaten Konsumenten",
    "MetadataProfile": "Metadaten Profil",
    "MetadataProfileIdHelpText": "Metadaten Profil Listenelemente sollten hinzugefügt werden mit",
    "MetadataProfiles": "Metadaten Profile",
    "MissingAlbumsData": "Beobachte Alben, die noch keine Dateien haben oder noch nicht veröffentlicht wurden",
    "MissingTracksArtistNotMonitored": "Fehlende Titel (Künstler nicht beobachtet)",
    "MonitorArtist": "Beobachte Künstler",
    "MonitoredHelpText": "Herunterladen von beobachteten Alben dieses Künstlers",
    "MonitoringOptions": "Überwachungsoptionen",
    "MultiDiscTrackFormat": "Multi-Disc-Titel-Format",
    "MusicBrainzAlbumID": "MusicBrainz Album Id",
    "MusicBrainzArtistID": "MusicBranz Künstler Id",
    "MusicBrainzReleaseID": "MusicBrainz Veröffentlichung Id",
    "MusicBrainzTrackID": "MusicBrainz Titel Id",
    "OnDownloadFailure": "Bei fehlgeschlagenem Download",
    "OnReleaseImport": "Bei Veröffentlichungsimport",
    "OnRename": "Bei Umbenennung",
    "OnTrackRetag": "Bei Titel Retag",
    "OnUpgrade": "Bei Aktualisierung",
    "Other": "Andere",
    "PastDays": "Vergangene Tage",
    "PastDaysHelpText": "Tage für iCal-Feed, um in die Vergangenheit zu schauen",
    "PathHelpText": "Stammordner für die Musikbibliothek",
    "QualityProfileIdHelpText": "Qualitätsprofil mit dem Listemelemente hinzugefügt werden sollen",
    "Release": " Veröffentlichung",
    "ReleaseProfiles": "Release-Profile",
    "RemoveDownloadsAlert": "Die Entfernen-Einstellungen wurden in die einzelnen Download-Client-Einstellungen in der Tabelle oben verschoben.",
    "RemoveFailed": "Fehlgeschlagene entfernen",
    "RootFolderPathHelpText": "Die Elemente im Stammverzeichnis werden hinzugefügt zu",
    "SceneInformation": "Szeneninformationen",
    "SceneNumberHasntBeenVerifiedYet": "Die Szenennummer wurde noch nicht verifiziert",
    "ScrubAudioTagsHelpText": "Vorhandene Tags von Datei entfernen, sodass nur die von {appName} hinzugefügten bleiben.",
    "ScrubExistingTags": "Vorhandene Tags entfernen",
    "SearchAlbum": "Alben durchsuchen",
    "ShouldMonitorHelpText": "Beobachte Künstler und Alben die aus dieser Liste hinzugefügt wurden",
    "ShowAlbumCount": "Zeige Albumanzahl",
    "ShowBanners": "Zeige Banner",
    "ShowBannersHelpText": "Zeige Banner anstatt Namen",
    "ShowLastAlbum": "Zeige neuestes Album",
    "ShowName": "Zeige Name",
    "ShowTitleHelpText": "Zeige Künstlername unter Poster",
    "SkipRedownload": "Neu-Download überspringen",
    "SpecificAlbum": "Bestimmtes Album",
    "StatusEndedContinuing": "Fortfahren",
    "TheAlbumsFilesWillBeDeleted": "Die Dateien des Albums werden gelöscht.",
    "TheArtistFolderStrongpathstrongAndAllOfItsContentWillBeDeleted": "Der Ordner des Künstlers '{0}' und der gesamte Inhalt werden gelöscht.",
    "TotalTrackCountTracksTotalTrackFileCountTracksWithFilesInterp": "{0} Titel insgesamt. {1} Titel mit Dateien.",
    "TrackArtist": "Titel Künstler",
    "TrackDownloaded": "Titel heruntergeladen",
    "TrackNaming": "Titel Benamung",
    "TrackNumber": "Titelnummer",
    "TrackStatus": "Titelstatus",
    "UpdatingIsDisabledInsideADockerContainerUpdateTheContainerImageInstead": "Aktualisierung innerhalb des Docker Containers ist deaktiviert. Aktualisieren Sie stattdessen das Container Image.",
    "WatchLibraryForChangesHelpText": "Automatisch neu scannen, wenn sich Dateien im Stammverzeichnis ändern",
    "WatchRootFoldersForFileChanges": "Beobachte Stammverzeichnis auf Dateiänderungen",
    "WriteAudioTagsHelpTextWarning": "Wenn Sie \"Alle Dateien\" auswählen, werden vorhandene Dateien beim Import geändert.",
    "MusicbrainzId": "MusicBrainz Id",
    "AlbumStudio": "Albumstudio",
    "OnHealthIssue": "Bei Gesundheitsproblem",
    "AddedArtistSettings": "Autor Einstellungen hinzugefügt",
    "ImportListSpecificSettings": "Listenspezifische Einstellungen importieren",
    "Activity": "Aktivität",
    "Add": "Hinzufügen",
    "AddDelayProfile": "Verzögerungsprofil hinzufügen",
    "Added": "Hinzugefügt",
    "AddImportListExclusion": "Importlistenausschluss hinzufügen",
    "AddIndexer": "Indexer hinzufügen",
    "AddMetadataProfile": "Metadaten Profil",
    "AddNew": "Neue hinzufügen",
    "AddQualityProfile": "Qualitäts Profil hinzufügen",
    "AddRemotePathMapping": "Remote Pfad Zuordnung hinzufügen",
    "AddRootFolder": "Stammverzeichnis hinzufügen",
    "AfterManualRefresh": "Nach manueller Aktualisierung",
    "Albums": "Alben",
    "All": "Alle",
    "AllFiles": "Alle Dateien",
    "AllMonitoringOptionHelpText": "Autoren und alle Bücher für jeden Autor werden auf der Import-Liste miteinbezogen",
    "Always": "Immer",
    "ApplicationURL": "Anwendungs-URL",
    "ApplicationUrlHelpText": "Die externe URL der Anwendung inklusive http(s)://, Port und URL-Basis",
    "Apply": "Anwenden",
    "AudioInfo": "Audio-Info",
    "Backup": "Backups",
    "BeforeUpdate": "Vor dem Update",
    "Close": "Schließen",
    "Connect": "Verbinden",
    "CustomFilters": "Eigene Filter",
    "Date": "Datum",
    "Deleted": "Gelöscht",
    "Details": "Details",
    "Donations": "Spenden",
    "DoNotPrefer": "Nicht bevorzugen",
    "DoNotUpgradeAutomatically": "Nicht automatisch upgraden",
    "DownloadFailed": "Download gescheitert",
    "EditDelayProfile": "Delay Profil bearbeiten",
    "EditImportListExclusion": "Importliste-Ausnahmen bearbeiten",
    "EditQualityProfile": "Qualitätsprofil bearbeiten",
    "EditRemotePathMapping": "Remote Pfadzuordnung bearbeiten",
    "EditRootFolder": "Stammordner hinzufügen",
    "ErrorRestoringBackup": "Fehler beim Wiederherstellen der Sicherung",
    "Events": "Ereignisse",
    "EventType": "Ereignistyp",
    "Filters": "Filter",
    "FreeSpace": "Freier Platz",
    "General": "Allgemein",
    "Genres": "Genres",
    "Grabbed": "Geholt",
    "HardlinkCopyFiles": "Hardlink/Dateien kopieren",
    "HideAdvanced": "Erweiterte Einstellungen ausblenden",
    "Ignored": "Ignoriert",
    "Import": "Import",
    "IndexerDownloadClientHelpText": "Gib an, welcher Download-Client für Abrufe von diesem Indexer verwendet wird",
    "IndexerTagHelpText": "Benutze den Indexer nur für Filme mit mindesens einen zutreffenden Tag. Leer lassen für alle Filme.",
    "Info": "Info",
    "InstanceName": "Instanzname",
    "InstanceNameHelpText": "Instanzname im Tab und für den Syslog-App-Namen",
    "InteractiveImport": "Interaktive Importe",
    "LastAlbum": "Neuestes Album",
    "LastDuration": "Letzte Dauer",
    "LastUsed": "Zuletzt verwendet",
    "LastWriteTime": "Letzte Schreibzeit",
    "Library": "Bibliothek",
    "Metadata": "Metadaten",
    "MonitoredOnly": "Nur überwacht",
    "MoveAutomatically": "Automatisch verschieben",
    "MoveFiles": "Dateien verschieben",
    "NextExecution": "Nächste Ausführung",
    "NoTagsHaveBeenAddedYet": "Es wurden noch keine Tags hinzugefügt",
    "OnlyTorrent": "Nur Torrent",
    "OnlyUsenet": "Nur Usenet",
    "Organize": "Organisieren",
    "Peers": "Peers",
    "PreferAndUpgrade": "Bevorzugen und Upgrade",
    "PreferredProtocol": "Bevorzugtes Protokoll",
    "Presets": "Voreinstellungen",
    "Progress": "Fortschritt",
    "QualityLimitsHelpText": "Limitierungen werden automatisch an die Filmlänge angepasst.",
    "Queued": "In Warteschlange",
    "Rating": "Bewertung",
    "RejectionCount": "Anzahl der Ablehnungen",
    "ReleaseTitle": "Release-Titel",
    "Renamed": "Umbenannt",
    "Replace": "Ersetzen",
    "RestartRequiredHelpTextWarning": "Erfordert einen Neustart",
    "Save": "Speichern",
    "Seeders": "Seeders",
    "Select...": "Auswählen...",
    "SelectQuality": "Qualität auswählen",
    "ShowAdvanced": "Einfache Ansicht",
    "SizeLimit": "Größenlimit",
    "SizeOnDisk": "Größe",
    "Started": "gestartet",
    "System": "System",
    "Test": "Testen",
    "TimeLeft": "Restzeit",
    "Title": "Titel",
    "TotalSpace": "Speicherkapazität",
    "Ui": "Oberfläche",
    "UnmappedFilesOnly": "Nur nicht zugeordnete Dateien",
    "UnmonitoredOnly": "Nur nicht überwacht",
    "UpgradesAllowed": "Upgrades erlaubt",
    "Wanted": "Gesucht",
    "Warn": "Warnung",
    "WouldYouLikeToRestoreBackup": "Willst du das Backup '{name}' wiederherstellen?",
    "Age": "Alter",
    "LastExecution": "Letzte Ausführung",
    "Manual": "Manuell",
    "Never": "Nie",
    "OutputPath": "Ausgabe-Pfad",
    "SourceTitle": "Release Titel",
    "Custom": "Benutzerdefiniert",
    "Error": "Fehler",
    "Location": "Standort",
    "MediaManagement": "Medienverwaltung",
    "Ok": "Ok",
    "RestoreBackupAdditionalInfo": "Hinweis: Während der wiederherstellung wird {appName} automatisch neugestartet und die Oberfläche neugelade.",
    "SelectFolder": "Ordner auswählen",
    "AddConnection": "Verbindung hinzufügen",
    "EditMetadataProfile": "Metadaten Profil",
    "Database": "Datenbank",
    "EditReleaseProfile": "Release Profil bearbeiten",
    "ShouldSearchHelpText": "Dursuche Indexer nach neu hinzugefügten Einträgen. Vorsichtig benutzen bei großen Listen.",
    "TrackTitle": "Track Titel",
    "WriteMetadataTags": "Schreibe Metadaten Tags",
    "AddReleaseProfile": "Release Profil hinzufügen",
    "AlbumRelease": "Album Release",
    "AlbumReleaseDate": "Album Erscheinungsdatum",
    "AlbumStatus": "Album Status",
    "AlbumTitle": "Album Titel",
    "AlbumType": "Albumtyp",
    "AreYouSure": "Sind sie sicher?",
    "ArtistName": "Künstlername",
    "ArtistType": "Künstlertyp",
    "CombineWithExistingFiles": "Kombiniere mit existierenden Dateien",
    "ContinuingOnly": "Nur fortlaufend",
    "DateAdded": "Hinzugefügt Datum",
    "DeleteArtist": "Lösche ausgewählten Künstler",
    "Discography": "Diskographie",
    "DownloadImported": "Importiere herunterladen",
    "EditMetadata": "Metadaten bearbeiten",
    "ForNewImportsOnly": "Nur für neue Imports",
    "ImportCompleteFailed": "Import fehlgeschlagen",
    "EndedOnly": "Nur beendete",
    "MassAlbumsCutoffUnmetWarning": "Bist du dir sicher, dass du nach allen '{0}' Alben suchen willst deren Schwelle nicht erreicht worden ist?",
    "SearchForAllMissingAlbumsConfirmationCount": "Bist du sicher, dass du nach allen {totalRecords} fehlenden Alben suchen möchtest?",
    "MissingTracks": "Fehlende Tracks",
    "MonitorNewItems": "Neues Album überwachen",
    "MonitoringOptionsHelpText": "Welche Alben sollen überwacht werden nachdem der Künstler hinzugefügt wurde (einmalige Anpassung)",
    "MonitorNewItemsHelpText": "Welche neuen Alben sollen überwacht werden",
    "MediaCount": "Medien Anzahl",
    "NewAlbums": "Neues Album",
    "DoneEditingGroups": "Editieren der Gruppen abschließen",
    "EditGroups": "Gruppen Bearbeiten",
    "NextAlbum": "Nächstes Album",
    "NoneMonitoringOptionHelpText": "Künstler oder Album nicht beobachten",
    "NotDiscography": "Keine Diskographie",
    "Playlist": "Playlist",
    "QualitiesHelpText": "Qualitätsprofile oben sind mehr bevorzugt, auch wenn diese nicht angehakt sind. Profile in einer Gruppe sind gleichgestellt. Nur ausgewählte werden gesucht",
    "SearchForAllCutoffUnmetAlbums": "Suche nach allen abgeschnittenen unerfüllten Büchern",
    "ShouldMonitorExistingHelpText": "Automatisches Beobachten von Alben auf dieser Liste, die sich bereits in {appName} befinden",
    "ShouldSearch": "Suche nach neuen Einträgen",
    "Theme": "Design",
    "ThemeHelpText": "Anwendungsdesign ändern, das 'Auto' Design passt sich an den Light/Dark-Mode deines Systems an. Inspiriert von Theme.Park",
    "MonitorAlbumExistingOnlyWarning": "Dies ist eine einmalige Anpassung der Überwachungseinstellung für jedes Buch.  Verwenden Sie die Option unter Autor/Bearbeiten, um festzulegen, was bei neu hinzugefügten Büchern geschieht",
    "SelectReleaseGroup": "Releasgruppe auswählen",
    "ChooseImportMethod": "Wähle eine Importmethode",
    "ClickToChangeReleaseGroup": "Releasegruppe ändern",
    "BypassIfHighestQuality": "Ignoriere wenn höchste Qualität",
    "CustomFormatScore": "Eigenes Format Bewertungspunkte",
    "EnableRssHelpText": "Wird verwendet, wenn {appName} regelmäßig nach Releases über RSS-Sync sucht",
    "MinimumCustomFormatScore": "Mindestwert für benutzerdefinierte Formate",
    "CloneCustomFormat": "Eigenes Format kopieren",
    "Conditions": "Bedingungen",
    "CopyToClipboard": "In die Zwischenablage kopieren",
    "CouldntFindAnyResultsForTerm": "Keine Ergebnisse für '{0}' gefunden",
    "CustomFormat": "Eigenes Format",
    "CustomFormatRequiredHelpText": "Diese {0}-Bedingung muss übereinstimmen, damit das benutzerdefinierte Format angewendet wird. Andernfalls reicht eine einzelne {0}-Übereinstimmung aus.",
    "CustomFormatSettings": "Einstellungen für eigene Formate",
    "DeleteCustomFormat": "Eigenes Format löschen",
    "DeleteCustomFormatMessageText": "Bist du sicher, dass du das benutzerdefinierte Format '{name}' wirklich löschen willst?",
    "DeleteFormatMessageText": "Bist du sicher, dass du das Formatierungstag '{name}' wirklich löschen willst?",
    "DownloadPropersAndRepacksHelpTextWarning": "Verwende benutzerdefinierte Formate für automatische Upgrades auf Propers/Repacks",
    "DownloadedUnableToImportCheckLogsForDetails": "Heruntergeladen - Aber Import nicht möglich: Schaue in die Logs für mehr Details",
    "ExportCustomFormat": "Benutzerdefiniertes Format exportieren",
    "FailedDownloadHandling": "Verarbeitung fehlgeschlagener Downloads",
    "FailedLoadingSearchResults": "Suchergebnisse konnten nicht geladen werden, bitte erneut versuchen.",
    "ForeignId": "Fremd-Id",
    "Formats": "Formate",
    "ItsEasyToAddANewArtistJustStartTypingTheNameOfTheArtistYouWantToAdd": "Es ist einfach einen neuen Film hinzuzufügen. Gib einfach den Namen des Filmes ein, den du hinzufügen möchtest",
    "MinFormatScoreHelpText": "Mindester eigener Format Score bis zum Download",
    "Monitor": "Überwachen",
    "Monitoring": "Überwachung",
    "NegateHelpText": "Wenn aktiviert wird das eigene Format nicht angewendet solange diese {0} Bedingung zutrifft.",
    "PreferTorrent": "Bevorzuge Torrent",
    "PreferUsenet": "Bevorzuge Usenet",
    "ResetDefinitionTitlesHelpText": "Definitionstitel und Werte zurücksetzen",
    "ResetDefinitions": "Definitionen zurücksetzen",
    "ResetTitles": "Titel zurücksetzen",
    "UnableToLoadCustomFormats": "Eigene Formate konnten nicht geladen werden",
    "UnableToLoadInteractiveSearch": "Suchergebnisse für diesen Film konnten nicht geladen werden. Versuche es später nocheinmal",
    "SpecificMonitoringOptionHelpText": "Autoren überwachen aber nur Bücher überwachen, welche explizit in der Liste miteinbezogen wurden",
    "CustomFormats": "Eigene Formate",
    "Customformat": "Eigenes Format",
    "CutoffFormatScoreHelpText": "Sobald dieser benutzerdefinierte Formatwert erreicht ist, wird {appName} keine Albumveröffentlichungen mehr abrufen.",
    "IncludeCustomFormatWhenRenamingHelpText": "In {Custom Formats} umbennenungs Format",
    "HiddenClickToShow": "Versteckt, zum Anzeigen anklicken",
    "RemotePathMappingCheckBadDockerPath": "Docker erkannt; Downloader {0} speichert Downloads in {1}, aber dies ist kein valider {2} Pfad. Überprüfe die Remote-Pfadzuordnungen und die Downloader Einstellungen.",
    "ShownClickToHide": "Angezeigt, zum verstecken klicken",
    "AppDataLocationHealthCheckMessage": "Ein Update ist nicht möglich, um das Löschen von AppData beim Update zu verhindern",
    "ColonReplacement": "Doppelpunkt-Ersatz",
    "Disabled": "Deaktiviert",
    "DownloadClientRootFolderHealthCheckMessage": "Download-Client {downloadClientName} legt Downloads im Stammordner {rootFolderPath} ab. Sie sollten nicht in einen Stammordner herunterladen.",
    "DownloadClientCheckNoneAvailableMessage": "Kein Download Client verfügbar",
    "DownloadClientCheckUnableToCommunicateMessage": "Kommunikation mit {0} nicht möglich.",
    "DownloadClientStatusCheckAllClientMessage": "Alle Download Clients sind aufgrund von Fehlern nicht verfügbar",
    "DownloadClientStatusCheckSingleClientMessage": "Download Clients aufgrund von Fehlern nicht verfügbar: {0}",
    "ImportListStatusCheckAllClientMessage": "Alle Listen sind aufgrund von Fehlern nicht verfügbar",
    "ImportMechanismHealthCheckMessage": "Aktiviere die Verarbeitung der abgeschlossenen Downloads",
    "IndexerRssHealthCheckNoIndexers": "Da keine Indexer mit aktivierter RSS-Synchronisierung verfügbar sind, erfasst {appName} nicht automatisch neue Releases auf",
    "IndexerSearchCheckNoAutomaticMessage": "Keine Indexer mit aktivierter automatischer Suche verfügbar. {appName} liefert keine automatischen Suchergebnisse",
    "IndexerSearchCheckNoAvailableIndexersMessage": "Alle suchfähigen Indexer sind aufgrund der kürzlichen Indexerfehler vorübergehend nicht verfügbar",
    "IndexerSearchCheckNoInteractiveMessage": "Keine Indexer mit aktivierter interaktiver Suche verfügbar, {appName} wird keine interaktiven Suchergebnisse liefern",
    "IndexerStatusCheckAllClientMessage": "Alle Indexer sind aufgrund von Fehlern nicht verfügbar",
    "IndexerStatusCheckSingleClientMessage": "Indexer aufgrund von Fehlern nicht verfügbar: {0}",
    "MountArtistHealthCheckMessage": "Der Einhängepunkt, welcher einen Filmpfad enthält, ist schreibgeschützt eingehängt: ",
    "ProxyCheckBadRequestMessage": "Proxy konnte nicht getestet werden. StatusCode: {0}",
    "ProxyCheckFailedToTestMessage": "Proxy konnte nicht getestet werden: {0}",
    "ProxyCheckResolveIpMessage": "Fehler beim Auflösen der IP-Adresse für den konfigurierten Proxy-Host {0}",
    "RecycleBinUnableToWriteHealthCheck": "Es kann nicht in den konfigurierten Papierkorb-Ordner geschrieben werden: {0}. Stellen Sie sicher, dass dieser Pfad existiert und von dem Benutzer, der {appName} ausführt, beschreibbar ist.",
    "RemotePathMappingCheckDownloadPermissions": "{appName} kann die heruntergeladene Musik {0} sehen, aber nicht darauf zugreifen. Wahrscheinlich ein Berechtigungsfehler.",
    "RemotePathMappingCheckFileRemoved": "Datei {0} wurde während des Verarbeitens entfernt.",
    "RemotePathMappingCheckFilesBadDockerPath": "Docker erkannt; Downloader {0} meldet Dateien in {1}, aber dies ist kein valider {2} Pfad. Überprüfe deine Remote-Pfadzuordnungen und die Downloader Einstellungen.",
    "RemotePathMappingCheckFilesWrongOSPath": "Downloader {0} meldet Dateien in {1}, aber dies ist kein valider {2} Pfad. Überprüfe deine Remote-Pfadzuordnungen und die Downloader Einstellungen.",
    "RemotePathMappingCheckFolderPermissions": "{appName} kann das Downloadverzeichnis sehen, aber nicht verarbeiten {0}. Möglicherwiese ein Rechteproblem.",
    "RemotePathMappingCheckGenericPermissions": "Downloader {0} speichert Downloads in {1}, aber {appName} kann dieses Verzeichnis nicht sehen. Möglicherweise müssen die Verzeichnisrechte angepasst werden.",
    "RemotePathMappingCheckImportFailed": "{appName} konnte die Musik nicht importieren. Überprüfe die Logs für weitere Details.",
    "RemotePathMappingCheckFilesGenericPermissions": "Downloader {0} meldet Dateien in {1}, aber {appName} kann dieses Verzeichnis nicht sehen.Möglicherweise müssen die Verzeichnisreche angepasst werden.",
    "RemotePathMappingCheckFilesLocalWrongOSPath": "Downloader {0} meldet Dateien in {1}, aber dies ist kein valider {2} Pfad. Überprüfe die Downloader Einstellungen.",
    "RemotePathMappingCheckLocalWrongOSPath": "Downloader {0} speichert Downloads in {1}, aber dies ist kein valider {2} Pfad. Überprüfe die Downloader Einstellungen.",
    "RemotePathMappingCheckWrongOSPath": "Downloader {0} speichert Downloads in {1}, aber dies ist kein valider {2} Pfad. Überprüfe die Remote-Pfadzuordnungen und die Downloader Einstellungen.",
    "ReplaceWithDash": "Mit Bindestrich ersetzen",
    "ReplaceWithSpaceDash": "Mit Leerzeichen Bindestrich ersetzen",
    "RootFolderCheckSingleMessage": "Fehlender Stammordner: {0}",
    "RootFolderCheckMultipleMessage": "Es fehlen mehrere Stammordner: {0}",
    "UpdateAvailableHealthCheckMessage": "Ein neues Update ist verfügbar: {version}",
    "UpdateCheckStartupNotWritableMessage": "Update kann nicht installiert werden, da der Startordner '{0}' vom Benutzer '{1}' nicht beschreibbar ist.",
    "UpdateCheckStartupTranslocationMessage": "Update kann nicht installiert werden, da sich der Startordner '{0}' in einem App Translocation-Ordner befindet.",
    "UpdateCheckUINotWritableMessage": "Update kann nicht installiert werden, da der Benutzeroberflächenordner '{0}' vom Benutzer '{1}' nicht beschreibbar ist.",
    "RemotePathMappingCheckDockerFolderMissing": "Docker erkannt; Downloader {0} speichert Downloads in {1}, aber dieser Ordner scheint nicht im Container zu existieren. Überprüfe die Remote-Pfadzuordnungen und die Container Volume Einstellungen.",
    "ImportListStatusCheckSingleClientMessage": "Listen aufgrund von Fehlern nicht verfügbar: {0}",
    "IndexerJackettAll": "Indexer, welche den nicht unterstützten 'all'-Endpoint von Jackett verwenden: {0}",
    "IndexerLongTermStatusCheckAllClientMessage": "Alle Indexer sind wegen über 6 Stunden langen bestehender Fehler nicht verfügbar",
    "IndexerLongTermStatusCheckSingleClientMessage": "Indexer wegen über 6 Stunden langen bestehenden Fehlern nicht verfügbar: {0}",
    "IndexerRssHealthCheckNoAvailableIndexers": "Alle RSS-fähigen Indexer sind aufgrund der kürzlichen Indexerfehler vorübergehend nicht verfügbar",
    "RemotePathMappingCheckLocalFolderMissing": "Downloader {0} speichert Downloads in {1}, aber dieses Verzeichnis scheint nicht zu existieren. Möglicherweise eine fehlende oder falsche Remote-Pfadzuordnung.",
    "RemotePathMappingCheckRemoteDownloadClient": "Downloader {0} meldet Dateien in {1}, aber dieses Verzeichnis scheint nicht zu existieren. Möglicherweise fehle die Remote-Pfadzuordnung.",
    "ReplaceWithSpaceDashSpace": "Mit Leerzeichen Bindestrich Leerzeichen ersetzen",
    "SystemTimeCheckMessage": "Die Systemzeit ist um einen Tag versetzt. Bis die Zeit korrigiert wurde, könnten die geplanten Aufgaben nicht korrekt ausgeführt werden",
    "ApiKeyValidationHealthCheckMessage": "Bitte den API Schlüssel korrigieren, dieser muss mindestens {0} Zeichen lang sein. Die Änderung kann über die Einstellungen oder die Konfigurationsdatei erfolgen",
    "OnHealthRestored": "Bei Wiederherstellung der Gesundheit",
    "ThereWasAnErrorLoadingThisItem": "Beim Laden des Eintrags ist ein Fehler aufgetreten",
    "ThereWasAnErrorLoadingThisPage": "Beim Laden der Seite ist ein Fehler aufgetreten",
    "DeleteCondition": "Bedingung löschen",
    "NoHistoryBlocklist": "Keine Verlauf-Sperrliste",
    "RemoveSelectedItemBlocklistMessageText": "Bist du sicher, dass du die ausgewählten Einträge aus der Sperrliste entfernen willst?",
    "ResetQualityDefinitionsMessageText": "Bist du sicher, dass du die Qualitätsdefinitionen zurücksetzen willst?",
    "DeleteRemotePathMapping": "Entfernte Pfadzuordnung löschen",
    "DeleteRemotePathMappingMessageText": "Bist du sicher, dass du das diese entfernte Pfadzuordnung löschen willst?",
    "ListRefreshInterval": "Listen Aktualisierungsintervall",
    "ListWillRefreshEveryInterp": "Die Liste wird aktualisiert alle {0}",
    "ApplyChanges": "Änderungen anwenden",
    "AutomaticAdd": "Automatisch hinzufügen",
    "DeleteSelectedDownloadClients": "Lösche ausgewählte(n) Download Client(s)",
    "DeleteSelectedIndexers": "Lösche Indexer",
    "DeleteSelectedImportLists": "Lösche Einspiel Liste",
    "EditSelectedDownloadClients": "Ausgewählte Download Clienten bearbeiten",
    "EditSelectedIndexers": "Ausgewähle Indexer bearbeiten",
    "EditSelectedImportLists": "Ausgewählte Einspiel-Liste bearbeten",
    "Implementation": "Integration",
    "ManageClients": "Verwalte Clienten",
    "ManageDownloadClients": "Verwalte Download Clienten",
    "ManageImportLists": "Verwalte Einspiel-Listen",
    "ManageIndexers": "Verwalte Indexer",
    "ManageLists": "Verwalte Listen",
    "NoDownloadClientsFound": "Keine Download Clienten gefunden",
    "NoIndexersFound": "Keine Indexer gefunden",
    "NoImportListsFound": "Keine Einspiel-Listen gefunden",
    "AppUpdated": "{appName} aktualisiert",
    "RecentChanges": "Kürzliche Änderungen",
    "AddConditionImplementation": "Bedingung hinzufügen - {implementationName}",
    "QueueIsEmpty": "Die Warteschlange ist leer",
    "AddImportList": "Importliste hinzufügen",
    "AddImportListImplementation": "Importliste hinzufügen - {implementationName}",
    "QueueFilterHasNoItems": "Der ausgewählte Warteschlangenfilter enthält keine Elemente",
    "AddConnectionImplementation": "Verbindung hinzufügen - {implementationName}",
    "AddDownloadClientImplementation": "Download-Client hinzufügen - {implementationName}",
    "AddIndexerImplementation": "Indexer hinzufügen - {implementationName}",
    "AppUpdatedVersion": "{appName} wurde auf die Version `{version}` aktualisiert. Um die neusten Funktionen zu bekommen lade {appName} neu",
    "AddNewArtistSearchForMissingAlbums": "Suche nach fehlenden Alben starten",
    "AuthenticationRequiredHelpText": "Ändern, welche anfragen Authentifizierung benötigen. Ändere nichts wenn du dir nicht des Risikos bewusst bist.",
    "AuthenticationRequiredUsernameHelpTextWarning": "Neuen Benutzernamen eingeben",
    "AddNewAlbum": "Neues Album hinzufügen",
    "AddNewArtist": "Neue:n Künstler:in hinzufügen",
    "AddNewArtistRootFolderHelpText": "'{folder}' Unterordner wird automatisch erstellt werden",
    "AuthenticationMethodHelpTextWarning": "Bitte wähle eine gültige Authentifizierungsmethode aus",
    "AuthenticationRequiredWarning": "Um unberechtigte Fernzugriffe zu vermeiden benötigt {appName} jetzt , dass Authentifizierung eingeschaltet ist. Du kannst Authentifizierung optional für lokale Adressen ausschalten.",
    "AddConditionError": "Neue Bedingung konnte nicht hinzugefügt werden, bitte erneut versuchen.",
    "AddCondition": "Bedingung hinzufügen",
    "AddAutoTag": "Automatischen Tag hinzufügen",
    "AddAutoTagError": "Auto-Tag konnte nicht hinzugefügt werden. Bitte erneut versuchen.",
    "AddAlbumWithTitle": "{albumTitle} hinzufügen",
    "AddNewAlbumSearchForNewAlbum": "Suche nach neuem Album starten",
    "AddArtistWithName": "{artistName} hinzufügen",
    "AuthenticationRequired": "Authentifizierung benötigt",
    "AuthenticationRequiredPasswordHelpTextWarning": "Neues Passwort eingeben",
    "AuthenticationRequiredPasswordConfirmationHelpTextWarning": "Neues Passwort bestätigen",
    "UpdateSelected": "Auswahl aktualisieren",
    "RemoveFailedDownloads": "Fehlgeschlagene Downloads entfernen",
    "CloneAutoTag": "Automatische Tags kopieren",
    "ClearBlocklist": "Sperrliste leeren",
    "CustomFormatsSettings": "Einstellungen für eigene Formate",
    "CustomFormatsSettingsSummary": "Eigene Formate und Einstellungen",
    "ClickToChangeIndexerFlags": "Klicken, um Indexer-Flags zu ändern",
    "BlocklistAndSearch": "Sperrliste und Suche",
    "BlocklistAndSearchHint": "Starte Suche nach einer Alternative, falls es der Sperrliste hinzugefügt wurde",
    "BlocklistAndSearchMultipleHint": "Starte Suchen nach einer Alternative, falls es der Sperrliste hinzugefügt wurde",
    "BlocklistMultipleOnlyHint": "Der Sperrliste hinzufügen, ohne nach Alternativen zu suchen",
    "BlocklistOnly": "Nur der Sperrliste hinzufügen",
    "BlocklistOnlyHint": "Der Sperrliste hinzufügen, ohne nach Alternative zu suchen",
    "ChangeCategory": "Kategorie wechseln",
    "AutoTaggingNegateHelpText": "Falls aktiviert wird die Auto Tagging Regel nicht angewendet, solange diese Bedingung {implementationName} zutrifft.",
    "Clone": "Klonen",
    "AutoTaggingRequiredHelpText": "Diese {implementationName}-Bedingung muss übereinstimmen, damit die automatische Tagging-Regel angewendet wird. Andernfalls reicht ein einziges {implementationName}-Match aus.",
    "AddImportListExclusionAlbumHelpText": "Verhindert, dass ein Album über Importlisten zu {appName} hinzugefügt wird",
    "ApplyTagsHelpTextAdd": "Hinzufügen: Füge Tags zu den bestehenden Tags hinzu",
    "ApplyTagsHelpTextRemove": "Entfernen: Entferne die hinterlegten Tags",
    "ApplyTagsHelpTextReplace": "Ersetzen: Ersetze die Tags mit den eingegebenen Tags (keine Tags eingeben um alle Tags zu löschen)",
    "ArtistMonitoring": "Künstler beobachten",
    "ArtistProgressBarText": "{trackFileCount} / {trackCount} (Total: {totalTrackCount}, Lädt herunter: {downloadingCount})",
    "ApplyTagsHelpTextHowToApplyDownloadClients": "Wie Tags zu den selektierten Downloadclients hinzugefügt werden können",
    "ApplyTagsHelpTextHowToApplyArtists": "Wie Tags zu den selektierten Künstlern hinzugefügt werden können",
    "AllResultsAreHiddenByTheAppliedFilter": "Alle Ergebnisse werden durch den angewendeten Filter ausgeblendet",
    "AddListExclusionHelpText": "Verhindert, dass Künstler über Listen zu {appName} hinzugefügt werden",
    "AlbumDetails": "Album Details",
    "AlbumCount": "Anzahl Alben",
    "ArtistIsMonitored": "Künstler wird beobachtet",
    "ArtistIsUnmonitored": "Künstler wird nicht beobachtet",
    "ArtistsEditRootFolderHelpText": "Das Verschieben von Interpreten in denselben Root-Ordner kann dazu verwendet werden, Interpretenordner umzubenennen, um sie an den aktualisierten Namen oder das neue Namensformat anzugleichen.",
    "AlbumsLoadError": "Laden der Alben nicht möglich",
    "AlbumStudioTracksDownloaded": "{trackFileCount}/{totalTrackCount} Titel heruntergeladen",
    "AlbumStudioTruncated": "Nur die letzten 20 Alben werden angezeigt, wähle Details, um alle Alben zu sehen",
    "AddImportListExclusionArtistHelpText": "Verhindert, dass ein Künstler über Importlisten zu {appName} hinzugefügt wird",
    "ArtistIndexFooterDownloading": "Lädt herunter",
    "AddToDownloadQueue": "Zur Download Warteschlange hinzufügen",
    "AddedToDownloadQueue": "Zur Download Warteschlange hinzugefügt",
    "ApplyTagsHelpTextHowToApplyImportLists": "Wie Tags den selektierten Importlisten hinzugefügt werden können",
    "ApplyTagsHelpTextHowToApplyIndexers": "Wie Tags zu den selektierten Indexern hinzugefügt werden können",
    "CustomFormatsSpecificationFlag": "Markierung",
    "IgnoreDownloadsHint": "Hindert {appName}, diese Downloads weiter zu verarbeiten",
    "BlocklistReleases": "Release sperren",
    "CustomFilter": "Benutzerdefinierter Filter",
    "DoNotBlocklist": "Nicht Sperren",
    "DoNotBlocklistHint": "Entfernen ohne Sperren",
    "DownloadClientAriaSettingsDirectoryHelpText": "Optionaler Speicherort für Downloads. Lassen Sie das Feld leer, um den standardmäßigen rTorrent-Speicherort zu verwenden",
    "DeleteFormat": "Formatierung löschen",
    "AutoTaggingSpecificationTag": "Tag",
    "CustomFormatsSpecificationRegularExpressionHelpText": "Benutzerdefiniertes Format RegEx ist nicht groß-/kleinschreibungssensitiv",
    "ChangeCategoryHint": "Änderung des Downloads in die 'Post-Import-Kategorie' vom Download-Client",
    "ChangeCategoryMultipleHint": "Änderung der Downloads in die 'Post-Import-Kategorie' vom Download-Client",
    "IgnoreDownloads": "Downloads ignorieren",
    "DeleteSelected": "Ausgewählte löschen",
    "CustomFormatsSpecificationRegularExpression": "Regulären Ausdruck",
    "DownloadClientPriorityHelpText": "Download-Client-Priorität von 1 (Höchste) bis 50 (Niedrigste). Standard: 1. Round-Robin wird für Clients mit der gleichen Priorität verwendet.",
    "IgnoreDownload": "Download ignorieren",
    "IgnoreDownloadHint": "Hält {appName} von der weiteren Verarbeitung dieses Downloads ab",
    "RegularExpressionsCanBeTested": "Reguläre Ausdrücke können [hier]({url}) getestet werden.",
    "CustomFormatsSettingsTriggerInfo": "Ein Eigenes Format wird auf eine Veröffentlichung oder Datei angewandt, wenn sie mindestens einer der verschiedenen ausgewählten Bedingungen entspricht.",
    "ConnectionSettingsUrlBaseHelpText": "Fügt ein Präfix zur {connectionName} URL hinzu, z. B. {url}",
    "DownloadClientDelugeSettingsDirectory": "Download Verzeichnis",
    "DownloadClientDelugeSettingsDirectoryCompleted": "Verschieben, wenn abgeschlossen Verzeichnis",
    "IndexerDownloadClientHealthCheckMessage": "Indexer mit ungültigen Downloader: {0}.",
    "Dash": "Bindestrich",
    "Lowercase": "Kleinbuchstaben",
    "GrabReleaseUnknownArtistOrAlbumMessageText": "{appName} konnte nicht bestimmen, zu welchem Künstler und Album diese Veröffentlichung gehört. Möglicherweise kann {appName} diese Veröffentlichung nicht automatisch importieren. Möchtest du „{title}“ herunterladen?",
    "NotificationStatusSingleClientHealthCheckMessage": "Applikationen wegen folgender Fehler nicht verfügbar: {0}",
    "ConnectionLostReconnect": "{appName} wird versuchen, automatisch eine Verbindung herzustellen, oder Sie können unten auf „Neu laden“ klicken.",
    "ConnectionLostToBackend": "{appName} hat die Verbindung zum Backend verloren und muss neu geladen werden, um die Funktionalität wiederherzustellen.",
    "EditDownloadClientImplementation": "Download Client bearbeiten - {implementationName}",
    "ImportList": "Importliste",
    "ImportListRootFolderMultipleMissingRootsHealthCheckMessage": "Mehrere Stammverzeichnisse fehlen für Importlist: {0}",
    "MonitorExistingAlbums": "Vorhandene Alben",
    "Negate": "Negieren",
    "NoChange": "Keine Änderung",
    "NoMinimumForAnyDuration": "Kein Minimum für Laufzeiten",
    "PreferredSize": "Bevorzugte Größe",
    "ShowNextAlbum": "Zeige neuestes Album",
    "FailedToLoadQueue": "Warteschlange konnte nicht geladen werden",
    "InteractiveSearchModalHeader": "Interaktive Suche",
    "MonitorFirstAlbum": "Erstes Album",
    "MonitorFutureAlbums": "Zukünftige Alben",
    "Negated": "Negiert",
    "OverviewOptions": "Überblick-Optionen",
    "RegularExpressionsTutorialLink": "Weitere Details zu regulären Ausdrücken finden Sie [hier]({url}).",
    "UseSsl": "SSL verwenden",
    "DownloadClientsSettingsSummary": "Download Clients, Download-Verwaltung und Remote-Pfadzuordnungen",
    "EditConditionImplementation": "Bedingung bearbeiten - {implementationName}",
    "Enabled": "Aktiviert",
    "KeyboardShortcuts": "Tastenkürzel",
    "MonitorArtists": "Beobachte Künstler",
    "MonitorLastestAlbum": "Neuestes Album",
    "MonitorNoAlbums": "Keine",
    "PosterOptions": "Poster-Optionen",
    "Posters": "Poster",
    "RemoveSelectedItemQueueMessageText": "Bist du sicher, dass du ein Eintrag aus der Warteschlange entfernen willst?",
    "RemovingTag": "Tag entfernen",
    "Yesterday": "Gestern",
    "RemoveSelectedItems": "Markierte Einträge löschen",
    "Total": "Gesamt",
    "AutoAdd": "Automatisch hinzufügen",
    "BlocklistReleaseHelpText": "Verhindert, dass {appName} diese Dateien erneut automatisch herunterlädt.",
    "CloneCondition": "Bedingung klonen",
    "CountIndexersSelected": "{selectedCount} Künstler ausgewählt",
    "MonitorNewAlbums": "Neues Album",
    "EditConnectionImplementation": "Verbindung bearbeiten - {implementationName}",
    "No": "Nein",
    "Priority": "Priorität",
    "NoEventsFound": "Keine Ereignisse gefunden",
    "ResetQualityDefinitions": "Qualitätsdefinitionen zurücksetzen",
    "DeleteConditionMessageText": "Bist du sicher, dass du die Bedingung '{name}' löschen willst?",
    "Links": "Links",
    "Space": "Platz",
    "Unlimited": "Unbegrenzt",
    "DownloadClientTagHelpText": "Benutze den Indexer nur für Filme mit mindesens einen zutreffenden Tag. Leer lassen für alle Filme.",
    "ExtraFileExtensionsHelpText": "Kommagetrennte Liste von zusätzlichen Dateien, die importiert werden sollen (.nfo wird als .nfo-orig importiert)",
    "ExtraFileExtensionsHelpTextsExamples": "Beispiele: '.sub, .nfo' oder 'sub,nfo'",
    "NotificationStatusAllClientHealthCheckMessage": "Alle Benachrichtigungen sind aufgrund von Fehlern nicht verfügbar",
    "BypassIfAboveCustomFormatScore": "Umgehen, wenn über dem Wert des benutzerdefinierten Formats liegt",
    "Donate": "Spenden",
    "MonitorMissingAlbums": "Fehlende Alben",
    "RemoveTagsAutomaticallyHelpText": "Entfernen Sie Tags automatisch, wenn die Bedingungen nicht erfüllt sind",
    "Table": "Tabelle",
    "RemoveCompletedDownloads": "Entferne abgeschlossene Downloads",
    "SomeResultsAreHiddenByTheAppliedFilter": "Einige Ergebnisse werden durch den angewendeten Filter ausgeblendet",
    "SearchForAllCutoffUnmetAlbumsConfirmationCount": "Sind Sie sicher, dass Sie nach allen {totalRecords} Cutoff Unmet Alben suchen wollen?",
    "MonitoredStatus": "Überwacht/Status",
    "DownloadClientSortingCheckMessage": "Der Download-Client {0} hat die {1}-Sortierung für die Kategorie von {appName} aktiviert. Du solltest die Sortierung in deinem Download-Client deaktivieren, um Importprobleme zu vermeiden.",
    "ImportListsSettingsSummary": "Importiere von einer anderen {appName}-Instanz oder Trakt-Listen und verwalte Listen-Ausschlüsse",
    "MetadataSettingsArtistSummary": "Metadaten-Dateien erstellen, wenn Bücher importiert oder Autoren aktualisiert werden",
    "QualitySettingsSummary": "Qualitätsgrößen und Namensgebung",
    "UiSettingsSummary": "Kalender-, Datums- und Farboptionen",
    "Uppercase": "Großschrift",
    "DefaultCase": "Standardfall",
    "IndexerFlags": "Indexer-Flags",
    "Rejections": "Ablehnungen",
    "ReleaseProfile": "Release-Profil",
    "MinimumCustomFormatScoreHelpText": "Mindestwert für benutzerdefiniertes Format, der erforderlich ist, um Verzögerungen für das bevorzugte Protokoll zu umgehen",
    "NoLimitForAnyDuration": "Keine Begrenzung der Laufzeiten",
    "AutomaticUpdatesDisabledDocker": "Automatische Updates werden bei Verwendung des Docker-Update-Mechanismus nicht direkt unterstützt. Sie müssen das Container-Image außerhalb von {appName} aktualisieren oder ein Skript verwenden",
    "GeneralSettingsSummary": "Port, SSL, Benutzername/Kennwort, Proxy, Analyse und Updates",
    "BypassIfAboveCustomFormatScoreHelpText": "Aktivieren Sie die Umgehung, wenn die Veröffentlichung einen Wert hat, der höher ist als der konfigurierte Mindestwert für das benutzerdefinierte Format",
    "ConnectSettingsSummary": "Benachrichtigungen, Verbindungen zu Medienservern/-playern und benutzerdefinierte Skripte",
    "DisabledForLocalAddresses": "Für lokale Adressen deaktiviert",
    "FileNameTokens": "Dateinamen Token",
    "ImportListRootFolderMissingRootHealthCheckMessage": "Fehlendes Stammverzeichnis für Importlist(en): {0}",
    "ProfilesSettingsArtistSummary": "Qualität, Metadaten, Verzögerung und Release Profile",
    "EditImportListImplementation": "Import-Liste bearbeiten - {implementationName}",
    "EditIndexerImplementation": "Indexer bearbeiten - {implementationName}",
    "SetTags": "Tags festlegen",
    "NoResultsFound": "Keine Ergebnisse gefunden",
    "GrabId": "ID holen",
    "Large": "Groß",
    "RenameFiles": "Dateien umbenennen",
    "Small": "Klein",
    "CountDownloadClientsSelected": "{selectedCount} Download-Client(s) ausgewählt",
    "Loading": "Lade",
    "RemoveSelectedItemsQueueMessageText": "Bist du sicher, dass du {0} Einträge aus der Warteschlange entfernen willst?",
    "ErrorLoadingContent": "Es ist ein Fehler beim Laden dieses Inhalts aufgetreten",
    "AuthBasic": "Basis (Browser-Popup)",
    "AuthForm": "Formulare (Anmeldeseite)",
    "AuthenticationMethod": "Authentifizierungsmethode",
    "Auto": "Automatisch",
    "ConnectionLost": "Verbindung unterbrochen",
    "CountImportListsSelected": "{selectedCount} Künstler ausgewählt",
    "ExistingTag": "Vorhandener Tag",
    "FormatAgeDays": "Tage",
    "FormatAgeHour": "Stunde",
    "FormatAgeHours": "Stunden",
    "FormatAgeMinute": "Minute",
    "FormatAgeMinutes": "Minuten",
    "MediaManagementSettingsSummary": "Einstellungen zu Benennung, Dateiverwaltung und Root-Ordnern",
    "MonitorAllAlbums": "Alle Alben",
    "OrganizeSelectedArtists": "Ausgewählte Filme organisieren",
    "Overview": "Überblick",
    "TagsSettingsSummary": "Sehen Sie sich alle Tags und deren Verwendung an. Nicht verwendete Tags können entfernt werden",
    "Tomorrow": "Morgen",
    "ClearBlocklistMessageText": "Sind Sie sicher, dass Sie alle Elemente aus der Sperrliste löschen möchten?",
    "Deceased": "Verstorben",
    "DeleteArtistFolderCountConfirmation": "Sind Sie sicher, dass Sie {count} ausgewählte Serien löschen möchten?",
    "DeleteArtistFolderCountWithFilesConfirmation": "Sind Sie sicher, dass Sie {count} ausgewählte Serien und alle Inhalte löschen möchten?",
    "DeleteArtistFolderHelpText": "Löschen Sie den Serienordner und seinen Inhalt",
    "DeleteAutoTagHelpText": "Sind Sie sicher, dass Sie das automatische Tag „{name}“ löschen möchten?",
    "DeleteSelectedDownloadClientsMessageText": "Sind Sie sicher, dass Sie {count} ausgewählte Download-Clients löschen möchten?",
    "DownloadClientRemovesCompletedDownloadsHealthCheckMessage": "Der Download-Client {0} ist so eingestellt, dass abgeschlossene Downloads entfernt werden. Dies kann dazu führen, dass Downloads aus deinem Client entfernt werden, bevor {1} sie importieren kann.",
    "IncludeHealthWarnings": "Gesundheitswarnungen einbeziehen",
    "Required": "Erforderlich",
    "ResetTitlesHelpText": "Definitionstitel und -werte zurücksetzen",
    "UpdateFiltered": "Update gefiltert",
    "Yes": "Ja",
    "RemoveQueueItemConfirmation": "Bist du sicher, dass du '{sourceTitle}' aus der Warteschlange entfernen möchtest?",
    "RemoveSelectedItem": "Ausgewähltes Element entfernen",
    "AutoTaggingLoadError": "Automatisches Tagging konnte nicht geladen werden",
    "RemoveTagsAutomatically": "Tags automatisch entfernen",
    "BypassIfHighestQualityHelpText": "Umgehungs-Verzögerung, wenn die Freigabe die höchste aktivierte Qualität im Qualitätsprofil mit dem bevorzugten Protokoll hat",
    "CountArtistsSelected": "{count} Importliste(n) ausgewählt",
    "Connection": "Verbindung",
    "DeleteSelectedImportListsMessageText": "Sind Sie sicher, dass Sie {count} ausgewählte Importliste(n) löschen möchten?",
    "DeleteAutoTag": "Auto-Tag löschen",
    "SuggestTranslationChange": "Schlage eine Übersetzung vor",
    "AutoRedownloadFailed": "Download fehlgeschlagen",
    "AutoRedownloadFailedFromInteractiveSearch": "Erneuter Download aus Interaktiver Suche fehlgeschlagen",
    "AutoRedownloadFailedFromInteractiveSearchHelpText": "Suchen Sie automatisch nach einer anderen Version und versuchen Sie, sie herunterzuladen, wenn eine fehlerhafte Version aus der interaktiven Suche ausgewählt wurde",
    "ConditionUsingRegularExpressions": "Diese Bedingung entspricht der Verwendung regulärer Ausdrücke. Beachten Sie, dass die Zeichen „\\^$.|?*+()[{“ eine besondere Bedeutung haben und mit einem „\\“ maskiert werden müssen",
    "DeleteSelectedArtists": "Lösche ausgewählten Künstler",
    "AutomaticSearch": "Automatische Suche",
    "AutoTagging": "Automatisches Tagging",
    "DeleteSelectedIndexersMessageText": "Sind Sie sicher, dass Sie {count} ausgewählte(n) Indexer löschen möchten?",
    "DeleteSpecification": "Spezifikation löschen",
    "IndexerPriorityHelpText": "Indexer-Priorität von 1 (Höchste) bis 50 (Niedrigste). Standard: 25. Wird verwendet, um bei gleichwertigen Releases eine Entscheidung zu treffen, {appName} wird jedoch weiterhin alle aktivierten Indexer für RSS-Sync und Suche verwenden",
    "DeleteArtistFoldersHelpText": "Löschen Sie die Serienordner und ihren gesamten Inhalt",
    "DeleteSpecificationHelpText": "Sind Sie sicher, dass Sie die Spezifikation „{name}“ löschen möchten?",
    "DownloadClientDelugeSettingsDirectoryCompletedHelpText": "Optionaler Ort, an den abgeschlossene Downloads verschoben werden, leer lassen, um den Standard-Deluge-Ort zu verwenden",
    "DownloadClientDelugeSettingsDirectoryHelpText": "Optionaler Ort für Downloads, leer lassen, um den Standard-Deluge-Ort zu verwenden",
    "WhatsNew": "Was ist neu?",
    "TestParsing": "Parsing testen",
    "True": "WAHR",
    "WithFiles": "Mit Dateien",
    "Any": "Beliebig",
    "BuiltIn": "Eingebaut",
    "Script": "Skript",
    "DeleteSelectedCustomFormats": "Custom Format(s) löschen",
    "IncludeCustomFormatWhenRenaming": "Benutzerdefiniertes Format beim Umbenennen einbeziehen",
    "DeleteSelectedCustomFormatsMessageText": "Bist du sicher, dass du {count} ausgewählte Custom Format(s) löschen möchtest?",
    "IndexerSettingsApiUrl": "API-URL",
    "AptUpdater": "Verwenden Sie apt, um das Update zu installieren",
    "DockerUpdater": "Aktualisieren Sie den Docker-Container, um das Update zu erhalten",
    "ExternalUpdater": "{appName} ist so konfiguriert, dass es einen externen Aktualisierungsmechanismus verwendet",
    "InstallLatest": "Neueste Version installieren",
    "Shutdown": "Herunterfahren",
    "UpdateAppDirectlyLoadError": "{appName} kann nicht direkt aktualisiert werden.",
    "OnLatestVersion": "Die neueste Version von {appName} ist bereits installiert",
    "External": "Extern",
    "False": "Falsch",
    "FormatAgeDay": "Tag",
    "DownloadClientQbittorrentSettingsContentLayout": "Inhaltslayout",
    "FormatDateTime": "{formattedDate} {formattedTime}",
    "EditAutoTag": "Automatische Tags bearbeiten",
    "FormatDateTimeRelative": "{relativeDay}, {formattedDate} {formattedTime}",
    "EditSelectedCustomFormats": "Ausgewählte benutzerdefinierte Formate bearbeiten",
    "FormatRuntimeMinutes": "{minutes}m",
    "FormatShortTimeSpanSeconds": "{seconds} Sekunde(n)",
    "IndexerSettingsRejectBlocklistedTorrentHashes": "Blockierte Torrent-Hashes beim Abrufen ablehnen",
    "IndexerSettingsSeedTimeHelpText": "Die Zeit, die ein Torrent gesät werden sollte, bevor er gestoppt wird. Leer verwendet die Standardzeit des Download-Clients",
    "NotificationsKodiSettingsDisplayTime": "Anzeigezeit",
    "NotificationsSettingsUseSslHelpText": "Mit {serviceName} über HTTPS anstatt HTTP verbinden",
    "RemoveMultipleFromDownloadClientHint": "Entfernt Downloads und Dateien aus dem Download-Client",
    "LogSizeLimit": "Protokollgrößenlimit",
    "LogSizeLimitHelpText": "Maximale Protokolldateigröße in MB, bevor archiviert wird. Standard ist 1MB.",
    "UpdateMonitoring": "Update-Überwachung",
    "ManageFormats": "Formate verwalten",
    "NoCustomFormatsFound": "Keine benutzerdefinierten Formate gefunden",
    "NotificationsKodiSettingAlwaysUpdateHelpText": "Bibliothek auch aktualisieren, wenn ein Video abgespielt wird?",
    "NotificationsKodiSettingsDisplayTimeHelpText": "Wie lange die Benachrichtigung angezeigt wird (in Sekunden)",
    "NotificationsKodiSettingsGuiNotification": "GUI-Benachrichtigung",
    "PreviouslyInstalled": "Früher installiert",
    "SupportedAutoTaggingProperties": "{appName} unterstützt die folgenden Eigenschaften für Auto-Tagging-Regeln",
    "SkipFreeSpaceCheckHelpText": "Verwenden, wenn {appName} den freien Speicherplatz des Root-Ordners nicht erkennen kann",
    "NotificationsSettingsUpdateLibrary": "Bibliothek aktualisieren",
    "NotificationsSettingsUpdateMapPathsFrom": "Pfade von",
    "NotificationsSettingsUpdateMapPathsTo": "Pfade zu",
    "FormatTimeSpanDays": "{days}d {time}",
    "Parse": "Parsen",
    "ParseModalHelpTextDetails": "{appName} wird versuchen, den Titel zu parsen und dir Details darüber zu zeigen",
    "Period": "Periode",
    "RemoveQueueItemRemovalMethodHelpTextWarning": "'Aus dem Download-Client entfernen' wird den Download und die Datei(en) aus dem Download-Client löschen.",
    "RemoveQueueItemsRemovalMethodHelpTextWarning": "'Aus dem Download-Client entfernen' wird die Downloads und die Dateien aus dem Download-Client löschen.",
    "NotificationsKodiSettingAlwaysUpdate": "Immer aktualisieren",
    "NotificationsKodiSettingsCleanLibrary": "Bibliothek bereinigen",
    "RootFolderPath": "Root-Ordner-Pfad",
    "SelectIndexerFlags": "Indexer-Flags auswählen",
    "Menu": "Menü",
    "NotificationsEmbySettingsSendNotifications": "Benachrichtigungen senden",
    "PreferProtocol": "Bevorzuge {preferredProtocol}",
    "LabelIsRequired": "Label ist erforderlich",
    "RemotePathMappingsInfo": "Remote-Pfadzuordnungen sind sehr selten erforderlich. Wenn {appName} und dein Download-Client auf demselben System sind, ist es besser, deine Pfade abzugleichen. Weitere Informationen findest du im [Wiki]({wikiLink}).",
    "NotificationsTelegramSettingsIncludeAppNameHelpText": "Optional den Nachrichtentitel mit {appName} voranstellen, um Benachrichtigungen von verschiedenen Anwendungen zu unterscheiden",
    "DownloadClientQbittorrentSettingsContentLayoutHelpText": "Ob das konfigurierte Inhaltslayout von qBittorrent, das ursprüngliche Layout des Torrents oder immer ein Unterordner erstellt werden soll (qBittorrent 4.3.2+)",
    "FormatShortTimeSpanMinutes": "{minutes} Minute(n)",
    "IndexerSettingsSeedRatio": "Seed-Verhältnis",
    "Install": "Installieren",
    "InstallMajorVersionUpdate": "Update installieren",
    "NotificationsKodiSettingsCleanLibraryHelpText": "Bibliothek nach der Aktualisierung bereinigen",
    "NotificationsPlexSettingsAuthenticateWithPlexTv": "Mit Plex.tv authentifizieren",
    "NotificationsTelegramSettingsIncludeAppName": "{appName} im Titel einfügen",
    "RemoveFromDownloadClientHint": "Entfernt den Download und die Datei(en) aus dem Download-Client",
    "SmartReplace": "Smart Replace",
    "InfoUrl": "Info-URL",
    "CountCustomFormatsSelected": "{count} benutzerdefiniertes Format(e) ausgewählt",
    "InstallMajorVersionUpdateMessageLink": "Weitere Informationen findest du unter [{domain}]({url}).",
    "ManageCustomFormats": "Benutzerdefinierte Formate verwalten",
    "Repack": "Repacken",
    "IndexerSettingsApiUrlHelpText": "Ändere dies nicht, es sei denn, du weißt, was du tust. Dein API-Schlüssel wird an diesen Host gesendet.",
    "ParseModalUnableToParse": "Kann den angegebenen Titel nicht parsen, bitte versuche es erneut.",
    "Underscore": "Unterstrich",
    "LastSearched": "Letzte Suche",
    "PasswordConfirmation": "Passwortbestätigung",
    "FormatRuntimeHours": "{hours}h",
    "FormatShortTimeSpanHours": "{hours} Stunde(n)",
    "HealthMessagesInfoBox": "Weitere Informationen zur Ursache dieser Gesundheitsprüfungsnachrichten findest du, indem du auf den Wiki-Link (Buch-Symbol) am Ende der Zeile klickst oder deine [Protokolle]({link}) überprüfst. Wenn du Schwierigkeiten hast, diese Nachrichten zu interpretieren, kannst du unseren Support kontaktieren, über die Links unten.",
    "IndexerSettingsRejectBlocklistedTorrentHashesHelpText": "Wenn ein Torrent durch einen Hash blockiert wird, wird er möglicherweise nicht korrekt abgelehnt während RSS/Recherche für einige Indexer. Diese Option aktiviert die Ablehnung des Torrents nach dem Abrufen, aber bevor er an den Client gesendet wird.",
    "IndexerSettingsSeedRatioHelpText": "Das Verhältnis, das ein Torrent erreichen muss, bevor er gestoppt wird. Leer verwendet das Standardverhältnis des Download-Clients. Das Verhältnis sollte mindestens 1,0 betragen und den Regeln des Indexers folgen.",
    "IndexerSettingsSeedTime": "Seed-Zeit",
    "IndexersSettingsSummary": "Indexer und Indexer-Optionen",
    "InstallMajorVersionUpdateMessage": "Dieses Update wird eine neue Hauptversion installieren und ist möglicherweise nicht mit deinem System kompatibel. Bist du sicher, dass du dieses Update installieren möchtest?",
    "InvalidUILanguage": "Die UI ist auf eine ungültige Sprache eingestellt, korrigiere sie und speichere die Einstellungen",
    "Logout": "Abmelden",
    "MassSearchCancelWarning": "Dies kann nicht abgebrochen werden, sobald es gestartet wurde, ohne {appName} neu zu starten oder alle Indexer zu deaktivieren.",
    "NotificationsKodiSettingsUpdateLibraryHelpText": "Bibliothek bei Import & Umbenennung aktualisieren?",
    "NotificationsPlexSettingsAuthToken": "Auth-Token",
    "ParseModalErrorParsing": "Fehler beim Parsen, bitte versuche es erneut.",
    "ParseModalHelpText": "Gib einen Release-Titel im Eingabefeld oben ein",
    "RemoveQueueItem": "Entfernen - {sourceTitle}",
    "RemoveQueueItemRemovalMethod": "Entfernmethode",
    "SetIndexerFlags": "Indexer-Flags festlegen",
    "NoMissingItems": "Keine fehlenden Einträge",
    "AddDelayProfileError": "Verzögerungsprofil konnte nicht hinzugefügt werden. Bitte erneut versuchen.",
    "ImportListTagsHelpText": "Tags, die beim Import aus dieser Liste hinzugefügt werden",
    "NoCutoffUnmetItems": "Keine nicht erfüllten Cutoff-Elemente",
    "NotificationsSettingsUpdateMapPathsFromHelpText": "{appName}-Pfad, wird verwendet, um Serienpfade zu ändern, wenn {serviceName} den Bibliothekspfad anders sieht als {appName} (benötigt 'Bibliothek aktualisieren')",
    "NotificationsSettingsUpdateMapPathsToHelpText": "{serviceName}-Pfad, wird verwendet, um Serienpfade zu ändern, wenn {serviceName} den Bibliothekspfad anders sieht als {appName} (benötigt 'Bibliothek aktualisieren')",
    "DashOrSpaceDashDependingOnName": "Dash oder Space Dash je nach Name",
    "NotificationsEmbySettingsUpdateLibraryHelpText": "Bibliothek bei Import, Umbenennung oder Löschung aktualisieren",
    "Preferred": "Bevorzugt",
    "Max": "Max",
    "Min": "Min",
    "Today": "Heute",
    "MappedNetworkDrivesWindowsService": "Zugriff auf gemappte Netzlaufwerke ist nicht verfügbar, wenn als Windows-Dienst ausgeführt. Weitere Informationen findest du in den [FAQ]({url}).",
    "DownloadClientSettingsOlderPriority": "Ältere Priorität",
    "DownloadClientSettingsPostImportCategoryHelpText": "Kategorie für {appName}, die nach dem Importieren des Downloads festgelegt wird. {appName} wird Torrents in dieser Kategorie nicht entfernen, auch wenn das Seeding beendet ist. Leer lassen, um dieselbe Kategorie beizubehalten.",
    "DownloadClientSettingsRecentPriority": "Neueste Priorität",
    "PostImportCategory": "Post-Import-Kategorie",
    "NotificationsSettingsWebhookHeaders": "Header",
    "CountAlbums": "{albumCount} Alben",
    "DefaultDelayProfileArtist": "Dies ist das Standardprofil. Es gilt für alle Künstler, die kein explizites Profil haben.",
    "DelayProfileArtistTagsHelpText": "Gilt für Künstler mit mindestens einem übereinstimmenden Tag",
    "DownloadClientSettingsRecentPriorityAlbumHelpText": "Priorität bei der Beschaffung von Alben, die in den letzten 14 Tagen veröffentlicht wurden",
    "EmbedCoverArtHelpText": "Lidarr-Albumcover in Audiodateien einbetten, wenn Tags geschrieben werden",
    "FilterAlbumPlaceholder": "Album filtern",
    "ICalTagsArtistHelpText": "Der Feed enthält nur Künstler mit mindestens einem übereinstimmenden Tag",
    "SkipRedownloadHelpText": "Verhindert, dass {appName} versucht, alternative Veröffentlichungen für die entfernten Elemente herunterzuladen",
    "BannerOptions": "Banner Einstellungen",
    "Proceed": "Fortfahren",
    "DeleteArtistFolder": "Künstlerordner löschen",
    "ReplaceExistingFiles": "Vorhandene Dateien ersetzen",
    "ReleaseProfileTagArtistHelpText": "Veröffentlichungsprofile gelten für Künstler mit mindestens einem übereinstimmenden Tag. Leer lassen, um sie auf alle Künstler anzuwenden",
    "SelectTracks": "Titel auswählen",
    "SetAppTags": "{appName}-Tags festlegen",
    "ShouldMonitorExisting": "Vorhandene Alben überwachen",
    "TrackCount": "Anzahl der Titel",
    "TrackFileDeletedTooltip": "Titeldatei gelöscht",
    "TrackImported": "Titel importiert",
    "SelectAlbum": "Album auswählen",
    "Retag": "Erneut taggen",
    "TrackFileTagsUpdatedTooltip": "Titeldatei-Tags aktualisiert",
    "MonitorAlbum": "Album überwachen",
    "GroupInformation": "Gruppeninformationen",
    "Retagged": "Erneut getaggt",
    "NoMediumInformation": "Keine Medieninformationen verfügbar.",
    "NotificationsEmbySettingsSendNotificationsHelpText": "Lasse MediaBrowser Benachrichtigungen an konfigurierte Anbieter senden",
    "OnAlbumDelete": "Beim Löschen eines Albums",
    "OnArtistDelete": "Beim Löschen eines Künstlers",
    "SelectAlbumRelease": "Albumveröffentlichung auswählen",
    "SelectArtist": "Künstler auswählen",
    "TrackFiles": "Titeldateien",
    "TrackProgress": "Titel-Fortschritt",
    "TracksLoadError": "Titel konnten nicht geladen werden",
    "MonitorNoNewAlbums": "Keine neuen Alben",
    "MatchedToAlbums": "Mit Alben abgeglichen",
    "MatchedToArtist": "Mit Künstler abgeglichen",
    "NoAlbums": "Keine Alben",
    "NoTracksInThisMedium": "Keine Titel in diesem Medium",
    "NotificationsTagsArtistHelpText": "Nur Benachrichtigungen für Künstler mit mindestens einem übereinstimmenden Tag senden",
    "OnArtistAdd": "Beim Hinzufügen eines Künstlers",
    "RetagSelectedArtists": "Ausgewählte Künstler erneut taggen",
    "ShowNextAlbumHelpText": "Nächstes Album unter dem Poster anzeigen",
    "TrackFileMissingTooltip": "Titeldatei fehlt",
    "TrackFilesLoadError": "Titeldateien konnten nicht geladen werden",
    "OneAlbum": "1 Album",
    "TrackFileRenamedTooltip": "Titeldatei umbenannt",
    "InteractiveSearchModalHeaderTitle": "Interaktive Suche – {title}",
    "DownloadClientSettingsOlderPriorityAlbumHelpText": "Priorität bei der Beschaffung von Alben, die vor mehr als 14 Tagen veröffentlicht wurden",
    "DownloadedImporting": "Heruntergeladen – Import wird durchgeführt",
    "DownloadedWaitingToImport": "Heruntergeladen – Warte auf Import",
    "EditSelectedArtists": "Ausgewählte Künstler bearbeiten",
    "EmbedCoverArtInAudioFiles": "Cover-Art in Audiodateien einbetten",
    "FilterArtistPlaceholder": "Künstler filtern",
    "Inactive": "Inaktiv",
    "AlbumInfo": "Album Informationen",
    "Banners": "Banner",
    "DeleteArtistFolders": "Künstlerordner löschen",
    "ImportFailed": "Import fehlgeschlagen: {sourceTitle}",
    "DownloadWarning": "Download Warnung: {warningMessage}",
    "Downloaded": "Heruntergeladen",
    "Pending": "Ausstehend",
    "PendingDownloadClientUnavailable": "Ausstehend - Download-Client nicht verfügbar",
    "UnableToImportAutomatically": "Kann nicht automatisch importiert werden",
    "CheckDownloadClientForDetails": "Weitere Informationen finden Sie im Download-Client",
    "Paused": "Pausiert",
    "WaitingToImport": "Warten auf Import",
    "WaitingToProcess": "Warten auf Bearbeitung"
}
