{
    "AddAutoTag": "افزودن برچسب خودکار",
    "AddCondition": "افزودن شرط",
    "AddConditionError": "افزودن شرط جدید ناموفق بود، لطفا مجددا تلاش کنید.",
    "AddAutoTagError": "افزودن برچسب خودکار جدید ناموفق بود، لطفا مجددا تلاش کنید.",
    "AddDelayProfile": "افزودن نمایه تاخیر",
    "AddDownloadClientImplementation": "افزودن کلاینت دانلود - {implementationName}",
    "AddImportList": "افزودن لیست واردات",
    "AddArtistWithName": "افزودن {artistName}",
    "AddAlbumWithTitle": "افزودن {albumTitle}",
    "AddDelayProfileError": "افزودن نمایه تاخیر جدید ناموفق بود، لطفا مجددا تلاش کنید.",
    "AddImportListExclusion": "افزودن لیست واردات مستثنی",
    "Docker": "Docker",
    "NETCore": ".NET",
    "Torrents": "تورنت ها",
    "45MinutesFourtyFive": "۴۵ دقیقه: {0}",
    "20MinutesTwenty": "۲۰ دقیقه: {0}",
    "60MinutesSixty": "۶۰ دقیقه: {0}",
    "Absolute": "مطلق",
    "AddConditionImplementation": "افزودن شرط - {implementationName}",
    "AddConnection": "افزودن پیوند",
    "AddConnectionImplementation": "افزودن پیوند - {implementationName}",
    "APIKey": "کلید API",
    "Actions": "اقدامات",
    "Activity": "فعالیت",
    "Add": "افزودن",
    "Usenet": "Usenet",
    "About": "درباره"
}
