{
    "Language": "שפה",
    "UiLanguage": "שפת ממשק משתמש",
    "Reason": "סיבה",
    "RecycleBinCleanupDaysHelpText": "הגדר ל 0 כדי להשבית ניקוי אוטומטי",
    "RestartNow": "אתחל עכשיו",
    "Result": "תוֹצָאָה",
    "Retention": "הַחזָקָה",
    "ShowSearch": "הצג חיפוש",
    "ShowSearchActionHelpText": "הצג את לחצן החיפוש ברחף",
    "ClientPriority": "עדיפות לקוח",
    "CloneIndexer": "אינדקס שיבוט",
    "CloneProfile": "פרופיל שיבוט",
    "Columns": "עמודות",
    "CompletedDownloadHandling": "הטיפול בהורדות הושלם",
    "Component": "רְכִיב",
    "Connections": "חיבורים",
    "ConnectSettings": "חבר הגדרות",
    "CreateEmptyArtistFolders": "צור תיקיות סרט ריקות",
    "CreateEmptyArtistFoldersHelpText": "צור תיקיות סרט חסרות במהלך סריקת הדיסק",
    "CreateGroup": "צור קבוצה",
    "CutoffHelpText": "לאחר שהאיכות הזו תושג {appName} כבר לא תוריד סרטים",
    "Dates": "תאריכים",
    "DatabaseMigration": "הגירת DB",
    "DelayProfile": "עיכוב פרופיל",
    "DelayProfiles": "עיכוב פרופילים",
    "Delete": "לִמְחוֹק",
    "DeleteBackup": "מחק את הגיבוי",
    "DeleteBackupMessageText": "האם אתה בטוח שברצונך למחוק את הגיבוי '{0}'?",
    "DeleteDelayProfileMessageText": "האם אתה בטוח שברצונך למחוק פרופיל עיכוב זה?",
    "DeleteDownloadClient": "מחק את לקוח ההורדות",
    "DeleteDownloadClientMessageText": "האם אתה בטוח שברצונך למחוק את לקוח ההורדות '{0}'?",
    "DeleteEmptyFolders": "מחק תיקיות ריקות",
    "DeleteImportListExclusion": "מחק אי הכללת רשימות ייבוא",
    "DeleteImportListExclusionMessageText": "האם אתה בטוח שברצונך למחוק אי הכללה זו של רשימת הייבוא?",
    "DeleteImportListMessageText": "האם אתה בטוח שברצונך למחוק את הרשימה '{0}'?",
    "DeleteIndexer": "מחק את אינדקס",
    "DeleteIndexerMessageText": "האם אתה בטוח שברצונך למחוק את האינדקס '{0}'?",
    "DeleteMetadataProfileMessageText": "האם אתה בטוח שברצונך למחוק את פרופיל האיכות {0}",
    "DeleteNotification": "מחק הודעה",
    "DeleteNotificationMessageText": "האם אתה בטוח שברצונך למחוק את ההודעה '{0}'?",
    "DeleteQualityProfile": "מחק פרופיל איכות",
    "DeleteQualityProfileMessageText": "האם אתה בטוח שברצונך למחוק את פרופיל האיכות {0}",
    "DeleteReleaseProfile": "מחק פרופיל עיכוב",
    "DeleteReleaseProfileMessageText": "האם אתה בטוח שברצונך למחוק פרופיל עיכוב זה?",
    "DeleteRootFolderMessageText": "האם אתה בטוח שברצונך למחוק את האינדקס '{0}'?",
    "DeleteSelectedTrackFiles": "מחק קבצי סרטים שנבחרו",
    "DeleteSelectedTrackFilesMessageText": "האם אתה בטוח שברצונך למחוק את קבצי הסרט שנבחרו?",
    "DeleteTagMessageText": "האם אתה בטוח שברצונך למחוק את התג '{0}'?",
    "DestinationPath": "נתיב יעד",
    "DetailedProgressBar": "סרגל התקדמות מפורט",
    "DetailedProgressBarHelpText": "הצג טקסט בסרגל ההתקדמות",
    "DownloadClients": "הורד לקוחות",
    "DownloadClientSettings": "הורד את הגדרות הלקוח",
    "DownloadFailedCheckDownloadClientForMoreDetails": "ההורדה נכשלה: בדוק את לקוח ההורדות לפרטים נוספים",
    "DownloadFailedInterp": "ההורדה נכשלה: {0}",
    "Downloading": "מוריד",
    "DownloadPropersAndRepacksHelpTexts1": "בין אם לשדרג אוטומטית ל- Propers / Repacks",
    "DownloadWarningCheckDownloadClientForMoreDetails": "אזהרת הורדה: בדוק את לקוח ההורדות לפרטים נוספים",
    "Edit": "לַעֲרוֹך",
    "EnableAutomaticSearch": "אפשר חיפוש אוטומטי",
    "EnableColorImpairedMode": "אפשר מצב של פגיעה בצבע",
    "EnableSSL": "אפשר SSL",
    "Global": "גלוֹבָּלִי",
    "GoToInterp": "עבור אל {0}",
    "Grab": "לִתְפּוֹס",
    "GrabRelease": "שחרור תפוס",
    "Group": "קְבוּצָה",
    "HasPendingChangesNoChanges": "אין שינויים",
    "HasPendingChangesSaveChanges": "שמור שינויים",
    "History": "הִיסטוֹרִיָה",
    "ICalHttpUrlHelpText": "העתק כתובת URL זו ללקוחות שלך או לחץ כדי להירשם אם הדפדפן שלך תומך ב- webcal",
    "ICalLink": "קישור ל- iCal",
    "IgnoredAddresses": "כתובות שהתעלמו מהן",
    "IgnoredHelpText": "המהדורה תידחה אם היא מכילה אחד או יותר מהתנאים (חסר רישיות)",
    "IgnoredPlaceHolder": "הוסף הגבלה חדשה",
    "IllRestartLater": "אתחיל מאוחר יותר",
    "ImportedTo": "מיובא אל",
    "ImportExtraFiles": "ייבא קבצים נוספים",
    "ImportExtraFilesHelpText": "ייבא קבצים נוספים תואמים (כתוביות, nfo וכו ') לאחר ייבוא קובץ סרט",
    "ImportFailedInterp": "הייבוא נכשל: {0}",
    "Importing": "מייבא",
    "IncludeUnknownArtistItemsHelpText": "הצג פריטים ללא סרט בתור. זה יכול לכלול סרטים שהוסרו או כל דבר אחר בקטגוריה של {appName}",
    "IncludeUnmonitored": "כלול ללא פיקוח",
    "IndexerPriority": "עדיפות אינדקס",
    "Indexers": "אינדקסים",
    "IndexerSettings": "הגדרות אינדקס",
    "InteractiveSearch": "חיפוש אינטראקטיבי",
    "Interval": "הַפסָקָה",
    "LidarrSupportsAnyDownloadClientThatUsesTheNewznabStandardAsWellAsOtherDownloadClientsListedBelow": "{appName} תומך בכל לקוח הורדות המשתמש בתקן Newznab, כמו גם בלקוחות הורדה אחרים המפורטים להלן.",
    "LidarrSupportsAnyIndexerThatUsesTheNewznabStandardAsWellAsOtherIndexersListedBelow": "{appName} תומך בכל אינדקס שמשתמש בתקן Newznab, כמו גם באינדקסים אחרים המפורטים להלן.",
    "Local": "מְקוֹמִי",
    "LocalPath": "נתיב מקומי",
    "LocalPathHelpText": "נתיב שבו {appName} אמור להשתמש כדי לגשת לנתיב המרוחק באופן מקומי",
    "LogFiles": "קבצי יומן",
    "Logging": "רישום",
    "LogLevel": "רמת יומן",
    "LogLevelvalueTraceTraceLoggingShouldOnlyBeEnabledTemporarily": "יש להפעיל רישום מעקב באופן זמני בלבד",
    "Logs": "יומנים",
    "LongDateFormat": "פורמט תאריך ארוך",
    "ManualImport": "ייבוא ידני",
    "MarkAsFailed": "סמן ככושל",
    "MarkAsFailedMessageText": "האם אתה בטוח שברצונך לסמן את '{0}' ככושל?",
    "MaximumLimits": "מגבלות מקסימליות",
    "MaximumSize": "גודל מקסימלי",
    "MaximumSizeHelpText": "גודל מרבי לתפיסה שניתן יהיה לתפוס ב- MB. הגדר לאפס כדי להגדיר ללא הגבלה",
    "Mechanism": "מַנגָנוֹן",
    "MediaInfo": "מידע מדיה",
    "MediaManagementSettings": "הגדרות ניהול מדיה",
    "Medium": "בינוני",
    "Message": "הוֹדָעָה",
    "MetadataSettings": "הגדרות מטא נתונים",
    "MinimumAge": "גיל מינימום",
    "MinimumAgeHelpText": "Usenet בלבד: גיל מינימלי בדקות של NZB לפני שהם נתפסים. השתמש בזה כדי לתת למהדורות חדשות זמן להפצה לספק ה- usenet שלך.",
    "MinimumFreeSpace": "מינימום מקום פנוי",
    "MinimumFreeSpaceWhenImportingHelpText": "למנוע ייבוא אם הוא ישאיר פחות מכמות שטח דיסק זו פנויה",
    "MinimumLimits": "מגבלות מינימום",
    "Missing": "חָסֵר",
    "Mode": "מצב",
    "Monitored": "מנוטר",
    "MoreInfo": "עוד מידע",
    "MustNotContain": "אסור להכיל",
    "Name": "שֵׁם",
    "NamingSettings": "הגדרת שמות",
    "New": "חָדָשׁ",
    "NoBackupsAreAvailable": "אין גיבויים",
    "NoHistory": "אין היסטוריה",
    "NoLeaveIt": "לא, עזוב את זה",
    "NoLogFiles": "אין קבצי יומן",
    "None": "אף אחד",
    "NotificationTriggers": "מפעילים התראות",
    "NoUpdatesAreAvailable": "אין עדכונים זמינים",
    "OpenBrowserOnStart": "פתח את הדפדפן בהתחלה",
    "Options": "אפשרויות",
    "Original": "מְקוֹרִי",
    "PackageVersion": "גרסת חבילה",
    "PageSize": "גודל עמוד",
    "PageSizeHelpText": "מספר הפריטים להצגה בכל עמוד",
    "Password": "סיסמה",
    "Path": "נָתִיב",
    "Permissions": "אישורים",
    "Port": "נמל",
    "PortNumber": "מספר יציאה",
    "PosterSize": "גודל פוסטר",
    "PreviewRename": "תצוגה מקדימה של שינוי שם",
    "Profiles": "פרופילים",
    "Proper": "תָקִין",
    "PropersAndRepacks": "Propers ו Repacks",
    "Protocol": "נוהל",
    "ProtocolHelpText": "בחר באיזה פרוטוקול (ים) להשתמש ואיזה מהם עדיף בעת בחירה בין מהדורות שוות אחרת",
    "Proxy": "פרוקסי",
    "ProxyBypassFilterHelpText": "השתמש ב- ',' כמפריד וב- '*.' כתו כללי לתת-דומיינים",
    "ProxyPasswordHelpText": "עליך להזין שם משתמש וסיסמה רק אם נדרשים שם. השאר אותם ריקים אחרת.",
    "ProxyType": "סוג proxy",
    "ProxyUsernameHelpText": "עליך להזין שם משתמש וסיסמה רק אם נדרשים שם. השאר אותם ריקים אחרת.",
    "PublishedDate": "תאריך פרסום",
    "QualityProfile": "פרופיל איכות",
    "QualityProfiles": "פרופילי איכות",
    "QualitySettings": "הגדרות איכות",
    "ReadTheWikiForMoreInformation": "קרא את הוויקי למידע נוסף",
    "Real": "אמיתי",
    "RecycleBinCleanupDaysHelpTextWarning": "קבצים בסל המיחזור ישנים יותר ממספר הימים שנבחר ינוקו באופן אוטומטי",
    "RecycleBinHelpText": "קבצי סרט יעלו לכאן כאשר יימחקו במקום שיימחקו לצמיתות",
    "RecyclingBin": "סל מיחזור",
    "RecyclingBinCleanup": "ניקוי סל המיחזור",
    "Redownload": "הורד מחדש",
    "Refresh": "לְרַעֲנֵן",
    "RefreshInformationAndScanDisk": "רענן מידע וסריקת הדיסק",
    "RefreshScan": "רענון וסריקה",
    "ReleaseDate": "תאריכי שחרור",
    "ReleaseGroup": "קבוצת שחרור",
    "ReleaseRejected": "שחרור נדחה",
    "ReleaseStatuses": "שחרור סטטוס",
    "ReleaseWillBeProcessedInterp": "השחרור יעובד {0}",
    "Reload": "לִטעוֹן מִחָדָשׁ",
    "RemotePath": "נתיב מרוחק",
    "RemotePathHelpText": "נתיב שורש לספריה אליה ניגש לקוח ההורדה",
    "RemotePathMappings": "מיפוי נתיבים מרוחק",
    "Remove": "לְהַסִיר",
    "RemoveCompletedDownloadsHelpText": "הסר הורדות מיובאות מהיסטוריית הלקוחות להורדה",
    "RemovedFromTaskQueue": "הוסר מתור המשימות",
    "RemoveFailedDownloadsHelpText": "הסר הורדות שנכשלו מהיסטוריית הלקוחות להורדה",
    "RemoveFilter": "הסר את המסנן",
    "RemoveFromBlocklist": "הסר מהרשימה השחורה",
    "RemoveFromDownloadClient": "הסר מלקוח ההורדות",
    "RemoveFromQueue": "הסר מהתור",
    "RemoveSelected": "הסר פריטים שנבחרו",
    "RemoveTagExistingTag": "תג קיים",
    "RemoveTagRemovingTag": "הסרת התג",
    "RenameTracksHelpText": "{appName} ישתמש בשם הקובץ הקיים אם שינוי שם אינו זמין",
    "Reorder": "להזמין מחדש",
    "ReplaceIllegalCharacters": "החלף תווים לא חוקיים",
    "ReplaceIllegalCharactersHelpText": "החלף תווים לא חוקיים. אם לא מסומן, {appName} יסיר אותם במקום זאת",
    "RequiredHelpText": "המהדורה חייבת להכיל לפחות אחד ממונחים אלה (חסר רישיות)",
    "RequiredPlaceHolder": "הוסף הגבלה חדשה",
    "RequiresRestartToTakeEffect": "נדרש הפעלה מחדש כדי להיכנס לתוקף",
    "RescanAfterRefreshHelpText": "סרוק מחדש את תיקיית הסרט לאחר רענון הסרט",
    "RescanAfterRefreshHelpTextWarning": "{appName} לא יאתר אוטומטית שינויים בקבצים כאשר לא מוגדר כ'תמיד '",
    "RescanArtistFolderAfterRefresh": "סרוק מחדש את תיקיית הסרט לאחר רענון",
    "Reset": "אִתחוּל",
    "ResetAPIKey": "אפס את מפתח ה- API",
    "ResetAPIKeyMessageText": "האם אתה בטוח שברצונך לאפס את מפתח ה- API שלך?",
    "Restart": "אתחול",
    "RestartLidarr": "הפעל מחדש את רדאר",
    "Restore": "לשחזר",
    "RestoreBackup": "שחזור גיבוי",
    "RetentionHelpText": "Usenet בלבד: הגדר לאפס כדי להגדיר לשימור בלתי מוגבל",
    "RetryingDownloadOn": "מנסה להוריד שוב {0} בשעה {1}",
    "RootFolder": "תיקיית שורש",
    "RootFolders": "תיקיות שורש",
    "RSSSyncInterval": "מרווח סינכרון RSS",
    "RssSyncIntervalHelpText": "מרווח בדקות. הגדר לאפס כדי להשבית (זה יפסיק את כל תפיסת השחרור האוטומטית)",
    "ShownAboveEachColumnWhenWeekIsTheActiveView": "מוצג מעל כל עמודה כאשר השבוע היא התצוגה הפעילה",
    "ShowPath": "הצג נתיב",
    "ShowQualityProfile": "הראה פרופיל איכות",
    "ShowQualityProfileHelpText": "הצג פרופיל איכות תחת פוסטר",
    "ShowRelativeDates": "הצג תאריכים יחסית",
    "ShowRelativeDatesHelpText": "הצג תאריכים קרובים (היום / אתמול / וכו ') או תאריכים מוחלטים",
    "ShowUnknownArtistItems": "הצג פריטי סרט לא ידועים",
    "SSLCertPassword": "סיסמת אישורי SSL",
    "SslCertPasswordHelpText": "סיסמה לקובץ pfx",
    "SslCertPasswordHelpTextWarning": "נדרש הפעלה מחדש כדי להיכנס לתוקף",
    "SSLCertPath": "נתיב אישורי SSL",
    "SslCertPathHelpText": "נתיב לקובץ pfx",
    "SslCertPathHelpTextWarning": "נדרש הפעלה מחדש כדי להיכנס לתוקף",
    "SSLPort": "יציאת SSL",
    "SslPortHelpTextWarning": "נדרש הפעלה מחדש כדי להיכנס לתוקף",
    "StandardTrackFormat": "פורמט סרט סטנדרטי",
    "StartTypingOrSelectAPathBelow": "התחל להקליד או בחר נתיב למטה",
    "StartupDirectory": "ספריית ההפעלה",
    "Status": "סטָטוּס",
    "Style": "סִגְנוֹן",
    "SuccessMyWorkIsDoneNoFilesToRename": "הַצלָחָה! העבודה שלי נעשית, אין קבצים לשינוי שם.",
    "SuccessMyWorkIsDoneNoFilesToRetag": "הַצלָחָה! העבודה שלי נעשית, אין קבצים לשינוי שם.",
    "SupportsRssvalueRSSIsNotSupportedWithThisIndexer": "RSS אינו נתמך עם אינדקס זה",
    "SupportsSearchvalueSearchIsNotSupportedWithThisIndexer": "אינדקס זה אינו נתמך בחיפוש",
    "SupportsSearchvalueWillBeUsedWhenAutomaticSearchesArePerformedViaTheUIOrByLidarr": "ישמש כאשר חיפושים אוטומטיים מבוצעים דרך ממשק המשתמש או על ידי {appName}",
    "SupportsSearchvalueWillBeUsedWhenInteractiveSearchIsUsed": "ישמש כאשר נעשה שימוש בחיפוש אינטראקטיבי",
    "TagIsNotUsedAndCanBeDeleted": "לא משתמשים בתג וניתן למחוק אותו",
    "Tags": "תגים",
    "Tasks": "משימות",
    "TestAll": "בדוק הכל",
    "TestAllClients": "בדוק את כל הלקוחות",
    "TestAllIndexers": "בדוק את כל האינדקסים",
    "TestAllLists": "בדוק את כל הרשימות",
    "ThisWillApplyToAllIndexersPleaseFollowTheRulesSetForthByThem": "זה יחול על כל האינדקסים, אנא עקוב אחר הכללים שנקבעו על ידם",
    "Time": "זְמַן",
    "TimeFormat": "פורמט זמן",
    "TorrentDelay": "עיכוב סיקור",
    "TorrentDelayHelpText": "התעכב תוך דקות להמתין לפני שתופס סיקור",
    "Torrents": "טורנטים",
    "TotalFileSize": "גודל קובץ כולל",
    "Track": "זֵכֶר",
    "Cancel": "לְבַטֵל",
    "DeleteDelayProfile": "מחק פרופיל עיכוב",
    "Enable": "לְאַפשֵׁר",
    "EnableAutomaticAdd": "אפשר הוספה אוטומטית",
    "FileDateHelpText": "שנה את תאריך הקובץ בעת הייבוא / סריקה מחדש",
    "FileManagement": "ניהול קבצים",
    "UiLanguageHelpText": "שפה בה {appName} ישתמש עבור ממשק המשתמש",
    "UiLanguageHelpTextWarning": "חובה לטעון דפדפן",
    "UiSettings": "הגדרות ממשק המשתמש",
    "UnableToAddANewDownloadClientPleaseTryAgain": "לא ניתן להוסיף לקוח הורדות חדש, נסה שוב.",
    "UnableToAddANewImportListExclusionPleaseTryAgain": "לא ניתן להוסיף אי הכללה ברשימה חדשה, נסה שוב.",
    "UnableToAddANewIndexerPleaseTryAgain": "לא ניתן להוסיף אינדקס חדש, נסה שוב.",
    "UnableToAddANewListPleaseTryAgain": "לא ניתן להוסיף רשימה חדשה, אנא נסה שוב.",
    "UnableToAddANewMetadataProfilePleaseTryAgain": "לא ניתן להוסיף פרופיל איכות חדש, נסה שוב.",
    "UnableToAddANewNotificationPleaseTryAgain": "לא ניתן להוסיף התראה חדשה, נסה שוב.",
    "UnableToAddANewQualityProfilePleaseTryAgain": "לא ניתן להוסיף פרופיל איכות חדש, נסה שוב.",
    "UnableToAddANewRemotePathMappingPleaseTryAgain": "לא ניתן להוסיף מיפוי נתיבים מרוחק חדש, נסה שוב.",
    "UnableToAddANewRootFolderPleaseTryAgain": "לא ניתן להוסיף פורמט מותאם אישית חדש, נסה שוב.",
    "UnableToLoadBackups": "לא ניתן לטעון גיבויים",
    "UnableToLoadBlocklist": "לא ניתן לטעון את הרשימה השחורה",
    "UnableToLoadDelayProfiles": "לא ניתן לטעון פרופילי עיכוב",
    "UnableToLoadDownloadClientOptions": "לא ניתן לטעון אפשרויות לקוח להורדה",
    "UnableToLoadDownloadClients": "לא ניתן לטעון לקוחות הורדות",
    "UnableToLoadGeneralSettings": "לא ניתן לטעון את ההגדרות הכלליות",
    "UnableToLoadHistory": "לא ניתן לטעון את ההיסטוריה",
    "UnableToLoadImportListExclusions": "לא ניתן לטעון אי הכללות ברשימה",
    "UnableToLoadIndexerOptions": "לא ניתן לטעון אפשרויות לאינדקס",
    "UnableToLoadIndexers": "לא ניתן לטעון אינדקסים",
    "UnableToLoadLists": "לא ניתן לטעון רשימות",
    "UnableToLoadMediaManagementSettings": "לא ניתן לטעון את הגדרות ניהול המדיה",
    "UnableToLoadMetadataProfiles": "לא ניתן לטעון פרופילי עיכוב",
    "UnableToLoadNamingSettings": "לא ניתן לטעון את הגדרות השמות",
    "UnableToLoadNotifications": "לא ניתן לטעון התראות",
    "UnableToLoadQualities": "לא ניתן לטעון איכויות",
    "UnableToLoadQualityDefinitions": "לא ניתן לטעון הגדרות איכות",
    "UnableToLoadQualityProfiles": "לא ניתן לטעון פרופילי איכות",
    "UnableToLoadReleaseProfiles": "לא ניתן לטעון פרופילי עיכוב",
    "UnableToLoadRemotePathMappings": "לא ניתן לטעון מיפוי נתיבים מרוחק",
    "UnableToLoadRootFolders": "לא ניתן לטעון תיקיות שורש",
    "UnableToLoadTags": "לא ניתן לטעון תגים",
    "UnableToLoadTheCalendar": "לא ניתן לטעון את היומן",
    "UnableToLoadUISettings": "לא ניתן לטעון הגדרות ממשק משתמש",
    "Ungroup": "בטל קבוצה",
    "Unmonitored": "ללא פיקוח",
    "UnmonitoredHelpText": "כלול סרטים ללא פיקוח בפיד iCal",
    "UpdateAll": "עדכן הכל",
    "UpdateAutomaticallyHelpText": "הורד והתקין עדכונים באופן אוטומטי. עדיין תוכל להתקין ממערכת: עדכונים",
    "UpdateMechanismHelpText": "השתמש במעדכן המובנה של {appName} או בסקריפט",
    "UpdateScriptPathHelpText": "נתיב לסקריפט מותאם אישית שלוקח חבילת עדכון שחולצה ומטפל בשארית תהליך העדכון",
    "UpgradeAllowedHelpText": "אם תכונות הנכים לא ישודרגו",
    "Uptime": "זמן עבודה",
    "URLBase": "בסיס URL",
    "UrlBaseHelpText": "לתמיכת proxy הפוכה, ברירת המחדל ריקה",
    "UrlBaseHelpTextWarning": "נדרש הפעלה מחדש כדי להיכנס לתוקף",
    "Usenet": "Usenet",
    "UsenetDelay": "עיכוב Usenet",
    "UsenetDelayHelpText": "עיכוב תוך דקות להמתין לפני שתופס שחרור מאוסנט",
    "UseProxy": "תשתמש בפרוקסי",
    "Username": "שם משתמש",
    "UsingExternalUpdateMechanismBranchToUseToUpdateLidarr": "ענף לשימוש עדכון {appName}",
    "UsingExternalUpdateMechanismBranchUsedByExternalUpdateMechanism": "ענף המשמש את מנגנון העדכון החיצוני",
    "Version": "גִרְסָה",
    "WeekColumnHeader": "כותרת עמודות שבוע",
    "Year": "שָׁנָה",
    "YesCancel": "כן, בטל",
    "20MinutesTwenty": "60 דקות: {0}",
    "45MinutesFourtyFive": "60 דקות: {0}",
    "60MinutesSixty": "60 דקות: {0}",
    "AgeWhenGrabbed": "גיל (כאשר תופס)",
    "AlbumIsDownloadingInterp": "הסרט מוריד - {0}% {1}",
    "AlreadyInYourLibrary": "כבר בספרייה שלך",
    "AlternateTitles": "כותרת חלופית",
    "AlternateTitleslength1Title": "כותרת",
    "AlternateTitleslength1Titles": "כותרות",
    "Analytics": "ניתוח",
    "AnalyticsEnabledHelpText": "שלח פרטי שימוש ושגיאה אנונימיים לשרתי {appName}. זה כולל מידע בדפדפן שלך, אילו דפי {appName} WebUI אתה משתמש, דיווח על שגיאות וכן מערכת הפעלה וגרסת זמן ריצה. אנו נשתמש במידע זה כדי לתעדף תכונות ותיקוני באגים.",
    "AnalyticsEnabledHelpTextWarning": "נדרש הפעלה מחדש כדי להיכנס לתוקף",
    "Automatic": "אוֹטוֹמָטִי",
    "DelayingDownloadUntil": "מעכב את ההורדה עד {0} בשעה {1}",
    "ScriptPath": "נתיב סקריפט",
    "Search": "לחפש",
    "SearchAll": "חפש הכל",
    "SearchForMissing": "חפש חסר",
    "SearchSelected": "חיפוש נבחר",
    "Security": "בִּטָחוֹן",
    "SendAnonymousUsageData": "שלח נתוני שימוש אנונימיים",
    "SetPermissions": "הגדר הרשאות",
    "SetPermissionsLinuxHelpText": "האם להפעיל את chmod כאשר מייבאים / משנים קבצים?",
    "SetPermissionsLinuxHelpTextWarning": "אם אינך בטוח מה הגדרות אלה עושות, אל תשנה אותן.",
    "Settings": "הגדרות",
    "ShortDateFormat": "פורמט תאריך קצר",
    "ShowCutoffUnmetIconHelpText": "הצג סמל לקבצים כאשר הניתוק לא נענה",
    "ShowDateAdded": "הצגת תאריך הוספה",
    "ShowMonitored": "הצג פיקוח",
    "ShowMonitoredHelpText": "הצג סטטוס פיקוח תחת פוסטר",
    "SorryThatAlbumCannotBeFound": "מצטערים, הסרט הזה לא נמצא.",
    "SorryThatArtistCannotBeFound": "מצטערים, הסרט הזה לא נמצא.",
    "Source": "מָקוֹר",
    "SourcePath": "נתיב מקור",
    "About": "אודות",
    "Actions": "פעולות",
    "AddingTag": "מוסיף תג",
    "AddListExclusion": "הוסף אי הכללת רשימה",
    "APIKey": "מפתח API",
    "ApiKeyHelpTextWarning": "נדרש הפעלה מחדש כדי להיכנס לתוקף",
    "AppDataDirectory": "ספריית AppData",
    "ApplyTags": "החל תגים",
    "ApplyTagsHelpTextReplace": "החלף: החלף את התגים בתגיות שהוזנו (אין להזין תגים כדי למחוק את כל התגים)",
    "ArtistAlbumClickToChangeTrack": "לחץ כדי לשנות סרט",
    "Authentication": "אימות",
    "AuthenticationMethodHelpText": "דרוש שם משתמש וסיסמה כדי לגשת ל {appName}",
    "AutoRedownloadFailedHelpText": "חפש אוטומטית ונסה להוריד מהדורה אחרת",
    "BackupFolderHelpText": "נתיבים יחסית יהיו תחת ספריית AppData של {appName}",
    "BackupNow": "גיבוי עכשיו",
    "BackupRetentionHelpText": "גיבויים אוטומטיים ישנים יותר מתקופת השמירה ינוקו אוטומטית",
    "Backups": "גיבויים",
    "BindAddress": "כתובת איגוד",
    "BindAddressHelpText": "יש להזין localhost, כתובת IP או '*' כדי לאפשר הכל",
    "BindAddressHelpTextWarning": "נדרש הפעלה מחדש כדי להיכנס לתוקף",
    "Blocklist": "רשימה שחורה",
    "BlocklistRelease": "שחרור הרשימה השחורה",
    "Branch": "ענף",
    "BypassProxyForLocalAddresses": "עקיפת פרוקסי לכתובות מקומיות",
    "Calendar": "לוּחַ שָׁנָה",
    "CalendarWeekColumnHeaderHelpText": "מוצג מעל כל עמודה כאשר השבוע היא התצוגה הפעילה",
    "CancelPendingTask": "האם אתה בטוח שברצונך לבטל משימה זו בהמתנה?",
    "CertificateValidation": "אימות תעודה",
    "CertificateValidationHelpText": "שנה את מידת אימות ההסמכה של HTTPS",
    "ChangeFileDate": "שנה את תאריך הקובץ",
    "ChangeHasNotBeenSavedYet": "השינוי עדיין לא נשמר",
    "ChmodFolder": "תיקיית chmod",
    "ChmodFolderHelpText": "אוקטאל, מוחל במהלך ייבוא / שינוי שם לתיקיות מדיה וקבצים (ללא סיביות ביצוע)",
    "ChmodFolderHelpTextWarning": "זה עובד רק אם המשתמש שמפעיל את {appName} הוא הבעלים של הקובץ. עדיף לוודא שלקוח ההורדה מגדיר את ההרשאות כהלכה.",
    "ChownGroupHelpText": "שם הקבוצה או ה- gid. השתמש ב- gid עבור מערכות קבצים מרוחקות.",
    "ChownGroupHelpTextWarning": "זה עובד רק אם המשתמש שמפעיל את {appName} הוא הבעלים של הקובץ. עדיף להבטיח שלקוח ההורדה ישתמש באותה קבוצה כמו {appName}.",
    "Clear": "ברור",
    "ClickToChangeQuality": "לחץ כדי לשנות את האיכות",
    "CopyUsingHardlinksHelpText": "השתמש בקישורים קשיחים כשאתה מנסה להעתיק קבצים מטורמים שעדיין נזרעים",
    "CopyUsingHardlinksHelpTextWarning": "לעיתים, נעילת קבצים עשויה למנוע שינוי שם של קבצים שנזרעים. אתה יכול להשבית זמנית את הזריעה ולהשתמש בפונקציית השם של {appName} כעבודה מסביב.",
    "CutoffUnmet": "חתך שלא הושג",
    "DeleteTag": "מחק את התג",
    "DiskSpace": "שטח דיסק",
    "Docker": "דוקר",
    "DownloadClient": "הורד לקוח",
    "EnableColorImpairedModeHelpText": "סגנון שונה כדי לאפשר למשתמשים לקויי צבע להבחין טוב יותר במידע המקודד בצבע",
    "EnableCompletedDownloadHandlingHelpText": "ייבא אוטומטית הורדות שהושלמו מלקוח ההורדות",
    "EnableHelpText": "אפשר יצירת קובץ מטא-נתונים עבור סוג מטא-נתונים זה",
    "EnableInteractiveSearch": "אפשר חיפוש אינטראקטיבי",
    "EnableRSS": "אפשר RSS",
    "EnableSslHelpText": " דרוש הפעלה מחדש כמנהל כדי להיכנס לתוקף",
    "Ended": "הסתיים",
    "ErrorLoadingContents": "שגיאה בטעינת התוכן",
    "ErrorLoadingPreviews": "שגיאה בטעינת תצוגה מקדימה",
    "Exception": "יוצא מן הכלל",
    "FileNames": "שמות קבצים",
    "ForMoreInformationOnTheIndividualIndexersClickOnTheInfoButtons": "למידע נוסף על האינדקסים הבודדים, לחץ על כפתורי המידע.",
    "ForMoreInformationOnTheIndividualListsClickOnTheInfoButtons": "למידע נוסף על רשימות הייבוא הבודדות, לחץ על כפתורי המידע.",
    "GeneralSettings": "הגדרות כלליות",
    "GrabSelected": "תפוס נבחר",
    "Host": "מנחה",
    "HostHelpText": "אותו מארח שציינת עבור לקוח ההורדות המרוחק",
    "Hostname": "שם מארח",
    "ICalFeed": "עדכון iCal",
    "IconForCutoffUnmet": "סמל Cutoff Unmet",
    "IsCutoffCutoff": "לחתוך",
    "IsCutoffUpgradeUntilThisQualityIsMetOrExceeded": "שדרג עד שתתקיים או תחרוג מאיכות זו",
    "IsTagUsedCannotBeDeletedWhileInUse": "לא ניתן למחוק בזמן השימוש",
    "LaunchBrowserHelpText": " פתח דפדפן אינטרנט ונווט אל דף הבית של {appName} בהתחלת האפליקציה.",
    "Level": "רָמָה",
    "LidarrTags": "תגיות רדאר",
    "MIA": "MIA",
    "MustContain": "חייב להכיל",
    "Type": "סוּג",
    "Tracks": "זֵכֶר",
    "UseHardlinksInsteadOfCopy": "השתמש בקישורים קשיחים במקום בהעתקה",
    "Filename": "שם קובץ",
    "Files": "קבצים",
    "FirstDayOfWeek": "היום הראשון בשבוע",
    "Fixed": "תוקן",
    "Folder": "תיקיה",
    "Folders": "תיקיות",
    "ForMoreInformationOnTheIndividualDownloadClientsClickOnTheInfoButtons": "למידע נוסף על לקוחות הורדה בודדים, לחץ על כפתורי המידע.",
    "Indexer": "אינדקסר",
    "Quality": "איכות",
    "QualityDefinitions": "הגדרות איכות",
    "Queue": "תוֹר",
    "RSSSync": "סנכרון RSS",
    "ShowSizeOnDisk": "הצג גודל בדיסק",
    "Size": " גודל",
    "SkipFreeSpaceCheck": "דלג על בדיקת מקום פנוי",
    "UnableToLoadMetadata": "לא ניתן לטעון מטא נתונים",
    "Updates": "עדכונים",
    "Scheduled": "מתוזמן",
    "OnHealthIssue": "בנושא הבריאות",
    "OnRename": "על שינוי שם",
    "OnUpgrade": "בשדרוג",
    "OnGrab": "על לתפוס",
    "NETCore": ".NET Core",
    "Duration": "אורך",
    "OnApplicationUpdate": "כשהאפליקציה מעדכנת גרסא",
    "Activity": "פעילות",
    "Add": "הוסף",
    "AddDelayProfile": "הוסף פרופיל עיכוב",
    "Added": "נוסף",
    "AddIndexer": "הוסף אינדקס",
    "AddNew": "הוסף חדש",
    "AddQualityProfile": "הוסף פרופיל איכות",
    "AddRemotePathMapping": "הוסף מיפוי נתיבים מרוחק",
    "AddRootFolder": "הוסף תיקיית שורש",
    "AfterManualRefresh": "לאחר רענון ידני",
    "Age": "גיל",
    "All": "הכל",
    "AllFiles": "כל הקבצים",
    "Always": "תמיד",
    "Apply": "להגיש מועמדות",
    "AudioInfo": "מידע שמע",
    "BeforeUpdate": "לפני העדכון",
    "Connect": "לְחַבֵּר",
    "Custom": "המותאם אישית",
    "CustomFilters": "מסננים מותאמים אישית",
    "Deleted": "נמחק",
    "Donations": "תרומות",
    "DoNotPrefer": "לא מעדיפים",
    "DoNotUpgradeAutomatically": "אל תשדרג אוטומטית",
    "DownloadFailed": "הורדה נכשלה",
    "EditDelayProfile": "ערוך פרופיל עיכוב",
    "EditImportListExclusion": "מחק אי הכללת רשימות ייבוא",
    "EditQualityProfile": "ערוך פרופיל איכות",
    "EditRemotePathMapping": "ערוך מיפוי נתיבים מרחוק",
    "EditRootFolder": "הוסף תיקיית שורש",
    "ErrorRestoringBackup": "שגיאה בשחזור הגיבוי",
    "Events": "אירועים",
    "EventType": "סוג אירוע",
    "Filters": "לְסַנֵן",
    "FreeSpace": "מקום פנוי",
    "General": "כללי",
    "Genres": "ז'אנרים",
    "Grabbed": "תפס",
    "HardlinkCopyFiles": "קישור קשיח / העתק קבצים",
    "HideAdvanced": "הסתר מתקדם",
    "Ignored": "התעלמו",
    "Import": "יְבוּא",
    "IndexerDownloadClientHelpText": "ציין איזה קליינט הורדה משתמש באינדקסר הזה להורדה",
    "InstanceNameHelpText": "שם מופע בטאב ובשביל שם אפליקציית סיסלוג",
    "InteractiveImport": "ייבוא אינטראקטיבי",
    "LastDuration": "lastDuration",
    "LastExecution": "ביצוע אחרון",
    "LastUsed": "נעשה שימוש אחרון",
    "LastWriteTime": "זמן כתיבה אחרון",
    "Manual": "מדריך ל",
    "MediaManagement": "ניהול מדיה",
    "Metadata": "מטא נתונים",
    "MonitoredOnly": "מנוטר בלבד",
    "MoveAutomatically": "ייבוא מהיר",
    "MoveFiles": "העבר קבצים",
    "Never": "אף פעם",
    "NextExecution": "הביצוע הבא",
    "NoTagsHaveBeenAddedYet": "עדיין לא נוספו תגים",
    "OutputPath": "נתיב פלט",
    "Peers": "עמיתים",
    "PreferAndUpgrade": "העדפה ושדרג",
    "Presets": "הגדרות קבועות מראש",
    "Progress": "התקדמות",
    "QualityLimitsHelpText": "המגבלות מותאמות אוטומטית לזמן הריצה של הסרט.",
    "Rating": "דירוגים",
    "RejectionCount": "ספירת דחייה",
    "ReleaseTitle": "שחרר את הכותרת",
    "Renamed": "שונה שם",
    "Replace": "החלף",
    "RestartRequiredHelpTextWarning": "נדרש הפעלה מחדש כדי להיכנס לתוקף",
    "RestoreBackupAdditionalInfo": "הערה: {appName} יופעל מחדש אוטומטית וטען מחדש את ממשק המשתמש במהלך תהליך השחזור.",
    "Save": "להציל",
    "Seeders": "זריעים",
    "Select...": "'בחר...",
    "SelectFolder": "בחר תיקייה",
    "SelectQuality": "בחר איכות",
    "ShowAdvanced": "הצג מתקדם",
    "SizeOnDisk": "גודל בדיסק",
    "SourceTitle": "כותרת מקור",
    "System": "מערכת",
    "Test": "מִבְחָן",
    "TimeLeft": "הזמן שנותר",
    "Title": "כותרת",
    "TotalSpace": "השטח הכולל",
    "Ui": "ממשק משתמש",
    "UnmappedFilesOnly": "קבצים שלא ממופים בלבד",
    "UnmonitoredOnly": "מנוטר בלבד",
    "UpgradesAllowed": "שדרוגים מותרים",
    "Wanted": "מבוקש",
    "Warn": "לְהַזהִיר",
    "WouldYouLikeToRestoreBackup": "האם ברצונך לשחזר את הגיבוי {0}?",
    "InstanceName": "שם מופע",
    "Ok": "בסדר",
    "Backup": "גיבוי",
    "Date": "תַאֲרִיך",
    "Location": "מקום",
    "Queued": "בתור",
    "Close": "סגור",
    "Details": "פרטים",
    "Error": "שְׁגִיאָה",
    "IndexerTagHelpText": "השתמש באינדקסר זה רק לסרטים שתואמים לתויות. השאר ריק כדי לחפש את כל הסרטים.",
    "Info": "מידע",
    "OnlyTorrent": "רק סיקור",
    "OnlyUsenet": "רק Usenet",
    "Organize": "לְאַרגֵן",
    "AddImportListExclusion": "מחק אי הכללת רשימות ייבוא",
    "ImportListExclusions": "מחק אי הכללת רשימות ייבוא",
    "EditGroups": "ערוך קבוצות",
    "Database": "מסד נתונים",
    "QualitiesHelpText": "תכונות גבוהות יותר ברשימה עדיפות יותר. איכויות באותה קבוצה שוות. רק איכויות בדוקות רצויות",
    "DoneEditingGroups": "עריכת קבוצות הסתיימה",
    "DeleteTrackFileMessageText": "האם למחוק את {0}?",
    "ClickToChangeReleaseGroup": "לחץ כדי לשנות קבוצת שחרור",
    "BypassIfHighestQuality": "עקוף במידה והאיכות גבוהה יותר",
    "CustomFormatScore": "ציון פורמט מותאם אישית",
    "MinimumCustomFormatScore": "ציון פורמט מותאם אישית מינימלי",
    "CopyToClipboard": "העתק ללוח",
    "CloneCustomFormat": "תבנית מותאמת אישית של שיבוט",
    "Conditions": "תנאים",
    "CouldntFindAnyResultsForTerm": "לא נמצאו תוצאות עבור '{0}'",
    "CustomFormat": "פורמט מותאם אישית",
    "CustomFormatRequiredHelpText": "תנאי {0} זה חייב להתאים לתבנית המותאמת אישית שתחול. אחרת מספיק התאמה {1}.",
    "CustomFormatSettings": "הגדרות תבניות מותאמות אישית",
    "CustomFormats": "פורמטים מותאמים אישית",
    "Customformat": "פורמט מותאם אישית",
    "CutoffFormatScoreHelpText": "לאחר שהציון בפורמט מותאם אישית זה יגיע, {appName} כבר לא יוריד סרטים",
    "DeleteCustomFormat": "מחק פורמט מותאם אישית",
    "DeleteCustomFormatMessageText": "האם אתה בטוח שברצונך למחוק את האינדקס '{0}'?",
    "DeleteFormatMessageText": "האם אתה בטוח שברצונך למחוק את תג הפורמט {0}?",
    "DownloadPropersAndRepacksHelpTextWarning": "השתמש בפורמטים מותאמים אישית לשדרוגים אוטומטיים ל- Propers / Repacks",
    "DownloadedUnableToImportCheckLogsForDetails": "הורד - לא ניתן לייבא: בדוק יומנים לפרטים",
    "ExportCustomFormat": "ייצא פורמט מותאם אישית",
    "FailedDownloadHandling": "הטיפול בהורדות נכשל",
    "FailedLoadingSearchResults": "טעינת תוצאות החיפוש נכשלה, נסה שוב.",
    "Formats": "פורמטים",
    "IncludeCustomFormatWhenRenamingHelpText": "כלול בתבנית שינוי שם של {פורמטים מותאמים אישית}",
    "ItsEasyToAddANewArtistJustStartTypingTheNameOfTheArtistYouWantToAdd": "קל להוסיף סרט חדש, פשוט התחל להקליד את שם הסרט שתרצה להוסיף",
    "MinFormatScoreHelpText": "ציון פורמט מותאם אישית מינימלי מורשה להורדה",
    "Monitor": "צג",
    "NegateHelpText": "אם מסומן, הפורמט המותאם אישית לא יחול אם תנאי זה {0} תואם.",
    "UnableToLoadCustomFormats": "לא ניתן לטעון פורמטים מותאמים אישית",
    "UnableToLoadInteractiveSearch": "לא ניתן לטעון תוצאות לחיפוש הסרט הזה. נסה שוב מאוחר יותר",
    "MaintenanceRelease": "שחרור תחזוקה: תיקוני באגים ושיפורים אחרים. לפרטים נוספים, ראה היסטוריית התחייבויות של Github",
    "PreferTorrent": "העדיפו את טורנט",
    "PreferUsenet": "העדיפו את Usenet",
    "TheArtistFolderStrongpathstrongAndAllOfItsContentWillBeDeleted": "תיקיית הסרטים '{0}' וכל תוכן זה יימחקו.",
    "ColonReplacement": "החלפת המעי הגס",
    "Disabled": "נָכֶה",
    "HiddenClickToShow": "מוסתר, לחץ להצגה",
    "IndexerRssHealthCheckNoAvailableIndexers": "כל האינדקסים התומכים ב- rss אינם זמינים באופן זמני בגלל שגיאות אינדקס האחרונות",
    "IndexerRssHealthCheckNoIndexers": "אין אינדקסים זמינים כאשר סינכרון RSS מופעל, {appName} לא תפס אוטומטית גרסאות חדשות",
    "RemotePathMappingCheckFilesWrongOSPath": "אתה משתמש בדוקר; קליינט ההורדות {0} שם הורדות ב-{1} אבל הנתיב לא תקין {2}. בחן מחדש את ניתוב התיקיות והגדרות קליינט ההורדות.",
    "ShownClickToHide": "מוצג, לחץ כדי להסתיר",
    "ImportListStatusCheckAllClientMessage": "כל הרשימות אינן זמינות בגלל כשלים",
    "ImportListStatusCheckSingleClientMessage": "רשימות לא זמינות בגלל כשלים: {0}",
    "ImportMechanismHealthCheckMessage": "אפשר טיפול בהורדות שהושלם",
    "IndexerLongTermStatusCheckAllClientMessage": "כל האינדקסים אינם זמינים עקב כשלים במשך יותר מ -6 שעות",
    "IndexerLongTermStatusCheckSingleClientMessage": "אינדקסים לא זמינים עקב כשלים במשך יותר משש שעות: {0}",
    "IndexerSearchCheckNoAutomaticMessage": "אין אינדקסים זמינים כאשר חיפוש אוטומטי מופעל, {appName} לא תספק תוצאות חיפוש אוטומטיות",
    "IndexerSearchCheckNoAvailableIndexersMessage": "כל האינדקסים הניתנים לחיפוש אינם זמינים באופן זמני בגלל שגיאות אינדקס האחרונות",
    "IndexerSearchCheckNoInteractiveMessage": "אין אינדקסים זמינים כאשר חיפוש אינטראקטיבי מופעל, {appName} לא תספק תוצאות חיפוש אינטראקטיביות",
    "RemotePathMappingCheckFolderPermissions": "ראדארר יכול לראות אבל לא לגשת לסרטים שירדו {0}. ככל הנראה בעיית הרשאות.",
    "AppDataLocationHealthCheckMessage": "לא ניתן יהיה לעדכן את מחיקת AppData בעדכון",
    "DownloadClientRootFolderHealthCheckMessage": "הורד לקוח {downloadClientName} ממקם הורדות בתיקיית הבסיס {rootFolderPath}. אתה לא צריך להוריד לתיקיית שורש.",
    "DownloadClientCheckNoneAvailableMessage": "אין לקוח להורדה זמין",
    "DownloadClientCheckUnableToCommunicateMessage": "לא ניתן לתקשר עם {0}.",
    "DownloadClientStatusCheckAllClientMessage": "כל לקוחות ההורדה אינם זמינים עקב כשלים",
    "DownloadClientStatusCheckSingleClientMessage": "הורדת לקוחות לא זמינה עקב כשלים: {0}",
    "IndexerStatusCheckAllClientMessage": "כל האינדקסים אינם זמינים עקב כשלים",
    "IndexerStatusCheckSingleClientMessage": "אינדקסים לא זמינים בגלל כשלים: {0}",
    "MountArtistHealthCheckMessage": "הר המכיל נתיב סרט מותקן לקריאה בלבד: ",
    "ProxyCheckBadRequestMessage": "נכשל בדיקת ה- proxy. קוד קוד: {0}",
    "ProxyCheckFailedToTestMessage": "נכשל בדיקת ה- proxy: {0}",
    "ProxyCheckResolveIpMessage": "פתרון כתובת ה- IP עבור מארח ה- Proxy המוגדר {0} נכשל",
    "RemotePathMappingCheckFileRemoved": "הקובץ {0} הוסר תוך כדי התהליך.",
    "RemotePathMappingCheckFilesBadDockerPath": "אתה משתמש בדוקר; קליינט ההורדות {0} שם הורדות ב-{1} אבל הנתיב לא תקין {2}. בחן מחדש את ניתוב התיקיות והגדרות קליינט ההורדות.",
    "RemotePathMappingCheckBadDockerPath": "אתה משתמש בדוקר; קליינט ההורדות {0} שם הורדות ב-{1} אבל הנתיב לא תקין {2}. בחן מחדש את ניתוב התיקיות והגדרות קליינט ההורדות.",
    "RemotePathMappingCheckDownloadPermissions": "ראדארר יכול לראות אבל לא לגשת לסרטים שירדו {0}. ככל הנראה בעיית הרשאות.",
    "RemotePathMappingCheckWrongOSPath": "אתה משתמש בדוקר; קליינט ההורדות {0} שם הורדות ב-{1} אבל הנתיב לא תקין {2}. בחן מחדש את ניתוב התיקיות והגדרות קליינט ההורדות.",
    "ReplaceWithSpaceDash": "החלף במקף החלל",
    "ReplaceWithSpaceDashSpace": "החלף במרחב מקף החלל",
    "ReplaceWithDash": "החלף ב- Dash",
    "RootFolderCheckMultipleMessage": "חסרות מספר תיקיות שורש: {0}",
    "RootFolderCheckSingleMessage": "תיקיית שורש חסרה: {0}",
    "SystemTimeCheckMessage": "זמן המערכת אינו פעיל יותר מיום אחד. משימות מתוזמנות עשויות שלא לפעול כראוי עד לתיקון הזמן",
    "UpdateCheckStartupNotWritableMessage": "לא ניתן להתקין את העדכון מכיוון שתיקיית ההפעלה '{0}' אינה ניתנת לכתיבה על ידי המשתמש '{1}'.",
    "UpdateCheckStartupTranslocationMessage": "לא ניתן להתקין את העדכון מכיוון שתיקיית ההפעלה '{0}' נמצאת בתיקיית טרנסלוקציה של אפליקציות.",
    "UpdateCheckUINotWritableMessage": "לא ניתן להתקין את העדכון מכיוון שתיקיית ממשק המשתמש '{0}' אינה ניתנת לכתיבה על ידי המשתמש '{1}'.",
    "DeleteRemotePathMapping": "ערוך מיפוי נתיבים מרחוק",
    "DeleteRemotePathMappingMessageText": "האם אתה בטוח שברצונך למחוק את מיפוי הנתיבים המרוחק הזה?",
    "ApiKeyValidationHealthCheckMessage": "עדכן בבקשה את מפתח ה־API שלך כדי שיהיה באורך של לפחות {0} תווים. תוכל לעשות זאת בהגדרות או דרך קובץ הקונפיגורציה.",
    "BlocklistReleaseHelpText": "מנע מראדרר להוסיף את ההוצאה הזאת שוב",
    "FailedToLoadQueue": "טעינת התור נכשלה",
    "QueueIsEmpty": "התור ריק",
    "BlocklistReleases": "שחרור הרשימה השחורה",
    "DeleteConditionMessageText": "האם אתה בטוח שברצונך למחוק את התג '{0}'?",
    "Negated": "שלילי",
    "Required": "נדרש",
    "DeleteSelectedDownloadClients": "מחק את לקוח ההורדות",
    "DeleteSelectedIndexers": "מחק את אינדקס",
    "ExistingTag": "תג קיים",
    "NoChange": "ללא שינוי",
    "No": "לא",
    "RemovingTag": "הסרת התג",
    "NoEventsFound": "לא נמצאו אירועים",
    "RemoveSelectedItemBlocklistMessageText": "האם אתה בטוח שברצונך להסיר את הפריטים שנבחרו מהרשימה השחורה?",
    "ApplyTagsHelpTextAdd": "הוסף: הוסף את התגים לרשימת התגים הקיימת",
    "ApplyTagsHelpTextRemove": "הסר: הסר את התגים שהוזנו",
    "DownloadClientTagHelpText": "השתמש באינדקסר זה רק לסרטים שתואמים לתויות. השאר ריק כדי לחפש את כל הסרטים.",
    "SetTags": "הגדר תגים",
    "Yes": "כן",
    "RemoveSelectedItemQueueMessageText": "האם אתה בטוח שברצונך להסיר את {0} פריט {1} מהתור?",
    "RemoveSelectedItemsQueueMessageText": "האם אתה בטוח שברצונך להסיר את {0} פריט {1} מהתור?",
    "DeleteSelectedDownloadClientsMessageText": "האם אתה בטוח שברצונך למחוק את האינדקס '{0}'?",
    "DeleteSelectedIndexersMessageText": "האם אתה בטוח שברצונך למחוק את האינדקס '{0}'?",
    "ApplyTagsHelpTextHowToApplyArtists": "כיצד להחיל תגים על הסרטים שנבחרו",
    "ApplyTagsHelpTextHowToApplyDownloadClients": "כיצד להחיל תגים על הסרטים שנבחרו",
    "ApplyTagsHelpTextHowToApplyImportLists": "כיצד להחיל תגים על הסרטים שנבחרו",
    "ApplyTagsHelpTextHowToApplyIndexers": "כיצד להחיל תגים על הסרטים שנבחרו",
    "DeleteSelectedImportListsMessageText": "האם אתה בטוח שברצונך למחוק את האינדקס '{0}'?",
    "SomeResultsAreHiddenByTheAppliedFilter": "חלק מהתוצאות מוסתרות על ידי המסנן שהוחל",
    "SuggestTranslationChange": "הצע שינוי בתרגום",
    "Artist": "אמן",
    "CatalogNumber": "מספר קטלוג",
    "Theme": "ערכת נושא",
    "Album": "אלבום",
    "UpdateSelected": "עדכון נבחר",
    "AllResultsAreHiddenByTheAppliedFilter": "כל התוצאות מוסתרות על ידי המסנן שהוחל",
    "NoResultsFound": "לא נמצאו תוצאות",
    "ImportListRootFolderMissingRootHealthCheckMessage": "תיקיית אב חסרה, לא ניתן לעשות ייבוא מרשימה(ות): {0}",
    "ImportListRootFolderMultipleMissingRootsHealthCheckMessage": "מספר תיקיות אב חסרות לייבוא רשימות: {0}",
    "Artists": "אמן",
    "ConnectionLost": "החיבור אבד",
    "ConnectionLostReconnect": "Radarr ינסה להתחבר אוטומטית, או שתלחץ על טען מחדש למטה.",
    "RecentChanges": "שינויים אחרונים",
    "PreferredProtocol": "פרוטוקול מועדף",
    "Enabled": "מופעל",
    "ExpandAlbumByDefaultHelpText": "אלבום",
    "Priority": "עדיפות",
    "AddNewArtistRootFolderHelpText": "תיקיית המשנה '{0}' תיווצר באופן אוטומטי",
    "WhatsNew": "מה חדש?",
    "Albums": "אלבום",
    "NotificationStatusAllClientHealthCheckMessage": "כל הרשימות אינן זמינות בגלל כשלים",
    "NotificationStatusSingleClientHealthCheckMessage": "רשימות לא זמינות בגלל כשלים: {0}",
    "AuthenticationRequired": "נדרש אימות",
    "AuthenticationRequiredHelpText": "הגדר עבור אילו קריאות נדרש אימות. עדיף להשאיר את ברירת המחדל.",
    "AuthenticationRequiredWarning": "בכדי למנוע גישה מרחוק ללא אימות, {appName} דורש הגדרת אימות.\nהגדר את הפרטים ושיטת האימות. ישנה אפשרות לדלג על אימות מהרשת הביתית שלך. \nבמידת הצורך יש לפנות אל שו״ת למידע נוסף.",
    "Posters": "כרזות",
    "Table": "שולחן",
    "GrabId": "תעודת זהות",
    "Auto": "אוטו'",
    "DisabledForLocalAddresses": "מושבת לכתובות מקומיות",
    "AddNewArtistSearchForMissingAlbums": "התחל לחפש סרט חסר",
    "AlbumsLoadError": "לא ניתן לטעון גיבויים",
    "ConditionUsingRegularExpressions": "תנאי זה תואם שימוש בביטויים רגולריים. שים לב שלדמויות {0} יש משמעויות מיוחדות וצריך לברוח באמצעות {1}",
    "Connection": "חיבור",
    "AddAutoTagError": "לא ניתן להוסיף תג חדש, נסה שנית.",
    "AddAutoTag": "הוסף תג אוטומטית",
    "AddConditionError": "לא ניתן להוסיף תנאי חדש, נסה שנית.",
    "DeleteSpecification": "מחק הודעה",
    "Large": "גָדוֹל",
    "Negate": "לִשְׁלוֹל",
    "RenameFiles": "שנה את שם הקבצים",
    "Small": "קָטָן",
    "AuthBasic": "בסיסי (חלון קופץ לדפדפן)",
    "AuthForm": "טפסים (דף כניסה)",
    "DeleteArtistFolderHelpText": "מחק את תיקיית הסרט ואת תוכנו",
    "DeleteAutoTagHelpText": "האם אתה בטוח שברצונך למחוק את פרופיל האיכות {0}",
    "OrganizeSelectedArtists": "ארגן סרטים נבחרים",
    "Overview": "סקירה כללית",
    "OverviewOptions": "אפשרויות סקירה כללית",
    "PosterOptions": "אפשרויות פוסטר",
    "NoLimitForAnyDuration": "אין הגבלה לכל זמן ריצה",
    "NoMinimumForAnyDuration": "אין מינימום לכל זמן ריצה",
    "PreferredSize": "גודל מועדף",
    "Unlimited": "ללא הגבלה",
    "ExtraFileExtensionsHelpText": "רשימה מופרדת באמצעות פסיקים של קבצים נוספים לייבוא (.nfo יובא כ- nfo-orig)",
    "ExtraFileExtensionsHelpTextsExamples": "דוגמאות: '.sub, .nfo' או 'sub, nfo'",
    "Release": " מְשׁוּחרָר",
    "AutoTaggingNegateHelpText": "אם מסומן, הפורמט המותאם אישית לא יחול אם תנאי זה {0} תואם.",
    "DeleteArtistFoldersHelpText": "מחק את תיקיית הסרט ואת תוכנו",
    "DeleteSpecificationHelpText": "האם אתה בטוח שברצונך למחוק את פרופיל האיכות {0}",
    "DefaultCase": "מקרה ברירת מחדל",
    "KeyboardShortcuts": "קיצורי דרך במקלדת",
    "Links": "קישורים",
    "Uppercase": "אוֹתִיוֹת גְדוֹלוֹת",
    "ImportList": "רשימות",
    "ImportLists": "רשימות",
    "MonitoredStatus": "פיקוח / סטטוס",
    "ConnectSettingsSummary": "התראות, חיבורים לשרתי מדיה / נגנים ותסריטים מותאמים אישית",
    "CustomFormatsSettings": "הגדרות תבניות מותאמות אישית",
    "CustomFormatsSettingsSummary": "פורמטים והגדרות מותאמים אישית",
    "DownloadClientsSettingsSummary": "הורד לקוחות, הורד טיפול ומיפוי נתיבים מרוחק",
    "GeneralSettingsSummary": "יציאה, SSL, שם משתמש / סיסמה, פרוקסי, ניתוחים ועדכונים",
    "ImportListsSettingsSummary": "ייבוא רשימות, אי הכללות רשימות",
    "Lowercase": "אוֹתִיוֹת קְטָנוֹת",
    "QualitySettingsSummary": "מידות איכות ושמות",
    "TagsSettingsSummary": "ראה את כל התגים ואופן השימוש בהם. ניתן להסיר תגים שאינם בשימוש",
    "FileNameTokens": "אסימונים לשם קובץ",
    "UiSettingsSummary": "אפשרויות לקויות לוח שנה, תאריך וצבע",
    "IncludeHealthWarnings": "כלול אזהרות בריאות",
    "RemoveQueueItemConfirmation": "האם אתה בטוח שברצונך להסיר את {0} פריט {1} מהתור?",
    "ArtistIndexFooterDownloading": "מוריד",
    "AutoRedownloadFailed": "הורדה נכשלה",
    "AutomaticSearch": "חיפוש אוטומטי",
    "IndexerFlags": "אינדקס דגלים",
    "RemotePathMappingCheckFilesLocalWrongOSPath": "אתה משתמש בדוקר; קליינט ההורדות {downloadClientName} שם הורדות ב-{path} אבל הנתיב לא תקין {osName}. בחן מחדש את ניתוב התיקיות והגדרות קליינט ההורדות.",
    "InteractiveSearchModalHeader": "חיפוש אינטראקטיבי",
    "Tomorrow": "מָחָר",
    "AddImportListExclusionArtistHelpText": "מנע מלהוסיף סרט לרדאר על ידי רשימות",
    "CustomFilter": "מסננים מותאמים אישית",
    "MonitorNoAlbums": "אף אחד",
    "Yesterday": "אתמול",
    "AutoTaggingSpecificationTag": "טאג",
    "GrabReleaseUnknownArtistOrAlbumMessageText": "רדאר לא הצליח לקבוע לאיזה סרט הסרט הזה נועד. ייתכן ש- {appName} לא תוכל לייבא גרסה זו באופן אוטומטי. האם אתה רוצה לתפוס את '{0}'?",
    "RemotePathMappingCheckLocalWrongOSPath": "אתה משתמש בדוקר; קליינט ההורדות {downloadClientName} שם הורדות ב-{path} אבל הנתיב לא תקין {osName}. בחן מחדש את ניתוב התיקיות והגדרות קליינט ההורדות.",
    "IndexerPriorityHelpText": "עדיפות אינדקס מ -1 (הגבוה ביותר) ל -50 (הנמוך ביותר). ברירת מחדל: 25.",
    "AddListExclusionHelpText": "מנע מלהוסיף סרט לרדאר על ידי רשימות",
    "FormatAgeHour": "שעה (ות",
    "FormatAgeHours": "שעה (ות",
    "FormatAgeMinute": "דקות",
    "FormatAgeMinutes": "דקות",
    "AddImportListExclusionAlbumHelpText": "מנע מלהוסיף סרט לרדאר על ידי רשימות",
    "BuiltIn": "נִבנָה בְּ",
    "Script": "תַסרִיט",
    "DeleteSelectedCustomFormats": "מחק פורמט מותאם אישית",
    "IncludeCustomFormatWhenRenaming": "כלול פורמט מותאם אישית בעת שינוי שם",
    "AptUpdater": "השתמש ב- apt כדי להתקין את העדכון",
    "ExternalUpdater": "{appName} מוגדר להשתמש במנגנון עדכון חיצוני",
    "UpdateAppDirectlyLoadError": "לא ניתן לעדכן את {appName} ישירות,",
    "DockerUpdater": "עדכן את מיכל העגינה לקבל את העדכון",
    "InstallLatest": "התקן את האחרונה",
    "OnLatestVersion": "הגרסה האחרונה של {appName} כבר מותקנת",
    "Shutdown": "לכבות",
    "AddReleaseProfile": "ערוך פרופיל עיכוב",
    "UnmappedFiles": "תיקיות לא ממופות",
    "Clone": "סגור",
    "EditReleaseProfile": "ערוך פרופיל עיכוב",
    "Season": "סיבה",
    "AddDelayProfileError": "לא ניתן להוסיף פרופיל איכות חדש, נסה שוב.",
    "AddCondition": "הוסף תנאי",
    "Today": "היום",
    "Max": "מקסימום",
    "Min": "דקה",
    "Preferred": "מועדף",
    "MappedNetworkDrivesWindowsService": "כונני רשת ממופים אינם זמינים כאשר הם פועלים כשירות Windows. אנא עיין בשאלות הנפוצות למידע נוסף",
    "DownloadClientSettingsRecentPriority": "עדיפות לקוח",
    "Paused": "מושהית",
    "CheckDownloadClientForDetails": "בדוק את לקוח ההורדות לפרטים נוספים",
    "Downloaded": "הורד",
    "Pending": "ממתין ל",
    "WaitingToImport": "ממתין לייבוא",
    "WaitingToProcess": "מחכה לעיבוד"
}
