{
    "Language": "भाषा: हिन्दी",
    "UiLanguage": "यूआई भाषा",
    "ArtistAlbumClickToChangeTrack": "फिल्म बदलने के लिए क्लिक करें",
    "AuthenticationMethodHelpText": "{appName} का उपयोग करने के लिए उपयोगकर्ता नाम और पासवर्ड की आवश्यकता है",
    "AutoRedownloadFailedHelpText": "स्वचालित रूप से खोजें और एक अलग रिलीज़ को डाउनलोड करने का प्रयास करें",
    "BackupFolderHelpText": "रिलेटिव पाथ रेडर के ऐपडाटा डायरेक्टरी के तहत होगा",
    "BackupNow": "अब समर्थन देना",
    "BackupRetentionHelpText": "अवधारण अवधि से अधिक पुराने स्वचालित बैकअप स्वचालित रूप से साफ हो जाएंगे",
    "Backups": "बैकअप",
    "BindAddress": "बाँध का पता",
    "BindAddressHelpText": "सभी इंटरफेस के लिए वैध IP4 पता या '*'",
    "BindAddressHelpTextWarning": "प्रभावी करने के लिए पुनरारंभ की आवश्यकता है",
    "Blocklist": "काला सूची में डालना",
    "BlocklistRelease": "ब्लैकलिस्ट रिलीज़",
    "Branch": "डाली",
    "BypassProxyForLocalAddresses": "स्थानीय पते के लिए बायपास प्रॉक्सी",
    "Calendar": "पंचांग",
    "CalendarWeekColumnHeaderHelpText": "प्रत्येक स्तंभ के ऊपर दिखाया गया जब सप्ताह सक्रिय दृश्य होता है",
    "Cancel": "रद्द करना",
    "CancelPendingTask": "क्या आप वाकई इस लंबित कार्य को रद्द करना चाहते हैं?",
    "CertificateValidationHelpText": "बदलें कि HTTPS प्रमाणन सत्यापन कितना सख्त है",
    "ChangeFileDate": "फ़ाइल दिनांक बदलें",
    "ChangeHasNotBeenSavedYet": "परिवर्तन अभी तक सहेजा नहीं गया है",
    "ChmodFolder": "chmod फ़ोल्डर",
    "ChmodFolderHelpText": "ऑक्टल, आयात के दौरान / मीडिया फोल्डर और फ़ाइलों के नाम बदलने के लिए (बिट्स निष्पादित किए बिना)",
    "ClientPriority": "ग्राहक प्राथमिकता",
    "CloneIndexer": "क्लोन इंडेक्सर",
    "CloneProfile": "क्लोन प्रोफ़ाइल",
    "Columns": "कॉलम",
    "CompletedDownloadHandling": "पूर्ण डाउनलोड हैंडलिंग",
    "Component": "अंग",
    "Connections": "सम्बन्ध",
    "ConnectSettings": "कनेक्ट सेटिंग्स",
    "CopyUsingHardlinksHelpText": "हार्डलिंक्स का उपयोग करें जब उन फ़ाइलों की प्रतिलिपि बनाने की कोशिश की जा रही है जो अभी भी बीज हो रही हैं",
    "CopyUsingHardlinksHelpTextWarning": "कभी-कभी, फ़ाइल लॉक को उन फ़ाइलों का नाम बदलने से रोका जा सकता है जिन्हें सीड किया जा रहा है। आप अस्थायी रूप से सीडिंग को अक्षम कर सकते हैं और रैडर के नाम बदलने के कार्य का उपयोग कर सकते हैं।",
    "CreateEmptyArtistFolders": "खाली मूवी फोल्डर बनाएं",
    "CreateEmptyArtistFoldersHelpText": "डिस्क स्कैन के दौरान गायब मूवी फोल्डर बनाएं",
    "CreateGroup": "समूह बनाएँ",
    "CutoffHelpText": "एक बार जब यह गुणवत्ता पहुँच जाती है तो Redarr फिल्में डाउनलोड नहीं करेगा",
    "CutoffUnmet": "कट-ऑफ Unmet",
    "Dates": "खजूर",
    "DatabaseMigration": "DB प्रवासन",
    "DeleteImportListExclusionMessageText": "क्या आप वाकई इस आयात सूची बहिष्करण को हटाना चाहते हैं?",
    "DeleteImportListMessageText": "क्या आप वाकई '{0}' सूची को हटाना चाहते हैं?",
    "DeleteIndexer": "अनुक्रमणिका हटाएं",
    "DeleteIndexerMessageText": "क्या आप वाकई '{0}' इंडेक्स को हटाना चाहते हैं?",
    "DeleteMetadataProfileMessageText": "क्या आप वाकई गुणवत्ता प्रोफ़ाइल {0} को हटाना चाहते हैं",
    "DeleteNotification": "अधिसूचना हटाएं",
    "DeleteNotificationMessageText": "क्या आप वाकई '{0}' की सूचना हटाना चाहते हैं?",
    "DeleteQualityProfile": "गुणवत्ता प्रोफ़ाइल हटाएं",
    "DestinationPath": "गंतव्य पथ",
    "DetailedProgressBar": "विस्तृत प्रगति पट्टी",
    "DetailedProgressBarHelpText": "प्रगति पट्टी पर पाठ दिखाएं",
    "DiskSpace": "डिस्क में जगह",
    "Docker": "डाक में काम करनेवाला मज़दूर",
    "DownloadClient": "क्लाइंट डाउनलोड करें",
    "DownloadClientSettings": "क्लाइंट सेटिंग्स डाउनलोड करें",
    "DownloadFailedCheckDownloadClientForMoreDetails": "डाउनलोड विफल: अधिक विवरण के लिए डाउनलोड क्लाइंट की जाँच करें",
    "DownloadFailedInterp": "डाउनलोड विफल: {0}",
    "EnableAutomaticAdd": "स्वचालित जोड़ें सक्षम करें",
    "EnableAutomaticSearch": "स्वचालित खोज सक्षम करें",
    "EnableColorImpairedMode": "रंग-बिगड़ा मोड सक्षम करें",
    "EnableColorImpairedModeHelpText": "रंग बिगड़ा हुआ उपयोगकर्ताओं को बेहतर रंग कोडित जानकारी को अलग करने की अनुमति देने के लिए बदल शैली",
    "EnableCompletedDownloadHandlingHelpText": "डाउनलोड क्लाइंट से स्वचालित रूप से पूर्ण डाउनलोड आयात करें",
    "EnableHelpText": "इस मेटाडेटा प्रकार के लिए मेटाडेटा फ़ाइल निर्माण सक्षम करें",
    "EnableInteractiveSearch": "इंटरएक्टिव खोज सक्षम करें",
    "EnableRSS": "आरएसएस को सक्षम करें",
    "EnableSSL": "SSL सक्षम करें",
    "EnableSslHelpText": " प्रभावी होने के लिए प्रशासक के रूप में पुनः आरंभ करने की आवश्यकता है",
    "ErrorLoadingContents": "सामग्री लोड करने में त्रुटि",
    "ErrorLoadingPreviews": "पूर्वावलोकन लोड करने में त्रुटि",
    "Exception": "अपवाद",
    "FileDateHelpText": "आयात / रेस्क्यू पर फ़ाइल तिथि बदलें",
    "FileManagement": "फाइल प्रबंधन",
    "Filename": "फ़ाइल का नाम",
    "FileNames": "फ़ाइल नाम",
    "Files": "फ़ाइलें",
    "Group": "समूह",
    "HasPendingChangesNoChanges": "कोई बदलाव नहीं",
    "HasPendingChangesSaveChanges": "परिवर्तनों को सुरक्षित करें",
    "History": "इतिहास",
    "Host": "मेज़बान",
    "HostHelpText": "वही होस्ट जिसे आपने दूरस्थ क्लाइंट के लिए निर्दिष्ट किया है",
    "Hostname": "होस्ट का नाम",
    "ICalFeed": "iCal फ़ीड",
    "ICalHttpUrlHelpText": "इस URL को अपने क्लाइंट को कॉपी करें या यदि आपका ब्राउज़र वेबकॉल का समर्थन करता है तो सदस्यता के लिए क्लिक करें",
    "ICalLink": "iCal लिंक",
    "IconForCutoffUnmet": "Cutoff Unmet के लिए आइकन",
    "IgnoredAddresses": "उपेक्षित पते",
    "IgnoredHelpText": "यदि यह एक या एक से अधिक शब्द (केस असंवेदनशील) है, तो रिलीज़ को अस्वीकार कर दिया जाएगा",
    "MaximumSize": "अधिकतम आकार",
    "MaximumSizeHelpText": "MB में रिलीज़ होने के लिए अधिकतम आकार। असीमित पर सेट करने के लिए शून्य पर सेट करें",
    "Mechanism": "तंत्र",
    "MediaInfo": "मीडिया की जानकारी",
    "MediaManagementSettings": "मीडिया प्रबंधन सेटिंग्स",
    "Medium": "मध्यम",
    "Message": "संदेश",
    "MetadataSettings": "मेटाडेटा सेटिंग्स",
    "MIA": "एमआईए",
    "MinimumAge": "न्यूनतम आयु",
    "MinimumAgeHelpText": "केवल यूज़नेट: NZB के मिनटों में न्यूनतम आयु से पहले ही उन्हें पकड़ लिया जाता है। अपने यूनेट प्रोवाइडर को प्रोपेगेट करने के लिए नई रिलीज़ का समय देने के लिए इसका उपयोग करें।",
    "MinimumFreeSpace": "न्यूनतम मुक्त स्थान",
    "MinimumFreeSpaceWhenImportingHelpText": "आयात को रोकें अगर यह उपलब्ध डिस्क स्थान की इस राशि से कम छोड़ देगा",
    "MinimumLimits": "न्यूनतम सीमा",
    "Missing": "लापता",
    "Mode": "मोड",
    "Monitored": "नजर रखी",
    "MoreInfo": "और जानकारी",
    "MustContain": "शामिल होना चाहिए",
    "MustNotContain": "कंटेनर नहीं होना चाहिए",
    "Name": "नाम",
    "NamingSettings": "नामकरण सेटिंग्स",
    "New": "नया",
    "NoBackupsAreAvailable": "कोई बैकअप उपलब्ध नहीं हैं",
    "NoHistory": "कोई इतिहास नहीं",
    "NotificationTriggers": "अधिसूचना ट्रिगर",
    "NoUpdatesAreAvailable": "कोई अद्यतन उपलब्ध नहीं हैं",
    "OpenBrowserOnStart": "प्रारंभ पर ब्राउज़र खोलें",
    "Options": "विकल्प",
    "Original": "मूल",
    "PackageVersion": "पैकेज संस्करण",
    "PageSize": "पृष्ठ आकार",
    "PageSizeHelpText": "प्रत्येक पृष्ठ पर दिखाने के लिए मदों की संख्या",
    "Password": "कुंजिका",
    "Path": "पथ",
    "Permissions": "अनुमतियां",
    "RemoveCompletedDownloadsHelpText": "डाउनलोड क्लाइंट इतिहास से आयातित डाउनलोड निकालें",
    "RemoveFailedDownloadsHelpText": "डाउनलोड क्लाइंट इतिहास से विफल डाउनलोड निकालें",
    "SSLPort": "एसएसएल पोर्ट",
    "SslPortHelpTextWarning": "प्रभावी करने के लिए पुनरारंभ की आवश्यकता है",
    "StandardTrackFormat": "मानक मूवी प्रारूप",
    "StartTypingOrSelectAPathBelow": "टाइप करना शुरू करें या नीचे एक पथ चुनें",
    "StartupDirectory": "स्टार्टअप निर्देशिका",
    "Status": "स्थिति",
    "Style": "अंदाज",
    "SuccessMyWorkIsDoneNoFilesToRename": "सफलता! मेरा काम हो गया, नाम बदलने की कोई फाइल नहीं।",
    "SuccessMyWorkIsDoneNoFilesToRetag": "सफलता! मेरा काम हो गया, नाम बदलने की कोई फाइल नहीं।",
    "SupportsRssvalueRSSIsNotSupportedWithThisIndexer": "RSS इस अनुक्रमणिका के साथ समर्थित नहीं है",
    "SupportsSearchvalueSearchIsNotSupportedWithThisIndexer": "खोज इस अनुक्रमणिका के साथ समर्थित नहीं है",
    "SupportsSearchvalueWillBeUsedWhenAutomaticSearchesArePerformedViaTheUIOrByLidarr": "यूआई के माध्यम से या रेडर द्वारा स्वचालित खोज किए जाने पर उपयोग किया जाएगा",
    "SupportsSearchvalueWillBeUsedWhenInteractiveSearchIsUsed": "इंटरैक्टिव खोज का उपयोग करने पर उपयोग किया जाएगा",
    "TagIsNotUsedAndCanBeDeleted": "टैग का उपयोग नहीं किया जाता है और इसे हटाया जा सकता है",
    "Tags": "टैग",
    "TestAll": "सभी का परीक्षण करें",
    "TestAllClients": "सभी ग्राहकों का परीक्षण करें",
    "TestAllIndexers": "सभी सूचकांक का परीक्षण करें",
    "TestAllLists": "सभी सूचियों का परीक्षण करें",
    "ThisWillApplyToAllIndexersPleaseFollowTheRulesSetForthByThem": "यह सभी सूचकांक पर लागू होगा, कृपया उनके द्वारा निर्धारित नियमों का पालन करें",
    "Time": "समय",
    "TimeFormat": "समय प्रारूप",
    "TorrentDelay": "टोरेंट देरी",
    "TorrentDelayHelpText": "एक धार को हथियाने से पहले इंतजार करने के लिए मिनटों में देरी",
    "Torrents": "टोरेंट",
    "TotalFileSize": "कुल फ़ाइल का आकार",
    "Track": "निशान",
    "Type": "प्रकार",
    "UiLanguageHelpText": "वह भाषा जिसे रेडर यूआई के लिए उपयोग करेगा",
    "UiLanguageHelpTextWarning": "ब्राउज़र रीलोड आवश्यक है",
    "UiSettings": "यूआई सेटिंग्स",
    "UnableToAddANewDownloadClientPleaseTryAgain": "नया डाउनलोड क्लाइंट जोड़ने में असमर्थ, कृपया पुनः प्रयास करें।",
    "UnableToAddANewImportListExclusionPleaseTryAgain": "नई सूची बहिष्करण जोड़ने में असमर्थ, कृपया पुनः प्रयास करें।",
    "UnableToAddANewIndexerPleaseTryAgain": "नया अनुक्रमणिका जोड़ने में असमर्थ, कृपया पुनः प्रयास करें।",
    "UnableToAddANewListPleaseTryAgain": "नई सूची जोड़ने में असमर्थ, कृपया पुनः प्रयास करें।",
    "UnableToAddANewMetadataProfilePleaseTryAgain": "नई गुणवत्ता प्रोफ़ाइल जोड़ने में असमर्थ, कृपया पुनः प्रयास करें।",
    "UnableToAddANewNotificationPleaseTryAgain": "नई अधिसूचना जोड़ने में असमर्थ, कृपया पुनः प्रयास करें।",
    "UnableToAddANewQualityProfilePleaseTryAgain": "नई गुणवत्ता प्रोफ़ाइल जोड़ने में असमर्थ, कृपया पुनः प्रयास करें।",
    "UnableToAddANewRemotePathMappingPleaseTryAgain": "नया दूरस्थ पथ मैपिंग जोड़ने में असमर्थ, कृपया पुनः प्रयास करें।",
    "UnableToAddANewRootFolderPleaseTryAgain": "नया अनुक्रमणिका जोड़ने में असमर्थ, कृपया पुनः प्रयास करें।",
    "UnableToLoadBackups": "बैकअप लोड करने में असमर्थ",
    "UnableToLoadBlocklist": "ब्लैकलिस्ट लोड करने में असमर्थ",
    "UnableToLoadDelayProfiles": "विलंब प्रोफाइल लोड करने में असमर्थ",
    "UnableToLoadDownloadClientOptions": "डाउनलोड क्लाइंट विकल्प लोड करने में असमर्थ",
    "UnableToLoadDownloadClients": "डाउनलोड क्लाइंट लोड करने में असमर्थ",
    "UnableToLoadGeneralSettings": "सामान्य सेटिंग्स लोड करने में असमर्थ",
    "UnableToLoadHistory": "इतिहास लोड करने में असमर्थ",
    "UnableToLoadImportListExclusions": "सूची बहिष्करण लोड करने में असमर्थ",
    "UnableToLoadIndexerOptions": "अनुक्रमणिका विकल्पों को लोड करने में असमर्थ",
    "UnableToLoadIndexers": "अनुक्रमणिका लोड करने में असमर्थ",
    "UnableToLoadLists": "सूचियाँ लोड करने में असमर्थ",
    "UnableToLoadMediaManagementSettings": "मीडिया प्रबंधन सेटिंग्स लोड करने में असमर्थ",
    "UnableToLoadMetadata": "मेटाडेटा लोड करने में असमर्थ",
    "UnableToLoadMetadataProfiles": "विलंब प्रोफाइल लोड करने में असमर्थ",
    "UnableToLoadNamingSettings": "नाम सेटिंग को लोड करने में असमर्थ",
    "UnableToLoadNotifications": "सूचनाएं लोड करने में असमर्थ",
    "UnableToLoadQualities": "गुणों को लोड करने में असमर्थ",
    "UnableToLoadQualityDefinitions": "गुणवत्ता परिभाषाएँ लोड करने में असमर्थ",
    "UnableToLoadQualityProfiles": "गुणवत्ता प्रोफ़ाइल लोड करने में असमर्थ",
    "UnableToLoadReleaseProfiles": "विलंब प्रोफाइल लोड करने में असमर्थ",
    "UnableToLoadRemotePathMappings": "दूरस्थ पथ मैपिंग लोड करने में असमर्थ",
    "UnableToLoadRootFolders": "रूट फ़ोल्डर लोड करने में असमर्थ",
    "UnableToLoadTags": "टैग लोड करने में असमर्थ",
    "UpgradeAllowedHelpText": "यदि अक्षम गुणों को अपग्रेड नहीं किया जाएगा",
    "Uptime": "अपटाइम",
    "URLBase": "URL बेस",
    "UrlBaseHelpText": "रिवर्स प्रॉक्सी समर्थन के लिए, डिफ़ॉल्ट खाली है",
    "UrlBaseHelpTextWarning": "प्रभावी करने के लिए पुनरारंभ की आवश्यकता है",
    "UseHardlinksInsteadOfCopy": "कॉपी की जगह हार्डलिंक का इस्तेमाल करें",
    "Usenet": "यूज़नेट",
    "UsenetDelay": "यूज़नेट देरी",
    "UsenetDelayHelpText": "यूज़नेट से एक रिलीज हथियाने से पहले इंतजार करने के लिए मिनटों में देरी",
    "Username": "उपयोगकर्ता नाम",
    "UsingExternalUpdateMechanismBranchToUseToUpdateLidarr": "रेडर को अपडेट करने के लिए उपयोग करने के लिए शाखा",
    "UsingExternalUpdateMechanismBranchUsedByExternalUpdateMechanism": "बाहरी अद्यतन तंत्र द्वारा उपयोग की जाने वाली शाखा",
    "Version": "संस्करण",
    "WeekColumnHeader": "वीक कॉलम हैडर",
    "Year": "साल",
    "YesCancel": "हाँ, रद्द करें",
    "CertificateValidation": "प्रमाणपत्र सत्यापन",
    "DeleteDownloadClient": "डाउनलोड क्लाइंट हटाएं",
    "DeleteDownloadClientMessageText": "क्या आप वाकई डाउनलोड क्लाइंट '{0}' को हटाना चाहते हैं?",
    "DeleteEmptyFolders": "खाली फ़ोल्डर हटाएँ",
    "ImportedTo": "आयात किया गया",
    "Importing": "आयात कर रहा है",
    "IncludeUnknownArtistItemsHelpText": "कतार में एक मूवी के बिना आइटम दिखाएं। इसमें रेडर की श्रेणी में हटाई गई फिल्में या कुछ और भी शामिल हो सकते हैं",
    "IncludeUnmonitored": "अनिर्दिष्ट शामिल करें",
    "Indexer": "इंडेक्सर",
    "IndexerPriority": "सूचकांक प्राथमिकता",
    "IndexerSettings": "अनुक्रमणिका सेटिंग्स",
    "Indexers": "indexers",
    "InteractiveSearch": "इंटरएक्टिव खोज",
    "Interval": "मध्यान्तर",
    "IsCutoffCutoff": "कट जाना",
    "IsCutoffUpgradeUntilThisQualityIsMetOrExceeded": "इस गुणवत्ता के पूरा होने या अधिक होने तक नवीनीकरण करें",
    "PosterSize": "पोस्टर का आकार",
    "PreviewRename": "नाम बदलें",
    "Profiles": "प्रोफाइल",
    "Proper": "उचित",
    "PropersAndRepacks": "प्रोपर्स और रिपैक",
    "Protocol": "मसविदा बनाना",
    "ProtocolHelpText": "जो प्रोटोकॉल का उपयोग करने के लिए चुनते हैं और अन्यथा समान रिलीज के बीच चयन करते समय कौन सा पसंद किया जाता है",
    "Proxy": "प्रतिनिधि",
    "ProxyBypassFilterHelpText": "एक विभाजक के रूप में ',' और '*' का प्रयोग करें। उपडोमेन के लिए एक वाइल्डकार्ड के रूप में",
    "ProxyPasswordHelpText": "यदि आवश्यक हो तो आपको केवल एक उपयोगकर्ता नाम और पासवर्ड दर्ज करना होगा। उन्हें खाली छोड़ दें अन्यथा।",
    "ProxyType": "प्रॉक्सी प्रकार",
    "ProxyUsernameHelpText": "यदि आवश्यक हो तो आपको केवल एक उपयोगकर्ता नाम और पासवर्ड दर्ज करना होगा। उन्हें खाली छोड़ दें अन्यथा।",
    "Reason": "कारण",
    "RecycleBinCleanupDaysHelpText": "स्वचालित सफाई को अक्षम करने के लिए 0 पर सेट करें",
    "RecycleBinCleanupDaysHelpTextWarning": "रीसायकल बिन में चयनित दिनों की तुलना में पुरानी फाइलें अपने आप साफ हो जाएंगी",
    "RecycleBinHelpText": "स्थायी रूप से हटाए जाने के बजाय हटाए जाने पर मूवी फाइलें यहां चली जाएंगी",
    "RecyclingBinCleanup": "रीसायकल बिन सफाई",
    "Redownload": "redownload",
    "Refresh": "ताज़ा करना",
    "20MinutesTwenty": "20 मिनट: {0}",
    "45MinutesFourtyFive": "45 मिनट: {0}",
    "60MinutesSixty": "60 मिनट: {0}",
    "AgeWhenGrabbed": "आयु (जब पकड़ा गया)",
    "AlbumIsDownloadingInterp": "मूवी डाउनलोड हो रही है - {0}% {1}",
    "AlternateTitles": "वैकल्पिक शीर्षक",
    "AlternateTitleslength1Titles": "टाइटल",
    "Analytics": "एनालिटिक्स",
    "AnalyticsEnabledHelpText": "बेनामी उपयोग और त्रुटि जानकारी को {appName} के सर्वर पर भेजें। इसमें आपके ब्राउज़र की जानकारी शामिल है, जो आपके द्वारा उपयोग किए जाने वाले रेडर वेबयूआई पृष्ठों, त्रुटि रिपोर्टिंग के साथ-साथ ओएस और रनटाइम संस्करण भी है। हम इस जानकारी का उपयोग सुविधाओं और बग फिक्स को प्राथमिकता देने के लिए करेंगे।",
    "AnalyticsEnabledHelpTextWarning": "प्रभावी करने के लिए पुनरारंभ की आवश्यकता है",
    "Automatic": "स्वचालित",
    "DelayingDownloadUntil": "देरी से डाउनलोड करने के लिए {0} पर {1}",
    "Clear": "स्पष्ट",
    "ScriptPath": "पटकथा पथ",
    "SearchAll": "सभी खोजें",
    "SearchForMissing": "गुमशुदा की तलाश करें",
    "SearchSelected": "चयनित खोजें",
    "Security": "सुरक्षा",
    "SendAnonymousUsageData": "अनाम उपयोग डेटा भेजें",
    "SetPermissions": "अनुमतियाँ सेट करें",
    "SetPermissionsLinuxHelpText": "जब फ़ाइलों को आयात / नाम बदला जाता है तो क्या चामोद चलाया जाना चाहिए?",
    "SetPermissionsLinuxHelpTextWarning": "यदि आप अनिश्चित हैं कि ये सेटिंग क्या करती हैं, तो उन्हें परिवर्तित न करें।",
    "Settings": "समायोजन",
    "ShortDateFormat": "लघु तिथि प्रारूप",
    "ShowCutoffUnmetIconHelpText": "जब कटऑफ पूरा नहीं हुआ है तो फाइलों के लिए आइकन दिखाएं",
    "ShowDateAdded": "शो की तारीख जोड़ी गई",
    "ShowMonitored": "मॉनिटर किया हुआ दिखाएं",
    "ShowMonitoredHelpText": "पोस्टर के तहत निगरानी की स्थिति दिखाएं",
    "UnableToLoadUISettings": "UI सेटिंग्स लोड करने में असमर्थ",
    "Unmonitored": "unmonitored",
    "UnmonitoredHelpText": "ICal फीड में अनऑमिटर की गई फिल्में शामिल करें",
    "UpdateAll": "सब अद्यतित",
    "UpdateAutomaticallyHelpText": "अपडेट को स्वचालित रूप से डाउनलोड और इंस्टॉल करें। आप अभी भी सिस्टम से अपडेट कर पाएंगे: अपडेट",
    "UpdateMechanismHelpText": "रेडर के बिल्ट इन अपडेटर या स्क्रिप्ट का उपयोग करें",
    "UpdateScriptPathHelpText": "एक कस्टम स्क्रिप्ट का पथ जो एक निकाला गया अद्यतन पैकेज लेता है और शेष अद्यतन प्रक्रिया को संभालता है",
    "Updates": "अपडेट",
    "About": "के बारे में",
    "Actions": "कार्रवाई",
    "AddingTag": "टैग जोड़ना",
    "AddListExclusion": "सूची बहिष्करण जोड़ें",
    "APIKey": "एपीआई पासवर्ड",
    "ApiKeyHelpTextWarning": "प्रभावी करने के लिए पुनरारंभ की आवश्यकता है",
    "AppDataDirectory": "AppData निर्देशिका",
    "ApplyTags": "टैग लागू करें",
    "ApplyTagsHelpTextReplace": "प्रतिस्थापित करें: दर्ज किए गए टैगों के साथ टैग बदलें (सभी टैग्स को खाली करने के लिए कोई टैग दर्ज न करें)",
    "Authentication": "प्रमाणीकरण",
    "ChmodFolderHelpTextWarning": "यह केवल तभी काम करता है, जब रेडर चलाने वाला उपयोगकर्ता फ़ाइल का मालिक हो। यह सुनिश्चित करना बेहतर है कि डाउनलोड क्लाइंट अनुमतियों को ठीक से सेट करे।",
    "ChownGroupHelpText": "समूह का नाम या गिद। दूरस्थ फ़ाइल सिस्टम के लिए gid का उपयोग करें।",
    "ChownGroupHelpTextWarning": "यह केवल तभी काम करता है, जब रेडर चलाने वाला उपयोगकर्ता फ़ाइल का मालिक हो। यह सुनिश्चित करना बेहतर है कि डाउनलोड क्लाइंट उसी समूह का उपयोग करता है जैसे कि रैडियर।",
    "ClickToChangeQuality": "गुणवत्ता बदलने के लिए क्लिक करें",
    "DelayProfile": "देरी प्रोफ़ाइल",
    "DelayProfiles": "देरी प्रोफाइल",
    "Delete": "हटाएं",
    "DeleteBackup": "बैकअप हटाएं",
    "DeleteBackupMessageText": "क्या आप वाकई '{0}' बैकअप हटाना चाहते हैं?",
    "DeleteDelayProfile": "डिलीट प्रोफाइल को डिलीट करें",
    "DeleteDelayProfileMessageText": "क्या आप वाकई इस विलंब प्रोफ़ाइल को हटाना चाहते हैं?",
    "DeleteImportListExclusion": "आयात सूची बहिष्करण हटाएं",
    "DeleteQualityProfileMessageText": "क्या आप वाकई गुणवत्ता प्रोफ़ाइल {0} को हटाना चाहते हैं",
    "DeleteReleaseProfile": "डिलीट प्रोफाइल को डिलीट करें",
    "DeleteReleaseProfileMessageText": "क्या आप वाकई इस विलंब प्रोफ़ाइल को हटाना चाहते हैं?",
    "DeleteRootFolderMessageText": "क्या आप वाकई '{0}' इंडेक्स को हटाना चाहते हैं?",
    "DeleteSelectedTrackFiles": "चयनित मूवी फ़ाइलें हटाएं",
    "DeleteSelectedTrackFilesMessageText": "क्या आप वाकई चयनित मूवी फ़ाइलों को हटाना चाहते हैं?",
    "DeleteTag": "टैग हटाएं",
    "DeleteTagMessageText": "क्या आप वाकई '{0}' टैग हटाना चाहते हैं?",
    "DownloadClients": "ग्राहक डाउनलोड करें",
    "Downloading": "डाउनलोड",
    "DownloadPropersAndRepacksHelpTexts1": "प्रोपर्स / रिपीक्स के लिए स्वचालित रूप से अपग्रेड करें या नहीं",
    "DownloadWarningCheckDownloadClientForMoreDetails": "डाउनलोड चेतावनी: अधिक विवरण के लिए डाउनलोड क्लाइंट की जाँच करें",
    "Edit": "संपादित करें",
    "Enable": "सक्षम",
    "Ended": "समाप्त",
    "FirstDayOfWeek": "सप्ताह का पहला दिन",
    "Fixed": "फिक्स्ड",
    "Folder": "फ़ोल्डर",
    "Folders": "फ़ोल्डर",
    "ForMoreInformationOnTheIndividualDownloadClientsClickOnTheInfoButtons": "व्यक्तिगत डाउनलोड क्लाइंट के बारे में अधिक जानकारी के लिए, जानकारी बटन पर क्लिक करें।",
    "ForMoreInformationOnTheIndividualIndexersClickOnTheInfoButtons": "अलग-अलग इंडेक्सर्स के बारे में अधिक जानकारी के लिए, जानकारी बटन पर क्लिक करें।",
    "ForMoreInformationOnTheIndividualListsClickOnTheInfoButtons": "व्यक्तिगत आयात सूचियों की अधिक जानकारी के लिए, जानकारी बटन पर क्लिक करें।",
    "GeneralSettings": "सामान्य सेटिंग्स",
    "Global": "वैश्विक",
    "GoToInterp": "{0} पर जाएं",
    "Grab": "लपकना",
    "GrabRelease": "पकड़ो रिलीज",
    "GrabSelected": "पकड़ो पकड़ो",
    "IgnoredPlaceHolder": "नया प्रतिबंध जोड़ें",
    "IllRestartLater": "मैं बाद में पुनः आरंभ करूँगा",
    "ImportExtraFiles": "अतिरिक्त फ़ाइलें आयात करें",
    "ImportExtraFilesHelpText": "एक फिल्म फ़ाइल आयात करने के बाद अतिरिक्त फ़ाइलों (उपशीर्षक, nfo, आदि) से मेल खाते आयात करें",
    "ImportFailedInterp": "आयात विफल: {0}",
    "LaunchBrowserHelpText": " एक वेब ब्राउज़र खोलें और ऐप स्टार्ट पर रेडर होमपेज पर नेविगेट करें।",
    "Level": "स्तर",
    "LidarrSupportsAnyDownloadClientThatUsesTheNewznabStandardAsWellAsOtherDownloadClientsListedBelow": "रेडियर किसी भी डाउनलोड क्लाइंट का समर्थन करता है जो न्यूज़ानब मानक का उपयोग करता है, साथ ही नीचे सूचीबद्ध अन्य डाउनलोड क्लाइंट भी।",
    "LidarrSupportsAnyIndexerThatUsesTheNewznabStandardAsWellAsOtherIndexersListedBelow": "रेडियर न्यूज़नाब मानक का उपयोग करने वाले किसी भी सूचकांक का समर्थन करता है, साथ ही साथ नीचे सूचीबद्ध अन्य सूचकांक भी।",
    "LidarrTags": "रेडर टैग",
    "Local": "स्थानीय",
    "LocalPath": "स्थानीय पथ",
    "LocalPathHelpText": "वह पथ जिसका उपयोग रेडर को स्थानीय रूप से दूरस्थ पथ तक पहुँचने के लिए करना चाहिए",
    "LogFiles": "फाइल्स लॉग करें # लॉग फाइलें",
    "Logging": "लॉगिंग",
    "LogLevel": "छांटने का स्तर",
    "LogLevelvalueTraceTraceLoggingShouldOnlyBeEnabledTemporarily": "ट्रेस लॉगिंग को केवल अस्थायी रूप से सक्षम किया जाना चाहिए",
    "Logs": "लॉग्स",
    "LongDateFormat": "लंबी तिथि प्रारूप",
    "ManualImport": "मैनुअल आयात",
    "MarkAsFailed": "असफल के रूप में चिह्नित करें",
    "MarkAsFailedMessageText": "क्या आप वाकई '{0}' को चिह्नित करना चाहते हैं?",
    "MaximumLimits": "अधिकतम सीमा",
    "NoLeaveIt": "नहीं, इसे छोड़ो",
    "NoLogFiles": "कोई लॉग फ़ाइल नहीं",
    "None": "कोई नहीं",
    "RefreshInformationAndScanDisk": "जानकारी को ताज़ा करें और डिस्क को स्कैन करें",
    "RefreshScan": "ताज़ा करें और स्कैन करें",
    "ReleaseDate": "रिलीज़ करने की तिथि",
    "ReleaseGroup": "रिलीज समूह",
    "ReleaseRejected": "रिजेक्ट कर दिया",
    "ReleaseStatuses": "रिलीज की स्थिति",
    "ReleaseWillBeProcessedInterp": "रिलीज़ को संसाधित किया जाएगा {0}",
    "Reload": "पुनः लोड करें",
    "RemotePath": "दूरस्थ पथ",
    "RemotePathHelpText": "निर्देशिका का रूट पथ डाउनलोड क्लाइंट तक पहुँचता है",
    "RemotePathMappings": "रिमोट पाथ मैपिंग",
    "Remove": "हटाना",
    "RemovedFromTaskQueue": "कार्य कतार से हटा दिया गया",
    "RemoveFilter": "फ़िल्टर निकालें",
    "RemoveFromBlocklist": "ब्लैकलिस्ट से निकालें",
    "RemoveFromDownloadClient": "डाउनलोड क्लाइंट से निकालें",
    "RemoveFromQueue": "कतार से निकालें",
    "RemoveSelected": "चुना हुआ हटाओ",
    "RemoveTagExistingTag": "मौजूदा टैग",
    "RemoveTagRemovingTag": "टैग हटाना",
    "RenameTracksHelpText": "यदि नामकरण अक्षम किया गया है तो रैडर मौजूदा फ़ाइल नाम का उपयोग करेगा",
    "Reorder": "पुन: व्यवस्थित करें",
    "ReplaceIllegalCharacters": "अवैध वर्ण बदलें",
    "ReplaceIllegalCharactersHelpText": "अवैध पात्रों को बदलें। अनियंत्रित होने पर, रेडर उनके बजाय हटा देगा",
    "RequiredHelpText": "रिलीज में इनमें से कम से कम एक शब्द (केस असंवेदनशील) होना चाहिए",
    "RequiredPlaceHolder": "नया प्रतिबंध जोड़ें",
    "RequiresRestartToTakeEffect": "प्रभावी करने के लिए पुनरारंभ की आवश्यकता है",
    "RescanAfterRefreshHelpText": "मूवी रिफ्रेश करने के बाद मूवी फोल्डर को रेस्क्यू करें",
    "RescanAfterRefreshHelpTextWarning": "जब हमेशा 'ऑलवेज' पर सेट नहीं किया जाता है, तो रेडियर स्वचालित रूप से फाइलों में बदलाव का पता नहीं लगाएगा",
    "RescanArtistFolderAfterRefresh": "रिफ्रेश के बाद Rescan Movie Folder",
    "Reset": "रीसेट",
    "ResetAPIKey": "एपीआई कुंजी को रीसेट करें",
    "ResetAPIKeyMessageText": "क्या आप वाकई अपनी API कुंजी को रीसेट करना चाहते हैं?",
    "Restart": "पुनर्प्रारंभ करें",
    "RestartLidarr": "फिर से शुरू करें",
    "RestartNow": "अब पुनःचालू करें",
    "Restore": "पुनर्स्थापित",
    "RestoreBackup": "बैकअप बहाल",
    "Result": "परिणाम",
    "Retention": "अवधारण",
    "RetentionHelpText": "केवल यूज़नेट: असीमित अवधारण के लिए सेट करने के लिए शून्य पर सेट करें",
    "RetryingDownloadOn": "{1} पर {0} डाउनलोड कर रहा है",
    "RootFolder": "मूल फ़ोल्डर",
    "RootFolders": "रूट फ़ोल्डर",
    "RssSyncIntervalHelpText": "मिनटों में अंतराल। अक्षम करने के लिए शून्य पर सेट करें (यह सभी स्वचालित रिलीज़ हथियाने को रोक देगा)",
    "ShownAboveEachColumnWhenWeekIsTheActiveView": "प्रत्येक स्तंभ के ऊपर दिखाया गया जब सप्ताह सक्रिय दृश्य होता है",
    "ShowPath": "रास्ता दिखाओ",
    "ShowQualityProfile": "गुणवत्ता प्रोफ़ाइल दिखाएं",
    "ShowQualityProfileHelpText": "पोस्टर के नीचे गुणवत्ता प्रोफ़ाइल दिखाएं",
    "ShowRelativeDates": "रिलेटिव डेट्स दिखाएं",
    "ShowRelativeDatesHelpText": "रिश्तेदार (आज / कल / आदि) या पूर्ण तिथियां दिखाएं",
    "ShowSearch": "खोज दिखाएँ",
    "ShowSearchActionHelpText": "होवर पर खोज बटन दिखाएं",
    "ShowSizeOnDisk": "डिस्क पर आकार दिखाएं",
    "ShowUnknownArtistItems": "अज्ञात मूवी आइटम दिखाएं",
    "SSLCertPassword": "एसएसएल सर्टिफिकेट पासवर्ड",
    "SslCertPasswordHelpText": "Pfx फ़ाइल के लिए पासवर्ड",
    "SslCertPasswordHelpTextWarning": "प्रभावी करने के लिए पुनरारंभ की आवश्यकता है",
    "SSLCertPath": "एसएसएल सर्टिफिकेट पाथ",
    "SslCertPathHelpText": "Pfx फ़ाइल का पथ",
    "SslCertPathHelpTextWarning": "प्रभावी करने के लिए पुनरारंभ की आवश्यकता है",
    "Tasks": "कार्य",
    "UseProxy": "प्रॉक्सी का उपयोग करें",
    "IsTagUsedCannotBeDeletedWhileInUse": "उपयोग करते समय हटाया नहीं जा सकता",
    "UnableToLoadTheCalendar": "कैलेंडर लोड करने में असमर्थ",
    "Port": "बंदरगाह",
    "PortNumber": "पोर्ट संख्या",
    "PublishedDate": "प्रकाशित तिथि",
    "Quality": "गुणवत्ता",
    "QualityDefinitions": "गुणवत्ता परिभाषाएँ",
    "QualityProfile": "गुणवत्ता प्रोफ़ाइल",
    "QualityProfiles": "गुणवत्ता प्रोफ़ाइल",
    "QualitySettings": "गुणवत्ता सेटिंग्स",
    "Queue": "कतार",
    "RSSSync": "आरएसएस सिंक",
    "RSSSyncInterval": "RSS सिंक अंतराल",
    "ReadTheWikiForMoreInformation": "अधिक जानकारी के लिए विकी पढ़ें",
    "Real": "असली",
    "RecyclingBin": "रीसाइक्लिंग बिन",
    "AlreadyInYourLibrary": "पहले से ही आपकी लाइब्रेरी में",
    "AlternateTitleslength1Title": "शीर्षक",
    "Scheduled": "अनुसूचित",
    "Search": "खोज",
    "Size": " आकार",
    "SkipFreeSpaceCheck": "फ्री स्पेस चेक छोड़ें",
    "SorryThatAlbumCannotBeFound": "क्षमा करें, वह फिल्म नहीं मिल रही है।",
    "SorryThatArtistCannotBeFound": "क्षमा करें, वह फिल्म नहीं मिल रही है।",
    "Source": "स्रोत",
    "SourcePath": "स्रोत पथ",
    "Ungroup": "असमूहीकृत",
    "OnGrab": "हड़पने पर",
    "OnHealthIssue": "स्वास्थ्य के मुद्दे पर",
    "OnRename": "नाम बदलने पर",
    "OnUpgrade": "अपग्रेड पर",
    "Tracks": "निशान",
    "NETCore": ".NET कोर",
    "Activity": "गतिविधि",
    "Add": "जोड़ना",
    "AddDelayProfile": "विलंब प्रोफ़ाइल जोड़ें",
    "Added": "जोड़ा",
    "AddIndexer": "सूचकांक जोड़ें",
    "AddNew": "नया जोड़ें",
    "AddQualityProfile": "गुणवत्ता प्रोफ़ाइल जोड़ें",
    "AddRemotePathMapping": "रिमोट पाथ मैपिंग जोड़ें",
    "AddRootFolder": "रूट फ़ोल्डर जोड़ें",
    "AfterManualRefresh": "मैनुअल रिफ्रेश के बाद",
    "Age": "उम्र",
    "All": "सब",
    "AllFiles": "सारे दस्तावेज",
    "Always": "हमेशा",
    "Apply": "लागू",
    "AudioInfo": "ऑडियो जानकारी",
    "BeforeUpdate": "अपडेट करने से पहले",
    "Close": "बंद करे",
    "Connect": "जुडिये",
    "Custom": "रिवाज",
    "CustomFilters": "कस्टम फ़िल्टर",
    "Date": "दिनांक",
    "Deleted": "हटाए गए",
    "Details": "विवरण",
    "Donations": "दान",
    "DoNotPrefer": "प्रेफर न करें",
    "DoNotUpgradeAutomatically": "स्वचालित रूप से अपग्रेड न करें",
    "DownloadFailed": "डाउनलोड विफल",
    "EditDelayProfile": "देरी प्रोफ़ाइल संपादित करें",
    "EditImportListExclusion": "आयात सूची बहिष्करण हटाएं",
    "EditQualityProfile": "गुणवत्ता प्रोफ़ाइल संपादित करें",
    "EditRemotePathMapping": "दूरस्थ पथ मानचित्रण संपादित करें",
    "EditRootFolder": "रूट फ़ोल्डर जोड़ें",
    "Error": "त्रुटि",
    "ErrorRestoringBackup": "बैकअप बहाल करने में त्रुटि",
    "Events": "आयोजन",
    "EventType": "घटना प्रकार",
    "Filters": "फ़िल्टर",
    "FreeSpace": "खाली जगह",
    "General": "आम",
    "Genres": "शैलियां",
    "Grabbed": "पकड़ा",
    "HardlinkCopyFiles": "हार्डलिंक / कॉपी फाइलें",
    "HideAdvanced": "उन्नत छिपाएँ",
    "Ignored": "अवहेलना करना",
    "Import": "आयात",
    "Info": "जानकारी",
    "InteractiveImport": "इंटरएक्टिव आयात",
    "LastDuration": "lastDuration",
    "LastExecution": "अंतिम निष्पादन",
    "LastUsed": "आखरी इस्त्तमाल किया गया",
    "LastWriteTime": "अंतिम समय लिखें",
    "Location": "स्थान",
    "MediaManagement": "मीडिया प्रबंधन",
    "Metadata": "मेटाडाटा",
    "MonitoredOnly": "केवल निगरानी की",
    "MoveAutomatically": "त्वरित आयात",
    "MoveFiles": "फ़ाइलें ले जाएँ",
    "NextExecution": "अगला निष्पादन",
    "NoTagsHaveBeenAddedYet": "अभी तक कोई टैग नहीं जोड़े गए हैं",
    "Ok": "ठीक",
    "OnlyTorrent": "केवल धार",
    "OnlyUsenet": "केवल यूज़नेट",
    "Presets": "प्रीसेट",
    "Progress": "प्रगति",
    "QualityLimitsHelpText": "फिल्म रनटाइम के लिए सीमाएं स्वचालित रूप से समायोजित की जाती हैं।",
    "Queued": "कतारबद्ध",
    "Rating": "रेटिंग्स",
    "RejectionCount": "अस्वीकृति गणना",
    "ReleaseTitle": "रिलीज का शीर्षक",
    "Renamed": "नाम बदलकर",
    "Replace": "बदलने के",
    "RestartRequiredHelpTextWarning": "प्रभावी करने के लिए पुनरारंभ की आवश्यकता है",
    "RestoreBackupAdditionalInfo": "नोट: रैडियर स्वचालित रूप से पुनः आरंभ करेगा और पुनर्स्थापना प्रक्रिया के दौरान UI को फिर से लोड करेगा।",
    "Save": "सहेजें",
    "Seeders": "बीज",
    "Select...": "'चुनते हैं...",
    "SelectFolder": "फोल्डर का चयन करें",
    "SelectQuality": "गुणवत्ता का चयन करें",
    "ShowAdvanced": "शो पहले होगा",
    "SizeOnDisk": "डिस्क का माप",
    "SourceTitle": "स्रोत शीर्षक",
    "Test": "परीक्षा",
    "TimeLeft": "शेष समय",
    "Title": "शीर्षक",
    "TotalSpace": "कुल स्थान",
    "Ui": "यूआई",
    "UnmappedFilesOnly": "केवल फ़ाइलें अनमैप्ड हैं",
    "UnmonitoredOnly": "केवल निगरानी की",
    "UpgradesAllowed": "अपग्रेड की अनुमति है",
    "Wanted": "चाहता था",
    "Warn": "चेतावनी देना",
    "WouldYouLikeToRestoreBackup": "क्या आप बैकअप {0} को पुनर्स्थापित करना चाहेंगे?",
    "Backup": "बैकअप",
    "Organize": "व्यवस्थित",
    "Manual": "गाइड",
    "OutputPath": "उत्पादन के पथ",
    "Peers": "साथियों",
    "PreferAndUpgrade": "प्राथमिकता और उन्नयन",
    "System": "प्रणाली",
    "AddImportListExclusion": "आयात सूची बहिष्करण हटाएं",
    "ImportListExclusions": "आयात सूची बहिष्करण हटाएं",
    "EditGroups": "समूह संपादित करें",
    "QualitiesHelpText": "सूची में उच्चतर योग्यताएं अधिक पसंद की जाती हैं। समान समूह के भीतर योग्यताएं समान हैं। केवल जाँच किए गए गुण चाहते हैं",
    "DoneEditingGroups": "सम्पादन समूह",
    "CustomFormatScore": "कस्टम प्रारूप स्कोर",
    "MinimumCustomFormatScore": "न्यूनतम कस्टम प्रारूप स्कोर",
    "MaintenanceRelease": "रखरखाव रिलीज: बग फिक्स और अन्य सुधार। अधिक जानकारी के लिए गितुब कमिट इतिहास देखें",
    "DownloadPropersAndRepacksHelpTextWarning": "Propers / Repacks में स्वचालित उन्नयन के लिए कस्टम स्वरूपों का उपयोग करें",
    "UnableToLoadCustomFormats": "कस्टम प्रारूप लोड करने में असमर्थ",
    "CloneCustomFormat": "क्लोन कस्टम प्रारूप",
    "Conditions": "शर्तेँ",
    "CopyToClipboard": "क्लिपबोर्ड पर कॉपी करें",
    "CouldntFindAnyResultsForTerm": "'{0}' के लिए कोई परिणाम नहीं मिल सका",
    "CustomFormat": "कस्टम प्रारूप",
    "CustomFormatRequiredHelpText": "लागू करने के लिए कस्टम प्रारूप के लिए इस {0} की स्थिति का मिलान होना चाहिए। अन्यथा एक {१} मैच पर्याप्त है।",
    "CustomFormatSettings": "कस्टम प्रारूप सेटिंग्स",
    "CustomFormats": "कस्टम प्रारूप",
    "Customformat": "कस्टम प्रारूप",
    "CutoffFormatScoreHelpText": "एक बार जब यह कस्टम प्रारूप स्कोर रेडर तक पहुँच जाता है तो फिल्में डाउनलोड नहीं करेगा",
    "DeleteCustomFormat": "कस्टम प्रारूप हटाएं",
    "DeleteCustomFormatMessageText": "क्या आप वाकई '{0}' इंडेक्स को हटाना चाहते हैं?",
    "DeleteFormatMessageText": "क्या आप वाकई {0} प्रारूप टैग को हटाना चाहते हैं?",
    "ExportCustomFormat": "निर्यात कस्टम प्रारूप",
    "FailedDownloadHandling": "डाउनलोड हैंडलिंग विफल",
    "FailedLoadingSearchResults": "खोज परिणाम लोड करने में विफल, कृपया पुनः प्रयास करें।",
    "Formats": "प्रारूप",
    "IncludeCustomFormatWhenRenamingHelpText": "{कस्टम प्रारूप} नामकरण प्रारूप में शामिल करें",
    "ItsEasyToAddANewArtistJustStartTypingTheNameOfTheArtistYouWantToAdd": "एक नई फिल्म जोड़ना आसान है, बस उस फिल्म का नाम लिखना शुरू करें जिसे आप जोड़ना चाहते हैं",
    "MinFormatScoreHelpText": "न्यूनतम कस्टम प्रारूप स्कोर डाउनलोड करने की अनुमति दी",
    "Monitor": "मॉनिटर",
    "NegateHelpText": "यदि जाँच की जाती है, तो कस्टम प्रारूप लागू नहीं होगा यदि यह {0} स्थिति से मेल खाता है।",
    "PreferTorrent": "टोरेंट को प्राथमिकता दें",
    "PreferUsenet": "यूज़नेट को प्राथमिकता दें",
    "TheArtistFolderStrongpathstrongAndAllOfItsContentWillBeDeleted": "फिल्म फ़ोल्डर '{0}' और यह सब सामग्री हटा दी जाएगी।",
    "UnableToLoadInteractiveSearch": "इस मूवी खोज के लिए परिणाम लोड करने में असमर्थ। बाद में पुन: प्रयास करें",
    "DownloadedUnableToImportCheckLogsForDetails": "डाउनलोड किया गया - आयात करने में असमर्थ: विवरण के लिए लॉग की जाँच करें",
    "DownloadClientStatusCheckAllClientMessage": "सभी डाउनलोड क्लाइंट विफलताओं के कारण अनुपलब्ध हैं",
    "HiddenClickToShow": "छिपा हुआ, दिखाने के लिए क्लिक करें",
    "RootFolderCheckMultipleMessage": "एकाधिक रूट फ़ोल्डर गायब हैं: {0}",
    "RootFolderCheckSingleMessage": "रूट फ़ोल्डर गुम: {0}",
    "ShownClickToHide": "दिखाया, छिपाने के लिए क्लिक करें",
    "UpdateCheckStartupTranslocationMessage": "अपडेट स्थापित नहीं किया जा सकता क्योंकि स्टार्टअप फ़ोल्डर '{0}' ऐप ट्रांसलेशन फ़ोल्डर में है।",
    "UpdateCheckUINotWritableMessage": "अद्यतन स्थापित नहीं कर सकता क्योंकि UI फ़ोल्डर '{0}' उपयोगकर्ता '{1}' द्वारा लिखने योग्य नहीं है।",
    "AppDataLocationHealthCheckMessage": "अद्यतन पर अद्यतन AppData को रोकने के लिए अद्यतन करना संभव नहीं होगा",
    "ColonReplacement": "कोलन रिप्लेसमेंट",
    "Disabled": "विकलांग",
    "DownloadClientRootFolderHealthCheckMessage": "डाउनलोड क्लाइंट {downloadClientName} रूट फ़ोल्डर में डाउनलोड करता है {rootFolderPath}। आपको रूट फ़ोल्डर में डाउनलोड नहीं करना चाहिए।",
    "DownloadClientCheckNoneAvailableMessage": "कोई डाउनलोड क्लाइंट उपलब्ध नहीं है",
    "DownloadClientCheckUnableToCommunicateMessage": "{0} के साथ संवाद करने में असमर्थ।",
    "DownloadClientStatusCheckSingleClientMessage": "विफलताओं के कारण अनुपलब्ध ग्राहक डाउनलोड करें: {0}",
    "ImportListStatusCheckAllClientMessage": "सभी सूचियाँ विफल होने के कारण अनुपलब्ध हैं",
    "ImportListStatusCheckSingleClientMessage": "विफलताओं के कारण अनुपलब्ध सूची: {0}",
    "ImportMechanismHealthCheckMessage": "पूर्ण डाउनलोड हैंडलिंग सक्षम करें",
    "IndexerLongTermStatusCheckAllClientMessage": "6 घंटे से अधिक समय तक विफलताओं के कारण सभी सूचकांक अनुपलब्ध हैं",
    "IndexerLongTermStatusCheckSingleClientMessage": "6 घंटे से अधिक समय तक विफलताओं के कारण सूचकांक उपलब्ध नहीं: {0}",
    "IndexerRssHealthCheckNoAvailableIndexers": "हाल ही की अनुक्रमणिका त्रुटियों के कारण सभी rss- सक्षम इंडेक्सर्स अस्थायी रूप से अनुपलब्ध हैं",
    "IndexerRssHealthCheckNoIndexers": "RSS समन्वयन सक्षम होने के साथ कोई भी इंडेक्स उपलब्ध नहीं है, {appName} अपने आप नई रिलीज़ नहीं लेगा",
    "IndexerSearchCheckNoAutomaticMessage": "स्वचालित खोज के साथ कोई भी सूचकांक उपलब्ध नहीं है, रैडियर कोई स्वचालित खोज परिणाम प्रदान नहीं करेगा",
    "IndexerSearchCheckNoAvailableIndexersMessage": "हाल ही की अनुक्रमणिका त्रुटियों के कारण सभी खोज-सक्षम अनुक्रमणिका अस्थायी रूप से अनुपलब्ध हैं",
    "IndexerSearchCheckNoInteractiveMessage": "इंटरएक्टिव सर्च सक्षम के साथ कोई भी इंडेक्स उपलब्ध नहीं है, रेडर किसी भी इंटरैक्टिव खोज परिणाम प्रदान नहीं करेगा",
    "IndexerStatusCheckAllClientMessage": "विफलताओं के कारण सभी अनुक्रमणिका अनुपलब्ध हैं",
    "IndexerStatusCheckSingleClientMessage": "अनुक्रमणिका विफलताओं के कारण अनुपलब्ध: {0}",
    "MountArtistHealthCheckMessage": "मूवी पथ पर माउंट माउंट केवल पढ़ने योग्य है: ",
    "ProxyCheckBadRequestMessage": "प्रॉक्सी का परीक्षण करने में विफल। स्थिति कोड: {0}",
    "ProxyCheckFailedToTestMessage": "प्रॉक्सी का परीक्षण करने में विफल: {0}",
    "ProxyCheckResolveIpMessage": "कॉन्फ़िगर प्रॉक्सी होस्ट {0} के लिए आईपी एड्रेस को हल करने में विफल",
    "ReplaceWithDash": "डैश के साथ बदलें",
    "ReplaceWithSpaceDash": "स्पेस डैश के साथ बदलें",
    "ReplaceWithSpaceDashSpace": "स्पेस डैश स्पेस के साथ बदलें",
    "SystemTimeCheckMessage": "सिस्टम का समय 1 दिन से अधिक बंद है। जब तक समय सही नहीं होगा तब तक शेड्यूल किए गए कार्य सही तरीके से नहीं चल सकते हैं",
    "UpdateCheckStartupNotWritableMessage": "अपडेट स्थापित नहीं किया जा सकता क्योंकि स्टार्टअप फ़ोल्डर '{0}' उपयोगकर्ता '{1}' द्वारा लिखने योग्य नहीं है।",
    "DeleteRemotePathMapping": "दूरस्थ पथ मानचित्रण संपादित करें",
    "FailedToLoadQueue": "कतार लोड करने में विफल",
    "QueueIsEmpty": "कतार खाली है",
    "Required": "अपेक्षित",
    "BlocklistReleases": "ब्लैकलिस्ट रिलीज़",
    "DeleteConditionMessageText": "क्या आप वाकई '{0}' सूची को हटाना चाहते हैं?",
    "ApplyTagsHelpTextAdd": "जोड़ें: टैग की मौजूदा सूची में टैग जोड़ें",
    "DeleteSelectedDownloadClients": "डाउनलोड क्लाइंट हटाएं",
    "DeleteSelectedIndexers": "अनुक्रमणिका हटाएं",
    "ExistingTag": "मौजूदा टैग",
    "No": "नहीं",
    "NoChange": "कोई परिवर्तन नहीं होता है",
    "RemoveSelectedItemBlocklistMessageText": "क्या आप वाकई चयनित आइटम को ब्लैकलिस्ट से हटाना चाहते हैं?",
    "RemovingTag": "टैग हटाना",
    "SetTags": "टैग सेट करें",
    "Yes": "हाँ",
    "NoEventsFound": "कोई घटना नहीं मिली",
    "ApplyTagsHelpTextRemove": "निकालें: दर्ज किए गए टैग निकालें",
    "RemoveSelectedItemQueueMessageText": "क्या आप वाकई {0} आइटम {1} को कतार से हटाना चाहते हैं?",
    "RemoveSelectedItemsQueueMessageText": "क्या आप वाकई {0} आइटम {1} को कतार से हटाना चाहते हैं?",
    "Negated": "नकार दिया गया",
    "ApplyTagsHelpTextHowToApplyArtists": "चयनित फिल्मों के लिए टैग कैसे लागू करें",
    "ApplyTagsHelpTextHowToApplyImportLists": "चयनित फिल्मों के लिए टैग कैसे लागू करें",
    "ApplyTagsHelpTextHowToApplyIndexers": "चयनित फिल्मों के लिए टैग कैसे लागू करें",
    "AllResultsAreHiddenByTheAppliedFilter": "सभी परिणाम लागू फ़िल्टर द्वारा छिपे हुए हैं",
    "NoResultsFound": "कोई परिणाम नहीं मिला",
    "SomeResultsAreHiddenByTheAppliedFilter": "कुछ परिणाम लागू फ़िल्टर द्वारा छिपे हुए हैं",
    "SuggestTranslationChange": "अनुवाद परिवर्तन का सुझाव दें",
    "ApplyTagsHelpTextHowToApplyDownloadClients": "चयनित फिल्मों के लिए टैग कैसे लागू करें",
    "UpdateSelected": "चयनित अपडेट करें",
    "Priority": "वरीयता",
    "ConnectionLost": "संपर्क टूट गया",
    "ConnectionLostReconnect": "Radarr अपने आप कनेक्ट होने का प्रयास करेगा, या आप नीचे पुनः लोड कर सकते हैं।",
    "RecentChanges": "हाल में हुए बदलाव",
    "WhatsNew": "नया क्या है?",
    "Enabled": "सक्रिय",
    "NotificationStatusAllClientHealthCheckMessage": "सभी सूचियाँ विफल होने के कारण अनुपलब्ध हैं",
    "NotificationStatusSingleClientHealthCheckMessage": "विफलताओं के कारण अनुपलब्ध सूची: {0}",
    "AddNewArtistRootFolderHelpText": "'{0}' सबफ़ोल्डर स्वचालित रूप से बनाया जाएगा",
    "DisabledForLocalAddresses": "स्थानीय पते के लिए अक्षम",
    "AddNewArtistSearchForMissingAlbums": "लापता फिल्म की खोज शुरू करें",
    "GrabId": "पकड़ो आईडी",
    "Large": "विशाल",
    "Overview": "अवलोकन",
    "OverviewOptions": "अवलोकन विकल्प",
    "PosterOptions": "पोस्टर विकल्प",
    "Posters": "पोस्टर",
    "AddAutoTagError": "नई सूची जोड़ने में असमर्थ, कृपया पुनः प्रयास करें।",
    "AddConditionError": "नई स्थिति जोड़ने में असमर्थ, कृपया पुनः प्रयास करें।",
    "AlbumsLoadError": "बैकअप लोड करने में असमर्थ",
    "Connection": "संबंध",
    "ConditionUsingRegularExpressions": "यह स्थिति रेगुलर एक्सप्रेशंस के उपयोग से मेल खाती है। ध्यान दें कि अक्षर {0} के विशेष अर्थ हैं और {1} के साथ भागने की आवश्यकता है",
    "DeleteArtistFolderHelpText": "फिल्म फ़ोल्डर और उसकी सामग्री को हटा दें",
    "DeleteSpecification": "अधिसूचना हटाएं",
    "OrganizeSelectedArtists": "चयनित फिल्में व्यवस्थित करें",
    "AuthBasic": "बेसिक (ब्राउज़र पॉपअप)",
    "AuthForm": "प्रपत्र (लॉग इन पेज)",
    "Negate": "निगेट",
    "RenameFiles": "फ़ाइलों का नाम बदलें",
    "DeleteAutoTagHelpText": "क्या आप वाकई गुणवत्ता प्रोफ़ाइल {0} को हटाना चाहते हैं",
    "Small": "छोटा",
    "Table": "टेबल",
    "NoLimitForAnyDuration": "किसी भी रनटाइम के लिए कोई सीमा नहीं",
    "NoMinimumForAnyDuration": "किसी रनटाइम के लिए कोई न्यूनतम नहीं",
    "PreferredSize": "पसंदीदा आकार",
    "Unlimited": "असीमित",
    "ExtraFileExtensionsHelpText": "आयात करने के लिए कोमा ने अतिरिक्त फ़ाइलों की सूची अलग कर दी (.nfo को .nfo- मूल के रूप में आयात किया जाएगा)",
    "ExtraFileExtensionsHelpTextsExamples": "उदाहरण: '.sub, .nfo' या 'सब, nfo'",
    "Release": " रिहा",
    "DeleteArtistFoldersHelpText": "फिल्म फ़ोल्डर और उसकी सामग्री को हटा दें",
    "DeleteSpecificationHelpText": "क्या आप वाकई गुणवत्ता प्रोफ़ाइल {0} को हटाना चाहते हैं",
    "AutoTaggingNegateHelpText": "यदि जाँच की जाती है, तो कस्टम प्रारूप लागू नहीं होगा यदि यह {0} स्थिति से मेल खाता है।",
    "ImportLists": "सूचियों",
    "IndexerFlags": "इंडेक्स फ्लैग",
    "DefaultCase": "डिफ़ॉल्ट मामला",
    "UiSettingsSummary": "कैलेंडर, दिनांक और रंग बिगड़ा हुआ विकल्प",
    "InteractiveSearchModalHeader": "इंटरएक्टिव खोज",
    "Uppercase": "अपरकेस",
    "ImportList": "सूचियों",
    "CustomFilter": "कस्टम फ़िल्टर",
    "Links": "लिंक",
    "Lowercase": "लोअर केस",
    "FormatAgeHour": "घंटे",
    "MonitorNoAlbums": "कोई नहीं",
    "GrabReleaseUnknownArtistOrAlbumMessageText": "रेडर यह निर्धारित करने में असमर्थ था कि यह फिल्म किस फिल्म के लिए है। {appName} इस रिलीज़ को स्वचालित रूप से आयात करने में असमर्थ हो सकता है। क्या आप '{0}' को हथियाना चाहते हैं?",
    "AddImportListExclusionArtistHelpText": "मूवी को रेडर से सूचियों में जोड़े जाने से रोकें",
    "DownloadClientsSettingsSummary": "क्लाइंट डाउनलोड करें, हैंडलिंग और दूरस्थ पथ मैपिंग डाउनलोड करें",
    "ImportListsSettingsSummary": "सूची आयात करें, सूची बहिष्करण करें",
    "IndexerPriorityHelpText": "इंडेक्सर प्राथमिकता 1 (उच्चतम) से 50 (सबसे कम)। डिफ़ॉल्ट: 25",
    "KeyboardShortcuts": "कुंजीपटल अल्प मार्ग",
    "CustomFormatsSettings": "कस्टम प्रारूप सेटिंग्स",
    "MonitoredStatus": "नजर रखी / स्थिति",
    "ConnectSettingsSummary": "मीडिया सर्वर / खिलाड़ियों और कस्टम स्क्रिप्ट के लिए सूचनाएं, कनेक्शन",
    "CustomFormatsSettingsSummary": "कस्टम प्रारूप और सेटिंग्स",
    "FileNameTokens": "फ़ाइल नाम टोकन",
    "GeneralSettingsSummary": "पोर्ट, एसएसएल, उपयोगकर्ता नाम / पासवर्ड, प्रॉक्सी, एनालिटिक्स और अपडेट",
    "QualitySettingsSummary": "गुणवत्ता आकार और नामकरण",
    "TagsSettingsSummary": "सभी टैग देखें और उनका उपयोग कैसे किया जाता है। अप्रयुक्त टैग को हटाया जा सकता है",
    "AddListExclusionHelpText": "मूवी को रेडर से सूचियों में जोड़े जाने से रोकें",
    "Tomorrow": "आने वाला कल",
    "FormatAgeHours": "घंटे",
    "FormatAgeMinute": "मिनट",
    "FormatAgeMinutes": "मिनट",
    "Yesterday": "बिता कल",
    "IncludeHealthWarnings": "स्वास्थ्य चेतावनी शामिल करें",
    "RemoveQueueItemConfirmation": "क्या आप वाकई {0} आइटम {1} को कतार से हटाना चाहते हैं?",
    "ArtistIndexFooterDownloading": "डाउनलोड",
    "AutoRedownloadFailed": "डाउनलोड विफल",
    "AutomaticSearch": "स्वचालित खोज",
    "Absolute": "पूर्ण",
    "AddImportListExclusionAlbumHelpText": "मूवी को रेडर से सूचियों में जोड़े जाने से रोकें",
    "BuiltIn": "में निर्मित",
    "Script": "लिपि",
    "DeleteSelectedCustomFormats": "कस्टम प्रारूप हटाएं",
    "IncludeCustomFormatWhenRenaming": "नाम बदलने पर कस्टम प्रारूप शामिल करें",
    "AptUpdater": "अद्यतन स्थापित करने के लिए उपयुक्त का उपयोग करें",
    "DockerUpdater": "अपडेट प्राप्त करने के लिए docker कंटेनर को अपडेट करें",
    "InstallLatest": "नवीनतम स्थापित करें",
    "OnLatestVersion": "रेडर का नवीनतम संस्करण पहले से ही स्थापित है",
    "Shutdown": "बंद करना",
    "UpdateAppDirectlyLoadError": "सीधे {appName} अद्यतन करने में असमर्थ,",
    "AddReleaseProfile": "देरी प्रोफ़ाइल संपादित करें",
    "UnmappedFiles": "बिना मोड़े हुए फोल्डर",
    "Clone": "बंद करे",
    "EditReleaseProfile": "देरी प्रोफ़ाइल संपादित करें",
    "Season": "कारण",
    "AddDelayProfileError": "नई गुणवत्ता प्रोफ़ाइल जोड़ने में असमर्थ, कृपया पुनः प्रयास करें।",
    "Max": "मैक्स",
    "Min": "मिनट",
    "Preferred": "पसंदीदा",
    "Today": "आज",
    "MappedNetworkDrivesWindowsService": "विंडोज सर्विस के रूप में चलने पर मैप्ड नेटवर्क ड्राइव उपलब्ध नहीं हैं। अधिक जानकारी के लिए कृपया FAQ देखें",
    "DownloadClientSettingsRecentPriority": "ग्राहक प्राथमिकता",
    "Downloaded": "डाउनलोड",
    "CheckDownloadClientForDetails": "अधिक विवरण के लिए डाउनलोड क्लाइंट की जाँच करें",
    "Paused": "रोके गए",
    "Pending": "विचाराधीन",
    "WaitingToImport": "आयात की प्रतीक्षा में",
    "WaitingToProcess": "प्रक्रिया की प्रतीक्षा की जा रही है"
}
