{
    "Language": "Tungumál",
    "UiLanguage": "Tungumál HÍ",
    "Hostname": "Gestgjafanafn",
    "ApplyTags": "Notaðu merki",
    "ICalFeed": "iCal straumur",
    "Port": "Höfn",
    "PortNumber": "Portnúmer",
    "ApplyTagsHelpTextReplace": "Skipta um: Skiptu um merkin með innsláttu merkjunum (sláðu inn engin merki til að hreinsa öll merki)",
    "ArtistAlbumClickToChangeTrack": "Smelltu til að breyta kvikmynd",
    "AuthenticationMethodHelpText": "Krefjast notandanafns og lykilorðs til að fá aðgang að {appName}",
    "AutoRedownloadFailedHelpText": "Leitaðu sjálfkrafa að og reyndu að hlaða niður annarri útgáfu",
    "BackupFolderHelpText": "Hlutfallslegir slóðir verða undir AppData skránni hjá {appName}",
    "BackupRetentionHelpText": "Sjálfvirk afrit sem eru eldri en varðveislutímabilið verða hreinsuð upp sjálfkrafa",
    "Backups": "Afrit",
    "BindAddress": "Bind heimilisfang",
    "BindAddressHelpText": "Gilt IP4 heimilisfang eða '*' fyrir öll tengi",
    "BindAddressHelpTextWarning": "Krefst endurræsingar til að taka gildi",
    "Blocklist": "Svartur listi",
    "BlocklistRelease": "Útgáfa svartalista",
    "Branch": "Útibú",
    "BypassProxyForLocalAddresses": "Hliðarbraut umboðsmanns fyrir heimilisfang",
    "Calendar": "Dagatal",
    "CalendarWeekColumnHeaderHelpText": "Sýnt fyrir ofan hvern dálk þegar vikan er virka skjámyndin",
    "Cancel": "Hætta við",
    "CancelPendingTask": "Ertu viss um að þú viljir hætta við þetta verkefni í bið?",
    "CertificateValidation": "Staðfesting skírteina",
    "CertificateValidationHelpText": "Breyttu hversu ströng HTTPS vottun er",
    "ChangeFileDate": "Breyttu dagsetningu skráar",
    "ChangeHasNotBeenSavedYet": "Breyting hefur ekki verið vistuð ennþá",
    "ChmodFolder": "chmod Mappa",
    "ChmodFolderHelpText": "Octal, beitt við innflutning / endurnefna á fjölmiðlamöppur og skrár (án þess að framkvæma bita)",
    "ChmodFolderHelpTextWarning": "Þetta virkar aðeins ef notandinn sem keyrir {appName} er eigandi skráarinnar. Það er betra að tryggja að niðurhalsviðskiptavinurinn stilli heimildirnar rétt.",
    "ChownGroupHelpText": "Hópur nafn eða gid. Notaðu gid fyrir fjarskrárkerfi.",
    "ChownGroupHelpTextWarning": "Þetta virkar aðeins ef notandinn sem keyrir {appName} er eigandi skráarinnar. Það er betra að tryggja að niðurhalsviðskiptavinurinn noti sama hóp og {appName}.",
    "ClickToChangeQuality": "Smelltu til að breyta gæðum",
    "ClientPriority": "Forgangur viðskiptavinar",
    "CloneIndexer": "Clone Indexer",
    "CloneProfile": "Klónasnið",
    "Component": "Hluti",
    "ConnectSettings": "Tengdu stillingar",
    "CopyUsingHardlinksHelpText": "Notaðu harða tengla þegar þú reynir að afrita skrár úr straumum sem enn er sáð",
    "CopyUsingHardlinksHelpTextWarning": "Stundum geta skráarlásar komið í veg fyrir að endurnefna skrár sem verið er að sá. Þú getur slökkt á sáningu tímabundið og notað endurnefnaaðgerð {appName} sem vinnu.",
    "CreateEmptyArtistFolders": "Búðu til tómar kvikmyndamöppur",
    "CreateEmptyArtistFoldersHelpText": "Búðu til kvikmyndamöppur sem vantar meðan á diskaskönnun stendur",
    "CreateGroup": "Búðu til hóp",
    "CutoffHelpText": "Þegar þessum gæðum er náð mun {appName} ekki lengur hlaða niður kvikmyndum",
    "CutoffUnmet": "Cut-off Ómetið",
    "Dates": "Dagsetningar",
    "DatabaseMigration": "DB fólksflutningar",
    "DelayProfile": "Seinka prófíl",
    "DelayProfiles": "Seinka snið",
    "Delete": "Eyða",
    "DeleteBackup": "Eyða afritun",
    "DeleteBackupMessageText": "Ertu viss um að þú viljir eyða öryggisafritinu '{0}'?",
    "DeleteDelayProfile": "Eyða seinkunarprófíl",
    "DeleteDelayProfileMessageText": "Ertu viss um að þú viljir eyða þessum seinkunarprófíl?",
    "DeleteDownloadClient": "Eyða niðurhals viðskiptavinur",
    "DeleteDownloadClientMessageText": "Ertu viss um að þú viljir eyða niðurhalsviðskiptavininum '{0}'?",
    "DeleteEmptyFolders": "Eyða tómum möppum",
    "DeleteImportListExclusion": "Eyða útilokun innflutningslista",
    "DeleteImportListExclusionMessageText": "Ertu viss um að þú viljir eyða þessari útilokun innflutningslista?",
    "DeleteImportListMessageText": "Ertu viss um að þú viljir eyða listanum „{0}“?",
    "DeleteIndexer": "Eyða Indexer",
    "DeleteIndexerMessageText": "Ertu viss um að þú viljir eyða vísitölunni '{0}'?",
    "DeleteMetadataProfileMessageText": "Ertu viss um að þú viljir eyða gæðasniðinu {0}",
    "DeleteNotification": "Eyða tilkynningu",
    "DeleteNotificationMessageText": "Ertu viss um að þú viljir eyða tilkynningunni „{0}“?",
    "DeleteQualityProfile": "Eyða gæðaprófíl",
    "DeleteQualityProfileMessageText": "Ertu viss um að þú viljir eyða gæðasniðinu {0}",
    "DeleteReleaseProfile": "Eyða seinkunarprófíl",
    "DeleteReleaseProfileMessageText": "Ertu viss um að þú viljir eyða þessum seinkunarprófíl?",
    "DeleteRootFolderMessageText": "Ertu viss um að þú viljir eyða vísitölunni '{0}'?",
    "DeleteSelectedTrackFiles": "Eyða völdum kvikmyndaskrám",
    "DeleteSelectedTrackFilesMessageText": "Ertu viss um að þú viljir eyða völdum kvikmyndaskrám?",
    "DeleteTag": "Eyða tagi",
    "DeleteTagMessageText": "Ertu viss um að þú viljir eyða merkinu '{0}'?",
    "DestinationPath": "Áfangastaður Slóð",
    "DetailedProgressBar": "Ítarlegur framfarastiku",
    "DetailedProgressBarHelpText": "Sýna texta á framvindustiku",
    "DiskSpace": "Diskapláss",
    "DownloadClient": "Sæktu viðskiptavin",
    "DownloadClients": "Sækja viðskiptavini",
    "DownloadClientSettings": "Sæktu niður stillingar viðskiptavinar",
    "DownloadFailedCheckDownloadClientForMoreDetails": "Niðurhal mistókst: athugaðu niðurhals viðskiptavinur til að fá frekari upplýsingar",
    "DownloadFailedInterp": "Niðurhal mistókst: {0}",
    "Downloading": "Sækir",
    "DownloadPropersAndRepacksHelpTexts1": "Hvort að uppfæra sjálfkrafa í Propers / Repacks eða ekki",
    "DownloadWarningCheckDownloadClientForMoreDetails": "Niðurhal viðvörun: athugaðu niðurhals viðskiptavinur til að fá frekari upplýsingar",
    "Edit": "Breyta",
    "Enable": "Virkja",
    "EnableAutomaticAdd": "Virkja sjálfvirka viðbót",
    "EnableAutomaticSearch": "Virkja sjálfvirka leit",
    "EnableColorImpairedMode": "Virkja litaskerta ham",
    "EnableColorImpairedModeHelpText": "Breyttur stíll til að leyfa litaskertum notendum að greina betur litakóðuð upplýsingar",
    "EnableCompletedDownloadHandlingHelpText": "Flytja sjálfkrafa niður niðurhal frá niðurhalsþjóni",
    "EnableHelpText": "Virkja stofnun lýsigagna fyrir þessa gerð lýsigagna",
    "EnableInteractiveSearch": "Virkja gagnvirka leit",
    "EnableRSS": "Virkja RSS",
    "EnableSSL": "Virkja SSL",
    "EnableSslHelpText": " Krefst endurræsingar sem stjórnandi til að taka gildi",
    "Ended": "Lauk",
    "ErrorLoadingContents": "Villa við að hlaða innihald",
    "ErrorLoadingPreviews": "Villa við að hlaða forskoðun",
    "Exception": "Undantekning",
    "FileDateHelpText": "Breyttu dagsetningu skráar við innflutning / endurskoðun",
    "Filename": "Skráarnafn",
    "FileNames": "Skráarnöfn",
    "Files": "Skrár",
    "FirstDayOfWeek": "Fyrsti dagur vikunnar",
    "Fixed": "Fastur",
    "Folder": "Mappa",
    "Folders": "Möppur",
    "ForMoreInformationOnTheIndividualDownloadClientsClickOnTheInfoButtons": "Fyrir frekari upplýsingar um einstaka niðurhal viðskiptavini, smelltu á upplýsingatakkana.",
    "ForMoreInformationOnTheIndividualIndexersClickOnTheInfoButtons": "Fyrir frekari upplýsingar um einstaka verðtryggjendur, smelltu á upplýsingatakkana.",
    "ForMoreInformationOnTheIndividualListsClickOnTheInfoButtons": "Fyrir frekari upplýsingar um einstaka innflutningslista, smelltu á upplýsingatakkana.",
    "GeneralSettings": "Almennar stillingar",
    "Global": "Alheimslegt",
    "GoToInterp": "Farðu í {0}",
    "Grab": "Grípa",
    "GrabSelected": "Grípa valið",
    "Group": "Hópur",
    "HasPendingChangesNoChanges": "Engar breytingar",
    "HasPendingChangesSaveChanges": "Vista breytingar",
    "History": "Saga",
    "Host": "Gestgjafi",
    "HostHelpText": "Sami gestgjafi og þú tilgreindir fyrir ytri Download Client",
    "ICalHttpUrlHelpText": "Afritaðu þessa slóð til viðskiptavinar þíns eða smelltu til að gerast áskrifandi ef vafrinn þinn styður vefsíðu",
    "ICalLink": "iCal hlekkur",
    "IconForCutoffUnmet": "Táknmynd fyrir Cutoff Unmet",
    "IgnoredAddresses": "Heimilisföng hunsuð",
    "IgnoredHelpText": "Útgáfunni verður hafnað ef hún inniheldur eitt eða fleiri af skilmálunum (tilfinningalausir)",
    "IgnoredPlaceHolder": "Bættu við nýjum takmörkunum",
    "IllRestartLater": "Ég byrja aftur seinna",
    "ImportedTo": "Flutt inn í",
    "ImportExtraFiles": "Flytja inn auka skrár",
    "ImportExtraFilesHelpText": "Flyttu inn samsvarandi auka skrár (texta, nfo, etc) eftir að hafa flutt inn kvikmyndaskrá",
    "ImportFailedInterp": "Innflutningur mistókst: {0}",
    "Importing": "Innflutningur",
    "IncludeUnknownArtistItemsHelpText": "Sýnið atriði án kvikmyndar í biðröðinni. Þetta gæti falið í sér fjarlægðar kvikmyndir eða annað í flokknum {appName}",
    "IncludeUnmonitored": "Hafa óeftirlit með",
    "Indexer": "Indexer",
    "IndexerPriority": "Forgangur indexers",
    "Indexers": "Vísitölufólk",
    "IndexerSettings": "Stillingar flokkara",
    "InteractiveSearch": "Gagnvirk leit",
    "Interval": "Tímabil",
    "IsCutoffCutoff": "Skera af",
    "IsCutoffUpgradeUntilThisQualityIsMetOrExceeded": "Uppfærðu þar til þessum gæðum er fullnægt eða farið fram úr þeim",
    "Level": "Stig",
    "LidarrSupportsAnyDownloadClientThatUsesTheNewznabStandardAsWellAsOtherDownloadClientsListedBelow": "{appName} styður hvaða niðurhals viðskiptavinur sem notar Newznab staðalinn, auk annarra niðurhals viðskiptavina sem taldir eru upp hér að neðan.",
    "LidarrSupportsAnyIndexerThatUsesTheNewznabStandardAsWellAsOtherIndexersListedBelow": "{appName} styður alla vísitölufyrirtæki sem nota Newznab staðalinn, svo og aðrir verðtryggingaraðilar sem taldir eru upp hér að neðan.",
    "LidarrTags": "{appName} merkimiðar",
    "Medium": "Miðlungs",
    "Message": "Skilaboð",
    "MinimumFreeSpaceWhenImportingHelpText": "Koma í veg fyrir innflutning ef það myndi skilja eftir minna en þetta magn af diskaplássi",
    "Missing": "Vantar",
    "QualitySettings": "Gæðastillingar",
    "Queue": "Biðröð",
    "ReadTheWikiForMoreInformation": "Lestu Wiki fyrir frekari upplýsingar",
    "Reason": "Ástæða",
    "RecycleBinCleanupDaysHelpText": "Stilltu á 0 til að gera sjálfvirka hreinsun óvirka",
    "RecycleBinCleanupDaysHelpTextWarning": "Skrár í ruslakörfunni eldri en valinn fjöldi daga verða hreinsaðir upp sjálfkrafa",
    "RecycleBinHelpText": "Kvikmyndaskrár fara hingað þegar þeim er eytt í stað þess að þeim sé eytt fyrir fullt og allt",
    "RecyclingBin": "Endurvinnslutunna",
    "RecyclingBinCleanup": "Hreinsun ruslakörfu",
    "Redownload": "Endurhlaða",
    "Refresh": "Hressa",
    "RefreshInformationAndScanDisk": "Endurnýjaðu upplýsingar og skannaðu diskinn",
    "RefreshScan": "Hressa & skanna",
    "ReleaseDate": "Slepptu dagsetningum",
    "ReleaseGroup": "Sleppihópur",
    "RemoveFailedDownloadsHelpText": "Fjarlægðu mistókst niðurhal frá niðurhalsferli viðskiptavinar",
    "RemoveFilter": "Fjarlægðu síuna",
    "RemoveFromBlocklist": "Fjarlægja af svörtum lista",
    "RemoveFromDownloadClient": "Fjarlægja úr niðurhalsviðskiptavininum",
    "RemoveFromQueue": "Fjarlægðu úr biðröð",
    "RemoveSelected": "Fjarlægja valið",
    "RemoveTagExistingTag": "Núverandi merki",
    "RenameTracksHelpText": "{appName} mun nota núverandi skráarheiti ef ekki er gert endurnafn á nafni",
    "ReplaceIllegalCharactersHelpText": "Skiptu um ólöglega stafi. Ef ekki er hakað við mun {appName} fjarlægja þá í staðinn",
    "RequiredHelpText": "Útgáfan verður að innihalda að minnsta kosti einn af þessum hugtökum (lítt viðkvæm)",
    "RequiredPlaceHolder": "Bættu við nýjum takmörkunum",
    "RequiresRestartToTakeEffect": "Krefst endurræsingar til að taka gildi",
    "RescanAfterRefreshHelpText": "Skannaðu aftur kvikmyndamöppuna eftir að hafa endurnýjað myndina",
    "RescanAfterRefreshHelpTextWarning": "{appName} finnur ekki sjálfkrafa breytingar á skrám þegar hann er ekki stilltur á „Alltaf“",
    "RescanArtistFolderAfterRefresh": "Skanna aftur kvikmyndamöppu eftir endurnýjun",
    "Reset": "Endurstilla",
    "ResetAPIKey": "Endurstilla API lykil",
    "ResetAPIKeyMessageText": "Ertu viss um að þú viljir endurstilla API lykilinn þinn?",
    "Restart": "Endurræsa",
    "RestartLidarr": "Endurræstu {appName}",
    "RestartNow": "Endurræstu núna",
    "RSSSync": "RSS samstilling",
    "RSSSyncInterval": "RSS Sync bil",
    "RssSyncIntervalHelpText": "Bil á nokkrum mínútum. Stillt á núll til að gera óvirkt (þetta stöðvar allan sjálfvirkan losunartak)",
    "StandardTrackFormat": "Venjulegt kvikmyndasnið",
    "StartTypingOrSelectAPathBelow": "Byrjaðu að slá eða veldu leið hér að neðan",
    "Status": "Staða",
    "Tasks": "Verkefni",
    "TestAll": "Prófaðu allt",
    "TestAllClients": "Prófaðu alla viðskiptavini",
    "TestAllIndexers": "Prófaðu alla verðtryggjendur",
    "TestAllLists": "Prófaðu alla lista",
    "ThisWillApplyToAllIndexersPleaseFollowTheRulesSetForthByThem": "Þetta á við um alla verðtryggjendur, vinsamlegast fylgdu reglunum sem settar eru fram af þeim",
    "Time": "Tími",
    "TimeFormat": "Tímasnið",
    "TorrentDelay": "Torrent Delay",
    "TorrentDelayHelpText": "Seinkaðu í nokkrar mínútur til að bíða áður en þú grípur strauminn",
    "Torrents": "Flæði",
    "TotalFileSize": "Heildarstærð skráar",
    "Track": "Spor",
    "Type": "Tegund",
    "UiSettings": "Stillingar HÍ",
    "UiLanguageHelpText": "Tungumál sem {appName} mun nota fyrir HÍ",
    "UiLanguageHelpTextWarning": "Endurhlaða vafra krafist",
    "UnableToAddANewDownloadClientPleaseTryAgain": "Ekki er hægt að bæta við nýjum niðurhalsþjóni, reyndu aftur.",
    "UnableToAddANewImportListExclusionPleaseTryAgain": "Ekki er hægt að bæta við nýjum listaútilokun, reyndu aftur.",
    "UnableToAddANewIndexerPleaseTryAgain": "Ekki er hægt að bæta við nýjum flokkara, reyndu aftur.",
    "UnableToAddANewListPleaseTryAgain": "Ekki er hægt að bæta við nýjum lista. Reyndu aftur.",
    "UnableToAddANewMetadataProfilePleaseTryAgain": "Ekki er hægt að bæta við nýjum gæðaprófíl, reyndu aftur.",
    "UnableToAddANewNotificationPleaseTryAgain": "Ekki er hægt að bæta við nýrri tilkynningu. Reyndu aftur.",
    "UnableToAddANewQualityProfilePleaseTryAgain": "Ekki er hægt að bæta við nýjum gæðaprófíl, reyndu aftur.",
    "UnableToLoadDownloadClients": "Ekki er hægt að hlaða niður viðskiptavinum",
    "UnableToLoadGeneralSettings": "Ekki er hægt að hlaða almennar stillingar",
    "UnableToLoadHistory": "Ekki er hægt að hlaða sögu",
    "UnableToLoadImportListExclusions": "Ekki er hægt að hlaða undanþágu lista",
    "UnableToLoadIndexerOptions": "Ekki er hægt að hlaða valkosti flokkara",
    "UnableToLoadIndexers": "Ekki er hægt að hlaða Indexers",
    "UnableToLoadLists": "Ekki er hægt að hlaða lista",
    "UnableToLoadMediaManagementSettings": "Ekki er hægt að hlaða stillingar fjölmiðlastjórnunar",
    "UnableToLoadMetadata": "Ekki er hægt að hlaða lýsigögn",
    "UnableToLoadMetadataProfiles": "Ekki er hægt að hlaða seinkunarsnið",
    "UnableToLoadNamingSettings": "Ekki er hægt að hlaða nafnastillingar",
    "UnableToLoadNotifications": "Ekki er hægt að hlaða tilkynningar",
    "UpdateAutomaticallyHelpText": "Sjálfkrafa hlaða niður og setja upp uppfærslur. Þú munt samt geta sett upp úr System: Updates",
    "UpdateScriptPathHelpText": "Leið að sérsniðnu handriti sem tekur útdreginn uppfærslupakka og annast afganginn af uppfærsluferlinu",
    "AppDataDirectory": "AppData skrá",
    "20MinutesTwenty": "120 mínútur: {0}",
    "45MinutesFourtyFive": "60 mínútur: {0}",
    "60MinutesSixty": "60 mínútur: {0}",
    "APIKey": "API lykill",
    "About": "Um það bil",
    "AddListExclusion": "Bæta við lista útilokun",
    "AddingTag": "Bætir við merki",
    "AgeWhenGrabbed": "Aldur (þegar gripið er)",
    "AlbumIsDownloadingInterp": "Kvikmynd er að hlaða niður - {0}% {1}",
    "AlreadyInYourLibrary": "Þegar í bókasafninu þínu",
    "AlternateTitles": "Aðrar titill",
    "AlternateTitleslength1Title": "Titill",
    "AlternateTitleslength1Titles": "Titlar",
    "Analytics": "Greiningar",
    "AnalyticsEnabledHelpText": "Sendu nafnlausar upplýsingar um notkun og villur á netþjóna {appName}. Þetta felur í sér upplýsingar í vafranum þínum, hvaða {appName} WebUI síður þú notar, villuskýrslur sem og stýrikerfi og keyrsluútgáfu. Við munum nota þessar upplýsingar til að forgangsraða eiginleikum og villuleiðréttingum.",
    "AnalyticsEnabledHelpTextWarning": "Krefst endurræsingar til að taka gildi",
    "ApiKeyHelpTextWarning": "Krefst endurræsingar til að taka gildi",
    "ScriptPath": "Handritaleið",
    "Search": "Leitaðu",
    "SearchAll": "Leitaðu allra",
    "SearchForMissing": "Leitaðu að vantar",
    "SearchSelected": "Leit valin",
    "Security": "Öryggi",
    "SendAnonymousUsageData": "Sendu nafnlaus notkunargögn",
    "SetPermissions": "Stilltu heimildir",
    "SetPermissionsLinuxHelpText": "Ætti að keyra chmod þegar skrár eru fluttar inn / endurnefnt?",
    "SetPermissionsLinuxHelpTextWarning": "Ef þú ert ekki viss um hvað þessar stillingar gera skaltu ekki breyta þeim.",
    "Settings": "Stillingar",
    "ShortDateFormat": "Stutt dagsetningarsnið",
    "ShowCutoffUnmetIconHelpText": "Sýna táknmynd fyrir skrár þegar ekki hefur verið staðið við niðurskurðinn",
    "ShowDateAdded": "Sýna dagsetningu bætt við",
    "ShowMonitored": "Sýna eftirlit",
    "ShowMonitoredHelpText": "Sýnið vöktaða stöðu undir veggspjaldi",
    "Size": " Stærð",
    "SkipFreeSpaceCheck": "Slepptu ókeypis plássathugun",
    "SorryThatAlbumCannotBeFound": "Því miður er ekki hægt að finna þá kvikmynd.",
    "SorryThatArtistCannotBeFound": "Því miður er ekki hægt að finna þá kvikmynd.",
    "Source": "Heimild",
    "SourcePath": "Heimildarslóð",
    "UpgradeAllowedHelpText": "Ef fatlaðir eiginleikar verða ekki uppfærðir",
    "UrlBaseHelpText": "Fyrir öfugan umboðsmannastuðning er sjálfgefið autt",
    "UrlBaseHelpTextWarning": "Krefst endurræsingar til að taka gildi",
    "UseHardlinksInsteadOfCopy": "Notaðu harða tengla í stað afritunar",
    "UseProxy": "Notaðu Proxy",
    "Usenet": "Usenet",
    "UsenetDelay": "Seinkun Usenet",
    "UsenetDelayHelpText": "Seinkaðu í nokkrar mínútur til að bíða áður en þú grípur losun frá Usenet",
    "Username": "Notendanafn",
    "UsingExternalUpdateMechanismBranchToUseToUpdateLidarr": "Útibú til að nota til að uppfæra {appName}",
    "UsingExternalUpdateMechanismBranchUsedByExternalUpdateMechanism": "Útibú notað af ytri uppfærslu",
    "Version": "Útgáfa",
    "Actions": "Aðgerðir",
    "Authentication": "Auðkenning",
    "BackupNow": "Taktu öryggisafrit núna",
    "Clear": "Hreinsa",
    "Columns": "Súlur",
    "CompletedDownloadHandling": "Lokið meðhöndlun niðurhals",
    "Connections": "Tengingar",
    "FileManagement": "Skráastjórnun",
    "GrabRelease": "Grípa losun",
    "IsTagUsedCannotBeDeletedWhileInUse": "Ekki er hægt að eyða meðan hún er í notkun",
    "LaunchBrowserHelpText": " Opnaðu vafra og farðu á {appName} heimasíðuna þegar forritið byrjar.",
    "Local": "Staðbundin",
    "LocalPath": "Local Path",
    "LocalPathHelpText": "Leið sem {appName} ætti að nota til að komast á fjarstíginn á staðnum",
    "LogFiles": "Log skrár",
    "Logging": "Skógarhögg",
    "LogLevel": "Log Level",
    "LogLevelvalueTraceTraceLoggingShouldOnlyBeEnabledTemporarily": "Aðeins ætti að virkja rakningaskráningu tímabundið",
    "Logs": "Logs",
    "LongDateFormat": "Langt stefnumót",
    "ManualImport": "Handvirkur innflutningur",
    "MarkAsFailed": "Merkja sem mistókst",
    "MarkAsFailedMessageText": "Ertu viss um að þú viljir merkja '{0}' sem mistókst?",
    "MaximumLimits": "Hámarksmörk",
    "MaximumSize": "Hámarksstærð",
    "MaximumSizeHelpText": "Hámarksstærð fyrir útgáfu sem hægt er að grípa í MB. Stillt á núll til að stilla á ótakmarkað",
    "Mechanism": "Mekanismi",
    "MediaInfo": "Upplýsingar frá fjölmiðlum",
    "MediaManagementSettings": "Stillingar fjölmiðlastjórnunar",
    "MetadataSettings": "Stillingar lýsigagna",
    "MIA": "MIA",
    "MinimumAge": "Lágmarksaldur",
    "MinimumAgeHelpText": "Aðeins Usenet: Lágmarksaldur í mínútum NZB áður en þeir eru gripnir. Notaðu þetta til að gefa nýjum útgáfum tíma til að breiða út fyrir usenet þjónustuveituna þína.",
    "MinimumFreeSpace": "Lágmarks laust pláss",
    "MinimumLimits": "Lágmark",
    "Mode": "Mode",
    "Monitored": "Fylgst með",
    "MoreInfo": "Meiri upplýsingar",
    "MustContain": "Verður að innihalda",
    "MustNotContain": "Má ekki innihalda",
    "Name": "Nafn",
    "NamingSettings": "Nafngiftarstillingar",
    "New": "Nýtt",
    "NoBackupsAreAvailable": "Engin afrit eru í boði",
    "NoHistory": "Engin saga",
    "NoLeaveIt": "Nei, skilið það eftir",
    "NoLogFiles": "Engar logskrár",
    "None": "Enginn",
    "NotificationTriggers": "Tilkynningakveikjur",
    "NoUpdatesAreAvailable": "Engar uppfærslur eru í boði",
    "OpenBrowserOnStart": "Opnaðu vafra við byrjun",
    "Options": "Valkostir",
    "Original": "Frumlegt",
    "PackageVersion": "Pakki Útgáfa",
    "PageSize": "Stærð blaðsíðu",
    "PageSizeHelpText": "Fjöldi atriða til að sýna á hverri síðu",
    "Password": "Lykilorð",
    "Path": "Leið",
    "Permissions": "Heimildir",
    "PosterSize": "Veggspjaldastærð",
    "PreviewRename": "Forskoða Endurnefna",
    "Profiles": "Snið",
    "Proper": "Rétt",
    "PropersAndRepacks": "Propers og Repacks",
    "Protocol": "Bókun",
    "ProtocolHelpText": "Veldu hvaða samskiptareglur (s) á að nota og hver er valinn þegar þú velur á milli annars jafnra útgáfa",
    "Proxy": "Umboðsmaður",
    "ProxyBypassFilterHelpText": "Notaðu ',' sem aðskilnað og '*.' sem jókort fyrir undirlén",
    "ProxyPasswordHelpText": "Þú þarft aðeins að slá inn notendanafn og lykilorð ef þess er krafist. Láttu þá vera auða annars.",
    "ProxyType": "Umboðsmaður",
    "ProxyUsernameHelpText": "Þú þarft aðeins að slá inn notendanafn og lykilorð ef þess er krafist. Láttu þá vera auða annars.",
    "PublishedDate": "Útgáfudagur",
    "Quality": "Gæði",
    "QualityDefinitions": "Gæðaskilgreiningar",
    "QualityProfile": "Gæðaprófíll",
    "QualityProfiles": "Gæðasnið",
    "Real": "Alvöru",
    "ReleaseRejected": "Losun hafnað",
    "ReleaseStatuses": "Sleppa stöðu",
    "ReleaseWillBeProcessedInterp": "Útgáfa verður afgreidd {0}",
    "Reload": "Endurhlaða",
    "RemotePath": "Fjarstígur",
    "RemotePathHelpText": "Rótarslóð að skráasafninu sem Download viðskiptavinurinn hefur aðgang að",
    "RemotePathMappings": "Remote Path Mappings",
    "Remove": "Fjarlægðu",
    "RemoveCompletedDownloadsHelpText": "Fjarlægðu innflutt niðurhal frá niðurhalsferli viðskiptavinar",
    "RemovedFromTaskQueue": "Fjarlægð úr verkröð",
    "RemoveTagRemovingTag": "Fjarlægir merkið",
    "Reorder": "Endurraða",
    "ReplaceIllegalCharacters": "Skiptu um ólöglega stafi",
    "Restore": "Endurheimta",
    "RestoreBackup": "Endurheimtu öryggisafrit",
    "Result": "Niðurstaða",
    "Retention": "Varðveisla",
    "RetentionHelpText": "Aðeins usenet: stillt á núll til að stilla fyrir ótakmarkaða varðveislu",
    "RetryingDownloadOn": "Reynir aftur að hlaða niður {0} kl. {1}",
    "RootFolder": "Rótamappa",
    "RootFolders": "Rótamöppur",
    "ShownAboveEachColumnWhenWeekIsTheActiveView": "Sýnt fyrir ofan hvern dálk þegar vikan er virka skjámyndin",
    "ShowPath": "Sýna leið",
    "ShowQualityProfile": "Sýna gæðasnið",
    "ShowQualityProfileHelpText": "Sýnið gæðasnið undir veggspjaldinu",
    "ShowRelativeDates": "Sýna hlutfallslegar dagsetningar",
    "ShowRelativeDatesHelpText": "Sýndu ættingja (í dag / í gær / etc) eða algerar dagsetningar",
    "ShowSearch": "Sýna leit",
    "ShowSearchActionHelpText": "Sýna leitarhnappinn á sveima",
    "ShowSizeOnDisk": "Sýna stærð á diski",
    "ShowUnknownArtistItems": "Sýna óþekktar kvikmyndir",
    "SSLCertPassword": "SSL vottorð lykilorð",
    "SslCertPasswordHelpText": "Lykilorð fyrir PFX skrá",
    "SslCertPasswordHelpTextWarning": "Krefst endurræsingar til að taka gildi",
    "SSLCertPath": "SSL vottunarleið",
    "SslCertPathHelpText": "Leið að pfx skrá",
    "SslCertPathHelpTextWarning": "Krefst endurræsingar til að taka gildi",
    "SSLPort": "SSL höfn",
    "SslPortHelpTextWarning": "Krefst endurræsingar til að taka gildi",
    "StartupDirectory": "Ræsiskrá",
    "Style": "Stíll",
    "SuccessMyWorkIsDoneNoFilesToRename": "Árangur! Vinnu minni er lokið, engar skrár til að endurnefna.",
    "SuccessMyWorkIsDoneNoFilesToRetag": "Árangur! Vinnu minni er lokið, engar skrár til að endurnefna.",
    "SupportsRssvalueRSSIsNotSupportedWithThisIndexer": "RSS er ekki studd með þessum flokkara",
    "SupportsSearchvalueSearchIsNotSupportedWithThisIndexer": "Leit er ekki studd með þessum flokkara",
    "SupportsSearchvalueWillBeUsedWhenAutomaticSearchesArePerformedViaTheUIOrByLidarr": "Verður notað þegar sjálfvirkar leitir eru framkvæmdar í HÍ eða af {appName}",
    "SupportsSearchvalueWillBeUsedWhenInteractiveSearchIsUsed": "Verður notað þegar gagnvirk leit er notuð",
    "TagIsNotUsedAndCanBeDeleted": "Merkið er ekki notað og hægt er að eyða því",
    "Tags": "Merkimiðar",
    "UnableToLoadBackups": "Ekki er hægt að hlaða afrit",
    "UnableToLoadReleaseProfiles": "Ekki er hægt að hlaða seinkunarsnið",
    "UpdateAll": "Uppfæra allt",
    "UpdateMechanismHelpText": "Notaðu innbyggða uppfærslu {appName} eða handrit",
    "Updates": "Uppfærslur",
    "Year": "Ár",
    "YesCancel": "Já, hætta við",
    "UnableToAddANewRemotePathMappingPleaseTryAgain": "Ekki er hægt að bæta við nýrri fjarlægri slóðakortun, reyndu aftur.",
    "UnableToAddANewRootFolderPleaseTryAgain": "Ekki er hægt að bæta við nýju sérsniðnu sniði. Reyndu aftur.",
    "UnableToLoadBlocklist": "Ekki er hægt að hlaða svartan lista",
    "UnableToLoadDelayProfiles": "Ekki er hægt að hlaða seinkunarsnið",
    "UnableToLoadDownloadClientOptions": "Ekki er hægt að hlaða niður valkosti viðskiptavinar",
    "UnableToLoadQualities": "Ekki er hægt að hlaða eiginleika",
    "UnableToLoadQualityDefinitions": "Ekki er hægt að hlaða gæðaskilgreiningar",
    "UnableToLoadQualityProfiles": "Ekki er hægt að hlaða gæðasnið",
    "UnableToLoadRemotePathMappings": "Ekki er hægt að hlaða fjarstígakort",
    "UnableToLoadRootFolders": "Ekki er hægt að hlaða rótarmöppum",
    "UnableToLoadTags": "Ekki er hægt að hlaða merkin",
    "UnableToLoadTheCalendar": "Ekki er hægt að hlaða dagatalið",
    "UnableToLoadUISettings": "Ekki er hægt að hlaða stillingar HÍ",
    "Unmonitored": "Óeftirlit",
    "UnmonitoredHelpText": "Láttu kvikmyndir sem ekki hafa verið eftirlit með í iCal straumnum",
    "URLBase": "Vefslóðagrunnur",
    "WeekColumnHeader": "Haus vikudálkur",
    "Automatic": "Sjálfskiptur",
    "DelayingDownloadUntil": "Seinkar niðurhali til {0} kl. {1}",
    "Scheduled": "Tímaáætlun",
    "Ungroup": "Aftengja hópinn",
    "Uptime": "Spenntur",
    "OnGrab": "Á grípa",
    "OnHealthIssue": "Um heilbrigðismál",
    "OnRename": "Um Endurnefna",
    "OnUpgrade": "Við uppfærslu",
    "Tracks": "Spor",
    "NETCore": ".NET algerlega",
    "Docker": "Docker",
    "Activity": "Virkni",
    "Add": "Bæta við",
    "AddDelayProfile": "Bæta við töf prófíl",
    "Added": "Bætt við",
    "AddIndexer": "Bættu við Indexer",
    "AddNew": "Bæta við nýju",
    "AddQualityProfile": "Bæta við gæðaprófíl",
    "AddRemotePathMapping": "Bæta við Remote Path Mapping",
    "AddRootFolder": "Bæta við rótarmöppu",
    "AfterManualRefresh": "Eftir handvirka endurnýjun",
    "Age": "Aldur",
    "All": "Allt",
    "AllFiles": "Allar skrár",
    "Apply": "Sækja um",
    "AudioInfo": "Hljóðupplýsingar",
    "BeforeUpdate": "Fyrir uppfærslu",
    "Close": "Lokaðu",
    "Connect": "Tengjast",
    "Custom": "Sérsniðin",
    "CustomFilters": "Sérsniðin síur",
    "Date": "Dagsetning",
    "Deleted": "Eytt",
    "Donations": "Framlög",
    "DoNotPrefer": "Ekki frekar",
    "DoNotUpgradeAutomatically": "Ekki uppfæra sjálfkrafa",
    "DownloadFailed": "Niðurhal mistókst",
    "EditDelayProfile": "Breyta seinkunarprófíl",
    "EditImportListExclusion": "Eyða útilokun innflutningslista",
    "EditQualityProfile": "Breyttu gæðaprófíl",
    "EditRemotePathMapping": "Breyta kortlagningu fjarstígs",
    "EditRootFolder": "Bæta við rótarmöppu",
    "Error": "Villa",
    "ErrorRestoringBackup": "Villa við að endurheimta afrit",
    "Events": "Viðburðir",
    "EventType": "Viðburðargerð",
    "Filters": "Sía",
    "FreeSpace": "Laust pláss",
    "General": "Almennt",
    "Genres": "Tegundir",
    "Grabbed": "Greip",
    "HardlinkCopyFiles": "Hardlink / afrita skrár",
    "HideAdvanced": "Fela lengra komna",
    "Ignored": "Hunsað",
    "Import": "Flytja inn",
    "LastExecution": "Síðasta aftaka",
    "LastUsed": "Síðast notað",
    "LastWriteTime": "Síðasti skrifatími",
    "Location": "Staðsetning",
    "Manual": "Handbók",
    "MediaManagement": "Fjölmiðlastjórnun",
    "Metadata": "Lýsigögn",
    "MonitoredOnly": "Aðeins fylgst með",
    "MoveAutomatically": "Fljótur innflutningur",
    "MoveFiles": "Færa skrár",
    "NextExecution": "Næsta framkvæmd",
    "NoTagsHaveBeenAddedYet": "Engum merkjum hefur verið bætt við ennþá",
    "OnlyTorrent": "Aðeins Torrent",
    "OnlyUsenet": "Aðeins Usenet",
    "Organize": "Skipuleggðu",
    "OutputPath": "Framleiðsla",
    "Peers": "Jafningjar",
    "PreferAndUpgrade": "Kjósa og uppfæra",
    "Rating": "Einkunnir",
    "RejectionCount": "Höfnunartalning",
    "ReleaseTitle": "Slepptu titli",
    "Renamed": "Endurnefnt",
    "Replace": "Skipta um",
    "RestartRequiredHelpTextWarning": "Krefst endurræsingar til að taka gildi",
    "RestoreBackupAdditionalInfo": "Athugið: {appName} mun sjálfkrafa endurræsa og endurhlaða notendaviðmiðið meðan á endurreisnarferlinu stendur.",
    "Save": "Vista",
    "Seeders": "Plöntur",
    "Select...": "'Veldu ...",
    "SelectFolder": "Veldu Mappa",
    "SelectQuality": "Veldu Gæði",
    "ShowAdvanced": "Sýna lengra komna",
    "SizeOnDisk": "Stærð á diski",
    "SourceTitle": "Heimildartitill",
    "System": "Kerfi",
    "Test": "Próf",
    "Title": "Titill",
    "TotalSpace": "Heildarrými",
    "Ui": "HÍ",
    "UnmappedFilesOnly": "Aðeins ókortlagðar skrár",
    "UnmonitoredOnly": "Aðeins fylgst með",
    "UpgradesAllowed": "Uppfærsla leyfð",
    "Wanted": "Óskað",
    "Warn": "Vara við",
    "WouldYouLikeToRestoreBackup": "Viltu endurheimta öryggisafritið {0}?",
    "Ok": "Allt í lagi",
    "Progress": "Framsókn",
    "Always": "Alltaf",
    "Backup": "Afritun",
    "Details": "Upplýsingar",
    "Info": "Upplýsingar",
    "InteractiveImport": "Gagnvirkur innflutningur",
    "LastDuration": "lastDuration",
    "Presets": "Forstillingar",
    "QualityLimitsHelpText": "Takmörkun er sjálfkrafa leiðrétt fyrir keyrslutíma kvikmyndarinnar.",
    "Queued": "Í biðröð",
    "TimeLeft": "Tími eftir",
    "AddImportListExclusion": "Eyða útilokun innflutningslista",
    "ImportListExclusions": "Eyða útilokun innflutningslista",
    "QualitiesHelpText": "Eiginleikar ofar á listanum eru ákjósanlegri. Gæði innan sama hóps eru jöfn. Aðeins hakaðir eiginleikar óskast",
    "DoneEditingGroups": "Búið að klippa hópa",
    "EditGroups": "Breyta hópum",
    "MinimumCustomFormatScore": "Lágmarkseinkunn fyrir sérsniðið snið",
    "CustomFormatScore": "Sérsniðið snið",
    "CloneCustomFormat": "Klón sérsniðið snið",
    "Conditions": "Aðstæður",
    "CopyToClipboard": "Afritaðu á klemmuspjald",
    "CouldntFindAnyResultsForTerm": "Fann engar niðurstöður fyrir '{0}'",
    "CustomFormat": "Sérsniðið snið",
    "CustomFormatRequiredHelpText": "Þetta {0} skilyrði verður að passa til að sérsniðna sniðið gildi. Annars nægir einn {1} samsvörun.",
    "CustomFormatSettings": "Stillingar sérsniðinna sniða",
    "CustomFormats": "Sérsniðin snið",
    "Customformat": "Sérsniðið snið",
    "CutoffFormatScoreHelpText": "Þegar þessu sérsniðna sniði hefur verið náð mun {appName} ekki lengur hlaða niður kvikmyndum",
    "DeleteCustomFormatMessageText": "Ertu viss um að þú viljir eyða vísitölunni '{0}'?",
    "DeleteFormatMessageText": "Ertu viss um að þú viljir eyða sniðmerkinu {0}?",
    "DownloadPropersAndRepacksHelpTextWarning": "Notaðu sérsniðin snið fyrir sjálfvirka uppfærslu í Propers / Repacks",
    "DownloadedUnableToImportCheckLogsForDetails": "Sótt - Ekki hægt að flytja inn: athugaðu annálana til að fá frekari upplýsingar",
    "ExportCustomFormat": "Flytja út sérsniðið snið",
    "FailedDownloadHandling": "Mistókst niðurhalshöndlun",
    "FailedLoadingSearchResults": "Mistókst að hlaða leitarniðurstöður. Reyndu aftur.",
    "IncludeCustomFormatWhenRenamingHelpText": "Taktu til með {sérsniðnu sniði} endurnefnissniðinu",
    "MaintenanceRelease": "Útgáfa viðhalds: villuleiðréttingar og aðrar úrbætur. Sjá Github skuldbindingarferil fyrir frekari upplýsingar",
    "MinFormatScoreHelpText": "Lágmarkseinkunn fyrir sérsniðið snið leyfilegt að hlaða niður",
    "Monitor": "Fylgjast með",
    "NegateHelpText": "Ef þetta er hakað við mun sérsniðna sniðið ekki eiga við ef þetta {0} skilyrði samsvarar.",
    "PreferTorrent": "Kjósa Torrent",
    "PreferUsenet": "Kjósa Usenet",
    "UnableToLoadCustomFormats": "Ekki er hægt að hlaða sérsniðin snið",
    "UnableToLoadInteractiveSearch": "Ekki er hægt að hlaða niðurstöðum fyrir þessa kvikmyndaleit. Reyndu aftur seinna",
    "DeleteCustomFormat": "Eyða sérsniðnu sniði",
    "ItsEasyToAddANewArtistJustStartTypingTheNameOfTheArtistYouWantToAdd": "Það er auðvelt að bæta við nýrri kvikmynd, byrjaðu bara að slá inn nafn myndarinnar sem þú vilt bæta við",
    "TheArtistFolderStrongpathstrongAndAllOfItsContentWillBeDeleted": "Kvikmyndamöppunni „{0}“ og öllu innihaldi hennar verður eytt.",
    "Formats": "Snið",
    "Disabled": "Öryrkjar",
    "HiddenClickToShow": "Falinn, smelltu til að sýna",
    "ImportListStatusCheckAllClientMessage": "Allir listar eru ekki tiltækir vegna bilana",
    "ImportListStatusCheckSingleClientMessage": "Listar ekki tiltækir vegna bilana: {0}",
    "ImportMechanismHealthCheckMessage": "Virkja lokið niðurhalshöndlun",
    "IndexerSearchCheckNoAutomaticMessage": "Engir verðtryggingaraðilar í boði með sjálfvirka leit virkt, {appName} mun ekki veita neinar sjálfvirkar leitarniðurstöður",
    "IndexerStatusCheckSingleClientMessage": "Vísitölufólk er ekki tiltækt vegna bilana: {0}",
    "IndexerStatusCheckAllClientMessage": "Allir verðtryggingaraðilar eru ekki tiltækir vegna bilana",
    "ProxyCheckBadRequestMessage": "Mistókst að prófa umboðsmann. Stöðukóði: {0}",
    "ProxyCheckFailedToTestMessage": "Mistókst að prófa umboðsmann: {0}",
    "ProxyCheckResolveIpMessage": "Mistókst að leysa IP-tölu fyrir stillta proxy-gestgjafa {0}",
    "ReplaceWithSpaceDash": "Skiptu um með Space Dash",
    "ShownClickToHide": "Sýnt, smelltu til að fela",
    "IndexerSearchCheckNoAvailableIndexersMessage": "Allir vísitöluflokkar sem geta leitað eru tímabundið ófáanlegir vegna nýlegra villubreytinga",
    "IndexerSearchCheckNoInteractiveMessage": "Engir verðtryggingaraðilar í boði með virka gagnvirka leit, {appName} mun ekki veita neinar gagnvirkar leitarniðurstöður",
    "UpdateCheckUINotWritableMessage": "Ekki er hægt að setja uppfærslu vegna þess að notendamöppan '{0}' er ekki skrifuð af notandanum '{1}'.",
    "AppDataLocationHealthCheckMessage": "Uppfærsla verður ekki möguleg til að koma í veg fyrir að AppData sé eytt við uppfærslu",
    "ColonReplacement": "Skipt um ristil",
    "DownloadClientRootFolderHealthCheckMessage": "Sæktu viðskiptavinur {downloadClientName} setur niðurhal í rótarmöppuna {rootFolderPath}. Þú ættir ekki að hlaða niður í rótarmöppu.",
    "DownloadClientCheckNoneAvailableMessage": "Enginn niðurhalsþjónn er í boði",
    "DownloadClientCheckUnableToCommunicateMessage": "Ekki er hægt að eiga samskipti við {0}.",
    "DownloadClientStatusCheckAllClientMessage": "Allir viðskiptavinir sem hlaða niður eru ekki tiltækir vegna bilana",
    "DownloadClientStatusCheckSingleClientMessage": "Sæktu viðskiptavini sem eru ekki tiltækir vegna bilana: {0}",
    "IndexerLongTermStatusCheckAllClientMessage": "Allir verðtryggingaraðilar eru ekki tiltækir vegna bilana í meira en 6 klukkustundir",
    "IndexerLongTermStatusCheckSingleClientMessage": "Vísitölufólk er ekki tiltækt vegna bilana í meira en 6 klukkustundir: {0}",
    "IndexerRssHealthCheckNoAvailableIndexers": "Allir indexers sem styðja rss eru tímabundið ófáanlegir vegna nýlegra villubreytinga",
    "IndexerRssHealthCheckNoIndexers": "Engir verðtryggingaraðilar í boði með RSS samstillingu virkt, {appName} mun ekki grípa í nýjar útgáfur sjálfkrafa",
    "MountArtistHealthCheckMessage": "Fjall sem inniheldur kvikmyndaslóð er aðeins skrifvarið: ",
    "ReplaceWithDash": "Skiptu um með Dash",
    "ReplaceWithSpaceDashSpace": "Skiptu um með Space Dash Space",
    "RootFolderCheckMultipleMessage": "Margar rótarmöppur vantar: {0}",
    "RootFolderCheckSingleMessage": "Rótarmöppu vantar: {0}",
    "SystemTimeCheckMessage": "Slökkt er á tíma kerfisins meira en 1 dag. Skipulögð verkefni ganga kannski ekki rétt fyrr en tíminn er leiðréttur",
    "UpdateCheckStartupNotWritableMessage": "Ekki er hægt að setja uppfærslu þar sem ræsimappan '{0}' er ekki skrifanleg af notandanum '{1}'.",
    "UpdateCheckStartupTranslocationMessage": "Ekki er hægt að setja uppfærslu vegna þess að ræsimappan '{0}' er í forritunarmöppu forrits.",
    "DeleteRemotePathMapping": "Breyta kortlagningu fjarstígs",
    "DeleteRemotePathMappingMessageText": "Ertu viss um að þú viljir eyða þessari ytri slóðakortun?",
    "FailedToLoadQueue": "Mistókst að hlaða biðröð",
    "BlocklistReleases": "Útgáfa svartalista",
    "DeleteConditionMessageText": "Ertu viss um að þú viljir eyða merkinu '{0}'?",
    "DeleteSelectedDownloadClients": "Eyða niðurhals viðskiptavinur",
    "DeleteSelectedIndexers": "Eyða Indexer",
    "ExistingTag": "Núverandi merki",
    "Negated": "Negated",
    "No": "Nei",
    "NoChange": "Engin breyting",
    "Yes": "Já",
    "Required": "Nauðsynlegt",
    "NoEventsFound": "Engir viðburðir fundust",
    "QueueIsEmpty": "Biðröðin er tóm",
    "RemoveSelectedItemBlocklistMessageText": "Ertu viss um að þú viljir fjarlægja valda hluti af svörtum lista?",
    "ApplyTagsHelpTextAdd": "Bæta við: Bættu merkjum við núverandi lista yfir merki",
    "ApplyTagsHelpTextRemove": "Fjarlægja: Fjarlægðu innsláttarmerkin",
    "RemoveSelectedItemQueueMessageText": "Ertu viss um að þú viljir fjarlægja {0} hlut {1} úr biðröðinni?",
    "RemoveSelectedItemsQueueMessageText": "Ertu viss um að þú viljir fjarlægja {0} hlut {1} úr biðröðinni?",
    "RemovingTag": "Fjarlægir merkið",
    "SetTags": "Settu merki",
    "ApplyTagsHelpTextHowToApplyArtists": "Hvernig á að setja merki á völdu kvikmyndirnar",
    "ApplyTagsHelpTextHowToApplyImportLists": "Hvernig á að setja merki á völdu kvikmyndirnar",
    "ApplyTagsHelpTextHowToApplyIndexers": "Hvernig á að setja merki á völdu kvikmyndirnar",
    "GrabReleaseUnknownArtistOrAlbumMessageText": "{appName} gat ekki ákvarðað fyrir hvaða kvikmynd þessi útgáfa var gerð. {appName} gæti hugsanlega ekki flutt þessa útgáfu sjálfkrafa inn. Viltu grípa '{0}'?",
    "InteractiveSearchModalHeader": "Gagnvirk leit",
    "MonitorNoAlbums": "Enginn",
    "SomeResultsAreHiddenByTheAppliedFilter": "Sumar niðurstöður eru faldar af beittu síunni",
    "OverviewOptions": "Yfirlit valkostir",
    "WhatsNew": "Hvað er nýtt?",
    "AddImportListExclusionArtistHelpText": "Koma í veg fyrir að kvikmyndum verði bætt við {appName} af listum",
    "CustomFilter": "Sérsniðin síur",
    "DeleteAutoTagHelpText": "Ertu viss um að þú viljir eyða gæðasniðinu {0}",
    "Enabled": "Virkt",
    "Lowercase": "Lágstafir",
    "Negate": "Negate",
    "NotificationStatusAllClientHealthCheckMessage": "Allir listar eru ekki tiltækir vegna bilana",
    "PreferredSize": "Æskileg stærð",
    "Unlimited": "Ótakmarkað",
    "Uppercase": "Hástafi",
    "Yesterday": "Í gær",
    "ConnectionLost": "Tenging rofin",
    "ApplyTagsHelpTextHowToApplyDownloadClients": "Hvernig á að setja merki á völdu kvikmyndirnar",
    "KeyboardShortcuts": "Flýtilyklar",
    "AuthBasic": "Grunn (sprettiglugga vafra)",
    "DisabledForLocalAddresses": "Óvirkt vegna heimilisfanga",
    "ImportLists": "Listar",
    "ConditionUsingRegularExpressions": "Þetta ástand samsvarar notkun venjulegra segða. Athugaðu að stafirnir {0} hafa sérstaka merkingu og þurfa að flýja með {1}",
    "ConnectionLostReconnect": "Radarr mun reyna að tengjast sjálfkrafa eða þú getur smellt á endurhlaða hér að neðan.",
    "ExtraFileExtensionsHelpText": "Komma aðskilinn listi yfir auka skrár til að flytja inn (.nfo verður fluttur inn sem .nfo-orig)",
    "GeneralSettingsSummary": "Gátt, SSL, notandanafn / lykilorð, umboð, greining og uppfærslur",
    "ImportList": "Listar",
    "IndexerFlags": "Indexer fánar",
    "IndexerPriorityHelpText": "Forgangur flokkara frá 1 (Hæstur) til 50 (Lægstur). Sjálfgefið: 25.",
    "Large": "Stór",
    "Links": "Krækjur",
    "NoLimitForAnyDuration": "Engin takmörk fyrir neina keyrslutíma",
    "Posters": "Veggspjöld",
    "MonitoredStatus": "Fylgst með / Staða",
    "ExtraFileExtensionsHelpTextsExamples": "Dæmi: '.sub, .nfo' eða 'sub, nfo'",
    "FormatAgeHour": "Klukkutímar",
    "FormatAgeHours": "Klukkutímar",
    "FormatAgeMinute": "Fundargerð",
    "FormatAgeMinutes": "Fundargerð",
    "NoMinimumForAnyDuration": "Ekkert lágmark fyrir neina keyrslutíma",
    "RecentChanges": "Nýlegar breytingar",
    "CustomFormatsSettingsSummary": "Sérsniðin snið og stillingar",
    "AddNewArtistSearchForMissingAlbums": "Byrjaðu að leita að kvikmynd sem vantar",
    "ConnectSettingsSummary": "Tilkynningar, tengingar við netþjóna / spilara og sérsniðnar forskriftir",
    "CustomFormatsSettings": "Stillingar sérsniðinna sniða",
    "DownloadClientsSettingsSummary": "Sæktu viðskiptavini, hlaðið niður meðhöndlun og fjarlægðar slóðakortanir",
    "FileNameTokens": "Auðkenni skráarheita",
    "ImportListsSettingsSummary": "Flytja inn lista, útiloka lista",
    "TagsSettingsSummary": "Sjáðu öll merkin og hvernig þau eru notuð. Hægt er að fjarlægja ónotuð merki",
    "DeleteSpecificationHelpText": "Ertu viss um að þú viljir eyða gæðasniðinu {0}",
    "AllResultsAreHiddenByTheAppliedFilter": "Allar niðurstöður eru faldar af beittu síunni",
    "NoResultsFound": "Engar niðurstöður fundust",
    "Priority": "Forgangsröð",
    "Overview": "Yfirlit",
    "SuggestTranslationChange": "Legg til þýðingabreytingu",
    "GrabId": "Grípa skilríki",
    "AddListExclusionHelpText": "Koma í veg fyrir að kvikmyndum verði bætt við {appName} af listum",
    "AlbumsLoadError": "Ekki er hægt að hlaða afrit",
    "OrganizeSelectedArtists": "Skipuleggðu valdar kvikmyndir",
    "PosterOptions": "Valkostir veggspjalda",
    "Small": "Lítil",
    "AddNewArtistRootFolderHelpText": "„{0}“ undirmöppan verður búin til sjálfkrafa",
    "QualitySettingsSummary": "Gæðastærðir og nafngiftir",
    "RenameFiles": "Endurnefna skrár",
    "Table": "Tafla",
    "Tomorrow": "Á morgun",
    "UiSettingsSummary": "Dagatal, dagsetning og litaskertir valkostir",
    "NotificationStatusSingleClientHealthCheckMessage": "Listar ekki tiltækir vegna bilana: {0}",
    "UpdateSelected": "Uppfærsla valin",
    "RemoveQueueItemConfirmation": "Ertu viss um að þú viljir fjarlægja {0} hlut {1} úr biðröðinni?",
    "AddAutoTagError": "Ekki er hægt að bæta við nýjum lista. Reyndu aftur.",
    "AddConditionError": "Ekki er hægt að bæta við nýju skilyrði, reyndu aftur.",
    "DeleteSpecification": "Eyða tilkynningu",
    "IncludeHealthWarnings": "Láttu heilsuviðvaranir fylgja með",
    "AutoRedownloadFailed": "Niðurhal mistókst",
    "Connection": "Tenging",
    "AutoTaggingNegateHelpText": "Ef þetta er hakað við mun sérsniðna sniðið ekki eiga við ef þetta {0} skilyrði samsvarar.",
    "ArtistIndexFooterDownloading": "Sækir",
    "AuthForm": "Eyðublöð (Innskráningarsíða)",
    "DefaultCase": "Sjálfgefið mál",
    "DeleteArtistFolderHelpText": "Eyddu kvikmyndamöppunni og innihaldi hennar",
    "AutomaticSearch": "Sjálfvirk leit",
    "Release": " Sleppt",
    "AddImportListExclusionAlbumHelpText": "Koma í veg fyrir að kvikmyndum verði bætt við {appName} af listum",
    "DeleteArtistFoldersHelpText": "Eyddu kvikmyndamöppunni og innihaldi hennar",
    "BuiltIn": "Innbyggð",
    "Script": "Handrit",
    "DeleteSelectedCustomFormats": "Eyða sérsniðnu sniði",
    "IncludeCustomFormatWhenRenaming": "Láttu sérsniðið snið fylgja með þegar þú endurnefnir",
    "AptUpdater": "Notaðu apt til að setja uppfærsluna upp",
    "DockerUpdater": "uppfærðu bryggjugáminn til að fá uppfærsluna",
    "ExternalUpdater": "{appName} er stilltur til að nota ytri uppfærslu",
    "InstallLatest": "Settu upp nýjustu",
    "OnLatestVersion": "Nýjasta útgáfan af {appName} er þegar uppsett",
    "Shutdown": "Lokun",
    "UpdateAppDirectlyLoadError": "Ekki er hægt að uppfæra {appName} beint,",
    "EditReleaseProfile": "Breyta seinkunarprófíl",
    "UnmappedFiles": "Ókortlagðar möppur",
    "Clone": "Lokaðu",
    "AddReleaseProfile": "Breyta seinkunarprófíl",
    "Season": "Ástæða",
    "AddDelayProfileError": "Ekki er hægt að bæta við nýjum gæðaprófíl, reyndu aftur.",
    "Max": "Hámark",
    "Min": "Mín",
    "Preferred": "Æskilegt",
    "Today": "Í dag",
    "MappedNetworkDrivesWindowsService": "Kortlagðar netdrif eru ekki fáanlegar þegar þær eru keyrðar sem Windows þjónusta. Vinsamlegast skoðaðu algengar spurningar fyrir frekari upplýsingar",
    "DownloadClientSettingsRecentPriority": "Forgangur viðskiptavinar",
    "CheckDownloadClientForDetails": "athugaðu niðurhals viðskiptavinur til að fá frekari upplýsingar",
    "Downloaded": "Sótt",
    "Pending": "Í bið",
    "Paused": "Hlé gert",
    "WaitingToImport": "Bið eftir að flytja inn",
    "WaitingToProcess": "Bið eftir að vinna"
}
