{
    "Language": "Limbă",
    "UiLanguage": "Limbajul UI",
    "ForMoreInformationOnTheIndividualDownloadClientsClickOnTheInfoButtons": "Pentru mai multe informații despre clienții individuali de descărcare, faceți clic pe butoanele de informații.",
    "LidarrSupportsAnyDownloadClientThatUsesTheNewznabStandardAsWellAsOtherDownloadClientsListedBelow": "Whisparr acceptă orice client de descărcare care utilizează standardul Newznab, precum și alți clienți de descărcare enumerați mai jos.",
    "RemoveCompletedDownloadsHelpText": "Eliminați descărcările importate din istoricul clientului de descărcări",
    "RemovedFromTaskQueue": "Eliminat din coada de activități",
    "Unmonitored": "Nemonitorizat",
    "UnmonitoredHelpText": "Includeți filme ne-monitorizate în fluxul iCal",
    "UseProxy": "Utilizare proxy",
    "AlternateTitles": "Titlu alternativ",
    "MediaInfo": "Informații media",
    "MediaManagementSettings": "Setări de gestionare media",
    "Medium": "Mediu",
    "Message": "Mesaj",
    "MetadataSettings": "Setări metadate",
    "MIA": "MIA",
    "MinimumAge": "Varsta minima",
    "MinimumAgeHelpText": "Doar Usenet: vârsta minimă în minute a NZB-urilor înainte de a fi apucate. Utilizați acest lucru pentru a oferi timp noilor versiuni de difuzare către furnizorul dvs. de usenet.",
    "MinimumFreeSpaceWhenImportingHelpText": "Împiedicați importul dacă ar lăsa mai puțin decât această cantitate de spațiu pe disc disponibil",
    "MinimumLimits": "Limite minime",
    "Mode": "Mod",
    "Monitored": "Monitorizat",
    "NotificationTriggers": "Declanșatoare de notificări",
    "NoUpdatesAreAvailable": "Nu sunt disponibile actualizări",
    "ProxyPasswordHelpText": "Trebuie să introduceți un nume de utilizator și o parolă numai dacă este necesară. Lasă-le necompletate altfel.",
    "ProxyUsernameHelpText": "Trebuie să introduceți un nume de utilizator și o parolă numai dacă este necesară. Lasă-le necompletate altfel.",
    "PublishedDate": "Data publicării",
    "Quality": "Calitate",
    "QualityDefinitions": "Definiții de calitate",
    "QualityProfile": "Profil de Calitate",
    "QualityProfiles": "Profile de Calitate",
    "QualitySettings": "Setări de calitate",
    "Queue": "Coadă",
    "ReadTheWikiForMoreInformation": "Citiți Wiki pentru mai multe informații",
    "Real": "Real",
    "Reason": "Motiv",
    "RecycleBinCleanupDaysHelpText": "Setați la 0 pentru a dezactiva curățarea automată",
    "RecycleBinCleanupDaysHelpTextWarning": "Fișierele din coșul de reciclare mai vechi de numărul de zile selectat vor fi curățate automat",
    "RecycleBinHelpText": "Fișierele de film vor merge aici atunci când sunt șterse în loc să fie șterse definitiv",
    "RecyclingBin": "Cos de reciclare",
    "RecyclingBinCleanup": "Curățarea coșului de reciclare",
    "Redownload": "Redescărcați",
    "Refresh": "Reîmprospătează",
    "RefreshInformationAndScanDisk": "Actualizați informațiile și discul de scanare",
    "RefreshScan": "Reîmprospătează și scanează",
    "RemoveFailedDownloadsHelpText": "Eliminați descărcările nereușite din istoricul clientului de descărcare",
    "RemoveFilter": "Scoateți filtrul",
    "RemoveTagExistingTag": "Etichetă existentă",
    "RemoveTagRemovingTag": "Se elimină eticheta",
    "RenameTracksHelpText": "{appName} va folosi numele fișierului existent dacă redenumirea este dezactivată",
    "Reorder": "Reordonează",
    "ReplaceIllegalCharacters": "Înlocuiți personajele ilegale",
    "ReplaceIllegalCharactersHelpText": "Înlocuiți personajele ilegale. Dacă nu este bifat, {appName} le va elimina în schimb",
    "RequiredHelpText": "Versiunea trebuie să conțină cel puțin unul dintre acești termeni (fără sensibilitate la majuscule și minuscule)",
    "RequiresRestartToTakeEffect": "Necesită repornire pentru a intra în vigoare",
    "RescanAfterRefreshHelpText": "Rescanează folderul filmului după reîmprospătarea filmului",
    "RescanAfterRefreshHelpTextWarning": "{appName} nu va detecta automat modificările fișierelor atunci când nu este setat la „Întotdeauna”",
    "RescanArtistFolderAfterRefresh": "Rescanează dosarul filmului după reîmprospătare",
    "ResetAPIKey": "Resetați cheia API",
    "ResetAPIKeyMessageText": "Sigur doriți să vă resetați cheia API?",
    "Restart": "Repornește",
    "RestartLidarr": "Reporniți {appName}",
    "RestartNow": "Reporniți acum",
    "Restore": "Restabili",
    "RestoreBackup": "Restaurează salvarea",
    "Result": "Rezultat",
    "Retention": "Retenţie",
    "RetentionHelpText": "Numai Usenet: Setați la zero pentru a seta pentru păstrarea nelimitată",
    "RetryingDownloadOn": "Reîncercați descărcarea {0} la {1}",
    "RssSyncIntervalHelpText": "Interval în minute. Setați la zero pentru a dezactiva (acest lucru va opri toate apucările de eliberare automată)",
    "SearchAll": "Caută în toate",
    "SearchForMissing": "Caută ce lipsește",
    "SearchSelected": "Caută selecția",
    "Security": "Securitate",
    "SendAnonymousUsageData": "Trimiteți date de utilizare anonime",
    "SetPermissions": "Setați permisiunile",
    "SetPermissionsLinuxHelpText": "Ar trebui să fie rulat chmod când fișierele sunt importate / redenumite?",
    "SetPermissionsLinuxHelpTextWarning": "Dacă nu sunteți sigur ce fac aceste setări, nu le modificați.",
    "Settings": "Setări",
    "ShortDateFormat": "Format scurt de dată",
    "ShowCutoffUnmetIconHelpText": "Afișați pictograma pentru fișiere atunci când limita nu a fost îndeplinită",
    "ShowDateAdded": "Afișează data adăugării",
    "ShowQualityProfile": "Afișați profilul de calitate",
    "ShowQualityProfileHelpText": "Afișează profilul de calitate sub afiș",
    "ShowRelativeDatesHelpText": "Afișați datele relative (Azi / Ieri / etc) sau absolute",
    "ShowSearch": "Afișați Căutare",
    "ShowSearchActionHelpText": "Afișați butonul de căutare pe hover",
    "ShowSizeOnDisk": "Afișați dimensiunea pe disc",
    "ShowUnknownArtistItems": "Afișați elemente de film necunoscute",
    "SorryThatAlbumCannotBeFound": "Ne pare rău, filmul respectiv nu poate fi găsit.",
    "SorryThatArtistCannotBeFound": "Ne pare rău, filmul respectiv nu poate fi găsit.",
    "Source": "Sursă",
    "SslCertPasswordHelpTextWarning": "Necesită repornire pentru a intra în vigoare",
    "Style": "Stil",
    "SuccessMyWorkIsDoneNoFilesToRename": "Succes! Mi-am terminat treaba, niciun fișier de redenumit.",
    "SuccessMyWorkIsDoneNoFilesToRetag": "Succes! Mi-am terminat treaba, niciun fișier de redenumit.",
    "SupportsRssvalueRSSIsNotSupportedWithThisIndexer": "RSS nu este acceptat cu acest indexer",
    "SupportsSearchvalueSearchIsNotSupportedWithThisIndexer": "Căutarea nu este acceptată cu acest indexer",
    "SupportsSearchvalueWillBeUsedWhenAutomaticSearchesArePerformedViaTheUIOrByLidarr": "Va fi utilizat atunci când căutările automate sunt efectuate prin interfața de utilizare sau de către {appName}",
    "TagIsNotUsedAndCanBeDeleted": "Eticheta nu este utilizată și poate fi ștearsă",
    "TestAll": "Testează Tot",
    "TestAllClients": "Testați toți clienții",
    "TestAllIndexers": "Testați toți indexatorii",
    "TestAllLists": "Testați toate listele",
    "ThisWillApplyToAllIndexersPleaseFollowTheRulesSetForthByThem": "Acest lucru se va aplica tuturor indexatorilor, vă rugăm să urmați regulile stabilite de aceștia",
    "TorrentDelay": "Întârziere Torrent",
    "Torrents": "Torente",
    "TotalFileSize": "Dimensiunea totală a fișierului",
    "Track": "Urmă",
    "UnableToAddANewListPleaseTryAgain": "Imposibil de adăugat o nouă listă, încercați din nou.",
    "UnableToAddANewMetadataProfilePleaseTryAgain": "Imposibil de adăugat un nou profil de calitate, încercați din nou.",
    "UnableToAddANewNotificationPleaseTryAgain": "Imposibil de adăugat o nouă notificare, încercați din nou.",
    "UnableToLoadUISettings": "Nu se pot încărca setările UI",
    "UpdateAll": "Actualizează tot",
    "UpdateAutomaticallyHelpText": "Descărcați și instalați automat actualizări. Veți putea în continuare să instalați din System: Updates",
    "UpdateMechanismHelpText": "Utilizați actualizatorul încorporat al lui {appName} sau un script",
    "Updates": "Actualizări",
    "UpdateScriptPathHelpText": "Calea către un script personalizat care preia un pachet de actualizare extras și se ocupă de restul procesului de actualizare",
    "URLBase": "Baza URL",
    "UrlBaseHelpText": "Pentru suport proxy invers, implicit este gol",
    "UrlBaseHelpTextWarning": "Necesită repornire pentru a intra în vigoare",
    "UsenetDelay": "Întârziere Usenet",
    "UsenetDelayHelpText": "Întârziați în câteva minute pentru a aștepta înainte de a lua o eliberare de la Usenet",
    "Username": "Nume utilizator",
    "UsingExternalUpdateMechanismBranchToUseToUpdateLidarr": "Sucursală de utilizat pentru actualizarea {appName}",
    "UsingExternalUpdateMechanismBranchUsedByExternalUpdateMechanism": "Ramură utilizată de mecanismul extern de actualizare",
    "WeekColumnHeader": "Antetul coloanei săptămânii",
    "OnGrab": "Pe Grab",
    "OnHealthIssue": "Cu privire la problema sănătății",
    "OnRename": "La Redenumire",
    "OnUpgrade": "La actualizare",
    "OpenBrowserOnStart": "Deschideți browserul la pornire",
    "Options": "Opțiuni",
    "Original": "Original",
    "PackageVersion": "Versiunea pachetului",
    "PageSize": "Mărimea Paginii",
    "PageSizeHelpText": "Numărul de articole de afișat pe fiecare pagină",
    "Password": "Parola",
    "Protocol": "Protocol",
    "Proxy": "Proxy",
    "ProxyBypassFilterHelpText": "Folosiți ',' ca separator și '*.' ca un wildcard pentru subdomenii",
    "RemoveFromBlocklist": "Eliminați de pe lista neagră",
    "RemoveFromDownloadClient": "Eliminați din clientul de descărcare",
    "RemoveFromQueue": "Eliminați din coadă",
    "RemoveSelected": "Șterge selecția",
    "RootFolders": "Foldere Rădăcină",
    "RSSSync": "Sincronizare RSS",
    "RSSSyncInterval": "Interval de sincronizare RSS",
    "Scheduled": "Programat",
    "ShowMonitoredHelpText": "Afișați starea monitorizată sub afiș",
    "ShownAboveEachColumnWhenWeekIsTheActiveView": "Afișat deasupra fiecărei coloane când săptămâna este vizualizarea activă",
    "ShowPath": "Afișați calea",
    "ShowRelativeDates": "Afișați datele relative",
    "SupportsSearchvalueWillBeUsedWhenInteractiveSearchIsUsed": "Va fi utilizat atunci când este utilizată căutarea interactivă",
    "Tags": "Etichete",
    "Tasks": "Operațiuni",
    "UnableToAddANewRemotePathMappingPleaseTryAgain": "Imposibil de adăugat o nouă mapare a căilor la distanță, încercați din nou.",
    "UnableToLoadBackups": "Imposibil de încărcat copiile de rezervă",
    "UnableToLoadBlocklist": "Imposibil de încărcat lista neagră",
    "UnableToLoadDelayProfiles": "Nu se pot încărca profilurile de întârziere",
    "UnableToLoadDownloadClientOptions": "Imposibil de încărcat opțiunile clientului de descărcare",
    "UnableToLoadDownloadClients": "Nu se pot încărca clienții de descărcare",
    "UnableToLoadGeneralSettings": "Nu se pot încărca setările generale",
    "UnableToLoadMetadata": "Nu se pot încărca metadatele",
    "UnableToLoadMetadataProfiles": "Nu se pot încărca profilurile de întârziere",
    "UnableToLoadNamingSettings": "Nu se pot încărca setările de denumire",
    "UnableToLoadQualityDefinitions": "Nu se pot încărca definițiile de calitate",
    "UnableToLoadQualityProfiles": "Nu se pot încărca profilurile de calitate",
    "UnableToLoadReleaseProfiles": "Nu se pot încărca profilurile de întârziere",
    "UnableToLoadRemotePathMappings": "Imposibil de încărcat mapări de cale la distanță",
    "UnableToLoadTags": "Nu se pot încărca etichete",
    "UseHardlinksInsteadOfCopy": "Folosiți Hardlink-uri în loc de Copy",
    "ApplyTagsHelpTextReplace": "Înlocuire: înlocuiți etichetele cu etichetele introduse (nu introduceți etichete pentru a șterge toate etichetele)",
    "ArtistAlbumClickToChangeTrack": "Faceți clic pentru a schimba filmul",
    "AuthenticationMethodHelpText": "Solicitați numele de utilizator și parola pentru a accesa {appName}",
    "AutoRedownloadFailedHelpText": "Căutați automat și încercați să descărcați o versiune diferită",
    "BackupFolderHelpText": "Căile relative vor fi în directorul AppData al lui {appName}",
    "BackupNow": "Fă o copie de rezervă",
    "BackupRetentionHelpText": "Copiile de rezervă automate mai vechi decât perioada de păstrare vor fi curățate automat",
    "Backups": "Copii de rezervă",
    "BindAddress": "Adresa de legare",
    "BindAddressHelpTextWarning": "Necesită repornire pentru a intra în vigoare",
    "Blocklist": "Listă Neagră",
    "BlocklistRelease": "Lansare pe lista neagră",
    "Branch": "Ramură",
    "BypassProxyForLocalAddresses": "Bypass Proxy pentru adrese locale",
    "Calendar": "Calendar",
    "CalendarWeekColumnHeaderHelpText": "Afișat deasupra fiecărei coloane când săptămâna este vizualizarea activă",
    "Cancel": "Anulează",
    "CancelPendingTask": "Sigur doriți să anulați această sarcină în așteptare?",
    "CertificateValidation": "Validarea certificatului",
    "ChangeFileDate": "Schimbați data fișierului",
    "ChangeHasNotBeenSavedYet": "Modificarea nu a fost încă salvată",
    "ChmodFolder": "chmod Folder",
    "ChmodFolderHelpText": "Octal, aplicat în timpul importului / redenumirii în dosare și fișiere media (fără biți de executare)",
    "ChownGroupHelpText": "Numele grupului sau gid. Utilizați gid pentru sistemele de fișiere la distanță.",
    "ChownGroupHelpTextWarning": "Acest lucru funcționează numai dacă utilizatorul care rulează {appName} este proprietarul fișierului. Este mai bine să vă asigurați că clientul de descărcare folosește același grup ca {appName}.",
    "Clear": "Șterge",
    "ClickToChangeQuality": "Faceți clic pentru a schimba calitatea",
    "ClientPriority": "Prioritate client",
    "CloneIndexer": "Clonează Indexer",
    "CloneProfile": "Clonează Profil",
    "Columns": "Coloane",
    "CompletedDownloadHandling": "Am finalizat procesarea descărcării",
    "Component": "Componentă",
    "Connections": "Conexiuni",
    "ConnectSettings": "Setări conectare",
    "CopyUsingHardlinksHelpText": "Folosiți Hardlink-uri atunci când încercați să copiați fișiere din torrente care sunt încă în curs de însămânțare",
    "CopyUsingHardlinksHelpTextWarning": "Ocazional, blocarea fișierelor poate împiedica redenumirea fișierelor care sunt însămânțate. Puteți dezactiva temporar însămânțarea și puteți utiliza funcția de redenumire a lui {appName} ca soluție.",
    "CreateEmptyArtistFolders": "Creați dosare de film goale",
    "CreateEmptyArtistFoldersHelpText": "Creați directoare de film lipsă în timpul scanării discului",
    "CreateGroup": "Creați un grup",
    "CutoffHelpText": "Odată atinsă această calitate, {appName} nu va mai descărca filme",
    "CutoffUnmet": "Calitate maximă neatinsă",
    "Dates": "Date",
    "DatabaseMigration": "Migrarea DB",
    "DelayProfile": "Profile de întârziere",
    "DelayProfiles": "Profile de întârziere",
    "Delete": "Șterge",
    "DeleteBackup": "Ștergeți copia de rezervă",
    "DeleteBackupMessageText": "Sigur doriți să ștergeți copia de rezervă „{0}”?",
    "DeleteDelayProfile": "Ștergeți profilul de întârziere",
    "DeleteDelayProfileMessageText": "Sigur doriți să ștergeți acest profil de întârziere?",
    "DeleteDownloadClient": "Ștergeți clientul de descărcare",
    "DeleteDownloadClientMessageText": "Sigur doriți să ștergeți clientul de descărcare „{0}”?",
    "DeleteIndexer": "Ștergeți Indexer",
    "DeleteIndexerMessageText": "Sigur doriți să ștergeți indexatorul „{0}”?",
    "DeleteMetadataProfileMessageText": "Sigur doriți să ștergeți profilul de metadate '{name}'?",
    "DeleteNotification": "Ștergeți notificarea",
    "DeleteNotificationMessageText": "Sigur doriți să ștergeți notificarea „{0}”?",
    "DeleteQualityProfile": "Ștergeți profilul de calitate",
    "DeleteQualityProfileMessageText": "Sigur doriți să ștergeți profilul de calitate '{name}'?",
    "DeleteReleaseProfile": "Ștergeți profilul de întârziere",
    "DeleteReleaseProfileMessageText": "Sigur doriți să ștergeți acest profil de întârziere?",
    "DeleteRootFolderMessageText": "Sigur doriți să ștergeți indexatorul „{0}”?",
    "DeleteSelectedTrackFiles": "Ștergeți fișierele film selectate",
    "DeleteSelectedTrackFilesMessageText": "Sigur doriți să ștergeți fișierele de film selectate?",
    "DestinationPath": "Calea de destinație",
    "DetailedProgressBar": "Bara de progres detaliată",
    "DetailedProgressBarHelpText": "Afișați textul pe bara de progres",
    "DiskSpace": "Spațiul pe disc",
    "DownloadClient": "Client de descărcare",
    "DownloadClients": "Clienți de descărcare",
    "DownloadClientSettings": "Descărcați setările clientului",
    "DownloadFailedCheckDownloadClientForMoreDetails": "Descărcare eșuată: verificați clientul de descărcare pentru mai multe detalii",
    "DownloadFailedInterp": "Descărcarea nu a reușit: {0}",
    "Downloading": "Descărcarea",
    "DownloadPropersAndRepacksHelpTexts1": "Dacă actualizați sau nu automat la Propers / Repacks",
    "DownloadWarningCheckDownloadClientForMoreDetails": "Avertisment privind descărcarea: verificați descărcarea clientului pentru mai multe detalii",
    "Edit": "Editează",
    "Enable": "Permite",
    "EnableAutomaticAdd": "Activați adăugarea automată",
    "EnableAutomaticSearch": "Activați căutarea automată",
    "EnableColorImpairedMode": "Activați modul afectat de culoare",
    "EnableColorImpairedModeHelpText": "Stil modificat pentru a permite utilizatorilor cu deficiențe de culoare să distingă mai bine informațiile codificate prin culoare",
    "EnableCompletedDownloadHandlingHelpText": "Importați automat descărcările finalizate de la clientul de descărcare",
    "EnableHelpText": "Activați crearea fișierului de metadate pentru acest tip de metadate",
    "EnableInteractiveSearch": "Activați căutarea interactivă",
    "EnableSSL": "Activați SSL",
    "EnableSslHelpText": " Necesită repornirea în funcție de administrator pentru a intra în vigoare",
    "Ended": "Încheiat",
    "ErrorLoadingContents": "Eroare la încărcarea conținutului",
    "ErrorLoadingPreviews": "Eroare la încărcarea previzualizărilor",
    "Exception": "Excepție",
    "FileManagement": "Administrarea de fișiere",
    "Filename": "Nume fișier",
    "FileNames": "Numele fișierelor",
    "Files": "Fișiere",
    "FirstDayOfWeek": "Prima zi a săptămânii",
    "Fixed": "Fix",
    "Folder": "Dosar",
    "Folders": "Dosare",
    "ForMoreInformationOnTheIndividualIndexersClickOnTheInfoButtons": "Pentru mai multe informații despre indexatorii individuali, faceți clic pe butoanele de informații.",
    "ForMoreInformationOnTheIndividualListsClickOnTheInfoButtons": "Pentru mai multe informații despre listele de import individuale, faceți clic pe butoanele de informații.",
    "GeneralSettings": "Setări generale",
    "Global": "Global",
    "GoToInterp": "Accesați {0}",
    "Grab": "Apuca",
    "GrabRelease": "Grab Release",
    "GrabSelected": "Prinderea selectată",
    "IgnoredPlaceHolder": "Adăugați o restricție nouă",
    "ImportedTo": "Importat în",
    "ImportExtraFiles": "Importați fișiere suplimentare",
    "ImportExtraFilesHelpText": "Importați fișiere suplimentare potrivite (subtitrări, nfo etc.) după importarea unui fișier de film",
    "ImportFailedInterp": "Importul nu a reușit: {0}",
    "Importing": "Importând",
    "IncludeUnknownArtistItemsHelpText": "Afișați elemente fără film în coadă. Aceasta ar putea include filme eliminate sau orice altceva din categoria lui {appName}",
    "Indexer": "Indexator",
    "IndexerPriority": "Prioritate indexator",
    "Indexers": "Indexatori",
    "IndexerSettings": "Setări Indexer",
    "InteractiveSearch": "Căutare interactivă",
    "Interval": "Interval",
    "IsCutoffCutoff": "A tăia calea",
    "IsCutoffUpgradeUntilThisQualityIsMetOrExceeded": "Faceți upgrade până când această calitate este atinsă sau depășită",
    "IsTagUsedCannotBeDeletedWhileInUse": "Nu poate fi șters în timpul utilizării",
    "LaunchBrowserHelpText": " Deschideți un browser web și navigați la pagina de pornire {appName} la pornirea aplicației.",
    "Level": "Nivel",
    "LidarrSupportsAnyIndexerThatUsesTheNewznabStandardAsWellAsOtherIndexersListedBelow": "{appName} acceptă orice indexer care utilizează standardul Newznab, precum și alți indexatori enumerați mai jos.",
    "LidarrTags": "Etichete {appName}",
    "Local": "Local",
    "LocalPath": "Calea locală",
    "ReleaseDate": "Date de lansare",
    "ReleaseGroup": "Grup de apariție",
    "ReleaseRejected": "Eliberare respinsă",
    "ReleaseStatuses": "Statusul apariției",
    "ReleaseWillBeProcessedInterp": "Eliberarea va fi procesată {0}",
    "Reload": "Reîncarcă",
    "RemotePath": "Calea la distanță",
    "RemotePathHelpText": "Calea de rădăcină către directorul la care accesează Clientul de descărcare",
    "RemotePathMappings": "Mapări pentru căi externe",
    "Remove": "Elimina",
    "SSLCertPath": "Calea SSL Cert",
    "SslCertPathHelpText": "Calea către fișierul pfx",
    "SslCertPathHelpTextWarning": "Necesită repornire pentru a intra în vigoare",
    "SSLPort": "Port SSL",
    "SslPortHelpTextWarning": "Necesită repornire pentru a intra în vigoare",
    "StandardTrackFormat": "Format film standard",
    "StartTypingOrSelectAPathBelow": "Începeți să tastați sau selectați o cale de mai jos",
    "StartupDirectory": "Director de pornire",
    "Status": "Status",
    "UnableToLoadQualities": "Nu se pot încărca calități",
    "Version": "Versiune",
    "MinimumFreeSpace": "Spațiu liber minim",
    "Missing": "Lipsește",
    "RequiredPlaceHolder": "Adăugați o restricție nouă",
    "Reset": "Resetați",
    "RootFolder": "Folder Rădăcină",
    "ScriptPath": "Calea Scriptului",
    "Search": "Caută",
    "SourcePath": "Calea sursei",
    "SSLCertPassword": "Parola SSL Cert",
    "SslCertPasswordHelpText": "Parola pentru fișierul pfx",
    "TimeFormat": "Format ora",
    "TorrentDelayHelpText": "Întârziați în câteva minute pentru a aștepta înainte de a apuca un torent",
    "Tracks": "Urmă",
    "Type": "Tip",
    "UiLanguageHelpTextWarning": "Reîncărcare browser necesară",
    "UiSettings": "Setări UI",
    "UnableToAddANewDownloadClientPleaseTryAgain": "Imposibil de adăugat un nou client de descărcare, încercați din nou.",
    "UnableToAddANewImportListExclusionPleaseTryAgain": "Imposibil de adăugat o nouă listă de excludere, încercați din nou.",
    "UnableToAddANewIndexerPleaseTryAgain": "Imposibil de adăugat un nou indexer, încercați din nou.",
    "UnableToLoadTheCalendar": "Calendarul nu poate fi încărcat",
    "Ungroup": "Dezgrupează",
    "Usenet": "Usenet",
    "Year": "An",
    "YesCancel": "Da, Anulați",
    "NETCore": ".NET Core",
    "Path": "Cale",
    "Permissions": "Permisiuni",
    "Port": "Port",
    "PortNumber": "Număr port",
    "PreviewRename": "Previzualizare Redenumire",
    "Profiles": "Profile",
    "PropersAndRepacks": "Propers și Repacks",
    "ProxyType": "Tip proxy",
    "ProtocolHelpText": "Alegeți protocolul (protocolele) de utilizat și care este cel preferat atunci când alegeți între versiuni altfel egale",
    "ShowMonitored": "Afișați monitorizat",
    "UnableToAddANewQualityProfilePleaseTryAgain": "Imposibil de adăugat un nou profil de calitate, încercați din nou.",
    "UnableToAddANewRootFolderPleaseTryAgain": "Imposibil de adăugat un nou indexer, încercați din nou.",
    "UnableToLoadHistory": "Istoricul nu poate fi încărcat",
    "UnableToLoadImportListExclusions": "Imposibil de încărcat excluderile din listă",
    "UnableToLoadIndexerOptions": "Nu se pot încărca opțiunile indexerului",
    "UnableToLoadIndexers": "Imposibil de încărcat indexatori",
    "UnableToLoadLists": "Nu se pot încărca listele",
    "UnableToLoadMediaManagementSettings": "Nu se pot încărca setările de gestionare media",
    "UiLanguageHelpText": "Limba pe care {appName} o va folosi pentru interfața de utilizare",
    "UnableToLoadRootFolders": "Imposibil de încărcat folderele rădăcină",
    "UnableToLoadNotifications": "Nu se pot încărca notificările",
    "UpgradeAllowedHelpText": "Dacă calitățile cu handicap nu vor fi actualizate",
    "Uptime": "Timp de funcționare",
    "Actions": "Acțiuni",
    "ApiKeyHelpTextWarning": "Necesită repornire pentru a intra în vigoare",
    "AppDataDirectory": "Directorul AppData",
    "ApplyTags": "Aplicați etichete",
    "ChmodFolderHelpTextWarning": "Acest lucru funcționează numai dacă utilizatorul care rulează {appName} este proprietarul fișierului. Este mai bine să vă asigurați că clientul de descărcare setează corect permisiunile.",
    "DeleteEmptyFolders": "Ștergeți folderele goale",
    "DeleteImportListExclusion": "Ștergeți excluderea listei de import",
    "DeleteImportListExclusionMessageText": "Sigur doriți să ștergeți această excludere din lista de importuri?",
    "DeleteImportListMessageText": "Sigur doriți să ștergeți lista „{0}”?",
    "DeleteTag": "Ștergeți eticheta",
    "DeleteTagMessageText": "Sigur doriți să ștergeți eticheta „{0}”?",
    "Docker": "Docker",
    "FileDateHelpText": "Schimbați data fișierului la import / rescanare",
    "Group": "grup",
    "HasPendingChangesNoChanges": "Nicio Modificare",
    "HasPendingChangesSaveChanges": "Salvează modificările",
    "History": "Istoric",
    "Host": "Gazdă",
    "HostHelpText": "Aceeași gazdă pe care ați specificat-o pentru clientul de descărcare la distanță",
    "Hostname": "Numele gazdei",
    "ICalFeed": "Feed iCal",
    "ICalHttpUrlHelpText": "Copiați această adresă URL către clienții dvs. sau faceți clic pentru a vă abona dacă browserul dvs. acceptă webcal",
    "ICalLink": "Legătură iCal",
    "IconForCutoffUnmet": "Pictogramă pentru Cutoff Unmet",
    "IgnoredAddresses": "Adrese ignorate",
    "IgnoredHelpText": "Eliberarea va fi respinsă dacă conține unul sau mai mulți termeni (insensibili la majuscule)",
    "IllRestartLater": "Voi reporni mai târziu",
    "IncludeUnmonitored": "Includeți Unmonitored",
    "LocalPathHelpText": "Calea pe care {appName} ar trebui să o folosească pentru a accesa calea la distanță local",
    "LogFiles": "Fișiere de loguri",
    "Logging": "Logare",
    "LogLevel": "Nivel jurnal",
    "LogLevelvalueTraceTraceLoggingShouldOnlyBeEnabledTemporarily": "Înregistrarea urmăririi trebuie activată doar temporar",
    "Logs": "Jurnale",
    "LongDateFormat": "Format de dată lungă",
    "ManualImport": "Import Manual",
    "MarkAsFailed": "Marcați ca nereușită",
    "MarkAsFailedMessageText": "Sigur doriți să marcați „{0}” ca eșuat?",
    "MaximumLimits": "Limite maxime",
    "MaximumSize": "Dimensiune maximă",
    "MaximumSizeHelpText": "Dimensiunea maximă pentru o versiune care poate fi preluată în MB. Setați la zero pentru a seta la nelimitat",
    "Mechanism": "Mecanism",
    "MoreInfo": "Mai multe informații",
    "MustContain": "Trebuie sa contina",
    "MustNotContain": "Nu trebuie să conțină",
    "Name": "Nume",
    "NamingSettings": "Setări de denumire",
    "New": "Nou",
    "NoBackupsAreAvailable": "Nu sunt disponibile copii de rezervă",
    "NoHistory": "Fără istorie",
    "NoLeaveIt": "Nu, lasă-l",
    "NoLogFiles": "Nu există fișiere jurnal",
    "None": "Nici unul",
    "PosterSize": "Dimensiunea posterului",
    "Proper": "Corect",
    "Time": "Timp",
    "20MinutesTwenty": "120 de minute: {0}",
    "45MinutesFourtyFive": "90 de minute: {0}",
    "60MinutesSixty": "60 de minute: {0}",
    "APIKey": "Cheie API",
    "About": "Despre",
    "AddListExclusion": "Adăugați excluderea listei",
    "AddingTag": "Se adaugă etichetă",
    "AgeWhenGrabbed": "Vârsta (când a fost apucat)",
    "AlbumIsDownloadingInterp": "Filmul se descarcă - {0}% {1}",
    "AlreadyInYourLibrary": "Deja în biblioteca dvs.",
    "AlternateTitleslength1Title": "Titlu",
    "AlternateTitleslength1Titles": "Titluri",
    "Analytics": "Statistici",
    "AnalyticsEnabledHelpText": "Trimiteți informații anonime privind utilizarea și erorile către serverele {appName}. Aceasta include informații despre browserul dvs., ce pagini WebUI {appName} utilizați, raportarea erorilor, precum și sistemul de operare și versiunea de execuție. Vom folosi aceste informații pentru a acorda prioritate caracteristicilor și remedierilor de erori.",
    "AnalyticsEnabledHelpTextWarning": "Necesită repornire pentru a intra în vigoare",
    "Automatic": "Automat",
    "DelayingDownloadUntil": "Întârzierea descărcării până la {0} la {1}",
    "EnableRSS": "Activați RSS",
    "Size": " Mărime",
    "SkipFreeSpaceCheck": "Omiteți verificarea spațiului liber",
    "BindAddressHelpText": "Adresă IP validă, localhost sau '*' pentru toate interfețele",
    "CertificateValidationHelpText": "Modificați cât de strictă este validarea certificării HTTPS. Nu schimbați dacă nu înțelegeți riscurile.",
    "Label": "Etichetă",
    "Activity": "Activitate",
    "Add": "Adaugă",
    "AddDelayProfile": "Adăugați un profil de întârziere",
    "Added": "Adăugat",
    "AddIndexer": "Adăugați Indexator",
    "AddNew": "Adaugă nou",
    "AddQualityProfile": "Adăugați un profil de calitate",
    "AddRemotePathMapping": "Adăugați mapare a căilor la distanță",
    "AddRootFolder": "Adăugați folderul rădăcină",
    "AfterManualRefresh": "După reîmprospătarea manuală",
    "Age": "Vechime",
    "All": "Toate",
    "AllFiles": "Toate fișierele",
    "Always": "Întotdeauna",
    "Apply": "Aplică",
    "AudioInfo": "Info Audio",
    "Backup": "Copie de rezervă",
    "BeforeUpdate": "Înainte de actualizare",
    "Close": "Închide",
    "Connect": "Conectează",
    "Custom": "Personalizat",
    "CustomFilters": "Filtre personalizate",
    "Deleted": "Șters",
    "Details": "Detalii",
    "Donations": "Donații",
    "DoNotPrefer": "Nu preferați",
    "DoNotUpgradeAutomatically": "Nu faceți upgrade automat",
    "DownloadFailed": "Descarcare esuata",
    "EditDelayProfile": "Editați profilul de întârziere",
    "EditImportListExclusion": "Ștergeți excluderea listei de import",
    "EditQualityProfile": "Editați profilul de calitate",
    "EditRemotePathMapping": "Editați maparea căilor la distanță",
    "EditRootFolder": "Adăugați folderul rădăcină",
    "Error": "Eroare",
    "ErrorRestoringBackup": "Eroare la restaurarea copiei de rezervă",
    "Events": "Evenimente",
    "EventType": "Tip de eveniment",
    "Filters": "Filtre",
    "FreeSpace": "Spațiu Liber",
    "General": "General",
    "Genres": "Genuri",
    "Grabbed": "Prins",
    "Ignored": "Ignorat",
    "Import": "Importă",
    "Info": "Info",
    "InteractiveImport": "Import interactiv",
    "LastDuration": "Ultima durată",
    "LastExecution": "Ultima executare",
    "LastUsed": "Folosit ultima data",
    "LastWriteTime": "Data ultimei scrieri",
    "Library": "Bibliotecă",
    "Location": "Locație",
    "Manual": "Manual",
    "MediaManagement": "Administrare media",
    "Metadata": "Metadata",
    "MonitoredOnly": "Doar monitorizate",
    "MoveAutomatically": "Import rapid",
    "MoveFiles": "Mută Fișiere",
    "NextExecution": "Următoarea execuție",
    "OnlyUsenet": "Doar Usenet",
    "Organize": "Organizează",
    "OutputPath": "Calea pentru Output",
    "Peers": "Parteneri",
    "PreferAndUpgrade": "Prefer și upgrade",
    "Presets": "Presetări",
    "Progress": "Progres",
    "QualityLimitsHelpText": "Limitele sunt ajustate automat pentru durata de rulare a filmului.",
    "Queued": "În așteptare",
    "Rating": "Recenzii",
    "RejectionCount": "Numărul Respingerilor",
    "ReleaseTitle": "Titlul Apariției",
    "Renamed": "Redenumit",
    "Replace": "A inlocui",
    "RestartRequiredHelpTextWarning": "Necesită repornire pentru a intra în vigoare",
    "RestoreBackupAdditionalInfo": "Notă: {appName} va reporni și reîncărca automat interfața de utilizare în timpul procesului de restaurare.",
    "Save": "Salvează",
    "Seeders": "Partajatori",
    "Select...": "'Selectați...",
    "SelectFolder": "Selectați Folder",
    "SelectQuality": "Selectați Calitate",
    "ShowAdvanced": "Arată setări avansate",
    "SizeOnDisk": "Mărime pe disc",
    "SourceTitle": "Titlul sursei",
    "System": "Sistem",
    "Test": "Testează",
    "TimeLeft": "Timp rămas",
    "Title": "Titlu",
    "TotalSpace": "Spațiu Total",
    "Ui": "Interfață Grafica",
    "UnmappedFilesOnly": "Numai fișiere nemapate",
    "UnmonitoredOnly": "Doar monitorizate",
    "UpgradesAllowed": "Sunt permise upgrade-uri",
    "Warn": "Atenționare",
    "WouldYouLikeToRestoreBackup": "Doriți să restaurați copia de rezervă {0}?",
    "Ok": "Ok",
    "Wanted": "Dorite",
    "Date": "Dată",
    "HardlinkCopyFiles": "Hardlink/Copiază Fișiere",
    "HideAdvanced": "Ascunde Avansat",
    "AddImportListExclusion": "Adaugă excluderi ale listelor de import",
    "NoTagsHaveBeenAddedYet": "Nu s-au adăugat încă etichete",
    "OnlyTorrent": "Numai Torrent",
    "ImportListExclusions": "Ștergeți excluderea listei de import",
    "EditGroups": "Editați grupurile",
    "QualitiesHelpText": "Calitățile mai mari din listă sunt mai preferate. Calitățile din același grup sunt egale. Se doresc doar calități verificate",
    "DoneEditingGroups": "Efectuat editarea grupurilor",
    "CustomFormatScore": "Scorul formatului personalizat",
    "MinimumCustomFormatScore": "Scor minim format personalizat",
    "Absolute": "Absolut",
    "CloneCustomFormat": "Clonează format personalizat",
    "ColonReplacement": "Înlocuirea colonului",
    "Conditions": "Condiții",
    "CopyToClipboard": "Copiați în clipboard",
    "CustomFormat": "Formate personalizate",
    "CustomFormatRequiredHelpText": "Această condiție {0} trebuie să se potrivească pentru aplicarea formatului personalizat. În caz contrar, o singură potrivire {1} este suficientă.",
    "CustomFormats": "Formate personalizate",
    "DeleteFormatMessageText": "Sigur doriți să ștergeți eticheta format {0}?",
    "Disabled": "Dezactivat",
    "DownloadClientRootFolderHealthCheckMessage": "Clientul de descărcare {downloadClientName} plasează descărcările în folderul rădăcină {rootFolderPath}. Nu trebuie să descărcați într-un folder rădăcină.",
    "DownloadClientCheckNoneAvailableMessage": "Niciun client de descărcare disponibil",
    "DownloadPropersAndRepacksHelpTextWarning": "Utilizați formate personalizate pentru upgrade-uri automate la Propers / Repacks",
    "HiddenClickToShow": "Ascuns, faceți clic pentru afișare",
    "IndexerLongTermStatusCheckAllClientMessage": "Toți indexatorii nu sunt disponibili din cauza unor eșecuri de mai mult de 6 ore",
    "IndexerLongTermStatusCheckSingleClientMessage": "Indexatori indisponibili din cauza unor eșecuri de mai mult de 6 ore: {0}",
    "ImportListStatusCheckAllClientMessage": "Toate listele sunt indisponibile datorită erorilor",
    "ImportListStatusCheckSingleClientMessage": "Liste indisponibile datorită erorilor: {0}",
    "ImportMechanismHealthCheckMessage": "Activează Procesarea Descărcărilor finalizate",
    "IndexerRssHealthCheckNoAvailableIndexers": "Toți indexatorii ce suportă rss sunt indisponibili temporar datorită erorilor",
    "IndexerRssHealthCheckNoIndexers": "Niciun indexator cu sincronizare RSS nu este activ, {appName} nu va descărca apariții noi automat",
    "IndexerSearchCheckNoAutomaticMessage": "Niciun indexator cu Căutare automată nu este activ, {appName} nu va afișa niciun rezultat de căutare automată",
    "IndexerSearchCheckNoAvailableIndexersMessage": "Toți indexatorii ce suportă căutare sunt indisponibili temporar datorită erorilor",
    "IndexerSearchCheckNoInteractiveMessage": "Niciun indexator cu Căutare interactivă nu este activ, {appName} nu va afișa niciun rezultat de căutare interactivă",
    "MinFormatScoreHelpText": "Scorul minim de format personalizat permis pentru descărcare",
    "Monitor": "Monitorizează",
    "MountArtistHealthCheckMessage": "Calea ce conține filme este montată în mod de read-only: ",
    "NegateHelpText": "Dacă este bifat, formatul personalizat nu se va aplica dacă această {0} condiție se potrivește.",
    "PreferTorrent": "Prefer Torrent",
    "PreferUsenet": "Prefer Usenet",
    "ProxyCheckBadRequestMessage": "Testul proxy a eșuat. StatusCode: {0}",
    "ProxyCheckFailedToTestMessage": "Nu am putut testa proxy: {0}",
    "ReplaceWithDash": "Înlocuiți cu Dash",
    "ReplaceWithSpaceDash": "Înlocuiți cu Space Dash",
    "ShownClickToHide": "Afișat, faceți clic pentru a ascunde",
    "CustomFormatSettings": "Setări de formate personalizate",
    "DownloadClientCheckUnableToCommunicateMessage": "Nu pot comunica cu {0}.",
    "IndexerStatusCheckAllClientMessage": "Niciun indexator nu este disponibil datorită erorilor",
    "IndexerStatusCheckSingleClientMessage": "Indexatoare indisponibile datorită erorilor: {0}",
    "MaintenanceRelease": "Versiune de întreținere: remedieri de erori și alte îmbunătățiri. Consultați Istoricul comiterilor Github pentru mai multe detalii",
    "ProxyCheckResolveIpMessage": "Nu am putut găsi adresa IP pentru Hostul Proxy Configurat {0}",
    "ReplaceWithSpaceDashSpace": "Înlocuiți cu Space Dash Space",
    "SystemTimeCheckMessage": "Ora sistemului este diferită cu mai mult de 1 zi. Operațiunile programate s-ar putea să nu funcționeze corect până când ora nu este corectată",
    "TheArtistFolderStrongpathstrongAndAllOfItsContentWillBeDeleted": "Dosarul filmului „{0}” și tot conținutul acestuia vor fi șterse.",
    "AppDataLocationHealthCheckMessage": "Pentru a preveni ștergerea AppData, update-ul nu este posibil",
    "CouldntFindAnyResultsForTerm": "Nu s-au găsit rezultate pentru „{0}”",
    "Customformat": "Formate personalizate",
    "CutoffFormatScoreHelpText": "Odată ce acest scor personalizat este atins, {appName} nu va mai descărca filme",
    "DeleteCustomFormat": "Ștergeți formatul personalizat",
    "DeleteCustomFormatMessageText": "Sigur doriți să ștergeți indexatorul „{0}”?",
    "DownloadClientStatusCheckAllClientMessage": "Toți clienții de descărcare sunt indisponibili datorită erorilor",
    "DownloadedUnableToImportCheckLogsForDetails": "Descărcat - Imposibil de importat: verificați jurnalele pentru detalii",
    "ExportCustomFormat": "Exportați formatul personalizat",
    "FailedDownloadHandling": "Procesarea descărcării a eșuat",
    "FailedLoadingSearchResults": "Nu s-au putut încărca rezultatele căutării, încercați din nou.",
    "Formats": "Formate",
    "IncludeCustomFormatWhenRenamingHelpText": "Includeți în formatul de redenumire {Formate personalizate}",
    "ItsEasyToAddANewArtistJustStartTypingTheNameOfTheArtistYouWantToAdd": "Este ușor să adaugi un film nou, începe să tastezi numele filmului pe care vrei să-l adaugi",
    "RootFolderCheckMultipleMessage": "Lipsesc multiple foldere rădăcină: {0}",
    "RootFolderCheckSingleMessage": "Folder rădăcină lipsă: {0}",
    "UnableToLoadCustomFormats": "Nu se pot încărca formate personalizate",
    "UnableToLoadInteractiveSearch": "Nu se pot încărca rezultatele pentru această căutare de filme. Încercați mai târziu",
    "UpdateCheckStartupNotWritableMessage": "Nu pot instala actualizarea pentru că dosarul '{0}' nu poate fi scris de către utilizatorul '{1}'.",
    "UpdateCheckStartupTranslocationMessage": "Nu pot instala actualizarea pentru că folderul de pornire '{0}' este într-un folder de App Translocation.",
    "UpdateCheckUINotWritableMessage": "Nu pot instala actualizarea pentru că dosarul UI '{0}' nu poate fi scris de către utilizatorul '{1}'.",
    "DeleteRemotePathMapping": "Editați maparea căilor la distanță",
    "FailedToLoadQueue": "Nu s-a încărcat coada",
    "Required": "Necesar",
    "BlocklistReleases": "Lansare pe lista neagră",
    "CountIndexersSelected": "{0} Indexatoare selectate",
    "DeleteConditionMessageText": "Sigur doriți să ștergeți eticheta „{0}”?",
    "DeleteSelectedDownloadClients": "Ștergere clienți de descărcare",
    "DeleteSelectedIndexers": "Ștergeți Indexer",
    "ExistingTag": "Etichetă existentă",
    "No": "Nu",
    "NoChange": "Nicio Modificare",
    "RemovingTag": "Se elimină eticheta",
    "SetTags": "Setează Etichete",
    "Yes": "Da",
    "Negated": "Negat",
    "RemoveSelectedItemBlocklistMessageText": "Sigur doriți să eliminați elementele selectate din lista neagră?",
    "NoEventsFound": "Nu s-au găsit evenimente",
    "QueueIsEmpty": "Coada este goală",
    "ApplyTagsHelpTextAdd": "Adăugare: adăugați etichetele la lista de etichete existentă",
    "ApplyTagsHelpTextRemove": "Eliminați: eliminați etichetele introduse",
    "RemoveSelectedItemQueueMessageText": "Sigur doriți să eliminați {0} elementul {1} din coadă?",
    "RemoveSelectedItemsQueueMessageText": "Sigur doriți să eliminați {0} elementul {1} din coadă?",
    "DeleteSelectedDownloadClientsMessageText": "Sigur doriți să ștergeți indexatorul „{0}”?",
    "ApplyTagsHelpTextHowToApplyArtists": "Cum se aplică etichete indexatoarelor selectate",
    "ApplyTagsHelpTextHowToApplyDownloadClients": "Cum se aplică etichete clienților de descărcare selectați",
    "DeleteSelectedImportListsMessageText": "Sigur doriți să ștergeți indexatorul „{0}”?",
    "DeleteSelectedIndexersMessageText": "Sigur doriți să ștergeți indexatorul „{0}”?",
    "ApplyTagsHelpTextHowToApplyImportLists": "Cum se aplică etichete listelor de import selectate",
    "ApplyTagsHelpTextHowToApplyIndexers": "Cum se aplică etichete indexatoarelor selectate",
    "ApplicationURL": "URL aplicație",
    "ApplyChanges": "Aplicați modificări",
    "AutomaticAdd": "Adăugare automată",
    "InstanceName": "Nume instanță",
    "Database": "Bază de date",
    "Implementation": "Implementarea",
    "Episode": "Episod",
    "AllResultsAreHiddenByTheAppliedFilter": "Toate rezultatele sunt ascunse de filtrul aplicat",
    "ConnectionLostReconnect": "{appName} va încerca să se conecteze automat, sau poți apăsa reîncarcă mai jos.",
    "ConnectionLostToBackend": "{appName} a pierdut conexiunea cu backend-ul și trebuie reîncărcat pentru a restabili funcționalitatea.",
    "RecentChanges": "Schimbări recente",
    "WhatsNew": "Ce mai e nou?",
    "Authentication": "Autentificare",
    "NotificationStatusSingleClientHealthCheckMessage": "Notificări indisponibile datorită erorilor: {0}",
    "AddDownloadClientImplementation": "Adăugați client de descărcare - {implementationName}",
    "AddIndexerImplementation": "Adăugați Indexator - {implementationName}",
    "AddConnectionImplementation": "Adăugați conexiune - {implementationName}",
    "Album": "Album",
    "AddConnection": "Adăugați conexiune",
    "AppUpdated": "{appName} actualizat",
    "CustomFilter": "Filtru personalizat",
    "MonitoredStatus": "Monitorizat / Stare",
    "Albums": "Album",
    "Release": " Eliberată",
    "DefaultCase": "Caz implicit",
    "DeleteSpecificationHelpText": "Sigur doriți să ștergeți aplicația '{name}'?",
    "DownloadClientStatusCheckSingleClientMessage": "Clienții de descărcare indisponibili datorită erorilor: {0}",
    "ExpandAlbumByDefaultHelpText": "Album",
    "ExtraFileExtensionsHelpText": "Lista separată prin virgulă a fișierelor suplimentare de importat (.nfo va fi importat ca .nfo-orig)",
    "FileNameTokens": "Jetoane pentru nume de fișier",
    "IncludeHealthWarnings": "Includeți avertismente de sănătate",
    "Lowercase": "Minuscule",
    "NoResultsFound": "Nici un rezultat gasit",
    "OrganizeSelectedArtists": "Organizați filme selectate",
    "Uppercase": "Majuscule",
    "SuggestTranslationChange": "Sugerează modificarea traducerii",
    "ExtraFileExtensionsHelpTextsExamples": "Exemple: „.sub, .nfo” sau „sub, nfo”",
    "DisabledForLocalAddresses": "Dezactivat pentru adresele locale",
    "QualitySettingsSummary": "Calitate - mărimi și denumiri",
    "Yesterday": "Ieri",
    "EditDownloadClientImplementation": "Adăugați client de descărcare - {implementationName}",
    "CloneCondition": "Clonează condiție",
    "Enabled": "Activat",
    "AddNewArtistRootFolderHelpText": "Subfolderul „{0}” va fi creat automat",
    "ImportList": "Liste",
    "Priority": "Prioritate",
    "Unlimited": "Nelimitat",
    "InteractiveSearchModalHeader": "Căutare interactivă",
    "AutoTaggingNegateHelpText": "Dacă este bifat, formatul personalizat nu se va aplica dacă această {0} condiție se potrivește.",
    "DeleteAutoTagHelpText": "Sigur doriți să ștergeți eticheta '{label}'?",
    "EditIndexerImplementation": "Adăugați Indexator - {implementationName}",
    "Large": "Mare",
    "KeyboardShortcuts": "Scurtături din tastatură",
    "Links": "Link-uri",
    "Overview": "Prezentare generală",
    "RemoveQueueItemConfirmation": "Sigur doriți să eliminați {0} elementul {1} din coadă?",
    "DeleteSpecification": "Ștergeți notificarea",
    "Negate": "Nega",
    "OverviewOptions": "Opțiuni de prezentare generală",
    "CustomFormatsSettings": "Setări de formate personalizate",
    "DeleteArtistFoldersHelpText": "Ștergeți folderul filmului și conținutul acestuia",
    "AuthBasic": "Basic (fereastră pop-up browser)",
    "AuthForm": "Formulare (Pagina de autentificare)",
    "AuthenticationRequired": "Autentificare necesara",
    "ConnectSettingsSummary": "Notificări, conexiuni la servere și aplicații media, scripturi personale",
    "CustomFormatsSettingsSummary": "Formate personalizate și setări",
    "DownloadClientsSettingsSummary": "Clienți de descărcare, abordarea descărcărilor și configurarea căilor externe de stocare",
    "EditConnectionImplementation": "Adăugați conexiune - {implementationName}",
    "AddConditionImplementation": "Adăugați conexiune - {implementationName}",
    "EditConditionImplementation": "Adăugați conexiune - {implementationName}",
    "BlocklistReleaseHelpText": "Împiedică Radarr să apuce automat această versiune din nou",
    "GeneralSettingsSummary": "Port, SSL, utilizator/parolă, proxy, statistici și actualizări",
    "ImportLists": "Liste",
    "NoLimitForAnyDuration": "Fără limită pentru orice timp de rulare",
    "NoMinimumForAnyDuration": "Niciun minim pentru orice timp de rulare",
    "RenameFiles": "Redenumește Fișierele",
    "ResetQualityDefinitions": "Resetare definitii de calitate",
    "Table": "Tabel",
    "UiSettingsSummary": "Calendar, dată și setări pentru probleme de vedere",
    "ChooseImportMethod": "Alege modul de import",
    "DeleteArtistFolderCountConfirmation": "Sigur doriți să ștergeți {count} indexatori selectați?",
    "DeleteArtistFolderHelpText": "Ștergeți folderul filmului și conținutul acestuia",
    "Small": "Mic",
    "ConditionUsingRegularExpressions": "Această condiție se potrivește folosind expresii regulate. Rețineți că caracterele {0} au semnificații speciale și trebuie să scape cu un {1}",
    "FormatAgeHours": "ore",
    "FormatAgeMinute": "minute",
    "FormatAgeDay": "zi",
    "FormatAgeDays": "zile",
    "FormatAgeHour": "oră",
    "FormatAgeMinutes": "minute",
    "GrabId": "Grab ID",
    "ImportListsSettingsSummary": "Importă Liste, excluderi din listă",
    "MonitorNoAlbums": "Nici unul",
    "TagsSettingsSummary": "Vezi toate etichetele și cum sunt folosite. Etichetele nefolosite pot fi eliminate",
    "Tomorrow": "Mâine",
    "AuthenticationRequiredPasswordHelpTextWarning": "Introduceți o parolă nouă",
    "AuthenticationRequiredUsernameHelpTextWarning": "Introduceți un nou nume de utilizator",
    "Posters": "Afise",
    "SomeResultsAreHiddenByTheAppliedFilter": "Unele rezultate sunt ascunse de filtrul aplicat",
    "UpdateSelected": "Actualizează selecția",
    "AddAutoTagError": "Nu se poate adăuga o nouă listă, vă rugăm să încercați din nou.",
    "AddConditionError": "Imposibil de adăugat o condiție nouă, încercați din nou.",
    "AddImportListExclusionArtistHelpText": "Împiedicați ca filmele să fie adăugate la {appName} pe liste",
    "AddListExclusionHelpText": "Împiedicați ca filmele să fie adăugate la {appName} pe liste",
    "AddNewArtistSearchForMissingAlbums": "Începeți căutarea filmului lipsă",
    "AlbumsLoadError": "Imposibil de încărcat copiile de rezervă",
    "Connection": "Conexiuni",
    "GrabReleaseUnknownArtistOrAlbumMessageText": "Radarr nu a putut stabili pentru ce film a fost lansată această lansare. Este posibil ca Radarr să nu poată importa automat această versiune. Doriți să luați „{0}”?",
    "ArtistIndexFooterDownloading": "Descărcarea",
    "AutoRedownloadFailed": "Descarcare esuata",
    "PreferredSize": "Dimensiune preferată",
    "IndexerPriorityHelpText": "Prioritatea indexerului de la 1 (cea mai mare) la 50 (cea mai mică). Implicit: 25.",
    "InfoUrl": "URL informații",
    "AutomaticSearch": "Căutare automată",
    "PosterOptions": "Opțiuni poster",
    "ResetDefinitions": "Resetare definitii",
    "AddImportListExclusionAlbumHelpText": "Împiedicați ca filmele să fie adăugate la {appName} pe liste",
    "False": "Fals",
    "Parse": "Analiza",
    "ParseModalErrorParsing": "Eroare la analizare, încercați din nou.",
    "ParseModalHelpTextDetails": "Radarr va încerca să analizeze titlul și să vă arate detalii despre acesta",
    "ParseModalUnableToParse": "Nu se poate analiza titlul furnizat, vă rugăm să încercați din nou.",
    "True": "Adevărat",
    "BuiltIn": "Incorporat",
    "Script": "Script",
    "UpdateAvailableHealthCheckMessage": "O nouă versiune este disponibilă: {version}",
    "DeleteSelectedCustomFormats": "Ștergeți formatul personalizat",
    "DeleteSelectedCustomFormatsMessageText": "Sigur doriți să ștergeți {count} clienți de descărcare selectați?",
    "IncludeCustomFormatWhenRenaming": "Includeți format personalizat la redenumire",
    "AptUpdater": "Utilizați apt pentru a instala actualizarea",
    "DockerUpdater": "Actualizați containerul Docker pentru a primi actualizarea",
    "ExternalUpdater": "{appName} este configurat pentru a utiliza un mecanism de actualizare extern",
    "InstallLatest": "Instalați cel mai recent",
    "OnLatestVersion": "Cea mai recentă versiune a {appName} este deja instalată",
    "Shutdown": "Oprește",
    "UpdateAppDirectlyLoadError": "Imposibil de actualizat direct {appName},",
    "UnmappedFiles": "Foldere nemapate",
    "EditReleaseProfile": "Editați profilul de întârziere",
    "Clone": "Clonează",
    "AddReleaseProfile": "Editați profilul de întârziere",
    "DownloadImported": "Descărcarea ignorată",
    "Season": "Motiv",
    "AddDelayProfileError": "Imposibil de adăugat un nou profil de calitate, încercați din nou.",
    "Min": "Min",
    "Preferred": "Preferat",
    "Max": "Max",
    "Today": "Astăzi",
    "MappedNetworkDrivesWindowsService": "Unitățile de rețea mapate nu sunt disponibile atunci când rulează ca serviciu Windows. Vă rugăm să consultați [FAQ]({url}) pentru mai multe informații",
    "DownloadClientSettingsRecentPriority": "Prioritate recente",
    "DownloadClientSettingsOlderPriority": "Prioritate mai vechi",
    "Paused": "Întrerupt",
    "Pending": "În așteptare",
    "PendingDownloadClientUnavailable": "În așteptare - Clientul de descărcare nu este disponibil",
    "WaitingToImport": "Se așteaptă importul",
    "WaitingToProcess": "Se așteaptă procesarea",
    "AddAutoTag": "Adăugați Tagare Automata",
    "AddCondition": "Adăugați Condiție",
    "Any": "Oricare",
    "CheckDownloadClientForDetails": "Verificați clientul de descărcare pentru mai multe detalii",
    "Downloaded": "Descărcat",
    "AddImportList": "Adăugați Lista de Import"
}
