{
    "Added": "Přidáno",
    "ApiKeyValidationHealthCheckMessage": "Aktualizujte svůj klíč API tak, aby měl alespoň {length} znaků. Můžete to provést prostřednictvím nastavení nebo konfiguračního souboru",
    "BlocklistRelease": "Blocklist pro vydání",
    "AgeWhenGrabbed": "Stáří (kdy bylo získáno)",
    "Always": "Vždy",
    "AnalyseVideoFiles": "Analyzovat video soubory",
    "AnalyseVideoFilesHelpText": "Extrahujte ze souborů informace o videu, jako je rozlišení, doba běhu a informace o kodeku. To vyžaduje, aby {appName} četl části souboru, což může způsobit vysokou aktivitu disku nebo sítě během skenování.",
    "ApplicationURL": "URL aplikace",
    "ApplicationUrlHelpText": "Externí adresa URL této aplikace včetně http(s)://, portu a základní adresy URL",
    "AuthenticationMethodHelpText": "Vyžadovat uživatelské jméno a heslo pro přístup k {appName}u",
    "AuthenticationRequired": "Vyžadované ověření",
    "AuthenticationRequiredHelpText": "Změnit, pro které požadavky je vyžadováno ověření. Pokud nerozumíte rizikům, neměňte je.",
    "AuthenticationRequiredWarning": "Aby se zabránilo vzdálenému přístupu bez ověření, vyžaduje nyní {appName} povolení ověření. Ověřování z místních adres můžete volitelně zakázat.",
    "AutoRedownloadFailedHelpText": "Automatické vyhledání a pokus o stažení jiného vydání",
    "AutoTaggingLoadError": "Nepodařilo se načíst automatické značky",
    "AutomaticAdd": "Přidat automaticky",
    "BackupIntervalHelpText": "Interval mezi automatickými zálohami",
    "BackupRetentionHelpText": "Automatické zálohy starší než doba uchovávání budou automaticky vyčištěny",
    "BackupsLoadError": "Nelze načíst zálohy",
    "BranchUpdate": "Větev, která se použije k aktualizaci {appName}u",
    "BranchUpdateMechanism": "Větev používaná externím aktualizačním mechanismem",
    "BrowserReloadRequired": "Vyžaduje se opětovné načtení prohlížeče",
    "BuiltIn": "Vestavěný",
    "BypassDelayIfHighestQualityHelpText": "Obejít zpoždění, když má vydání nejvyšší povolenou kvalitu v profilu kvality s preferovaným protokolem",
    "BypassDelayIfAboveCustomFormatScoreMinimumScoreHelpText": "Minimální skóre vlastního formátu požadované pro obejití zpoždění preferovaného protokolu",
    "BypassProxyForLocalAddresses": "Obcházení proxy serveru pro místní adresy",
    "ChangeFileDate": "Změnit datum souboru",
    "ChangeFileDateHelpText": "Změnit datum souboru při importu / opětovném skenování",
    "CancelProcessing": "Zrušit zpracování",
    "CheckDownloadClientForDetails": "zkontrolujte klienta pro stahování pro více informací",
    "ChmodFolderHelpText": "Octal, aplikováno během importu / přejmenování na mediální složky a soubory (bez provádění bitů)",
    "ChmodFolderHelpTextWarning": "Toto funguje pouze v případě, že uživatel, který spustil {appName}, je vlastníkem souboru. Je lepší zajistit, aby klient pro stahování správně nastavil oprávnění.",
    "ChooseAnotherFolder": "Vyberte jinou složku",
    "ChownGroup": "Skupina chown",
    "ConnectSettings": "Nastavení připojení",
    "Connect": "Připojit",
    "ConnectSettingsSummary": "Oznámení, připojení k mediálním serverům/přehrávačům a vlastní skripty",
    "Connections": "Připojení",
    "AbsoluteEpisodeNumber": "Úplné číslo dílu",
    "AddAutoTagError": "Nepodařilo se přidat novou automatickou značku, zkuste to prosím znovu.",
    "AddConditionError": "Nepodařilo se přidat novou podmínku, prosím, zkuste to znovu.",
    "AddConnection": "Přidat spojení",
    "AddCustomFormat": "Přidat vlastní formát",
    "AddIndexer": "Přidat indexer",
    "AddIndexerError": "Nebylo možné přidat nový indexátor, prosím zkuste to později.",
    "AddListError": "Nebylo možné přidat nový seznam, prosím zkuste to později.",
    "AddList": "Přidat seznam",
    "AddListExclusionError": "Nebylo možné přidat nové vyloučení ze seznamu importovaných položek, prosím zkuste to později.",
    "AddNewRestriction": "Přidat nové omezení",
    "AddQualityProfile": "Přidat profil kvality",
    "AfterManualRefresh": "Po manuálním obnovení",
    "AddRemotePathMappingError": "Nebylo možné přidat nové mapování vzdálených cest, prosím zkuste to později.",
    "AuthBasic": "Základní (vyskakovací okno prohlížeče)",
    "ApplyChanges": "Použít změny",
    "AuthForm": "Formuláře (přihlašovací stránka)",
    "Authentication": "Ověřování",
    "Automatic": "Automatický",
    "AutoTaggingNegateHelpText": "Pokud je zaškrtnuto, pravidlo automatického označování se nepoužije, pokud odpovídá této podmínce {implementationName}.",
    "BindAddress": "Vázat adresu",
    "BindAddressHelpText": "Platná IP adresa, localhost nebo '*' pro všechna rozhraní",
    "BlocklistLoadError": "Nelze načíst černou listinu",
    "BypassDelayIfHighestQuality": "Obejít v případě nejvyšší kvality",
    "BypassDelayIfAboveCustomFormatScoreHelpText": "Povolit obcházení, pokud má vydání vyšší skóre, než je nakonfigurované minimální skóre vlastního formátu",
    "BypassDelayIfAboveCustomFormatScoreMinimumScore": "Minimální skóre vlastního formátu",
    "CertificateValidation": "Ověření certifikátu",
    "CalendarLoadError": "Nelze načíst kalendář",
    "CertificateValidationHelpText": "Změňte přísnost ověřování certifikátů HTTPS. Neměňte, pokud nerozumíte rizikům.",
    "ChownGroupHelpText": "Název skupiny nebo gid. Použijte gid pro vzdálené systémy souborů.",
    "ChownGroupHelpTextWarning": "Toto funguje pouze v případě, že uživatel, který spustil {appName}, je vlastníkem souboru. Je lepší zajistit, aby klient stahování používal stejnou skupinu jako {appName}.",
    "ClientPriority": "Priorita klienta",
    "Clone": "Klonovat",
    "CloneIndexer": "Klonovat indexátor",
    "ColonReplacement": "Nahrazení dvojtečky",
    "ColonReplacementFormatHelpText": "Změna způsobu, jakým {appName} zpracovává náhradu dvojtečky",
    "CollectionsLoadError": "Nelze načíst sbírky",
    "CompletedDownloadHandling": "Zpracování stahování bylo dokončeno",
    "Condition": "Stav",
    "UpdateMechanismHelpText": "Použijte vestavěný nástroj {appName}u pro aktualizaci nebo skript",
    "AddCondition": "Přidat podmínku",
    "AutoTagging": "Automatické označování",
    "AddAutoTag": "Přidat automatickou značku",
    "AutoTaggingRequiredHelpText": "Tato podmínka {implementationName} musí odpovídat, aby se pravidlo automatického označování použilo. V opačném případě postačí jediná shoda s {implementationName}.",
    "AirDate": "Datum vysílání",
    "AllTitles": "Všechny názvy",
    "AbsoluteEpisodeNumbers": "Úplné číslo dílu(ů)",
    "AddRootFolder": "Přidat kořenový adresář",
    "Backups": "Zálohy",
    "Clear": "Vyčistit",
    "BeforeUpdate": "Před zálohováním",
    "CloneAutoTag": "Klonovat automatické značky",
    "Conditions": "Podmínky",
    "CancelPendingTask": "Opravdu chcete zrušit tento nevyřízený úkol?",
    "Apply": "Použít",
    "AddingTag": "Přidání značky",
    "ApplyTags": "Použít značky",
    "AutoAdd": "Přidat automaticky",
    "Cancel": "Zrušit",
    "ApplyTagsHelpTextHowToApplyDownloadClients": "Jak použít značky na vybrané klienty pro stahování",
    "ApplyTagsHelpTextHowToApplyImportLists": "Jak použít značky na vybrané seznamy k importu",
    "ApplyTagsHelpTextHowToApplyIndexers": "Jak použít značky na vybrané indexery",
    "AudioInfo": "Audio informace",
    "Age": "Stáří",
    "AudioLanguages": "Jazyky zvuku",
    "Certification": "Osvědčení",
    "CloneCondition": "Klonovat podmínku",
    "All": "Vše",
    "Close": "Zavřít",
    "CloneCustomFormat": "Klonovat vlastní formát",
    "Component": "Komponenta",
    "AddedToDownloadQueue": "Stahování přidáno do fronty",
    "Absolute": "Úplné",
    "Add": "Přidat",
    "AllResultsAreHiddenByTheAppliedFilter": "Všechny výsledky jsou schovány použitým filtrem",
    "AddANewPath": "Přidat novou cestu",
    "AddCustomFormatError": "Nebylo možné přidat nový vlastní formát, prosím zkuste to později.",
    "AddDownloadClientImplementation": "Přidat klienta pro stahování - {implementationName}",
    "AddImportListExclusionError": "Nebylo možné přidat nové importované položky, prosím zkuste to později.",
    "ApplyTagsHelpTextRemove": "Odebrat: Odebrat zadané značky",
    "ApplyTagsHelpTextAdd": "Přidat: Přidá značky k již existujícímu seznamu",
    "ApplyTagsHelpTextReplace": "Nahradit: Nahradit značky zadanými značkami (prázdné pole vymaže všechny značky)",
    "Backup": "Záloha",
    "Activity": "Aktivita",
    "Blocklist": "Blocklist",
    "AddNew": "Přidat nové",
    "About": "O aplikaci",
    "Actions": "Akce",
    "AptUpdater": "K instalaci aktualizace použijte apt",
    "BackupNow": "Ihned zálohovat",
    "AppDataDirectory": "Adresář AppData",
    "ApplyTagsHelpTextHowToApplySeries": "Jak použít značky na vybrané seriály",
    "BackupFolderHelpText": "Relativní cesty se budou nacházet v adresáři AppData systému {appName}",
    "BlocklistReleases": "Blocklist pro vydání",
    "Agenda": "Agenda",
    "AnEpisodeIsDownloading": "Epizoda se stahuje",
    "AppDataLocationHealthCheckMessage": "Aktualizace nebude možná, aby se zabránilo odstranění AppData při aktualizaci",
    "AddNewSeries": "Přidat nový seriál",
    "AddNewSeriesError": "Výsledky vyhledávání se nepodařilo načíst, zkuste to prosím znovu.",
    "AddNewSeriesHelpText": "Přidání nového seriálu je snadné, stačí začít psát název seriálu, který chcete přidat.",
    "AddNewSeriesRootFolderHelpText": "'{folder}' posdložka bude vytvořena automaticky",
    "AddNewSeriesSearchForCutoffUnmetEpisodes": "Zahájit hledání vynechaných epizod",
    "AddNewSeriesSearchForMissingEpisodes": "Zahájit hledání chybějících epizod",
    "AddReleaseProfile": "Přidat profil vydání",
    "AddRemotePathMapping": "Přidat mapování vzdálených cest",
    "AddSeriesWithTitle": "Přidat {title}",
    "AllSeriesInRootFolderHaveBeenImported": "Všechny seriály v {path} byly importovány",
    "AlreadyInYourLibrary": "Již máte ve své knihovně",
    "ConditionUsingRegularExpressions": "Tato podmínka odpovídá regulárním výrazům. Všimněte si, že znaky `\\^$.|?*+()[{` mají speciální význam a je třeba je negovat pomocí `\\`",
    "ClickToChangeQuality": "Kliknutím změníte kvalitu",
    "ClickToChangeSeries": "Kliknutím změníte seriál",
    "AddNotificationError": "Nebylo možné přidat nové oznámení, prosím zkuste to později.",
    "AddConditionImplementation": "Přidat podmínku - {implementationName}",
    "AddConnectionImplementation": "Přidat spojení - {implementationName}",
    "AddCustomFilter": "Přidat vlastní filtr",
    "AddDownloadClient": "Přidat klienta pro stahování",
    "AddDelayProfile": "Přidat profil zpoždění",
    "AddDownloadClientError": "Nebylo možné přidat nového klienta pro stahování, prosím zkuste to později.",
    "AddExclusion": "Přidat vyjímku",
    "AddImportListExclusion": "Přidat výjimku ze seznamu k importu",
    "AddImportList": "Přidat importované položky",
    "AddImportListImplementation": "Přidat seznam k importu - {implementationName}",
    "AddIndexerImplementation": "Přidat indexer - {implementationName}",
    "AddQualityProfileError": "Nebylo možné přidat nový profil kvality, prosím zkuste to později.",
    "AddToDownloadQueue": "Přidat stahování do fronty",
    "Airs": "Vysíláno",
    "AirsDateAtTimeOn": "{date} v {time} na {networkLabel}",
    "AirsTbaOn": "TBA na {networkLabel}",
    "AirsTimeOn": "{time} na {networkLabel}",
    "AirsTomorrowOn": "Zítra v {time} na {networkLabel}",
    "CalendarOptions": "Možnosti kalendáře",
    "AllFiles": "Všechny soubory",
    "Analytics": "Analýzy",
    "AnalyticsEnabledHelpText": "Odesílání anonymních informací o používání a chybách na servery společnosti {appName}. To zahrnuje informace o vašem prohlížeči, o tom, které stránky webového rozhraní {appName} používáte, hlášení chyb a také informace o verzi operačního systému a běhového prostředí. Tyto informace použijeme k určení priorit funkcí a oprav chyb.",
    "Anime": "Anime",
    "AnimeEpisodeFormat": "Formát epizod pro Anime",
    "AnimeEpisodeTypeDescription": "Epizody vydané s použitím absolutního čísla epizody",
    "AnimeEpisodeTypeFormat": "Absolutní číslo epizody ({format})",
    "Any": "Jakákoliv",
    "ApiKey": "Klíč API",
    "AppUpdated": "{appName} aktualizován",
    "AppUpdatedVersion": "{appName} byla aktualizována na verzi `{version}`, abyste získali nejnovější změny, musíte znovu načíst {appName}. ",
    "ChooseImportMode": "Vyberte mód importu",
    "ClickToChangeEpisode": "Kliknutím změníte epizodu",
    "ClickToChangeLanguage": "Kliknutím změníte jazyk",
    "AutomaticSearch": "Vyhledat automaticky",
    "AutomaticUpdatesDisabledDocker": "Automatické aktualizace nejsou při použití aktualizačního mechanismu Docker přímo podporovány. Obraz kontejneru je nutné aktualizovat mimo {appName} nebo použít skript",
    "Branch": "Větev",
    "BypassDelayIfAboveCustomFormatScore": "Obejít, pokud je vyšší než skóre vlastního formátu",
    "Calendar": "Kalendář",
    "CalendarFeed": "{appName} zdroj kalendáře",
    "CalendarLegendEpisodeDownloadedTooltip": "Epizoda byla stažena a roztříděna",
    "CalendarLegendEpisodeDownloadingTooltip": "Epizoda se právě stahuje",
    "CalendarLegendSeriesFinaleTooltip": "Finále seriálu nebo řady",
    "CalendarLegendEpisodeMissingTooltip": "Epizoda byla odvysílána a na disku chybí",
    "CalendarLegendEpisodeOnAirTooltip": "Epizoda se právě vysílá",
    "CalendarLegendSeriesPremiereTooltip": "Premiéra seriálu nebo řady",
    "CalendarLegendEpisodeUnairedTooltip": "Epizoda ještě nebyla odvysílána",
    "CalendarLegendEpisodeUnmonitoredTooltip": "Epizoda je nemonitorovaná",
    "ChmodFolder": "Složka chmod",
    "ClickToChangeReleaseGroup": "Kliknutím změníte skupinu vydání",
    "ClickToChangeSeason": "Kliknutím změníte řadu",
    "CloneProfile": "Klonovat profil",
    "CollapseMultipleEpisodes": "Sbalení více epizod",
    "CollapseMultipleEpisodesHelpText": "Sbalení více epizod vysílaných ve stejný den",
    "ConnectionLost": "Spojení ztraceno",
    "ConnectionLostReconnect": "{appName} se pokusí připojit automaticky, nebo můžete kliknout na tlačítko znovunačtení níže.",
    "ConnectionLostToBackend": "{appName} ztratil spojení s backendem a pro obnovení funkčnosti bude třebaho znovu načíst.",
    "Continuing": "Pokračující",
    "CountSeasons": "{count} Řad",
    "CustomFormat": "Vlastní formát",
    "CustomFormats": "Vlastní formáty",
    "CutoffUnmet": "Mezní hodnota nesplněna",
    "Cutoff": "Odříznout",
    "DailyEpisodeFormat": "Formát denní epizody",
    "DailyEpisodeTypeDescription": "Epizody vydávané denně nebo méně často, které používají rok-měsíc-den (2023-08-04)",
    "CopyUsingHardlinksHelpTextWarning": "Příležitostně mohou zámky souborů bránit přejmenování souborů, které jsou odesílány. Můžete dočasně zakázat odesílání a použít funkci přejmenování {appName} jako řešení.",
    "CreateEmptySeriesFoldersHelpText": "Vytvoření chybějících složek pro seriály během skenování disku",
    "CreateEmptySeriesFolders": "Vytvoření prázdných složek pro seriály",
    "CreateGroup": "Vytvořit skupinu",
    "Custom": "Vlastní",
    "CustomFormatUnknownCondition": "Neznámá podmínka vlastního formátu „{implementation}“",
    "CustomFormatUnknownConditionOption": "Neznámá možnost „{key}“ pro podmínku „{implementation}“",
    "CustomFormatsLoadError": "Nelze načíst vlastní formáty",
    "CustomFormatsSettingsSummary": "Vlastní formáty a nastavení",
    "CopyUsingHardlinksSeriesHelpText": "Pevné odkazy umožňují aplikaci {appName} importovat odesílané torrenty do složky seriálu, aniž by zabíraly další místo na disku nebo kopírovaly celý obsah souboru. Hardlinky budou fungovat pouze v případě, že zdrojový a cílový soubor jsou na stejném svazku",
    "CustomFormatHelpText": "{appName} hodnotí každé vydání pomocí součtu bodů za odpovídající vlastní formáty. Pokud by nové vydání zlepšilo skóre při stejné nebo lepší kvalitě, {appName} jej získá.",
    "Daily": "Denní",
    "ContinuingOnly": "Pouze pokračující",
    "CurrentlyInstalled": "Aktuálně nainstalováno",
    "CountImportListsSelected": "{count} vybraných seznamů pro import",
    "CustomFormatScore": "Skóre vlastního formátu",
    "CountDownloadClientsSelected": "{count} vybraných klientů ke stahování",
    "CouldNotFindResults": "Nepodařilo se najít žádné výsledky pro '{term}'",
    "CustomFormatsSettings": "Nastavení vlastních formátů",
    "CopyToClipboard": "Zkopírovat do schránky",
    "CountIndexersSelected": "{count} vybraných indexerů",
    "CountSelectedFiles": "{selectedCount} vybraných souborů",
    "CountSelectedFile": "{selectedCount} vybraný soubor",
    "CustomFilters": "Vlastní filtry",
    "DelayProfiles": "Profily zpoždění",
    "DelayProfilesLoadError": "Nelze načíst profily zpoždění",
    "DelayProfileSeriesTagsHelpText": "Platí pro seriály s alespoň jednou odpovídající značkou",
    "DelayMinutes": "{delay} Minuty",
    "DefaultDelayProfileSeries": "Toto je výchozí profil. Platí pro všechny seriály, které nemají explicitní profil.",
    "CustomFormatJson": "Vlastní JSON formát",
    "Debug": "Ladit",
    "Day": "Den",
    "DeleteCustomFormatMessageText": "Opravdu chcete odstranit vlastní formát '{name}'?",
    "DefaultNameCopiedProfile": "{name} - Kopírovat",
    "DefaultNameCopiedSpecification": "{name} - Kopírovat",
    "DefaultNotFoundMessage": "Asi jsi se ztratil, není tu nic k vidění.",
    "DelayProfile": "Profil zpoždění",
    "DelayProfileProtocol": "Protokol: {preferredProtocol}",
    "DelayingDownloadUntil": "Odložení stahování do {date} v {time}",
    "DeleteAutoTag": "Odstranění automatické značky",
    "DeleteBackup": "Odstranění zálohy",
    "DeleteBackupMessageText": "Opravdu chcete odstranit zálohu '{name}'?",
    "DeleteCondition": "Odstranit podmínku",
    "DeleteConditionMessageText": "Opravdu chcete odstranit podmínku '{name}'?",
    "DeleteCustomFormat": "Odstranění vlastního formátu",
    "DeleteDelayProfile": "Odstranění profilu zpoždění",
    "DeleteDelayProfileMessageText": "Opravdu chcete smazat tento profil zpoždění?",
    "DeleteDownloadClient": "Odstranění klienta pro stahování",
    "DeleteAutoTagHelpText": "Opravdu chcete odstranit automatickou značku '{name}'?",
    "Delete": "Smazat",
    "Dash": "Pomlčka",
    "Database": "Databáze",
    "Date": "Datum",
    "Dates": "Termíny",
    "DefaultCase": "Výchozí případ",
    "DailyEpisodeTypeFormat": "Datum ({format})",
    "Default": "Výchozí",
    "IndexerDownloadClientHelpText": "Zvolte, který klient pro stahování bude použit pro zachytávání z toho indexeru",
    "DeletedReasonManual": "Soubor byl smazán pomocí UI",
    "DeletedReasonUpgrade": "Soubor byl odstraněn pro import lepší verze",
    "EditConditionImplementation": "Upravit sbírku - {implementationName}",
    "ClearBlocklist": "Vyčistit blocklist",
    "ClearBlocklistMessageText": "Určitě chcete smazat všechny položky z blocklistu?",
    "DeleteDownloadClientMessageText": "Opravdu chcete odstranit klienta pro stahování '{name}'?",
    "DeleteImportList": "Smazat seznam importovaných položek",
    "DeleteImportListMessageText": "Opravdu chcete smazat seznam '{name}'?",
    "DeleteIndexerMessageText": "Opravdu chcete odstranit indexer '{name}'?",
    "DeleteQualityProfileMessageText": "Opravdu chcete smazat profil kvality '{name}'?",
    "DeleteSelectedImportListsMessageText": "Opravdu chcete smazat {count} vybraných seznamů k importu?",
    "DeleteSelectedIndexersMessageText": "Opravdu chcete smazat {count} vybraný(ch) indexer(ů)?",
    "DisabledForLocalAddresses": "Zakázáno pro místní adresy",
    "DownloadClientsLoadError": "Nelze načíst klienty pro stahování",
    "DownloadIgnored": "Stahování ignorováno",
    "DeleteSelectedDownloadClientsMessageText": "Opravdu chcete smazat {count} vybraných klientů pro stahování?",
    "DeleteSelectedImportLists": "Smazat seznam k importu",
    "DeleteSelectedDownloadClients": "Odstranit klienta pro stahování",
    "Duration": "Trvání",
    "EditAutoTag": "Upravit automatickou značku",
    "EditDownloadClientImplementation": "Upravit klienta pro stahování - {implementationName}",
    "EditImportListImplementation": "Upravit seznam k importu - {implementationName}",
    "EditIndexerImplementation": "Upravit indexer - {implementationName}",
    "FormatAgeDay": "den",
    "FormatAgeMinute": "minuta",
    "FormatAgeMinutes": "minut",
    "FailedToFetchUpdates": "Nepodařilo se načíst aktualizace",
    "FailedToUpdateSettings": "Nepodařilo se aktualizovat nastavení",
    "EnableProfile": "Povolit profil",
    "FormatAgeDays": "dnů",
    "FormatAgeHour": "hodina",
    "FormatAgeHours": "hodin",
    "AuthenticationMethod": "Metoda ověřování",
    "AuthenticationMethodHelpTextWarning": "Prosím vyberte platnou metodu ověřování",
    "AuthenticationRequiredPasswordHelpTextWarning": "Vložte nové heslo",
    "EditSelectedIndexers": "Upravit vybrané indexery",
    "AuthenticationRequiredUsernameHelpTextWarning": "Vložte nové uživatelské jméno",
    "AuthenticationRequiredPasswordConfirmationHelpTextWarning": "Potvrďte nové heslo",
    "AutoRedownloadFailedFromInteractiveSearchHelpText": "Automaticky vyhledat a pokusit se o stažení jiného vydání, pokud bylo neúspěšné vydání zachyceno z interaktivního vyhledávání",
    "AutoRedownloadFailed": "Opětovné stažení se nezdařilo",
    "AutoRedownloadFailedFromInteractiveSearch": "Opětovné stažení z interaktivního vyhledávání selhalo",
    "DeleteNotificationMessageText": "Opravdu chcete smazat oznámení '{name}'?",
    "DeleteRootFolder": "Smazat kořenový adresář",
    "DeleteRootFolderMessageText": "Opravdu chcete smazat kořenový adresář s cestou '{path}'?",
    "EditSelectedDownloadClients": "Upravit vybrané klienty pro stahování",
    "EditSelectedImportLists": "Upravit vybrané seznamy k importu",
    "FormatDateTime": "{formattedDate} {formattedTime}",
    "AddRootFolderError": "Nepodařilo se přidat kořenový adresář",
    "DownloadClientRemovesCompletedDownloadsHealthCheckMessage": "Klient stahování {downloadClientName} je nastaven na odstranění dokončených stahování. To může vést k tomu, že stahování budou z klienta odstraněna dříve, než je bude moci importovat {appName}.",
    "ConnectionSettingsUrlBaseHelpText": "Přidá předponu do {connectionName} url, jako např. {url}",
    "CustomFormatsSpecificationRegularExpressionHelpText": "Vlastní formát RegEx nerozlišuje velká a malá písmena",
    "CustomFormatsSpecificationFlag": "Vlajka",
    "BlackholeFolderHelpText": "Složka do které {appName} uloží {extension} soubor",
    "BlackholeWatchFolder": "Složka sledování",
    "Category": "Kategorie",
    "BlocklistAndSearch": "Seznam blokovaných a vyhledávání",
    "BlackholeWatchFolderHelpText": "Složka ze které {appName} má importovat stažené soubory",
    "BlocklistReleaseHelpText": "Zabránit {appName} v opětovném sebrání tohoto vydání pomocí RSS nebo automatického vyhledávání",
    "BlocklistMultipleOnlyHint": "Blokovat a nehledat náhradu",
    "CustomFormatsSettingsTriggerInfo": "Vlastní formát se použije na vydání nebo soubor, pokud odpovídá alespoň jednomu z různých typů zvolených podmínek.",
    "ChangeCategory": "Změnit kategorii"
}
