{
    "Absolute": "Absolut",
    "AbsoluteEpisodeNumber": "Absolut Episode-nummer",
    "AddConditionError": "Kan ikke tilføje en ny betingelse, prøv igen.",
    "AddAutoTagError": "Kan ikke tilføje en ny liste, prøv igen.",
    "AddConnection": "Tilføj forbindelse",
    "AddCustomFormat": "Tilføj tilpasset format",
    "AddCustomFormatError": "Kunne ikke tilføje et nyt tilpasset format, prøv igen.",
    "AddDelayProfile": "Tilføj forsinkelsesprofil",
    "AddCondition": "Tilføj betingelse",
    "AddAutoTag": "Tilføj automatisk Tag",
    "AbsoluteEpisodeNumbers": "Absolutte Episode-numre",
    "Add": "Tilføj",
    "Activity": "Aktivitet",
    "About": "Om",
    "Actions": "Handlinger",
    "AddANewPath": "Tilføj en ny sti",
    "AddConditionImplementation": "Tilføj betingelse - {implementationName}",
    "AddConnectionImplementation": "Tilføj forbindelse - {implementationName}",
    "AddCustomFilter": "Tilføj tilpasset filter",
    "ApplyChanges": "Anvend ændringer",
    "Test": "Afprøv",
    "AddImportList": "Tilføj importliste",
    "AddExclusion": "Tilføj undtagelse",
    "TestAll": "Afprøv alle",
    "TestAllClients": "Afprøv alle klienter",
    "TestAllLists": "Afprøv alle lister",
    "Unknown": "Ukendt",
    "AllTitles": "All titler",
    "TablePageSize": "Sidestørrelse",
    "TestAllIndexers": "Afprøv alle indeks",
    "AddDownloadClientImplementation": "Tilføj downloadklient - {implementationName}",
    "AddIndexerError": "Kunne ikke tilføje en ny indekser. Prøv igen.",
    "AddImportListImplementation": "Tilføj importliste - {implementationName}",
    "AddRootFolderError": "Kunne ikke tilføje rodmappe",
    "Table": "Tabel",
    "AddIndexer": "Tilføj indekser",
    "AddDownloadClient": "Tilføj downloadklient",
    "AddImportListExclusion": "Tilføj ekslusion til importeringslisten",
    "AddDelayProfileError": "Kan ikke tilføje en ny forsinkelsesprofil. Prøv venligst igen.",
    "AddDownloadClientError": "Ikke muligt at tilføje en ny downloadklient. Prøv venligst igen."
}
