{
    "ApiKeyValidationHealthCheckMessage": "Пожалуйста, обновите свой ключ API, чтобы он был длиной не менее {length} символов. Вы можете сделать это через настройки или файл конфигурации",
    "DownloadClientSortingHealthCheckMessage": "В клиенте загрузки {downloadClientName} включена сортировка {sortingMode} для категории {appName}. Вам следует отключить сортировку в вашем клиенте загрузки, чтобы избежать проблем с импортом.",
    "IndexerJackettAllHealthCheckMessage": "Используется не поддерживаемый в Jackett конечный параметр 'all' в индексаторе: {indexerNames}",
    "IndexerSearchNoAutomaticHealthCheckMessage": "Нет доступных индексаторов с включенным автоматическим поиском, {appName} не будет предоставлять результаты автоматического поиска",
    "Added": "Добавлено",
    "AppDataLocationHealthCheckMessage": "Обновление будет не возможно, во избежание удаления данных программы во время обновления",
    "ApplyChanges": "Применить изменения",
    "DownloadClientCheckNoneAvailableHealthCheckMessage": "Ни один загрузчик не доступен",
    "DownloadClientCheckUnableToCommunicateWithHealthCheckMessage": "Невозможно связаться с {downloadClientName}. {errorMessage}",
    "DownloadClientRootFolderHealthCheckMessage": "Клиент загрузки {downloadClientName} помещает загрузки в корневую папку {rootFolderPath}. Вы не должны загружать в корневую папку.",
    "DownloadClientStatusAllClientHealthCheckMessage": "Все клиенты загрузки недоступны из-за сбоев",
    "DownloadClientStatusSingleClientHealthCheckMessage": "Клиенты для скачивания недоступны из-за ошибок: {downloadClientNames}",
    "EditSelectedDownloadClients": "Редактировать выбранные клиенты загрузки",
    "EditSelectedImportLists": "Редактировать выбранные списки импорта",
    "EditSeries": "Редактировать серию",
    "EnableAutomaticSearch": "Включить автоматический поиск",
    "EnableInteractiveSearch": "Включить интерактивный поиск",
    "Enabled": "Включено",
    "HiddenClickToShow": "Скрыто, нажмите чтобы показать",
    "HideAdvanced": "Скрыть расширенные",
    "ImportListRootFolderMissingRootHealthCheckMessage": "Отсутствует корневая папка для импортирования списка(ов): {rootFolderInfo}",
    "ImportListRootFolderMultipleMissingRootsHealthCheckMessage": "Для импортируемых списков отсутствуют несколько корневых папок: {rootFolderInfo}",
    "ImportListStatusAllUnavailableHealthCheckMessage": "Все листы недоступны из-за ошибок",
    "ImportListStatusUnavailableHealthCheckMessage": "Листы недоступны из-за ошибок: {importListNames}",
    "ImportMechanismEnableCompletedDownloadHandlingIfPossibleHealthCheckMessage": "Включить обработку завершенной загрузки, если это возможно",
    "ImportMechanismHandlingDisabledHealthCheckMessage": "Включить обработку завершенных скачиваний",
    "IndexerLongTermStatusAllUnavailableHealthCheckMessage": "Все индексаторы недоступны из-за ошибок за последние 6 часов",
    "IndexerLongTermStatusUnavailableHealthCheckMessage": "Все индексаторы недоступны из-за ошибок за последние 6 часов: {indexerNames}",
    "IndexerRssNoIndexersAvailableHealthCheckMessage": "Все RSS индексаторы временно выключены из-за ошибок",
    "IndexerRssNoIndexersEnabledHealthCheckMessage": "Нет доступных индексаторов с включенной синхронизацией RSS, {appName} не будет автоматически получать новые выпуски",
    "IndexerSearchNoAvailableIndexersHealthCheckMessage": "Все индексаторы с возможностью поиска временно выключены из-за ошибок",
    "DeleteSelectedImportListsMessageText": "Вы уверены, что хотите удалить {count} выбранных списков импорта?",
    "DeleteSelectedIndexersMessageText": "Вы уверены, что хотите удалить {count} выбранных индексатора?",
    "EditConditionImplementation": "Редактировать условие - {implementationName}",
    "EditImportListImplementation": "Редактировать импорт лист - {implementationName}",
    "Implementation": "Реализация",
    "IndexerDownloadClientHealthCheckMessage": "Индексаторы с недопустимыми клиентами загрузки: {indexerNames}.",
    "ManageClients": "Управление клиентами",
    "ManageIndexers": "Управление индексаторами",
    "MoveAutomatically": "Перемещать автоматически",
    "NoDownloadClientsFound": "Клиенты для загрузки не найдены",
    "NotificationStatusSingleClientHealthCheckMessage": "Уведомления недоступны из-за сбоев: {notificationNames}",
    "CountIndexersSelected": "{count} выбранных индексаторов",
    "EditAutoTag": "Редактировать автоматическую маркировку",
    "NoHistoryBlocklist": "Нет истории блокировок",
    "ManageDownloadClients": "Менеджер клиентов загрузки",
    "ManageImportLists": "Управление списками импорта",
    "ManageLists": "Управление листами",
    "DeleteImportListMessageText": "Вы уверены, что хотите удалить список '{name}'?",
    "AudioLanguages": "Язык аудио",
    "CloneAutoTag": "Автоматическое клонирование метки",
    "CloneCondition": "Условие клонирования",
    "CountImportListsSelected": "{count} выбранных списков импорта",
    "DeleteAutoTag": "Удалить автоматическую маркировку",
    "DeleteAutoTagHelpText": "Вы уверены, что хотите удалить автоматическую метку '{name}'?",
    "DeleteImportList": "Удалить список импорта",
    "DeleteSelectedDownloadClientsMessageText": "Вы уверены, что хотите удалить {count} выбранных клиента загрузки?",
    "DeleteRootFolder": "Удалить корневую папку",
    "DeleteRootFolderMessageText": "Вы уверены, что хотите удалить корневую папку '{path}'?",
    "DeleteSelectedImportLists": "Удалить списки импорта",
    "EditSelectedIndexers": "Редактировать выбранный индексатор",
    "ImportScriptPath": "Путь к скрипту импорта",
    "DeleteCondition": "Удалить условие",
    "DeleteQualityProfileMessageText": "Вы уверены, что хотите удалить профиль качества '{name}'?",
    "DisabledForLocalAddresses": "Отключено для локальных адресов",
    "NoIndexersFound": "Индексаторы не найдены",
    "NoImportListsFound": "Списки импорта не найдены",
    "BypassDelayIfAboveCustomFormatScoreMinimumScore": "Минимальная оценка пользовательского формата",
    "BypassDelayIfAboveCustomFormatScoreMinimumScoreHelpText": "Минимальная оценка пользовательского формата, необходимая для обхода задержки для предпочитаемого протокола",
    "CountDownloadClientsSelected": "{count} выбранных клиентов загрузки",
    "ImportUsingScript": "Импорт с помощью скрипта",
    "NotificationStatusAllClientHealthCheckMessage": "Все уведомления недоступны из-за сбоев",
    "EditDownloadClientImplementation": "Редактировать клиент загрузки - {implementationName}",
    "EditIndexerImplementation": "Редактировать индексатор - {implementationName}",
    "SelectFolderModalTitle": "{modalTitle} - Выберите директорию",
    "SelectLanguageModalTitle": "{modalTitle} - Выберите язык",
    "SetReleaseGroupModalTitle": "{modalTitle} - Выберите релиз-группу",
    "Usenet": "Usenet",
    "RemoveCompletedDownloads": "Удалить завершенные загрузки",
    "RemoveQueueItemConfirmation": "Вы уверены, что хотите удалить '{sourceTitle}' из очереди?",
    "SubtitleLanguages": "Языки субтитров",
    "TableOptionsButton": "Кнопка \"Параметры таблицы\"",
    "VideoDynamicRange": "Динамический диапазон видео",
    "BypassDelayIfAboveCustomFormatScoreHelpText": "Включите обход, когда оценка релиза выше, чем заданная минимальная оценка пользовательского формата",
    "TagDetails": "Сведения о теге - {label}",
    "TestParsing": "Тест сбора данных",
    "True": "Правильно",
    "SkipRedownload": "Пропустить повторное скачивание",
    "WouldYouLikeToRestoreBackup": "Желаете восстановить резервную копию {name} ?",
    "RemoveTagsAutomatically": "Автоматическое удаление тегов",
    "RemoveTagsAutomaticallyHelpText": "Автоматически удалять теги, если условия не выполняются",
    "DeleteSelectedIndexers": "Удалить индексатор(ы)",
    "DeleteTagMessageText": "Вы уверены, что хотите удалить тэг '{label}'?",
    "ResetAPIKeyMessageText": "Вы уверены, что хотите сбросить Ваш API ключ?",
    "ResetDefinitionTitlesHelpText": "Сбросить названия определений, а также значения",
    "Socks4": "Socks4",
    "ManualGrab": "Ручной захват",
    "OverrideGrabNoLanguage": "Должен быть выбран хотя бы один язык",
    "OverrideGrabNoQuality": "Качество должно быть выбрано",
    "Parse": "Анализ",
    "ParseModalErrorParsing": "Ошибка при парсинге, попробуйте еще раз.",
    "ParseModalHelpText": "Введите название релиза в поле ввода выше",
    "ParseModalUnableToParse": "Невозможно распознать данное название, попробуйте еще раз.",
    "QualitiesLoadError": "Невозможно загрузить параметры качества",
    "ReleaseHash": "Очистить хэш",
    "SelectDownloadClientModalTitle": "{modalTitle} - Выберите клиент для загрузки",
    "SelectDropdown": "Выбрать...",
    "False": "Неверно",
    "InteractiveImportLoadError": "Невозможно загрузить элементы ручного импорта",
    "InteractiveImportNoFilesFound": "В выбранной папке не найдено видеофайлов",
    "ApplyTagsHelpTextAdd": "Добавить: Добавьте теги в существующий список тегов",
    "ApplyTagsHelpTextHowToApplyIndexers": "Как применить теги к выбранным индексаторам",
    "CalendarOptions": "Настройки календаря",
    "RootFolderPath": "Путь к корневой папке",
    "DeleteDelayProfileMessageText": "Вы уверены, что хотите удалить этот профиль задержки?",
    "DeleteDownloadClientMessageText": "Вы уверены, что хотите удалить клиент загрузки '{name}'?",
    "DeleteRemotePathMapping": "Удалить сопоставление удаленного пути",
    "DeleteRemotePathMappingMessageText": "Вы уверены, что хотите удалить это сопоставление удаленного пути?",
    "DeleteSelectedDownloadClients": "Удалить клиент(ы) загрузки",
    "CouldNotFindResults": "Не найдено результатов для '{term}'",
    "DeleteConditionMessageText": "Вы уверены, что хотите удалить условие '{name}'?",
    "RemoveFailedDownloads": "Удаление неудачных загрузок",
    "RemoveSelectedItemQueueMessageText": "Вы уверены, что хотите удалить 1 элемент из очереди?",
    "DeleteIndexerMessageText": "Вы уверены что хотите удалить индексатор '{name}'?",
    "DeleteNotificationMessageText": "Вы уверены, что хотите удалить уведомление '{name}'?",
    "UnableToLoadAutoTagging": "Не удается загрузить автоматическую маркировку",
    "Discord": "Discord",
    "Docker": "Docker",
    "OnHealthRestored": "При восстановлении работоспособности",
    "PrioritySettings": "Приоритет: {priority}",
    "File": "Файл",
    "ApplyTagsHelpTextReplace": "Заменить: заменить теги введенными тегами (оставьте поле пустым, чтобы удалить все теги)",
    "ApplyTagsHelpTextRemove": "Удалить: удалить введенные теги",
    "OnManualInteractionRequired": "Требуется ручное управление",
    "OverrideAndAddToDownloadQueue": "Замена и добавление в очередь загрузки",
    "Default": "По умолчанию",
    "OverrideGrabModalTitle": "Переопределить и захватить - {title}",
    "DeleteBackupMessageText": "Вы уверены, что хотите удалить резервную копию '{name}'?",
    "DeleteImportListExclusionMessageText": "Вы уверены, что хотите удалить это исключение из списка импорта?",
    "DownloadClientsLoadError": "Невозможно загрузить клиенты загрузки",
    "DownloadWarning": "Предупреждения по скачиванию: {warningMessage}",
    "InteractiveImportNoImportMode": "Необходимо выбрать режим импорта",
    "InteractiveImportNoQuality": "Качество должно быть выбрано для каждого выбранного файла",
    "LanguagesLoadError": "Невозможно загрузить языки",
    "RemoveQueueItem": "Удалить - {sourceTitle}",
    "ResetQualityDefinitionsMessageText": "Вы уверены, что хотите сбросить определения качества?",
    "RemoveSelectedItemsQueueMessageText": "Вы действительно хотите удалить {selectedCount} элементов из очереди?",
    "AuthenticationMethod": "Способ авторизации",
    "AuthenticationRequiredPasswordHelpTextWarning": "Введите новый пароль",
    "AuthenticationRequiredUsernameHelpTextWarning": "Введите новое имя пользователя",
    "Activity": "Активность",
    "Add": "Добавить",
    "Actions": "Действия",
    "About": "Об",
    "AddConnection": "Добавить подключение",
    "AddConditionError": "Невозможно добавить новое условие, попробуйте еще раз.",
    "AddCustomFormat": "Добавить свой формат",
    "AddCondition": "Добавить условие",
    "AddCustomFormatError": "Невозможно добавить новый пользовательский формат, попробуйте ещё раз.",
    "AddDelayProfile": "Добавить профиль задержки",
    "AddDownloadClient": "Добавить программу для скачивания",
    "AddDownloadClientError": "Не удалось добавить новый клиент загрузки, попробуйте еще раз.",
    "AddConnectionImplementation": "Добавить подключение - {implementationName}",
    "AddCustomFilter": "Добавить специальный фильтр",
    "Absolute": "Абсолютный",
    "AddConditionImplementation": "Добавить условие - {implementationName}",
    "AddNew": "Добавить",
    "AddRootFolder": "Добавить корневой каталог",
    "AgeWhenGrabbed": "Возраст (когда захвачен)",
    "Age": "Возраст",
    "All": "Все",
    "AddList": "Добавить список",
    "AddListError": "Не удалось добавить новый список, попробуйте еще раз.",
    "AddIndexerError": "Не удалось добавить новый индексатор, повторите попытку.",
    "AddImportList": "Добавить список импорта",
    "AddQualityProfile": "Добавить профиль качества",
    "AddQualityProfileError": "Не удалось добавить новый профиль качества. Повторите попытку.",
    "AfterManualRefresh": "После обновления вручную",
    "AddExclusion": "Добавить исключение",
    "AddIndexer": "Добавить индексатор",
    "AddImportListExclusion": "Добавить исключение из списка импорта",
    "AddNewRestriction": "Добавить новое ограничение",
    "AddNotificationError": "Невозможно добавить новое уведомление, попробуйте еще раз.",
    "AllResultsAreHiddenByTheAppliedFilter": "Все результаты скрыты фильтром",
    "ParseModalHelpTextDetails": "{appName} попытается определить название и показать подробную информацию о нем",
    "AddDownloadClientImplementation": "Добавить клиент загрузки - {implementationName}",
    "AddImportListImplementation": "Добавить список импорта - {implementationName}",
    "AddIndexerImplementation": "Добавить индексатор - {implementationName}",
    "AddNewSeriesError": "Не удалось загрузить результат поиска, попробуйте еще раз.",
    "AddListExclusionSeriesHelpText": "Запретить добавление серий в {appName} по спискам",
    "AddToDownloadQueue": "Добавить в очередь загрузки",
    "AddedDate": "Добавлено: {date}",
    "AddedToDownloadQueue": "Добавлено в очередь на скачивание",
    "AllFiles": "Все файлы",
    "AllSeriesAreHiddenByTheAppliedFilter": "Все результаты скрыты фильтром",
    "AlreadyInYourLibrary": "Уже в вашей библиотеке",
    "Always": "Всегда",
    "Conditions": "Условия",
    "AbsoluteEpisodeNumber": "Абсолютные номера эпизодов",
    "CustomFormatsSettings": "Настройки пользовательских форматов",
    "Daily": "Ежедневно",
    "AnalyticsEnabledHelpText": "Отправлять в {appName} анонимную информацию об использовании и ошибках. Анонимная статистика включает в себя информацию о браузере, какие страницы веб-интерфейса {appName} загружены, сообщения об ошибках, а также операционной системе. Мы используем эту информацию для выявления ошибок, а также для разработки нового функционала.",
    "AppDataDirectory": "Директория AppData",
    "AddANewPath": "Добавить новый путь",
    "CustomFormatsLoadError": "Невозможно загрузить Специальные Форматы",
    "CustomFormatsSpecificationLanguage": "Язык",
    "CustomFormatsSpecificationMaximumSize": "Максимальный размер",
    "CustomFormatsSpecificationMinimumSize": "Минимальный размер",
    "CustomFormatsSpecificationRegularExpression": "Регулярное выражение",
    "CustomFormatsSpecificationReleaseGroup": "Релиз группа",
    "CustomFormatsSpecificationResolution": "Разрешение",
    "CustomFormatsSpecificationSource": "Источник",
    "AddAutoTag": "Добавить автоматический тег",
    "AddAutoTagError": "Не удалось добавить новый авто тег, пожалуйста повторите попытку.",
    "AddListExclusionError": "Не удалось добавить новое исключение из списка. Повторите попытку.",
    "AddImportListExclusionError": "Не удалось добавить новое исключение из списка импорта. Повторите попытку.",
    "AddListExclusion": "Добавить исключение из списка",
    "AddDelayProfileError": "Не удалось добавить новый профиль задержки. Повторите попытку.",
    "Blocklist": "Черный список",
    "Connect": "Подключить",
    "Username": "Пользователь",
    "View": "Просмотр",
    "EpisodeFileMissingTooltip": "Файл эпизода отсутствует",
    "DownloadClientAriaSettingsDirectoryHelpText": "Опциональное местоположение для загрузок. Оставьте пустым, чтобы использовать местоположение Aria2 по умолчанию",
    "DownloadClientDownloadStationValidationNoDefaultDestination": "Нет пункта назначения по умолчанию",
    "DownloadClientFreeboxApiError": "API Freebox вернул ошибку: {errorDescription}",
    "DownloadClientFreeboxNotLoggedIn": "Не авторизован",
    "DownloadClientFreeboxSettingsAppIdHelpText": "Идентификатор приложения, указанный при создании доступа к Freebox API (т. е. 'app_id')",
    "Episode": "Эпизод",
    "DownloadClientNzbgetValidationKeepHistoryOverMax": "Для параметра NzbGet KeepHistory должно быть меньше 25000",
    "UpgradesAllowedHelpText": "Если отключено, то качества не будут обновляться",
    "UseSeasonFolderHelpText": "Сортировать эпизоды внутри папки сезона",
    "EpisodeTitleRequired": "Требуется название эпизода",
    "DownloadClientValidationTestTorrents": "Не удалось получить список торрентов: {exceptionMessage}",
    "Downloaded": "Скачано",
    "AddingTag": "Добавить тэг",
    "EnableAutomaticAdd": "Включить автоматическое добавление",
    "EpisodeTitle": "Название эпизода",
    "DeleteSelectedEpisodeFilesHelpText": "Вы уверены, что хотите удалить выбранные файлы эпизода?",
    "Calendar": "Календарь",
    "CloneProfile": "Клонировать профиль",
    "Ended": "Завершен",
    "Download": "Скачать",
    "DownloadClient": "Загрузочный клиент",
    "Donate": "Пожертвовать",
    "AnalyseVideoFiles": "Анализировать видео файлы",
    "Analytics": "Аналитика",
    "Anime": "Аниме",
    "Any": "Любой",
    "AppUpdated": "{appName} обновлен",
    "AppUpdatedVersion": "Приложение {appName} обновлено до версии `{version}`. Чтобы получить последние изменения, вам необходимо перезагрузить приложение {appName} ",
    "ApplyTagsHelpTextHowToApplyImportLists": "Как применить теги к выбранным спискам импорта",
    "CancelPendingTask": "Вы уверены, что хотите убрать данную задачу из очереди?",
    "CancelProcessing": "Отменить обработку",
    "CertificateValidationHelpText": "Измените строгую проверку сертификации HTTPS. Не меняйте, если вы не понимаете риски.",
    "Certification": "Возрастной рейтинг",
    "ChangeFileDate": "Изменить дату файла",
    "ClickToChangeQuality": "Нажмите чтобы изменить качество",
    "ClickToChangeSeason": "Нажмите, чтобы изменить сезон",
    "ClickToChangeSeries": "Нажмите, чтобы изменить сериал",
    "CloneIndexer": "Клонировать индексер",
    "BackupNow": "Создать резервную копию",
    "UpdaterLogFiles": "Фалы журналов обновления",
    "Updates": "Обновления",
    "UpgradeUntil": "Обновить до качества",
    "UrlBaseHelpText": "Для поддержки обратного прокси, по умолчанию пусто",
    "AbsoluteEpisodeNumbers": "Абсолютные номера эпизодов",
    "AddReleaseProfile": "Добавить профиль выпуска",
    "AddRemotePathMapping": "Добавить удаленный путь",
    "AirDate": "Дата выхода в эфир",
    "AnimeEpisodeFormat": "Формат аниме-эпизода",
    "AuthBasic": "Базовый (всплывающее окно браузера)",
    "AuthForm": "Формы (Страница авторизации)",
    "Authentication": "Аутентификация",
    "AuthenticationRequired": "Требуется авторизация",
    "BackupIntervalHelpText": "Периодичность автоматического резервного копирования",
    "BackupRetentionHelpText": "Автоматические резервные копии старше указанного периода будут автоматически удалены",
    "Backups": "Резервные копии",
    "BackupsLoadError": "Невозможно загрузить резервные копии",
    "BlocklistLoadError": "Не удалось загрузить черный список",
    "Branch": "Ветвь",
    "BranchUpdate": "Ветвь для обновления {appName}",
    "ClientPriority": "Приоритет клиента",
    "CopyUsingHardlinksHelpTextWarning": "Блокировка файлов иногда может мешать переименованию файлов во время раздачи. Можно временно приостановить раздачу и использовать функции {appName} для переименования.",
    "CreateEmptySeriesFolders": "Создать пустые папки для сериалов",
    "CreateGroup": "Создать группу",
    "CurrentlyInstalled": "Установлено",
    "CustomFormatScore": "Настраиваемый формат оценки",
    "DelayMinutes": "{delay} Минуты",
    "DailyEpisodeFormat": "Формат ежедневных эпизодов",
    "DelayProfilesLoadError": "Невозможно загрузить профили задержки",
    "DelayProfile": "Профиль задержки",
    "DeleteReleaseProfile": "Удалить профиль релиза",
    "DeleteSpecificationHelpText": "Вы уверены, что хотите удалить уведомление '{name}'?",
    "ChooseAnotherFolder": "Выбрать другой каталог",
    "DownloadClients": "Клиенты для скачивания",
    "DownloadPropersAndRepacks": "Проперы и репаки",
    "Edit": "Редактирование",
    "Duration": "Длительность",
    "EnableColorImpairedMode": "Включить режим для слабовидящих",
    "EnableProfileHelpText": "Установите флажок, чтобы включить профиль релиза",
    "EnableRss": "Включить RSS",
    "CollectionsLoadError": "Не удалось загрузить коллекции",
    "ColonReplacement": "Замена двоеточий",
    "UpgradesAllowed": "Обновления разрешены",
    "DoNotPrefer": "Не предпочитать",
    "Donations": "Пожертвования",
    "ConnectionSettingsUrlBaseHelpText": "Добавляет префикс к URL-адресу {connectionName}, например {url}",
    "CopyToClipboard": "Копировать в буфер обмена",
    "Custom": "Настраиваемый",
    "CustomFilter": "Настраиваемые фильтры",
    "DeleteEpisodeFromDisk": "Удалить эпизод с диска",
    "CustomFormatsSettingsSummary": "Пользовательские форматы и настройки",
    "DeleteSeriesFolder": "Удалить папку сериала",
    "DeleteSpecification": "Удалить уведомление",
    "Deleted": "Удалено",
    "DeletedReasonUpgrade": "Файл был удален чтобы импортировать обновление",
    "DetailedProgressBar": "Подробный индикатор выполнения",
    "Directory": "Каталог",
    "DownloadClientDelugeValidationLabelPluginFailure": "Не удалось настроить метку",
    "DownloadClientDownloadStationValidationNoDefaultDestinationDetail": "Вы должны войти в свою Diskstation как {username} и вручную настроить ее в настройках DownloadStation в разделе BT/HTTP/FTP/NZB -> Местоположение",
    "DownloadClientFloodSettingsPostImportTagsHelpText": "Добавить теги после импорта загрузки",
    "DownloadClientFreeboxSettingsApiUrlHelpText": "Определите базовый URL-адрес Freebox API с версией API, например '{url}', по умолчанию — '{defaultApiUrl}'",
    "DownloadClientQbittorrentSettingsFirstAndLastFirst": "Первый и последний Первый",
    "DownloadClientQbittorrentValidationCategoryAddFailure": "Не удалось настроить категорию",
    "DownloadClientQbittorrentValidationCategoryAddFailureDetail": "Пользователю {appName} не удалось добавить метку в qBittorrent",
    "DownloadClientQbittorrentValidationCategoryUnsupportedDetail": "Категории не поддерживаются до версии qBittorrent 3.3.0. Пожалуйста, обновите версию или повторите попытку, указав пустую категорию",
    "DownloadClientQbittorrentValidationQueueingNotEnabled": "Очередь не включена",
    "DownloadClientQbittorrentValidationRemovesAtRatioLimit": "qBittorrent настроен на удаление торрентов, когда они достигают предельного рейтинга (Ratio)",
    "DownloadClientSabnzbdValidationCheckBeforeDownload": "Отключите опцию «Проверить перед загрузкой» в Sabnbzd",
    "DownloadClientSabnzbdValidationEnableDisableMovieSortingDetail": "Вы должны отключить сортировку фильмов для категории, которую использует {appName}, чтобы избежать проблем с импортом. Отправляйтесь в Sabnzbd, чтобы исправить это.",
    "DownloadClientTransmissionSettingsDirectoryHelpText": "Опциональное место для загрузок. Оставьте пустым, чтобы использовать каталог Transmission по умолчанию",
    "DownloadClientTransmissionSettingsUrlBaseHelpText": "Добавляет префикс к URL-адресу RPC {clientName}, например {url}, по умолчанию — '{defaultUrl}'",
    "EditQualityProfile": "Редактировать профиль качества",
    "DownloadClientValidationAuthenticationFailure": "Ошибка аутентификации",
    "DownloadClientValidationCategoryMissing": "Категория не существует",
    "DownloadClientValidationUnableToConnect": "Невозможно подключиться к {clientName}",
    "DownloadClientValidationTestNzbs": "Не удалось получить список NZB: {exceptionMessage}",
    "DownloadFailedEpisodeTooltip": "Загрузка эпизода не удалась",
    "DownloadFailed": "Неудачное скачивание",
    "DownloadStationStatusExtracting": "Извлечение: {progress}%",
    "EditCustomFormat": "Редактировать пользовательский формат",
    "EditConnectionImplementation": "Добавить соединение - {implementationName}",
    "EditMetadata": "Редактировать метаданные {metadataType}",
    "EditRemotePathMapping": "Редактировать расположение подключенной папки",
    "EnableInteractiveSearchHelpTextWarning": "Поиск не поддерживается с этим индексатором",
    "EpisodeFileDeleted": "Файл эпизода удален",
    "EpisodeCount": "Количество эпизодов",
    "UpgradeUntilThisQualityIsMetOrExceeded": "Обновлять, пока это качество не будет достигнуто или превышено",
    "AuthenticationRequiredWarning": "Чтобы предотвратить удаленный доступ без авторизации, {appName} теперь требует, чтобы авторизация была включена. При желании вы можете отключить авторизацию с локальных адресов.",
    "AutoTagging": "Автоматическая маркировка",
    "AutoTaggingLoadError": "Не удается загрузить автоматическую маркировку",
    "AutoTaggingRequiredHelpText": "Это условие {implementationName} должно соответствовать правилу автоматической пометки. В противном случае достаточно одного совпадения {implementationName}",
    "Automatic": "Автоматически",
    "AutomaticAdd": "Автоматическое добавление",
    "AutomaticSearch": "Автоматический поиск",
    "Backup": "Резервное копирование",
    "BackupFolderHelpText": "Относительные пути будут в каталоге AppData {appName}",
    "Connection": "Подключение",
    "CountSeasons": "{count} Сезоны",
    "DownloadIgnored": "Загрузка игнорируется",
    "EditGroups": "Редактировать группы",
    "CalendarLoadError": "Не удалось загрузить календарь",
    "CertificateValidation": "Проверка сертификата",
    "DeleteQualityProfile": "Удалить качественный профиль",
    "DotNetVersion": ".NET",
    "DoneEditingGroups": "Группы редактирования сделаны",
    "CustomColonReplacementFormatHelpText": "Символы, которые будут использоваться вместо двоеточий",
    "CustomColonReplacementFormatHint": "Допустимый символ файловой системы, например двоеточие (буква)",
    "Debug": "Отладка",
    "DeleteEpisodeFileMessage": "Вы уверены, что хотите удалить '{path}'?",
    "DeleteEpisodesFiles": "Удалить файлы эпизодов ({episodeFileCount})",
    "DeleteImportListExclusion": "Удалить лист исключения для импорта",
    "DeleteIndexer": "Удалить индексер",
    "DeleteNotification": "Удалить уведомление",
    "DeleteSelectedEpisodeFiles": "Удалить выбранные эпизоды сериала",
    "DeleteSeriesFolderConfirmation": "Папка с сериалом '{path}' и все ее содержимое будут удалены.",
    "DeleteSeriesFolderCountConfirmation": "Вы уверены, что хотите удалить {count} выбранных эпизодов ?",
    "DeleteSeriesFolderCountWithFilesConfirmation": "Вы уверены, что хотите удалить {count} выбранных сериалов и все их содержимое?",
    "DeleteSeriesFolderEpisodeCount": "Файлы эпизодов: {episodeFileCount}, общим размером {size}",
    "DeleteSeriesFoldersHelpText": "Удалить папки сериалов и все их содержимое",
    "DeletedSeriesDescription": "Сериал был удален из TheTVDB",
    "DestinationRelativePath": "Относительный путь назначения",
    "DetailedProgressBarHelpText": "Показать текст на индикаторе выполнения",
    "Details": "Подробности",
    "DiskSpace": "Дисковое пространство",
    "DoNotBlocklist": "Не вносить в черный список",
    "DockerUpdater": "Обновить контейнер, чтобы получить обновление",
    "DownloadClientDelugeTorrentStateError": "Deluge сообщает об ошибке",
    "DownloadClientDelugeValidationLabelPluginInactive": "Плагин меток не активирован",
    "DownloadClientDownloadStationProviderMessage": "Приложение {appName} не может подключиться к Download Station, если в вашей учетной записи DSM включена двухфакторная аутентификация",
    "DownloadClientDownloadStationSettingsDirectoryHelpText": "Опциональная общая папка для размещения загрузок. Оставьте пустым, чтобы использовать каталог Download Station по умолчанию",
    "DownloadClientDownloadStationValidationApiVersion": "Версия Download Station API не поддерживается. Она должна быть не ниже {requiredVersion}. Поддерживается от {minVersion} до {maxVersion}",
    "DownloadClientDownloadStationValidationFolderMissing": "Папка не существует",
    "DownloadClientDownloadStationValidationFolderMissingDetail": "Папка '{downloadDir}' не существует, ее необходимо создать вручную внутри общей папки '{sharedFolder}'.",
    "DownloadClientDownloadStationValidationSharedFolderMissing": "Общая папка не существует",
    "DownloadClientFloodSettingsAdditionalTags": "Дополнительные теги",
    "DownloadClientFloodSettingsAdditionalTagsHelpText": "Добавляет свойства мультимедиа в виде тегов. Подсказки являются примерами",
    "DownloadClientFloodSettingsStartOnAdd": "Начать добавление",
    "DownloadClientFloodSettingsUrlBaseHelpText": "Добавляет префикс к Flood API, например {url}",
    "DownloadClientFreeboxAuthenticationError": "Не удалось выполнить аутентификацию в API Freebox. Причина: {errorDescription}",
    "DownloadClientFreeboxSettingsApiUrl": "URL-адрес API",
    "DownloadClientFreeboxSettingsAppTokenHelpText": "Токен приложения, полученный при создании доступа к API Freebox (т. е. 'app_token')",
    "DownloadClientFreeboxSettingsPortHelpText": "Порт, используемый для доступа к интерфейсу Freebox, по умолчанию — '{port}'",
    "DownloadClientFreeboxUnableToReachFreebox": "Невозможно получить доступ к API Freebox. Проверьте настройки «Хост», «Порт» или «Использовать SSL». (Ошибка: {exceptionMessage})",
    "DownloadClientNzbVortexMultipleFilesMessage": "Загрузка содержит несколько файлов и находится не в папке задания: {outputPath}",
    "DownloadClientNzbgetSettingsAddPausedHelpText": "Для этой опции требуется как минимум NzbGet версии 16.0",
    "DownloadClientNzbgetValidationKeepHistoryOverMaxDetail": "Для параметра NzbGet KeepHistory установлено слишком высокое значение",
    "DownloadClientNzbgetValidationKeepHistoryZero": "Параметр NzbGet KeepHistory должен быть больше 0",
    "DownloadClientOptionsLoadError": "Не удалось загрузить параметры клиента загрузки",
    "DownloadClientPneumaticSettingsNzbFolderHelpText": "Эта папка должна быть доступна из XBMC",
    "DownloadClientPneumaticSettingsStrmFolderHelpText": "Файлы .strm в этой папке будут импортированы дроном",
    "DownloadClientQbittorrentSettingsContentLayoutHelpText": "Использовать ли настроенный макет контента qBittorrent, исходный макет из торрента или всегда создавать подпапку (qBittorrent 4.3.2+)",
    "DownloadClientQbittorrentSettingsSequentialOrder": "Последовательный порядок",
    "DownloadClientQbittorrentSettingsUseSslHelpText": "Используйте безопасное соединение. См. «Параметры» -> «Веб-интерфейс» -> «Использовать HTTPS вместо HTTP» в qBittorrent",
    "DownloadClientQbittorrentTorrentStateDhtDisabled": "qBittorrent не может разрешить магнитную ссылку с отключенным DHT",
    "DownloadClientQbittorrentTorrentStateMetadata": "qBittorrent загружает метаданные",
    "DownloadClientQbittorrentTorrentStatePathError": "Невозможно импортировать. Путь соответствует базовому каталогу загрузки клиента, возможно, для этого торрента отключен параметр «Сохранить папку верхнего уровня» или для параметра «Макет содержимого торрента» НЕ установлено значение «Исходный» или «Создать подпапку»?",
    "DownloadClientQbittorrentTorrentStateUnknown": "Неизвестное состояние загрузки: {state}",
    "DownloadClientQbittorrentValidationCategoryRecommended": "Категория рекомендуется",
    "DownloadClientQbittorrentValidationRemovesAtRatioLimitDetail": "{appName} не сможет выполнить обработку завершенной загрузки, как настроено. Вы можете исправить это в qBittorrent («Инструменты -> Параметры...» в меню), изменив «Параметры -> BitTorrent -> Ограничение доли ресурсов» с «Удалить их» на «Приостановить их»",
    "DownloadClientSabnzbdValidationDevelopVersion": "Sabnzbd разрабатывает версию, предполагающую версию 3.0.0 или выше.",
    "DownloadClientSabnzbdValidationDevelopVersionDetail": "{appName} может не поддерживать новые функции, добавленные в SABnzbd при запуске разрабатываемых версий.",
    "DownloadClientSabnzbdValidationEnableJobFolders": "Включить папки заданий",
    "DownloadClientSeriesTagHelpText": "Используйте этот загрузочный клиент только для сериалов, имеющих хотя бы один соответствующий тег. Оставьте поле пустым, чтобы использовать его для всех серий.",
    "DownloadClientSettings": "Настройки клиента скачиваний",
    "DownloadClientValidationApiKeyIncorrect": "Ключ API неверен",
    "DownloadClientValidationCategoryMissingDetail": "Введенная вами категория не существует в {clientName}. Сначала создайте ее в {clientName}.",
    "DownloadClientValidationErrorVersion": "Версия {clientName} должна быть не ниже {requiredVersion}. Сообщенная версия: {reportedVersion}",
    "DownloadClientValidationUnableToConnectDetail": "Пожалуйста, проверьте имя хоста и порт.",
    "DownloadClientVuzeValidationErrorVersion": "Версия протокола не поддерживается, используйте Vuze 5.0.0.0 или выше с плагином Vuze Web Remote.",
    "DownloadIgnoredEpisodeTooltip": "Загрузка эпизода проигнорирована",
    "DownloadPropersAndRepacksHelpText": "Следует ли автоматически обновляться до Propers / Repacks",
    "EditDelayProfile": "Редактировать профиль задержки",
    "EditImportListExclusion": "Редактировать лист исключения для импорта",
    "EditListExclusion": "Изменить список исключений",
    "EnableAutomaticAddSeriesHelpText": "Добавляйте сериалы из этого списка в {appName}, когда синхронизация выполняется через пользовательский интерфейс или с помощью {appName}",
    "EnableAutomaticSearchHelpText": "Будет использовано для автоматических поисков через интерфейс или {appName}",
    "EndedOnly": "Только завершенные",
    "EpisodeFileDeletedTooltip": "Файл эпизода удален",
    "EpisodeHistoryLoadError": "Не удалось загрузить историю эпизодов",
    "EpisodeImported": "Эпизод импортирован",
    "EpisodeImportedTooltip": "Эпизод успешно загружен и получен из загрузочного клиента",
    "EpisodeIsDownloading": "Эпизод загружается",
    "EpisodeIsNotMonitored": "Эпизод не отслеживается",
    "EpisodeMissingAbsoluteNumber": "Эпизод не имеет абсолютного номера эпизода",
    "EpisodeNaming": "Именование эпизодов",
    "EpisodeNumbers": "Номер(а) эпизодов",
    "EpisodeSearchResultsLoadError": "Невозможно загрузить результаты для этого поискового запроса. Повторите попытку позже",
    "Episodes": "Эпизоды",
    "DownloadClientQbittorrentSettingsSequentialOrderHelpText": "Скачать в последовательном порядке (qBittorrent 4.1.0+)",
    "DownloadClientQbittorrentSettingsContentLayout": "Макет контента",
    "DownloadClientQbittorrentValidationCategoryUnsupported": "Категория не поддерживается",
    "DownloadClientValidationGroupMissingDetail": "Введенная вами группа не существует в {clientName}. Сначала создайте ее в {clientName}.",
    "DownloadClientValidationGroupMissing": "Группа не существует",
    "DownloadClientValidationSslConnectFailure": "Невозможно подключиться через SSL",
    "EnableAutomaticSearchHelpTextWarning": "Будет использовано при автоматических поисках",
    "EnableCompletedDownloadHandlingHelpText": "Автоматически импортировать завершенные скачивания",
    "EnableMetadataHelpText": "Включить создание файла метаданных для этого типа метаданных",
    "EnableProfile": "Включить профиль",
    "EndedSeriesDescription": "Никаких дополнительных эпизодов и сезонов не ожидается",
    "EpisodeAirDate": "Дата выхода эпизода",
    "EpisodeGrabbedTooltip": "Эпизод получен из {indexer} и отправлен в {downloadClient}",
    "CheckDownloadClientForDetails": "проверьте клиент загрузки для более подробной информации",
    "AudioInfo": "Информация о аудио",
    "ChmodFolderHelpText": "Восьмеричный, применяется при импорте / переименовании к медиа-папкам и файлам (без битов выполнения)",
    "Close": "Закрыть",
    "AuthenticationRequiredHelpText": "Отредактируйте, для каких запросов требуется аутентификация. Не меняйте, пока не поймете все риски.",
    "Day": "День",
    "UpdateStartupNotWritableHealthCheckMessage": "Невозможно установить обновление так как загрузочная папка '{startupFolder}' недоступна для записи для пользователя '{userName}'.",
    "UpdateUiNotWritableHealthCheckMessage": "Невозможно установить обновление так как UI папка '{uiFolder}' недоступна для записи для пользователя '{userName}'.",
    "UpdateStartupTranslocationHealthCheckMessage": "Не удается установить обновление, поскольку папка автозагрузки \"{startupFolder}\" находится в папке перемещения приложений.",
    "Uptime": "Время работы",
    "Uppercase": "Верхний регистр",
    "UpgradeUntilCustomFormatScoreEpisodeHelpText": "{appName} перестанет скачивать фильмы после достижения указанного количества очков",
    "UpgradeUntilCustomFormatScore": "Обновлять до пользовательской оценки",
    "UsenetDelayHelpText": "Задержка в минутах перед получением релиза из Usenet",
    "UsenetDelay": "Usenet задержки",
    "UseHardlinksInsteadOfCopy": "Используйте жесткие ссылки вместо копирования",
    "UrlBase": "Базовый URL",
    "VideoCodec": "Видео кодеки",
    "VersionNumber": "Версия {version}",
    "Version": "Версия",
    "UsenetDisabled": "Usenet отключён",
    "Wanted": "Разыскиваемый",
    "WaitingToProcess": "Ожидает обработки",
    "WaitingToImport": "Ожидание импорта",
    "VisitTheWikiForMoreDetails": "Перейти в wiki: ",
    "Continuing": "В стадии показа (или между сезонами)",
    "BlackholeFolderHelpText": "Папка, в которой {appName} будет хранить файл {extension}",
    "BlackholeWatchFolder": "Смотреть папку",
    "Category": "Категория",
    "ChangeFileDateHelpText": "Заменить дату файла при импорте/сканировании",
    "ChmodFolder": "chmod Папка",
    "ChownGroup": "chown группа",
    "ChownGroupHelpText": "Имя группы или id. Используйте id для отдалённой файловой системы.",
    "Condition": "Условие",
    "CountSelectedFile": "{selectedCount} выбранный файл",
    "EpisodeFileRenamed": "Файл эпизода переименован",
    "DeleteBackup": "Удалить резервную копию",
    "Cutoff": "Прекращение",
    "DeleteSelectedSeries": "Удалить выбранный сериал",
    "DeleteSeriesModalHeader": "Удалить - {title}",
    "DeleteTag": "Удалить тэг",
    "CutoffUnmet": "Порог невыполнен",
    "Dates": "Даты",
    "DefaultCase": "Случай по умолчанию",
    "DelayProfiles": "Профиль задержки",
    "DeleteEpisodeFile": "Удалить файл эпизода",
    "DownloadClientFloodSettingsPostImportTags": "Пост-импортные теги",
    "DownloadClientSettingsRecentPriority": "Недавний приоритет",
    "DeleteCustomFormat": "Удалить пользовательский формат",
    "DeleteDelayProfile": "Удалить профиль задержки",
    "DownloadClientSettingsInitialState": "Начальное состояние",
    "DownloadClientSettingsOlderPriority": "Более старый приоритет",
    "DownloadClientValidationVerifySsl": "Проверьте настройки SSL",
    "DownloadClientValidationUnknownException": "Неизвестное исключение: {exception}",
    "Agenda": "План",
    "Apply": "Применить",
    "ApplyTags": "Применить тэги",
    "DownloadClientSettingsUrlBaseHelpText": "Добавляет префикс к URL-адресу {clientName}, например {url}",
    "UpgradeUntilEpisodeHelpText": "{appName} перестанет скачивать фильмы после достижения указанного качества",
    "UseProxy": "Использовать прокси",
    "AddNewSeriesHelpText": "Добавить новый сериал очень просто! Начни печатать название сериала, который хочешь добавить",
    "AddNewSeriesSearchForCutoffUnmetEpisodes": "Начать поиск отклонённых эпизодов",
    "EditSelectedSeries": "Редактировать выбранный сериал",
    "CompletedDownloadHandling": "Обработка завершенных скачиваний",
    "Component": "Компонент",
    "CustomFilters": "Настраиваемые фильтры",
    "ApplicationURL": "URL-адрес приложения",
    "ApplicationUrlHelpText": "Внешний URL-адрес этого приложения, включая http(s)://, порт и базовый URL-адрес",
    "Disabled": "Выключено",
    "DownloadClientSabnzbdValidationEnableDisableTvSortingDetail": "Вы должны отключить сортировку сериалов для категории, которую использует {appName}, чтобы избежать проблем с импортом. Отправляйтесь в Sabnzbd, чтобы исправить это.",
    "UseSeasonFolder": "Использовать папку сезона",
    "AutoTaggingSpecificationTag": "Тэг",
    "BlocklistReleaseHelpText": "Блокирует повторную загрузку этого релиза пользователем {appName} через RSS или автоматический поиск",
    "BuiltIn": "Встроено",
    "BypassProxyForLocalAddresses": "Обход прокси для локальных адресов",
    "ChangeCategory": "Изменить категорию",
    "Clear": "Очистить",
    "ClearBlocklistMessageText": "Вы уверены, что хотите удалить выбранные элементы из черного списка?",
    "ClickToChangeEpisode": "Нажмите, чтобы изменить эпизод",
    "ClickToChangeLanguage": "Нажмите чтобы сменить язык",
    "Clone": "Клонировать",
    "CollapseMultipleEpisodes": "Свернуть несколько эпизодов",
    "DeleteSeriesFolderHelpText": "Удалить папку с сериалом и её содержимое",
    "DestinationPath": "Путь назначения",
    "DeleteSeriesFolders": "Удалить папки сериалов",
    "DownloadClientQbittorrentTorrentStateError": "qBittorrent сообщает об ошибке",
    "DownloadClientQbittorrentTorrentStateStalled": "Загрузка останавливается без подключения",
    "DownloadClientFreeboxSettingsAppToken": "Токен приложения",
    "DownloadClientValidationApiKeyRequired": "Требуется ключ API",
    "DownloadClientSettingsOlderPriorityEpisodeHelpText": "Приоритет при выборе эпизодов, вышедших в эфир более 14 дней назад",
    "DownloadClientsSettingsSummary": "Программы для скачивания, обработка скаченного и отдалённые ссылки",
    "Duplicate": "Дублировать",
    "EditSeriesModalHeader": "Изменить – {title}",
    "EditRestriction": "Редактировать ограничения",
    "EpisodeFileRenamedTooltip": "Файл эпизода переименован",
    "EnableColorImpairedModeHelpText": "Измененный стиль, позволяющий пользователям с нарушением цвета лучше различать информацию с цветовой кодировкой",
    "EpisodeTitleRequiredHelpText": "Запретить импорт на срок до 48 часов, если название эпизода указано в формате имени, а название эпизода будет объявлено позднее",
    "AutoTaggingSpecificationGenre": "Жанры",
    "AutoTaggingSpecificationMaximumYear": "Максимальный год",
    "AutoTaggingSpecificationMinimumYear": "Минимальный год",
    "CalendarLegendEpisodeUnmonitoredTooltip": "Эпизод не отслеживается",
    "CalendarLegendSeriesFinaleTooltip": "Финал сериала или сезона",
    "CalendarLegendSeriesPremiereTooltip": "Премьера сериала или сезона",
    "ChmodFolderHelpTextWarning": "Это работает только если пользователь {appName} является владельцем файла. Проверьте, что программа для скачивания установила правильные разрешения.",
    "ChooseImportMode": "Выберите режим импорта",
    "ClearBlocklist": "Очистить черный список",
    "ClickToChangeReleaseGroup": "Нажмите, чтобы изменить релиз-группу",
    "CustomFormatJson": "Настраиваемый формат JSON",
    "CustomFormats": "Настраиваемое форматирование",
    "CustomFormatUnknownConditionOption": "Неизвестный параметр «{key}» для условия '{implementation}'",
    "CustomFormatsSpecificationMinimumSizeHelpText": "Релиз должен быть больше этого размера",
    "CustomFormatsSpecificationMaximumSizeHelpText": "Релиз должен быть меньше или равен этому размеру",
    "CustomFormatsSpecificationRegularExpressionHelpText": "RegEx пользовательского формата не чувствителен к регистру",
    "Date": "Дата",
    "DelayProfileProtocol": "Протокол: {preferredProtocol}",
    "DownloadClientQbittorrentSettingsFirstAndLastFirstHelpText": "Сначала скачайте первую и последнюю части (qBittorrent 4.1.0+)",
    "DownloadClientValidationVerifySslDetail": "Проверьте конфигурацию SSL на {clientName} и {appName}",
    "EnableSsl": "Включить SSL",
    "Enable": "Включить",
    "AnimeEpisodeTypeFormat": "Абсолютный номер эпизода ({format})",
    "CalendarLegendEpisodeDownloadedTooltip": "Сериал скачан и отсортирован",
    "CalendarLegendEpisodeDownloadingTooltip": "Эпизод в настоящее время загружается",
    "AutoRedownloadFailed": "Неудачное скачивание",
    "AutoRedownloadFailedFromInteractiveSearch": "Не удалось выполнить повторную загрузку из интерактивного поиска",
    "AutoRedownloadFailedHelpText": "Автоматически искать и пытаться скачать разные релизы",
    "BeforeUpdate": "До обновления",
    "CalendarFeed": "Лента календаря {appName}",
    "AddRootFolderError": "Невозможно загрузить корневые папки",
    "BlocklistReleases": "Релиз из черного списка",
    "BypassDelayIfAboveCustomFormatScore": "Пропустить, если значение больше пользовательского формата",
    "CalendarLegendEpisodeMissingTooltip": "Эпизод вышел в эфир и отсутствует на диске",
    "CalendarLegendEpisodeOnAirTooltip": "Эпизод сейчас в эфире",
    "CalendarLegendEpisodeUnairedTooltip": "Эпизод еще не вышел в эфир",
    "Cancel": "Отменить",
    "Destination": "Место назначения",
    "DownloadClientRTorrentSettingsUrlPathHelpText": "Путь к конечной точке XMLRPC см. в {url}. Обычно это RPC2 или [путь к ruTorrent]{url2} при использовании ruTorrent",
    "DownloadClientSabnzbdValidationEnableDisableMovieSorting": "Отключить сортировку фильмов",
    "DownloadClientSabnzbdValidationEnableDisableDateSorting": "Отключить сортировку дат",
    "DownloadClientUTorrentTorrentStateError": "uTorrent сообщает об ошибке",
    "DownloadClientPneumaticSettingsNzbFolder": "Nzb папка",
    "DownloadClientPneumaticSettingsStrmFolder": "Strm папка",
    "DownloadClientFreeboxSettingsHostHelpText": "Имя хоста или IP-адрес хоста Freebox, по умолчанию — '{url}' (будет работать только в той же сети)",
    "DownloadClientSettingsDestinationHelpText": "Вручную указывает место назначения загрузки. Оставьте поле пустым, чтобы использовать значение по умолчанию",
    "Downloading": "Скачивается",
    "DownloadClientSettingsInitialStateHelpText": "Исходное состояние торрентов, добавленных в {clientName}",
    "Warn": "Предупреждение",
    "CustomFormatsSettingsTriggerInfo": "Пользовательский формат будет применен к релизу или файлу, если он соответствует хотя бы одному из каждого из выбранных типов условий",
    "DownloadClientQbittorrentValidationCategoryRecommendedDetail": "{appName} не будет пытаться импортировать завершенные загрузки без категории",
    "DownloadClientRTorrentSettingsUrlPath": "URL-путь",
    "DownloadClientSettingsUseSslHelpText": "Использовать безопасное соединение при подключении к {clientName}",
    "DownloadClientSettingsCategorySubFolderHelpText": "Добавление категории, специфичной для {appName}, позволяет избежать конфликтов с несвязанными загрузками, не относящимися к {appName}. Использование категории не является обязательным, но настоятельно рекомендуется. Создает подкаталог [category] в выходном каталоге.",
    "DownloadClientSabnzbdValidationUnknownVersion": "Неизвестная версия: {rawVersion}",
    "DownloadClientSettingsAddPaused": "Добавить приостановленное",
    "DownloadClientSabnzbdValidationEnableDisableTvSorting": "Отключить сортировку сериалов",
    "DownloadClientSabnzbdValidationEnableJobFoldersDetail": "{appName} предпочитает, чтобы каждая загрузка имела отдельную папку. Если к папке/пути добавлен *, Sabnzbd не будет создавать эти папки заданий. Отправляйтесь в Sabnzbd, чтобы исправить это.",
    "ConnectionLost": "Соединение прервано",
    "CleanLibraryLevel": "Очистить уровень библиотеки",
    "ColonReplacementFormatHelpText": "Изменить как {appName} обрабатывает замену двоеточий",
    "ConnectionLostReconnect": "{appName} попытается соединиться автоматически или нажмите кнопку внизу.",
    "ConnectSettingsSummary": "Уведомления, подключения к серверам/проигрывателям и настраиваемые скрипты",
    "ContinuingOnly": "Только в стадии показа",
    "Connections": "Соединения",
    "DailyEpisodeTypeDescription": "Эпизоды, выходящие ежедневно или реже, в которых используются год-месяц-день (2023-08-04)",
    "DailyEpisodeTypeFormat": "Дата ({format})",
    "Database": "База данных",
    "DefaultDelayProfileSeries": "Это профиль по умолчанию. Он относится ко всем сериалам, у которых нет явного профиля",
    "DefaultNameCopiedProfile": "{name} - Копировать",
    "DeleteEmptyFolders": "Удалить пустые папки",
    "CutoffUnmetLoadError": "Ошибка при загрузке элементов не выполнивших порог",
    "DoNotBlocklistHint": "Удалить без внесения в черный список",
    "DoNotUpgradeAutomatically": "Не обновлять автоматически",
    "DownloadClientDelugeSettingsUrlBaseHelpText": "Добавляет префикс к URL-адресу json deluge, см. {url}",
    "EpisodeInfo": "Информация об эпизоде",
    "DownloadClientDelugeSettingsDirectory": "Каталог загрузки",
    "DownloadClientDelugeSettingsDirectoryHelpText": "Опциональное место для загрузок. Оставьте пустым, чтобы использовать каталог Deluge по умолчанию",
    "DownloadClientDownloadStationValidationSharedFolderMissingDetail": "На Diskstation нет общей папки с именем '{sharedFolder}', вы уверены, что указали ее правильно?",
    "DownloadClientDelugeSettingsDirectoryCompleted": "Переместить каталог по завершении",
    "DownloadClientDelugeSettingsDirectoryCompletedHelpText": "Опциональное место для перемещения завершенных загрузок. Оставьте пустым, чтобы использовать местоположение Deluge по умолчанию",
    "AuthenticationRequiredPasswordConfirmationHelpTextWarning": "Подтвердите новый пароль",
    "BypassDelayIfHighestQuality": "Игнорировать при максимальном качестве",
    "BypassDelayIfHighestQualityHelpText": "Игнорирование задержки, когда выпуск имеет максимальное качество в выбранном профиле качества с предпочитаемым протоколом",
    "UseSsl": "Использовать SSL",
    "DownloadClientQbittorrentTorrentStateMissingFiles": "qBittorrent сообщает об отсутствующих файлах",
    "DownloadClientRTorrentSettingsDirectoryHelpText": "Опциональное место для загрузок. Оставьте пустым, чтобы использовать каталог rTorrent по умолчанию",
    "BlocklistAndSearch": "Черный список и поиск",
    "EnableSslHelpText": "Требуется перезапуск от администратора",
    "EpisodeDownloaded": "Эпизод скачан",
    "DeleteCustomFormatMessageText": "Вы уверены, что хотите удалить пользовательский формат '{name}'?",
    "AddNewSeries": "Добавить новый эпизод",
    "AddNewSeriesSearchForMissingEpisodes": "Начать поиск отсутствующих эпизодов",
    "AddRemotePathMappingError": "Не удалось добавить новый удаленный путь, попробуйте еще раз.",
    "AddSeriesWithTitle": "Добавить {title}",
    "AllSeriesInRootFolderHaveBeenImported": "Все сериалы из {path} были импортированы",
    "AllTitles": "Все заголовки",
    "AnimeEpisodeTypeDescription": "Эпизоды выпущены с использованием абсолютного номера эпизода",
    "ApiKey": "API ключ",
    "AptUpdater": "Используйте apt для установки обновления",
    "AuthenticationMethodHelpText": "Необходим логин и пароль для доступа в {appName}",
    "AutoAdd": "Автоматическое добавление",
    "AutoTaggingSpecificationOriginalLanguage": "Язык",
    "AutoTaggingSpecificationQualityProfile": "Профиль качества",
    "AutoTaggingSpecificationRootFolder": "Корневой каталог",
    "AutoTaggingSpecificationSeriesType": "Тип эпизода",
    "AutoTaggingSpecificationStatus": "Статус",
    "BlocklistAndSearchHint": "Начать поиск для замены после внесения в черный список",
    "BlocklistMultipleOnlyHint": "Черный список без поиска замен",
    "BlocklistOnly": "Только черный список",
    "BlocklistOnlyHint": "Черный список без поиска замен",
    "BrowserReloadRequired": "Требуется перезагрузка браузера",
    "DatabaseMigration": "Перенос БД",
    "CountSelectedFiles": "{selectedCount} выбранные файлы",
    "CountSeriesSelected": "{count} сериалов выбрано",
    "CustomFormat": "Настраиваемый формат",
    "EpisodeFilesLoadError": "Невозможно загрузить файлы эпизодов",
    "EpisodeHasNotAired": "Эпизод не вышел в эфир",
    "EpisodeMissingFromDisk": "Эпизод отсутствует на диске",
    "EpisodeProgress": "Прогресс эпизода",
    "EditReleaseProfile": "Редактировать профиль релиза",
    "BlocklistFilterHasNoItems": "Выбранный фильтр черного списка не содержит элементов",
    "ClickToChangeReleaseType": "Нажмите, чтобы изменить тип релиза",
    "ClickToChangeIndexerFlags": "Нажмите, чтобы изменить флаги индексатора",
    "CloneCustomFormat": "Клонировать пользовательский формат",
    "CollapseAll": "Свернуть Все",
    "CollapseMultipleEpisodesHelpText": "Свернуть несколько серий, выходящих в эфир в один и тот же день",
    "ConnectSettings": "Настройки соединения",
    "ContinuingSeriesDescription": "Ожидается больше эпизодов/еще один сезон",
    "CopyUsingHardlinksSeriesHelpText": "Прямые ссылки позволяют {appName} импортировать исходные торренты в папку с сериалами, не занимая дополнительного места на диске и не копируя все содержимое файла. Прямые ссылки будут работать только в том случае, если источник и пункт назначения находятся на одном томе",
    "DefaultNotFoundMessage": "Вы, должно быть, заблудились, здесь не на что смотреть.",
    "CustomFormatsSpecificationFlag": "Флаг",
    "DefaultNameCopiedSpecification": "{name} - Копировать",
    "Delete": "Удалить",
    "DownloadClientFreeboxSettingsAppId": "Идентификатор приложения",
    "AddNewSeriesRootFolderHelpText": "Подпапка '{folder}' будет создана автоматически",
    "AnalyseVideoFilesHelpText": "Извлекать из файлов видео разрешение, длительность и информацию о кодеках. Для этого потребуется, чтобы {appName} прочитал часть файла, что может вызвать высокую активность диска и сети во время сканирования.",
    "ApplyTagsHelpTextHowToApplyDownloadClients": "Как применить теги к выбранным клиентам загрузки",
    "ChangeCategoryHint": "Перенести загружаемое в «Категорию после импорта» из клиента загрузки",
    "ChownGroupHelpTextWarning": "Это работает только если пользователь {appName} является владельцем файла. Проверьте, что программа для скачивания использует туже самую группу, что и {appName}.",
    "ConditionUsingRegularExpressions": "Это условие соответствует использованию регулярных выражений. Обратите внимание, что символы `\\^$.|?*+()[{` имеют особое значение и требуют экранирования с помощью `\\`",
    "CreateEmptySeriesFoldersHelpText": "Создать папки для не найденных сериалов при сканировании",
    "DownloadClientValidationAuthenticationFailureDetail": "Пожалуйста, подтвердите свое имя пользователя и пароль. Также проверьте, не заблокирован ли хост, на котором работает {appName}, доступ к {clientName} ограничениями белого списка в конфигурации {clientName}.",
    "AirsTomorrowOn": "Завтра в {time} на {networkLabel}",
    "AlternateTitles": "Альтернативное название",
    "ApplyTagsHelpTextHowToApplySeries": "Как применить теги к выбранным сериалам",
    "ChangeCategoryMultipleHint": "Перенести загружаемое в «Категорию после импорта» из клиента загрузки",
    "DownloadClientFloodSettingsRemovalInfo": "{appName} будет автоматически удалять торренты на основе текущих критериев раздачи в Настройки -> Индексаторы",
    "DownloadClientValidationSslConnectFailureDetail": "{appName} не может подключиться к {clientName} с помощью SSL. Эта проблема может быть связана с компьютером. Попробуйте настроить {appName} и {clientName} так, чтобы они не использовали SSL.",
    "AnEpisodeIsDownloading": "Эпизод загружается",
    "ConnectionLostToBackend": "{appName} потерял связь с сервером и его необходимо перезагрузить, чтобы восстановить работоспособность.",
    "CustomFormatHelpText": "{appName} оценивает каждый релиз используя сумму баллов по пользовательским форматам. Если новый релиз улучшит оценку, того же или лучшего качества, то Sonarr запишет его.",
    "AuthenticationMethodHelpTextWarning": "Пожалуйста, выберите действительный метод аутентификации",
    "CustomFormatUnknownCondition": "Неизвестное условие пользовательского формата '{implementation}'",
    "DownloadClientFloodSettingsTagsHelpText": "Начальные теги загрузки. Чтобы быть распознанным, загрузка должна иметь все начальные теги. Это позволяет избежать конфликтов с несвязанными загрузками",
    "DownloadPropersAndRepacksHelpTextCustomFormat": "Используйте 'Не предпочитать' для сортировки по рейтингу пользовательского формата по сравнению с Propers / Repacks",
    "DownloadPropersAndRepacksHelpTextWarning": "Используйте настраиваемое форматирование для автоматических обновлений до Проперов/Репаков",
    "AutoRedownloadFailedFromInteractiveSearchHelpText": "Автоматический поиск и попытка загрузки другого релиза, если неудачный релиз был получен из интерактивного поиска",
    "EnableHelpText": "Включить создание файла метаданных для этого типа метаданных",
    "AutoTaggingNegateHelpText": "Если отмечено, то настроенный формат не будет применён при условии {implementationName} .",
    "DownloadClientFreeboxUnableToReachFreeboxApi": "Невозможно получить доступ к API Freebox. Проверьте настройку «URL-адрес API» для базового URL-адреса и версии",
    "EnableInteractiveSearchHelpText": "Будет использовано при интерактивном поиске",
    "DelayProfileSeriesTagsHelpText": "Применимо к сериаламс хотя бы одним подходящим тегом",
    "EnableMediaInfoHelpText": "Извлекать из файлов видео разрешение, длительность и информацию о кодеках. Для этого требуется, чтобы {appName} прочитал часть файла, что может вызвать высокую активность диска или сети во время сканирования",
    "AutomaticUpdatesDisabledDocker": "Автоматические обновления напрямую не поддерживаются при использовании механизма обновления Docker. Вам нужно будет обновить образ контейнера за пределами {appName} или использовать скрипт",
    "DelayingDownloadUntil": "Приостановить скачивание до {date} в {time}",
    "DownloadClientNzbgetValidationKeepHistoryZeroDetail": "Для параметра NzbGet KeepHistory установлено значение 0. Это не позволяет {appName} видеть завершенные загрузки.",
    "EnableRssHelpText": "Будет использоваться, когда {appName} будет периодически искать выпуски через RSS Sync",
    "BindAddress": "Привязать адрес",
    "DeleteEmptySeriesFoldersHelpText": "Удалять пустые папки во время сканирования диска, а так же после удаления файлов сериала",
    "EpisodeRequested": "Запрошен эпизод",
    "BindAddressHelpText": "Действительный IP-адрес, локальный адрес или '*' для всех интерфейсов",
    "DeleteEpisodesFilesHelpText": "Удалить файлы и папку сериала",
    "DownloadClientPriorityHelpText": "Приоритет клиента загрузки от 1 (самый высокий) до 50 (самый низкий). По умолчанию: 1. Для клиентов с одинаковым приоритетом используется циклический перебор",
    "EpisodeTitleFootNote": "При необходимости можно управлять усечением до максимального количества байтов, включая многоточие (`...`). Поддерживается усечение как с конца (например, `{Episode Title:30}`), так и с начала (например, `{Episode Title:-30}`). При необходимости названия эпизодов будут автоматически обрезаны в соответствии с ограничениями файловой системы.",
    "BlackholeWatchFolderHelpText": "Папка, из которой {appName} должно импортировать завершенные загрузки",
    "DeleteReleaseProfileMessageText": "Вы действительно хотите удалить профиль релиза '{name}'?",
    "BlocklistAndSearchMultipleHint": "Начать поиск для замены после внесения в черный список",
    "DeletedReasonEpisodeMissingFromDisk": "{appName} не смог найти файл на диске, поэтому файл был откреплён от эпизода в базе данных",
    "DownloadClientQbittorrentSettingsInitialStateHelpText": "Исходное состояние торрентов, добавленных в qBittorrent. Обратите внимание, что принудительные торренты не подчиняются ограничениям на раздачу",
    "BlocklistRelease": "Релиз из черного списка",
    "DeletedReasonManual": "Файл был удален с помощью {appName} вручную или с помощью другого инструмента через API",
    "BranchUpdateMechanism": "Ветвь, используемая внешним механизмом обновления",
    "DownloadClientQbittorrentValidationQueueingNotEnabledDetail": "Очередь торрентов не включена в настройках qBittorrent. Включите его в qBittorrent или выберите «Последний» в качестве приоритета",
    "DownloadClientDelugeValidationLabelPluginFailureDetail": "Пользователю {appName} не удалось добавить метку к клиенту {clientName}",
    "DownloadClientDelugeValidationLabelPluginInactiveDetail": "Чтобы использовать категории, у вас должен быть включен плагин меток в {clientName}",
    "DownloadClientRTorrentProviderMessage": "rTorrent не будет приостанавливать торренты, если они соответствуют критериям раздачи. {appName} будет обрабатывать автоматическое удаление торрентов на основе текущих критериев раздачи в Настройки->Индексаторы, только если включена опция «Удаление завершенных». После импорта он также установит {importedView} в качестве представления rTorrent, которое можно использовать в сценариях rTorrent для настройки поведения",
    "DownloadClientRTorrentSettingsAddStoppedHelpText": "Включение добавит торренты и магниты в rTorrent в остановленном состоянии. Это может привести к поломке магнет файлов",
    "DownloadClientRemovesCompletedDownloadsHealthCheckMessage": "Клиент загрузки {downloadClientName} настроен на удаление завершенных загрузок. Это может привести к удалению загрузок из вашего клиента до того, как {appName} сможет их импортировать",
    "DownloadClientSabnzbdValidationCheckBeforeDownloadDetail": "Использование функции «Проверка перед загрузкой» влияет на возможность приложения {appName} отслеживать новые загрузки. Также Sabnzbd рекомендует вместо этого «Отменять задания, которые невозможно завершить», поскольку это более эффективно",
    "DownloadClientSabnzbdValidationEnableDisableDateSortingDetail": "Вы должны отключить сортировку по дате для категории, которую использует {appName}, чтобы избежать проблем с импортом. Отправляйтесь в Sabnzbd, чтобы исправить это.",
    "DownloadClientSettingsCategoryHelpText": "Добавление категории, специфичной для {appName}, позволяет избежать конфликтов с несвязанными загрузками, не относящимися к {appName}. Использование категории не является обязательным, но настоятельно рекомендуется.",
    "DownloadClientSettingsPostImportCategoryHelpText": "Категория для приложения {appName}, которую необходимо установить после импорта загрузки. {appName} не удалит торренты в этой категории, даже если раздача завершена. Оставьте пустым, чтобы сохранить ту же категорию.",
    "DownloadClientSettingsRecentPriorityEpisodeHelpText": "Приоритет при выборе эпизодов, вышедших в эфир за последние 14 дней",
    "DayOfWeekAt": "{day} в {time}",
    "DeleteDownloadClient": "Удалить программу для скачивания",
    "MetadataSourceSettings": "Настройки источника метаданных",
    "MetadataSettingsSeriesMetadataUrl": "URL-адрес метаданных сериала",
    "MetadataSettingsSeriesMetadataEpisodeGuide": "Руководство по эпизодам метаданных сериала",
    "MetadataSource": "Источник метаданных",
    "MetadataSourceSettingsSeriesSummary": "Информация о том, откуда {appName} получает информацию о сериалах и эпизодах",
    "MetadataXmbcSettingsEpisodeMetadataImageThumbsHelpText": "Включите теги миниатюр изображений в <имя файла>.nfo (требуются метаданные эпизода)",
    "MetadataXmbcSettingsSeriesMetadataEpisodeGuideHelpText": "Включить элемент руководства по эпизодам в формате JSON в tvshow.nfo (требуются «метаданные сериала»)",
    "MetadataSettingsSeriesSummary": "Создавать файлы метаданных при импорте эпизодов или обновлении сериалов",
    "MetadataXmbcSettingsSeriesMetadataHelpText": "tvshow.nfo с полными метаданными сериала"
}
