{
    "LastWriteTime": "Sidste Skrive Tid",
    "Languages": "Sprog",
    "Language": "Sprog",
    "KeyboardShortcuts": "Keyboard Genveje",
    "Info": "Information",
    "IndexerStatusCheckSingleClientMessage": "Indexere utilgængelige på grund af fejl: {indexerNames}",
    "IndexerStatusCheckAllClientMessage": "Alle indeksører er utilgængelige på grund af fejl",
    "IndexersSettingsSummary": "Indexer og ugivelses restriktioner",
    "IndexerSearchCheckNoInteractiveMessage": "Ingen indexere er tilgængelige med Interaktiv Søg aktiveret, {appName} vil ikke give nogle interaktive søge resultater",
    "IndexerSearchCheckNoAvailableIndexersMessage": "Alle søge-mulige indexere er midlertidigt utilgængelige på grund af nylige indexer fejl",
    "IndexerSearchCheckNoAutomaticMessage": "Ingen indexere tilgængelige med Automatisk Søg aktiveret, {appName} vil ikke give nogle automatiske søge resultater",
    "Indexers": "Indexere",
    "IndexerRssHealthCheckNoIndexers": "Ingen indexer tilgængelig med RSS sync aktiveret, {appName} vil ikke tage nye udgivelser automatisk",
    "IndexerRssHealthCheckNoAvailableIndexers": "Alle rss-mulige indexere er midlertidigt utilgængelige på grund af nylige indexer fejl",
    "InCinemas": "I Biografen",
    "ImportTipsMessage": "Nogle tips for at sikre importeringen går glat:",
    "ImportMechanismHealthCheckMessage": "Aktiver Fuldendt Download Håndtering",
    "ImportHeader": "Importer et allerede organiseret filmbibliotek for at føje film til {appName}",
    "ImportExistingMovies": "Importer Eksisterende Film",
    "Imported": "Importeret",
    "Import": "Importer",
    "Ignored": "Ignoreret",
    "History": "Historie",
    "HideAdvanced": "Gemt Avancerede",
    "NoIssuesWithYourConfiguration": "Ingen problemer med din konfiguration",
    "Health": "Helbred",
    "HardlinkCopyFiles": "Hardlink/Kopir Filer",
    "GrabSelected": "Greb Valgt",
    "Grabbed": "Grebet",
    "Genres": "Genrer",
    "GeneralSettingsSummary": "Port, SSL, brugernavn/adgangskode, proxy, analyser og opdateringer",
    "General": "Generelt",
    "FreeSpace": "Frit Plads",
    "Formats": "Formater",
    "Folder": "Mappe",
    "Files": "Filer",
    "Filename": "Filnavn",
    "FileManagement": "Fil Håndtering",
    "FailedDownloadHandling": "Fejlet Download Håndtering",
    "Failed": "Fejlet",
    "Extension": "Tilføjelse",
    "EventType": "Begivenhed Type",
    "Events": "Begivenheder",
    "Error": "Fejl",
    "Edit": "Rediger",
    "Downloaded": "Downloadet",
    "DownloadClientStatusCheckSingleClientMessage": "Download klienter er ikke tilgængelige på grund af fejl: {downloadClientNames}",
    "DownloadClientStatusCheckAllClientMessage": "Alle download klienter er utilgængelige på grund af fejl",
    "DownloadClientsSettingsSummary": "Download klienter, download håndtering og remote path mappings",
    "DownloadClients": "Download Klienter",
    "DownloadClientCheckUnableToCommunicateMessage": "Ude af stand til at kommunikere med {downloadClientName}. »{errorMessage}«",
    "DownloadClientCheckNoneAvailableMessage": "Ingen download klient tilgængelig",
    "DownloadClient": "Download Klient",
    "DiskSpace": "Disk Plads",
    "Discover": "Opdag",
    "DigitalRelease": "Digital Udgivelse",
    "Details": "Detaljer",
    "Deleted": "Slettet",
    "Delete": "Slet",
    "DelayProfiles": "Udskyd Profiler",
    "Day": "Dag",
    "Dates": "Datoer",
    "Date": "Dato",
    "CustomFormatsSettingsSummary": "Bruger Tilpassede Formater og Indstillinger",
    "CustomFormatScore": "Brugerdefineret formats resultat",
    "CustomFormats": "Bruger Tilpasset Formater",
    "CustomFilters": "Bruger Tilpassede Filtere",
    "Crew": "Besætning",
    "ConnectSettingsSummary": "Notifikationer, forbindelser til medieservere/-afspillere og brugerdefinerede scripts",
    "Connections": "Forbindelser",
    "ConnectionLost": "Forbindelse mistet",
    "Connect": "Tilslut",
    "Component": "Komponent",
    "CompletedDownloadHandling": "Færdig Download Håndtering",
    "Columns": "Kolonner",
    "Collection": "Samling",
    "Close": "Luk",
    "Clear": "Ryd",
    "ChooseAnotherFolder": "Vælg en anden mappe",
    "Certification": "Certifikation",
    "Cast": "Medvirkende",
    "Cancel": "Afbryd",
    "Calendar": "Kalender",
    "BackupNow": "Backup Nu",
    "Backup": "Backup",
    "AudioInfo": "Lyd Info",
    "Apply": "Anvend",
    "AppDataLocationHealthCheckMessage": "Opdatering vil ikke være muligt for at undgå at slette AppData under opdatering",
    "Analytics": "Analyse",
    "AlternativeTitle": "Alternativ Titel",
    "AllMoviesHiddenDueToFilter": "Alle film er gemt på grund af aktivt filter.",
    "All": "Alt",
    "Agenda": "Dagsorden",
    "Age": "Alder",
    "AddNewTmdbIdMessage": "Du kan også søge ved at bruge TMDB Id'et af en film. f.eks 'tmdb:71663'",
    "AddNewMovie": "Tilføj ny film",
    "AddNewMessage": "Det er nemt at tilføje en ny film, bare start ved at skrive navnet på filmen du vil tilføje",
    "AddNew": "Tilføj Ny",
    "AddMovies": "Tilføj Film",
    "AddExclusion": "Tilføj undtagelse",
    "Added": "Tilføjet",
    "Activity": "Aktivitet",
    "Actions": "Handlinger",
    "About": "Om",
    "AnalyseVideoFiles": "Analyser videofiler",
    "System": "System",
    "AutoRedownloadFailedHelpText": "Søg automatisk efter og forsøg at downloade en anden udgivelse",
    "TestAllClients": "Afprøv alle klienter",
    "AlternativeTitlesLoadError": "Kan ikke indlæse alternative titler.",
    "WhatsNew": "Hvad er nyt?",
    "ProtocolHelpText": "Vælg hvilke protokol (r) du vil bruge, og hvilken der foretrækkes, når du vælger mellem ellers lige udgivelser",
    "SupportedDownloadClients": "{appName} understøtter enhver downloadklient, der bruger Newznab-standarden, samt andre downloadklienter, der er anført nedenfor.",
    "RadarrTags": "{appName} tags",
    "RecyclingBinHelpText": "Filmfiler går her, når de slettes i stedet for at blive slettet permanent",
    "Restore": "Gendan",
    "SendAnonymousUsageData": "Send anonyme brugsdata",
    "TagCannotBeDeletedWhileInUse": "Kan ikke slettes under brug",
    "View": "Udsigt",
    "EditMovie": "Rediger film",
    "Custom": "Brugerdefinerede",
    "DeleteFile": "Slet fil",
    "DeleteMovieFolderHelpText": "Slet filmmappen og dens indhold",
    "DoNotUpgradeAutomatically": "Opgrader ikke automatisk",
    "DownloadFailed": "Download fejlede",
    "DownloadPropersAndRepacksHelpText": "Hvorvidt der automatisk skal opgraderes til Propers / Repacks",
    "DownloadPropersAndRepacksHelpTextWarning": "Brug brugerdefinerede formater til automatiske opgraderinger til Propers / Repacks",
    "EnableAutomaticAdd": "Aktivér automatisk tilføjelse",
    "EnableColorImpairedModeHelpText": "Ændret stil for at give farvehæmmede brugere bedre at skelne mellem farvekodede oplysninger",
    "EnableInteractiveSearch": "Aktivér interaktiv søgning",
    "IgnoreDeletedMovies": "Fjern overvågning af slettede film",
    "Images": "Billeder",
    "IndexerPriorityHelpText": "Indeksatorprioritet fra 1 (højest) til 50 (lavest). Standard: 25. Anvendes til at vælge mellem udgivelser med ellers lige mange point. {appName} vil stadig bruge alle aktiverede indeksatorer til RSS-synkronisering og søgning",
    "LogLevelTraceHelpTextWarning": "Sporlogning bør kun aktiveres midlertidigt",
    "MappedNetworkDrivesWindowsService": "Tilsluttede netværksdrev er ikke tilgængelige, når programmet kører som en Windows-tjeneste. Se FAQ'en ({url}) for mere information.",
    "MassMovieSearch": "Massefilmsøgning",
    "MIA": "MIA",
    "MonitoredOnly": "Kun overvåget",
    "MonitoredStatus": "Overvåget / Status",
    "Priority": "Prioritet",
    "ProcessingFolders": "Behandler mapper",
    "PublishedDate": "Udgivelsesdato",
    "QualityDefinitions": "Kvalitetsdefinitioner",
    "SupportedIndexers": "{appName} understøtter enhver indekserer, der bruger Newznab-standarden såvel som andre indeksatorer, der er anført nedenfor.",
    "RecyclingBinCleanupHelpText": "Sæt til 0 for at deaktivere automatisk oprydning",
    "RemoveCompletedDownloadsHelpText": "Fjern importerede downloads fra downloadklienthistorik",
    "RemovedMovieCheckSingleMessage": "Film {movie} blev fjernet fra TMDb",
    "RemoveFilter": "Fjern filteret",
    "RemoveMovieAndDeleteFiles": "Fjern film og slet filer",
    "RescanAfterRefreshMovieHelpText": "Scan igen filmmappen efter opdatering af filmen",
    "RescanMovieFolderAfterRefresh": "Genscan filmmappe efter opdatering",
    "RootFolderCheckSingleMessage": "Manglende rodmappe: {rootFolderPath}",
    "Runtime": "Kørselstid",
    "SearchMovie": "Søg i film",
    "SetPermissionsLinuxHelpTextWarning": "Hvis du er i tvivl om, hvad disse indstillinger gør, skal du ikke ændre dem.",
    "FirstDayOfWeek": "Første ugedag",
    "ShowSizeOnDisk": "Vis størrelse på disk",
    "Shutdown": "Lukke ned",
    "TagsSettingsSummary": "Se alle tags og hvordan de bruges. Ubrugte tags kan fjernes",
    "Time": "Tid",
    "MediaManagementSettingsLoadError": "Kan ikke indlæse indstillinger for mediestyring",
    "UpdateAppDirectlyLoadError": "Kan ikke opdatere {appName} direkte,",
    "BindAddressHelpText": "Gyldig IP4-adresse, 'localhost' eller '*' for alle grænseflader",
    "CreateEmptyMovieFoldersHelpText": "Opret manglende filmmapper under diskscanning",
    "CouldNotConnectSignalR": "Kunne ikke oprette forbindelse til SignalR, UI opdateres ikke",
    "Restrictions": "Begrænsninger",
    "NoBackupsAreAvailable": "Ingen sikkerhedskopier er tilgængelige",
    "Pending": "Verserende",
    "AcceptConfirmationModal": "Accepter bekræftelsesmodal",
    "AddRemotePathMapping": "Tilføj kortlægning af fjernsti",
    "AddDelayProfile": "Tilføj forsinkelsesprofil",
    "AddDownloadClient": "Tilføj downloadklient",
    "AddedToDownloadQueue": "Føjet til downloadkø",
    "AddQualityProfile": "Tilføj kvalitetsprofil",
    "AddRootFolder": "Tilføj rodmappe",
    "AllFiles": "Alle filer",
    "AllMoviesInPathHaveBeenImported": "Alle film i {path} er blevet importeret",
    "AllResultsHiddenFilter": "Alle resultater skjules af det anvendte filter",
    "Always": "Altid",
    "AnalyticsEnabledHelpText": "Send anonym brugs- og fejlinformation til {appName}s servere. Dette inkluderer information i din browser, hvilke {appName} WebUI-sider du bruger, fejlrapportering samt OS og runtime-version. Vi bruger disse oplysninger til at prioritere funktioner og fejlrettelser.",
    "AppDataDirectory": "AppData-mappe",
    "AuthBasic": "Grundlæggende (pop op-browser)",
    "Authentication": "Godkendelse",
    "ApplyTags": "Anvend tags",
    "AuthForm": "Formularer (login-side)",
    "Automatic": "Automatisk",
    "AutoUnmonitorPreviouslyDownloadedMoviesHelpText": "Film, der er slettet fra disken, overvåges automatisk i {appName}",
    "Announced": "Annonceret",
    "CleanLibraryLevel": "Rens biblioteksniveau",
    "BackupRetentionHelpText": "Automatiske sikkerhedskopier, der er ældre end opbevaringsperioden, renses automatisk",
    "BindAddress": "Bind adresse",
    "ICalFeed": "iCal-feed",
    "Branch": "Afdeling",
    "BuiltIn": "Indbygget",
    "CalendarOptions": "Kalenderindstillinger",
    "AvailabilityDelayHelpText": "Mængden af tid før eller efter tilgængelig dato for at søge efter film",
    "MovieNaming": "Navngivning af film",
    "ChangeHasNotBeenSavedYet": "Ændring er endnu ikke gemt",
    "CheckDownloadClientForDetails": "tjek download klient for flere detaljer",
    "CheckForFinishedDownloadsInterval": "Kontroller for færdige downloadsinterval",
    "AddIndexer": "Tilføj indekser",
    "ChmodFolder": "chmod mappe",
    "ChmodFolderHelpText": "Oktal, anvendt under import / omdøbning til mediemapper og filer (uden udførelse af bits)",
    "ChmodFolderHelpTextWarning": "Dette fungerer kun, hvis den bruger, der kører {appName}, er ejeren af filen. Det er bedre at sikre, at downloadklienten indstiller tilladelserne korrekt.",
    "AutomaticSearch": "Automatisk søgning",
    "ChownGroupHelpText": "Gruppens navn eller gid. Brug gid til eksterne filsystemer.",
    "Add": "Tilføj",
    "AddCustomFormat": "Tilføj tilpasset format",
    "AddToDownloadQueue": "Føj til downloadkø",
    "AfterManualRefresh": "Efter manuel opdatering",
    "ApiKey": "API-nøgle",
    "AptUpdater": "Brug apt til at installere opdateringen",
    "ICalShowAsAllDayEventsHelpText": "Begivenheder vises som begivenheder hele dagen i din kalender",
    "AuthenticationMethodHelpText": "Kræv brugernavn og adgangskode for at få adgang til {appName}",
    "AvailabilityDelay": "Tilgængelighed forsinkelse",
    "BackupIntervalHelpText": "Interval mellem automatiske sikkerhedskopier",
    "Backups": "Sikkerhedskopier",
    "BeforeUpdate": "Før opdatering",
    "CancelProcessing": "Annuller behandling",
    "CantFindMovie": "Hvorfor kan jeg ikke finde min film?",
    "CertificateValidation": "Validering af certifikat",
    "CertificateValidationHelpText": "Skift, hvor streng HTTPS-certificering er. Ændr kun dette hvis du forstå risiciene.",
    "CertValidationNoLocal": "Deaktiveret for lokale adresser",
    "ChangeFileDate": "Skift fildato",
    "CustomFormatUnknownCondition": "Ukendt betingelse for tilpasset format »{implementation}«",
    "DatabaseMigration": "DB Migration",
    "ChownGroupHelpTextWarning": "Dette fungerer kun, hvis den bruger, der kører {appName}, er ejeren af filen. Det er bedre at sikre, at downloadklienten bruger den samme gruppe som {appName}.",
    "ExcludeMovie": "Ekskluder film",
    "ClientPriority": "Kundens prioritet",
    "CertificationCountry": "Certificeringsland",
    "Monday": "Mandag",
    "CertificationCountryHelpText": "Vælg land for filmcertificeringer",
    "ImportErrors": "Importfejl",
    "ImportExtraFiles": "Importer ekstra filer",
    "ImportExtraFilesMovieHelpText": "Importer matchende ekstra filer (undertekster, nfo osv.) efter import af en filmfil",
    "ImportFailed": "Import mislykkedes: »{sourceTitle}«",
    "ImportLibrary": "Biblioteksimport",
    "ImportListStatusCheckAllClientMessage": "Alle lister er utilgængelige på grund af fejl",
    "DeleteBackup": "Slet sikkerhedskopi",
    "DeleteCustomFormat": "Slet brugerdefineret format",
    "DeletedMovieDescription": "Filmen blev slettet fra TMDb",
    "DeleteMovieFolder": "Slet filmmappe",
    "DockerUpdater": "opdater docker-containeren for at modtage opdateringen",
    "EditGroups": "Rediger grupper",
    "Enabled": "Aktiveret",
    "ExcludeTitle": "Ekskluder {0}? Dette forhindrer {appName} i automatisk at tilføje via listesynkronisering.",
    "FileNameTokens": "Filnavn tokens",
    "HaveNotAddedMovies": "Du har ikke tilføjet nogen film endnu, vil du først importere nogle eller alle dine film?",
    "HomePage": "Hjemmeside",
    "Hours": "Timer",
    "HttpHttps": "HTTP (S)",
    "ICalFeedHelpText": "Kopier denne URL til dine klienter eller klik for at abonnere, hvis din browser understøtter webcal",
    "IllRestartLater": "Jeg genstarter senere",
    "InvalidFormat": "Ugyldigt format",
    "LastDuration": "Seneste varighed",
    "LastExecution": "Seneste udførelse",
    "ListSyncLevelHelpTextWarning": "Filmfiler slettes permanent, dette kan resultere i at slette dit bibliotek, hvis dine lister er tomme",
    "ListTagsHelpText": "Elementerne på tags-listen tilføjes med",
    "MinAvailability": "Min tilgængelighed",
    "MinimumCustomFormatScoreHelpText": "Minimum tilpasset format score tilladt at downloade",
    "MinimumAge": "Minimumsalder",
    "MinimumFreeSpace": "Minimum ledig plads",
    "MinimumLimits": "Minimumsgrænser",
    "Minutes": "Protokoller",
    "ImportListExclusions": "Liste undtagelser",
    "MoveFiles": "Flyt filer",
    "MovieFiles": "Filmfiler",
    "MovieIsRecommend": "Film anbefales baseret på nyere tilføjelse",
    "NextExecution": "Næste udførelse",
    "NoAlternativeTitles": "Ingen alternative titler.",
    "NoEventsFound": "Ingen begivenheder fundet",
    "NoLinks": "Ingen links",
    "NoMinimumForAnyRuntime": "Intet minimum for enhver driftstid",
    "NoMoveFilesSelf": " Nej, jeg flytter filerne selv",
    "NoMoviesExist": "Ingen film fundet. For at komme i gang vil du tilføje en ny film eller importere nogle eksisterende.",
    "None": "Ingen",
    "NoResultsFound": "Ingen resultater fundet",
    "BranchUpdate": "Filial, der skal bruges til at opdatere {appName}",
    "BranchUpdateMechanism": "Gren brugt af ekstern opdateringsmekanisme",
    "BypassProxyForLocalAddresses": "Bypass-proxy til lokale adresser",
    "CancelPendingTask": "Er du sikker på, at du vil annullere denne afventende opgave?",
    "DeleteDownloadClient": "Slet Download Client",
    "ImportIncludeQuality": "Sørg for, at dine filer inkluderer kvaliteten i deres filnavne. f.eks. {0}",
    "Max": "Maks.",
    "Medium": "Medium",
    "MovieFilesTotaling": "Totale filmfiler",
    "OnGrab": "ved hentning",
    "OnHealthIssue": "Om sundhedsspørgsmål",
    "OnLatestVersion": "Den seneste version af {appName} er allerede installeret",
    "OnlyTorrent": "Kun Torrent",
    "OnlyUsenet": "Kun Usenet",
    "OnRename": "Om omdøb",
    "OpenThisModal": "Åbn denne modal",
    "PendingChangesDiscardChanges": "Kassér ændringer og gå ud",
    "PendingChangesMessage": "Du har ikke gemte ændringer. Er du sikker på, at du vil forlade denne side?",
    "PendingChangesStayReview": "Bliv og gennemgå ændringer",
    "PreferTorrent": "Foretrækker Torrent",
    "PreferUsenet": "Foretrækker Usenet",
    "Presets": "Forudindstillinger",
    "Profiles": "Profiler",
    "ProxyType": "Proxy-type",
    "PtpOldSettingsCheckMessage": "Følgende PassThePopcorn-indeksatorer har forældede indstillinger og skal opdateres: {0}",
    "QualitiesHelpText": "Kvaliteter højere på listen foretrækkes. Kvaliteter inden for samme gruppe er ens. Kun kontrollerede kvaliteter er ønsket",
    "QualityProfileInUseMovieListCollection": "Kan ikke slette en kvalitetsprofil, der er knyttet til en film",
    "QualitySettings": "Kvalitetsindstillinger",
    "QueueIsEmpty": "Køen er tom",
    "CalendarFeed": "{appName} kalenderfeed",
    "ReadTheWikiForMoreInformation": "Læs Wiki for mere information",
    "Reason": "Grund",
    "RecyclingBinCleanup": "Oprydning af papirkurven",
    "Refresh": "Opdater",
    "RefreshMovie": "Opdater film",
    "RegularExpressionsCanBeTested": "Regulære udtryk kan testes [her]({url}).",
    "RejectionCount": "Afvisningstal",
    "RelativePath": "Relativ sti",
    "Released": "Udgivet",
    "ReleasedMovieDescription": "Filmen udgives",
    "ReleaseRejected": "Udgivelse afvist",
    "ReplaceWithDash": "Udskift med Dash",
    "Reset": "Nulstil",
    "New": "Ny",
    "LocalPath": "Lokal sti",
    "RemotePath": "Fjern sti",
    "ShowCertification": "Vis certificering",
    "ShowGenres": "Vis genrer",
    "Size": "Størrelse",
    "SuggestTranslationChange": "Foreslå ændring af oversættelsen",
    "TestAllIndexers": "Afprøv alle indeks",
    "TestAllLists": "Afprøv alle lister",
    "Queued": "I kø",
    "TMDb": "TMDb",
    "Tomorrow": "I morgen",
    "Updates": "Opdateringer",
    "UpgradesAllowed": "Opgraderinger tilladt",
    "Uptime": "Oppetid",
    "Proxy": "Proxy",
    "ImportNotForDownloads": "Brug ikke til import af downloads fra din downloadklient, dette er kun til eksisterende organiserede biblioteker, ikke usorterede filer.",
    "DeleteTag": "Slet tag",
    "DetailedProgressBarHelpText": "Vis tekst på statuslinjen",
    "EnableSsl": "Aktivér SSL",
    "IncludeCustomFormatWhenRenaming": "Inkluder brugerdefineret format, når du omdøber",
    "Indexer": "Indekser",
    "IndexerFlags": "Indexer Flag",
    "IndexerLongTermStatusCheckAllClientMessage": "Alle indeksatorer er ikke tilgængelige på grund af fejl i mere end 6 timer",
    "IndexerLongTermStatusCheckSingleClientMessage": "Indeksatorer er ikke tilgængelige på grund af fejl i mere end 6 timer: {indexerNames}",
    "LoadingMovieCreditsFailed": "Indlæsning af filmkreditter mislykkedes",
    "LoadingMovieExtraFilesFailed": "Indlæsning af ekstra filfil mislykkedes",
    "LoadingMovieFilesFailed": "Indlæsning af filmfiler mislykkedes",
    "Local": "Lokal",
    "Location": "Beliggenhed",
    "Manual": "brugervejledning",
    "ManualImport": "Manuel import",
    "MarkAsFailed": "Marker som mislykket",
    "MaximumSizeHelpText": "Maksimal størrelse for en udgivelse, der kan hentes i MB. Sæt til nul for at sætte til ubegrænset",
    "Mechanism": "Mekanisme",
    "MediaInfo": "Medieinfo",
    "MediaManagement": "Mediestyring",
    "MediaManagementSettings": "Indstillinger for mediestyring",
    "MediaManagementSettingsSummary": "Navngivning og filhåndteringsindstillinger",
    "Hostname": "Værtsnavn",
    "MinutesSixty": "60 minutter: {sixty}",
    "Missing": "Mangler",
    "Month": "Måned",
    "MoreDetails": "Flere detaljer",
    "MountMovieHealthCheckMessage": "Mount, der indeholder en filmsti, er monteret skrivebeskyttet: ",
    "MovieFolderFormat": "Filmmappeformat",
    "MovieID": "Film-ID",
    "MovieIndex": "Filmindeks",
    "MovieInfoLanguageHelpText": "Sprog, som {appName} bruger til filminformation i brugergrænsefladen",
    "MovieInfoLanguageHelpTextWarning": "Browser genindlæsning påkrævet",
    "MovieIsDownloading": "Filmen downloades",
    "MovieIsMonitored": "Film overvåges",
    "MovieIsUnmonitored": "Filmen overvåges ikke",
    "Movies": "Film",
    "DotNetVersion": ".NET",
    "OpenBrowserOnStart": "Åbn browser ved start",
    "NoChange": "Ingen ændring",
    "NoHistory": "Ingen historie",
    "NoLogFiles": "Ingen logfiler",
    "NoMatchFound": "Ingen match fundet!",
    "NotMonitored": "Ikke overvåget",
    "NoUpdatesAreAvailable": "Ingen opdateringer er tilgængelige",
    "OAuthPopupMessage": "Pop-ups blokeres af din browser",
    "Ok": "Okay",
    "IncludeCustomFormatWhenRenamingHelpText": "Inkluder i {Custom Formats} omdøbningsformat",
    "Overview": "Oversigt",
    "OverviewOptions": "Oversigtsmuligheder",
    "AddListExclusionMovieHelpText": "Undgå, at film føjes til {appName} af lister",
    "ImportListStatusCheckSingleClientMessage": "Lister utilgængelige på grund af fejl: {importListNames}",
    "PortNumber": "Portnummer",
    "UpgradesAllowedHelpText": "Hvis deaktiveret, vil kvalitet ikke vil blive opgraderet",
    "PackageVersion": "Pakkeversion",
    "AddMovie": "Tilføj film",
    "AddRestriction": "Tilføj begrænsning",
    "Password": "Adgangskode",
    "Path": "Sti",
    "Paused": "Pauset",
    "Permissions": "Tilladelser",
    "AllowHardcodedSubs": "Tillad hardcodede subs",
    "PhysicalRelease": "Fysisk frigivelse",
    "Port": "Havn",
    "ProfilesSettingsSummary": "Kvalitets-, sprog-, forsinkelses-, og udgivelsesprofiler",
    "Progress": "Fremskridt",
    "Proper": "Passende",
    "Protocol": "Protokol",
    "ProxyBypassFilterHelpText": "Brug ',' som en separator og '*.' som et jokertegn for underdomæner",
    "AllowHardcodedSubsHelpText": "Registrerede hardkodede subs downloades automatisk",
    "QualityProfile": "Kvalitetsprofil",
    "QualityProfiles": "Kvalitetsprofiler",
    "PreferredSize": "Foretrukken størrelse",
    "QuickImport": "Flyt automatisk",
    "SupportedListsMovie": "{appName} understøtter alle RSS-filmlister såvel som nedenstående.",
    "AlreadyInYourLibrary": "Allerede i dit bibliotek",
    "RecyclingBinCleanupHelpTextWarning": "Filer i papirkurven, der er ældre end det valgte antal dage, renses automatisk",
    "AddImportListExclusion": "Tilføj ekslusion til importeringslisten",
    "AddingTag": "Tilføjer tag",
    "AgeWhenGrabbed": "Alder (når grebet)",
    "RefreshAndScan": "Opdater & Scan",
    "RequiredHelpText": "Denne {implementationName}-betingelse skal matche for at det tilpassede format kan anvendes. Ellers er et enkelt {implementationName}-match tilstrækkeligt.",
    "AddNewRestriction": "Tilføj ny begrænsning",
    "RestartRequiredHelpTextWarning": "Kræver genstart for at træde i kraft",
    "RestoreBackup": "Gendan sikkerhedskopi",
    "RootFolder": "Rodmappe",
    "RootFolderCheckMultipleMessage": "Der mangler flere rodmapper: {rootFolderPaths}",
    "Level": "Niveau",
    "FileBrowserPlaceholderText": "Start med at skrive, eller vælg en sti nedenfor",
    "StartupDirectory": "Startmappe",
    "MoviesSelectedInterp": "{count} film er valgt",
    "MovieTitle": "Filmtitel",
    "EditDelayProfile": "Rediger forsinkelsesprofil",
    "Name": "Navn",
    "MovieTitleToExcludeHelpText": "Titlen på den film, der skal ekskluderes (kan være noget meningsfuldt)",
    "MovieYear": "Filmår",
    "MovieYearToExcludeHelpText": "Året for filmen at udelukke",
    "MustContain": "Skal indeholde",
    "MustNotContain": "Må ikke indeholde",
    "NamingSettings": "Navngivningsindstillinger",
    "NegateHelpText": "Hvis dette er markeret, gælder det tilpassede format ikke, hvis denne {implementationName}-betingelse stemmer overens.",
    "SystemTimeHealthCheckMessage": "Systemtiden er slukket mere end 1 dag. Planlagte opgaver kører muligvis ikke korrekt, før tiden er rettet",
    "Posters": "Plakater",
    "PosterSize": "Plakatstørrelse",
    "TimeFormat": "Tidsformat",
    "Timeleft": "Tid tilbage",
    "TotalFileSize": "Samlet filstørrelse",
    "TotalSpace": "Samlet plads",
    "UpdateCheckStartupNotWritableMessage": "Kan ikke installere opdatering, fordi startmappen '{startupFolder}' ikke kan skrives af brugeren '{userName}'.",
    "Username": "Brugernavn",
    "WaitingToImport": "Venter på at importere",
    "BackupFolderHelpText": "Relative stier vil være under {appName}s AppData-bibliotek",
    "Disabled": "deaktiveret",
    "Peers": "Kammerater",
    "UiSettingsLoadError": "UI-indstillingerne kunne ikke indlæses",
    "Unavailable": "Ikke tilgængelig",
    "VideoCodec": "Video Codec",
    "Importing": "Importerer",
    "NoChanges": "Ingen ændringer",
    "NoLeaveIt": "Nej, lad det være",
    "NoLimitForAnyRuntime": "Ingen grænse for nogen runtime",
    "NotAvailable": "Ikke tilgængelig",
    "NotificationTriggers": "Meddelelsesudløsere",
    "Real": "Ægte",
    "ClickToChangeLanguage": "Klik for at ændre sprog",
    "ClickToChangeMovie": "Klik for at skifte film",
    "ClickToChangeQuality": "Klik for at ændre kvalitet",
    "CloneCustomFormat": "Klon brugerdefineret format",
    "CloneIndexer": "Klonindekser",
    "CloneProfile": "Klonprofil",
    "CloseCurrentModal": "Luk Nuværende Modal",
    "ColonReplacement": "Udskiftning af kolon",
    "ColonReplacementFormatHelpText": "Skift hvordan {appName} håndterer kolonudskiftning",
    "Conditions": "Betingelser",
    "Connection": "Forbindelser",
    "ConnectSettings": "Forbind indstillinger",
    "ConsideredAvailable": "Anses for tilgængelig",
    "CopyToClipboard": "Kopier til udklipsholder",
    "CopyUsingHardlinksMovieHelpText": "Hardlinks tillader {appName} at importere torrent-filer der stadig seedes, uden at optage ekstra diskplads eller at kopiere the fulde fil. Hardlinks virker kun, hvis kildefilen og destinationsfilen er på samme volumen",
    "CopyUsingHardlinksHelpTextWarning": "Lejlighedsvis kan fillåse forhindre omdøbning af filer, der bliver seedet. Du kan midlertidigt deaktivere såning og bruge {appName}s omdøbningsfunktion som et arbejde rundt.",
    "CouldNotFindResults": "Kunne ikke finde nogen resultater for »{term}«",
    "CreateEmptyMovieFolders": "Opret tomme filmmapper",
    "CreateGroup": "Opret gruppe",
    "CurrentlyInstalled": "Aktuelt installeret",
    "CustomFormat": "Bruger Tilpasset Formater",
    "CustomFormatHelpText": "{appName} scorer hver udgivelse ved hjælp af summen af scores for matchende tilpassede formater. Hvis en ny udgivelse ville forbedre scoren i samme eller bedre kvalitet, vil {appName} gribe den.",
    "CustomFormatsSettings": "Indstillinger for brugerdefinerede formater",
    "CustomFormatUnknownConditionOption": "Ukendt valgmulighed »{key}« for betingelsen »{implementation}«",
    "Cutoff": "Skære af",
    "UpgradeUntilCustomFormatScoreMovieHelpText": "Når denne score til brugerdefineret format er nået, downloader {appName} ikke længere film",
    "UpgradeUntilMovieHelpText": "Når denne kvalitet er nået, downloader {appName} ikke længere film",
    "CutoffUnmet": "Grænse ikke opnået",
    "Days": "Dage",
    "Debug": "Fejlfinde",
    "EditCustomFormat": "Rediger brugerdefineret format",
    "DefaultCase": "Standard sag",
    "DefaultDelayProfileMovie": "Dette er standardprofilen. Det gælder for alle film, der ikke har en eksplicit profil.",
    "DelayProfile": "Udskyd Profiler",
    "DeleteBackupMessageText": "Er du sikker på, at du vil slette sikkerhedskopien »{name}«?",
    "DeleteDelayProfile": "Slet forsinkelsesprofil",
    "DeleteDownloadClientMessageText": "Er du sikker på, at du vil fjerne downloadklienten »{name}«?",
    "DeleteEmptyFolders": "Slet tomme mapper",
    "DeleteEmptyFoldersHelpText": "Slet tomme filmmapper under diskscanning, og når filmfiler slettes",
    "DeleteMovieFilesHelpText": "Slet filmfilerne og filmmappen",
    "DeleteMovieFiles": "Fjern {movieFileCount} filmfiler",
    "DeleteHeader": "Slet - {0}",
    "DeleteImportListExclusion": "Slet udelukkelse af importliste",
    "DeleteIndexer": "Slet Indexer",
    "DeleteIndexerMessageText": "Er du sikker på, at du vil slette indeksøren »{name}«?",
    "DeleteNotification": "Slet underretning",
    "DeleteNotificationMessageText": "Er du sikker på, at du vil slette notifikationen »{name}«?",
    "DeleteQualityProfile": "Slet kvalitetsprofil",
    "DeleteRestriction": "Slet begrænsning",
    "DeleteRestrictionHelpText": "Er du sikker på, at du vil slette denne begrænsning?",
    "DeleteSelectedMovie": "Slet valgte film",
    "DeleteSelectedMovieFiles": "Slet valgte filmfiler",
    "DeleteTagMessageText": "Er du sikker på, at du vil slette etiketten »{label}«?",
    "DeleteMovieFolderConfirmation": "Filmmappen »{path}« og alt dens indhold slettes.",
    "DestinationPath": "Destinationssti",
    "DestinationRelativePath": "Destinationsrelateret sti",
    "DetailedProgressBar": "Detaljeret statuslinje",
    "Discord": "Discord",
    "Docker": "Docker",
    "Donations": "Donationer",
    "DoneEditingGroups": "Udført redigering af grupper",
    "DoNotPrefer": "Foretrækker ikke",
    "DownloadClientSettings": "Download klientindstillinger",
    "DownloadedAndMonitored": "Downloadet (overvåget)",
    "DownloadedButNotMonitored": "Downloadet (ikke overvåget)",
    "Downloading": "Downloader",
    "DownloadPropersAndRepacks": "Propers og Repacks",
    "DownloadPropersAndRepacksHelpTextCustomFormat": "Brug 'Foretrækkes ikke' til at sortere efter brugerdefineret format score over Propers / Repacks",
    "DownloadWarning": "Downloadadvarsel: »{warningMessage}«",
    "Edition": "Udgave",
    "EditImportListExclusion": "Rediger ekskludering af lister",
    "EditMovieFile": "Rediger filmfil",
    "EditPerson": "Rediger person",
    "EditQualityProfile": "Rediger kvalitetsprofil",
    "EditRemotePathMapping": "Rediger kortlægning af fjernsti",
    "EditRestriction": "Rediger begrænsning",
    "Enable": "Aktiver",
    "EnableAutomaticAddMovieHelpText": "Hvis det er aktiveret, føjes film automatisk til {appName} fra denne liste",
    "EnableAutomaticSearch": "Aktivér automatisk søgning",
    "EnableAutomaticSearchHelpText": "Bruges, når der foretages automatiske søgninger via brugergrænsefladen eller af {appName}",
    "EnableColorImpairedMode": "Aktivér farve-nedsat tilstand",
    "EnableCompletedDownloadHandlingHelpText": "Importer automatisk afsluttede downloads fra downloadklienten",
    "ListEnabledHelpText": "Aktivér denne liste til brug i {appName}",
    "EnableMetadataHelpText": "Aktivér oprettelse af metadatafiler for denne metadatatype",
    "EnableInteractiveSearchHelpText": "Bruges, når der bruges interaktiv søgning",
    "SearchIsNotSupportedWithThisIndexer": "Søgning understøttes ikke med denne indekser",
    "AnalyseVideoFilesHelpText": "Uddrag videoinformation såsom opløsning, runtime og codec-oplysninger fra filer. Dette kræver, at {appName} læser dele af filen, som kan forårsage høj disk- eller netværksaktivitet under scanninger.",
    "EnableRss": "Aktivér RSS",
    "EnableSslHelpText": " Kræver genstart, der kører som administrator for at træde i kraft",
    "Ended": "Afsluttet",
    "ErrorLoadingContents": "Fejl ved indlæsning af indhold",
    "ErrorRestoringBackup": "Fejl ved gendannelse af sikkerhedskopi",
    "Exception": "Undtagelse",
    "Excluded": "Ekskluderet",
    "Existing": "Eksisterende",
    "ExistingMovies": "Eksisterende film",
    "ExistingTag": "Eksisterende mærke",
    "ExportCustomFormat": "Eksporter brugerdefineret format",
    "ExternalUpdater": "{appName} er konfigureret til at bruge en ekstern opdateringsmekanisme",
    "ExtraFileExtensionsHelpText": "Kommasepareret liste over ekstra filer, der skal importeres (.nfo importeres som .nfo-orig)",
    "ExtraFileExtensionsHelpTextsExamples": "Eksempler: '.sub, .nfo' eller 'sub, nfo'",
    "FailedLoadingSearchResults": "Kunne ikke indlæse søgeresultater. Prøv igen.",
    "FailedToLoadMovieFromAPI": "Kunne ikke indlæse film fra API",
    "FeatureRequests": "Funktionsanmodninger",
    "ChangeFileDateHelpText": "Skift fildato ved import / genscanning",
    "FileNames": "Filnavne",
    "Filter": "Filter",
    "FilterPlaceHolder": "Søg i film",
    "Fixed": "Fast",
    "FocusSearchBox": "Fokus søgefelt",
    "FolderMoveRenameWarning": "Dette omdøber også filmmappen i henhold til filmmappens format i indstillingerne.",
    "Folders": "Mapper",
    "FollowPerson": "Følg Person",
    "Forecast": "Vejrudsigt",
    "SupportedDownloadClientsMoreInfo": "Klik på informationsknapperne for at få flere oplysninger om de enkelte downloadklienter.",
    "SupportedListsMoreInfo": "Klik på info-knapperne for at få flere oplysninger om de enkelte importlister.",
    "SupportedIndexersMoreInfo": "Klik på info-knapperne for at få flere oplysninger om de enkelte indeksatorer.",
    "GeneralSettings": "Generelle indstillinger",
    "Global": "Global",
    "GoToInterp": "Gå til {0}",
    "Grab": "Tag fat",
    "GrabRelease": "Hent udgivelse",
    "GrabReleaseMessageText": "{appName} var ikke i stand til at bestemme, hvilken film denne udgivelse var til. {appName} kan muligvis ikke automatisk importere denne udgivelse. Vil du hente '{0}'?",
    "Group": "Gruppe",
    "HiddenClickToShow": "Skjult, klik for at vise",
    "Host": "Vært",
    "ICalLink": "iCal-link",
    "IconForCutoffUnmet": "Ikon til Cutoff Unmet",
    "IgnoredAddresses": "Ignorerede adresser",
    "IgnoredHelpText": "Frigivelsen afvises, hvis den indeholder et eller flere af vilkårene (store og små bogstaver)",
    "IMDb": "IMDb",
    "ImportCustomFormat": "Importer brugerdefineret format",
    "ImportedTo": "Importeret til",
    "ImportRootPath": "Ret {appName} til mappen, der indeholder alle dine film, ikke en bestemt film. f.eks. {0} og ikke {1}. Derudover skal hver film være i sin egen mappe i rod- / biblioteksmappen.",
    "InCinemasDate": "På biografdato",
    "InCinemasMovieDescription": "Film er på biografer",
    "IncludeRadarrRecommendations": "Inkluder {appName}-anbefalinger",
    "IncludeRecommendationsHelpText": "Inkluder {appName} anbefalede film i opdagelsesvisning",
    "IncludeUnmonitored": "Inkluder Uovervåget",
    "ImportMovies": "Importer film",
    "IndexerPriority": "Indekseringsprioritet",
    "IndexerSettings": "Indekseringsindstillinger",
    "InstallLatest": "Installer senest",
    "InteractiveImport": "Interaktiv import",
    "InteractiveSearch": "Interaktiv søgning",
    "Interval": "Interval",
    "KeepAndUnmonitorMovie": "Behold og fjern overvågning af film",
    "LanguageHelpText": "Sprog til udgivelser",
    "Large": "Stor",
    "LastUsed": "Sidst brugt",
    "LaunchBrowserHelpText": " Åbn en webbrowser, og naviger til {appName}-hjemmesiden ved start af appen.",
    "LinkHere": "her",
    "Links": "Links",
    "ImportLists": "Lister",
    "ImportListSettings": "Listeindstillinger",
    "ImportListsSettingsSummary": "Importér fra en anden {appName}-instans eller fra Trakt-lister og håndter listeekskluderinger",
    "ListSyncLevelHelpText": "Film i biblioteket fjernes eller overvåges, hvis de ikke er på din liste",
    "LogFiles": "Logfiler",
    "Logging": "Logning",
    "LogLevel": "Logniveau",
    "LogOnly": "Kun log",
    "Logs": "Logfiler",
    "LookingForReleaseProfiles1": "Leder du efter frigivelsesprofiler? Prøve",
    "LookingForReleaseProfiles2": "i stedet.",
    "Lowercase": "Små bogstaver",
    "ManualImportSelectLanguage": "Manuel import - Vælg sprog",
    "ManualImportSelectMovie": "Manuel import - Vælg film",
    "ManualImportSelectQuality": " Manuel import - Vælg kvalitet",
    "MarkAsFailedMessageText": "Er du sikker på, at du vil markere '{0}' som mislykket?",
    "MaximumLimits": "Maksimumgrænser",
    "MaximumSize": "Maksimal størrelse",
    "MegabytesPerMinute": "Megabyte pr. Minut",
    "Message": "Besked",
    "Metadata": "Metadata",
    "MetadataSettings": "Metadataindstillinger",
    "MetadataSettingsMovieSummary": "Opret metadatafiler, når film importeres eller opdateres",
    "Min": "Min",
    "MinimumAgeHelpText": "Kun usenet: Minimumsalder i minutter af NZB'er, før de bliver grebet. Brug dette til at give nye udgivelser tid til at udbrede sig til din usenet-udbyder.",
    "MinimumAvailability": "Minimum tilgængelighed",
    "MinimumCustomFormatScore": "Minimum tilpasset format score",
    "MinimumFreeSpaceHelpText": "Forhindre import, hvis den efterlader mindre end denne mængde diskplads tilgængelig",
    "MinutesHundredTwenty": "120 minutter: {hundredTwenty}",
    "MinutesNinety": "90 minutter: {ninety}",
    "Mode": "Mode",
    "Monitor": "Overvåge",
    "Monitored": "Overvåget",
    "MonitoredHelpText": "Download film, hvis den er tilgængelig",
    "MonitorMovie": "Overvåg film",
    "Months": "Måneder",
    "MoreInfo": "Mere info",
    "MoveFolders1": "Vil du flytte filmmapperne til '{0}'?",
    "Movie": "Film",
    "MovieAlreadyExcluded": "Film allerede ekskluderet",
    "MovieChat": "Filmchat",
    "MovieDetailsNextMovie": "Filmoplysninger: Næste film",
    "MovieIndexScrollBottom": "Filmindeks: Rul ned",
    "MovieIndexScrollTop": "Filmindeks: Scroll Top",
    "MovieInfoLanguage": "Film Info sprog",
    "MovieInvalidFormat": "Film: Ugyldigt format",
    "MovieIsOnImportExclusionList": "Filmen er på listen over importundtagelser",
    "MultiLanguage": "Multi-sprog",
    "Negate": "Negere",
    "Negated": "Negeret",
    "NoListRecommendations": "Ingen listeelementer eller anbefalinger fundet. For at komme i gang vil du tilføje en ny film, importere nogle eksisterende eller tilføje en liste.",
    "NoTagsHaveBeenAddedYet": "Der er ikke tilføjet nogen tags endnu",
    "Options": "Muligheder",
    "Organize": "Organisere",
    "OrganizeConfirm": "Er du sikker på, at du vil organisere alle filer i de {count} valgte film?",
    "OrganizeSelectedMovies": "Organiser valgte film",
    "Original": "Original",
    "OutputPath": "Outputsti",
    "PhysicalReleaseDate": "Fysisk udgivelsesdato",
    "PosterOptions": "Postermuligheder",
    "PreferAndUpgrade": "Foretrækker og opgraderer",
    "PreferIndexerFlags": "Foretrækker indekseringsflag",
    "PreferIndexerFlagsHelpText": "Prioriter frigivelser med specielle flag",
    "Preferred": "Foretrukket",
    "PreviewRename": "Vis eksempel Omdøb",
    "PreviewRenameHelpText": "Tip: For at få vist et omdøbning ... vælg 'Annuller', klik derefter på en filmtitel og brug",
    "PrioritySettings": "Prioritet: {priority}",
    "ProxyCheckBadRequestMessage": "Kunne ikke teste proxy. Statuskode: {statusCode}",
    "ProxyCheckFailedToTestMessage": "Kunne ikke teste proxy: {url}",
    "ProxyCheckResolveIpMessage": "Mislykkedes at løse IP-adressen til den konfigurerede proxyhost {proxyHostName}",
    "ProxyPasswordHelpText": "Du skal kun indtaste et brugernavn og en adgangskode, hvis der kræves et. Lad dem være tomme ellers.",
    "ProxyUsernameHelpText": "Du skal kun indtaste et brugernavn og en adgangskode, hvis der kræves et. Lad dem være tomme ellers.",
    "Qualities": "Kvaliteter",
    "Quality": "Kvalitet",
    "QualityLimitsMovieRuntimeHelpText": "Grænser justeres automatisk for filmens kørselstid.",
    "QualitySettingsSummary": "Kvalitetsstørrelser og navngivning",
    "Queue": "Kø",
    "SupportedCustomConditions": "{appName} understøtter brugerdefinerede betingelser mod frigivelsesegenskaberne nedenfor.",
    "Ratings": "Bedømmelser",
    "RecentChanges": "Seneste ændringer",
    "RecentFolders": "Seneste mapper",
    "RecyclingBin": "Genbrugsskraldespand",
    "RefreshInformationAndScanDisk": "Opdater oplysninger og scan disk",
    "RefreshLists": "Opdater lister",
    "ReleaseBranchCheckOfficialBranchMessage": "Filial {0} er ikke en gyldig {appName}-frigivelsesfilial, du modtager ikke opdateringer",
    "ReleaseDates": "Slip datoer",
    "ReleaseGroup": "Slip gruppe",
    "ReleaseStatus": "Frigør status",
    "ReleaseTitle": "Udgiv titel",
    "Reload": "Genindlæs",
    "RemotePathMappings": "Sammenkædning med fjernsti",
    "Remove": "Fjerne",
    "RemovedFromTaskQueue": "Fjernet fra opgavekøen",
    "RemovedMovieCheckMultipleMessage": "Film {movies} blev fjernet fra TMDb",
    "RemoveFailedDownloadsHelpText": "Fjern mislykkede downloads fra downloadklienthistorik",
    "RemoveFromDownloadClient": "Fjern fra downloadklient",
    "RemoveFromQueue": "Fjern fra køen",
    "RemoveHelpTextWarning": "Fjernelse fjerner download og fil (er) fra download-klienten.",
    "RemoveMovieAndKeepFiles": "Fjern film og gem filer",
    "RemoveRootFolder": "Fjern rodmappen",
    "RemoveSelected": "Fjern valgte",
    "RemovingTag": "Fjerner tag",
    "Renamed": "Omdøbt",
    "RenameFiles": "Omdøb filer",
    "RenameMovies": "Omdøb film",
    "RenameMoviesHelpText": "{appName} bruger det eksisterende filnavn, hvis omdøbning er deaktiveret",
    "Reorder": "Omarranger",
    "Replace": "Erstatte",
    "ReplaceIllegalCharacters": "Udskift ulovlige tegn",
    "ReplaceIllegalCharactersHelpText": "Udskift ulovlige tegn. Hvis det ikke er markeret, fjerner {appName} dem i stedet",
    "ReplaceWithSpaceDash": "Udskift med Space Dash",
    "ReplaceWithSpaceDashSpace": "Udskift med Space Dash Space",
    "Required": "Påkrævet",
    "RequiredRestrictionHelpText": "Frigivelsen skal indeholde mindst et af disse udtryk (ufølsom)",
    "RescanAfterRefreshHelpTextWarning": "{appName} registrerer ikke automatisk ændringer i filer, når de ikke er indstillet til 'Altid'",
    "ResetAPIKey": "Nulstil API-nøgle",
    "Restart": "Genstart",
    "RestartNow": "Genstart nu",
    "RestartRadarr": "Genstart {appName}",
    "RestartReloadNote": "Bemærk: {appName} genstarter automatisk og genindlæser brugergrænsefladen under gendannelsesprocessen.",
    "Result": "Resultat",
    "Retention": "Tilbageholdelse",
    "RetentionHelpText": "Kun Usenet: Sæt til nul for at indstille til ubegrænset fastholdelse",
    "RootFolders": "Rodmapper",
    "Rss": "RSS",
    "RssIsNotSupportedWithThisIndexer": "RSS understøttes ikke med denne indekseringsenhed",
    "RssSync": "RSS-synkronisering",
    "RssSyncInterval": "RSS-synkroniseringsinterval",
    "RssSyncIntervalHelpTextWarning": "Dette gælder for alle indeksører. Følg de regler, der er angivet af dem",
    "Save": "Gemme",
    "SaveChanges": "Gem ændringer",
    "SaveSettings": "Gem indstillinger",
    "Scheduled": "Planlagt",
    "Score": "Score",
    "Script": "Manuskript",
    "ScriptPath": "Script sti",
    "SearchAll": "Søg i alle",
    "SearchCutoffUnmet": "Søg efter Cutoff Unmet",
    "SearchFailedPleaseTryAgainLater": "Søgningen mislykkedes. Prøv igen senere.",
    "SearchFiltered": "Søg filtreret",
    "SearchForMissing": "Søg efter mangler",
    "SearchForMovie": "Søg efter film",
    "SearchMissing": "Søgning mangler",
    "SearchOnAdd": "Søg på Tilføj",
    "ListSearchOnAddMovieHelpText": "Søg efter film på denne liste, når de føjes til biblioteket",
    "SearchSelected": "Søgning valgt",
    "Seconds": "Sekunder",
    "Security": "Sikkerhed",
    "Seeders": "Såmaskiner",
    "SelectAll": "Vælg alle",
    "SelectFolder": "Vælg Mappe",
    "SelectLanguage": "Vælg sprog",
    "SelectMovie": "Vælg Film",
    "SelectQuality": "Vælg Kvalitet",
    "SetPermissions": "Indstil tilladelser",
    "SetPermissionsLinuxHelpText": "Skal chmod køres, når filer importeres / omdøbes?",
    "SetTags": "Indstil tags",
    "Settings": "Indstillinger",
    "LongDateFormat": "Lang datoformat",
    "RemotePathMappingHostHelpText": "Den samme vært, som du angav for den eksterne downloadklient",
    "RemotePathMappingLocalPathHelpText": "Sti, som {appName} skal bruge for at få adgang til den eksterne sti lokalt",
    "RemotePathMappingRemotePathHelpText": "Sti til den mappe, som Download-klienten har adgang til",
    "RuntimeFormat": "Runtime-format",
    "ShortDateFormat": "Kort datoformat",
    "ShowRelativeDates": "Vis relative datoer",
    "ShowRelativeDatesHelpText": "Vis relative (i dag / i går / osv.) Eller absolutte datoer",
    "WeekColumnHeader": "Ugens kolonneoverskrift",
    "WeekColumnHeaderHelpText": "Vist over hver kolonne, når ugen er den aktive visning",
    "ListMonitorMovieHelpText": "Hvis det er aktiveret, tilføjes og overvåges film, der er tilføjet på denne liste",
    "ShowAdvanced": "Vis avanceret",
    "ICalShowAsAllDayEvents": "Vis som heldagsbegivenheder",
    "IconForCutoffUnmetHelpText": "Vis ikon for filer, når afskæringen ikke er opfyldt",
    "ShowDateAdded": "Vis dato tilføjet",
    "ShowMonitored": "Vis overvåget",
    "ShowMonitoredHelpText": "Vis overvåget status under plakat",
    "ShowMovieInformation": "Vis filmoplysninger",
    "ShowMovieInformationHelpText": "Vis filmgenrer og certificering",
    "ShownClickToHide": "Vist, klik for at skjule",
    "ShowPath": "Vis sti",
    "ShowQualityProfile": "Vis kvalitetsprofil",
    "ShowQualityProfileHelpText": "Vis kvalitetsprofil under plakat",
    "ShowRatings": "Vis vurderinger",
    "ShowSearch": "Vis søgning",
    "ShowSearchHelpText": "Vis søgeknappen, når du holder markøren",
    "ShowStudio": "Vis Studio",
    "ShowTitle": "Vis titel",
    "ShowTitleHelpText": "Vis filmtitel under plakat",
    "ShowUnknownMovieItems": "Vis ukendte filmgenstande",
    "ShowYear": "Vis år",
    "SizeOnDisk": "Størrelse på disk",
    "SkipFreeSpaceCheck": "Spring fri pladscheck over",
    "Small": "Lille",
    "Socks4": "Strømper 4",
    "Socks5": "Socks5 (Understøtter TOR)",
    "SomeResultsHiddenFilter": "Nogle resultater skjules af det anvendte filter",
    "SorryThatMovieCannotBeFound": "Beklager, den film kan ikke findes.",
    "Sort": "Sortere",
    "Source": "Kilde",
    "SourcePath": "Kildesti",
    "SourceRelativePath": "Kildens relative sti",
    "SourceTitle": "Kildetitel",
    "SslCertPassword": "SSL-certificeret adgangskode",
    "SslCertPasswordHelpText": "Adgangskode til pfx-fil",
    "SslCertPath": "SSL-certificeret sti",
    "SslCertPathHelpText": "Sti til pfx-fil",
    "SslPort": "SSL-port",
    "StandardMovieFormat": "Standard filmformat",
    "StartImport": "Start import",
    "StartProcessing": "Start behandling",
    "StartSearchForMissingMovie": "Start søgning efter manglende film",
    "Status": "Status",
    "Studio": "Studio",
    "Style": "Stil",
    "SubfolderWillBeCreatedAutomaticallyInterp": "Undermappen '{0}' oprettes automatisk",
    "Sunday": "Søndag",
    "Table": "Tabel",
    "TableOptions": "Tabelindstillinger",
    "TableOptionsColumnsMessage": "Vælg hvilke kolonner der er synlige og hvilken rækkefølge de vises i",
    "TagDetails": "Etiketdetaljer - {label}",
    "TagIsNotUsedAndCanBeDeleted": "Tag bruges ikke og kan slettes",
    "Tags": "Mærker",
    "ICalTagsMoviesHelpText": "Gælder film med mindst et matchende tag",
    "Tasks": "Opgaver",
    "Test": "Afprøv",
    "TestAll": "Afprøv alle",
    "TheLogLevelDefault": "Logniveauet er som standard 'Info' og kan ændres under [Generelle indstillinger](/settings/general)",
    "ThisCannotBeCancelled": "Dette kan ikke annulleres når først det er startet uden at du deaktiverer alle dine indeksører.",
    "Title": "Titel",
    "Titles": "Titler",
    "TMDBId": "TMDb-ID",
    "TmdbIdExcludeHelpText": "TMDb-id for filmen, der skal ekskluderes",
    "Today": "I dag",
    "TorrentDelay": "Torrentforsinkelse",
    "TorrentDelayHelpText": "Forsink i minutter, før du tager fat i en torrent",
    "TorrentDelayTime": "Torrentforsinkelse: {torrentDelay}",
    "Torrents": "Torrenter",
    "TorrentsDisabled": "Torrenter deaktiveret",
    "Trace": "Spor",
    "Trailer": "Anhænger",
    "Trakt": "Trakt",
    "Trigger": "Udløser",
    "Type": "Type",
    "Ui": "UI",
    "UiLanguage": "UI-sprog",
    "UiLanguageHelpText": "Sprog, som {appName} vil bruge til UI",
    "BrowserReloadRequired": "Browser genindlæsning påkrævet",
    "UiSettings": "UI-indstillinger",
    "UiSettingsSummary": "Indstillinger for kalender, dato og farve",
    "AddConditionError": "Kan ikke tilføje en ny betingelse, prøv igen.",
    "AddCustomFormatError": "Kunne ikke tilføje et nyt tilpasset format, prøv igen.",
    "AddDownloadClientError": "Ikke muligt at tilføje en ny downloadklient. Prøv venligst igen.",
    "AddIndexerError": "Kunne ikke tilføje en ny indekser. Prøv igen.",
    "AddImportListExclusionError": "Kunne ikke tilføje en ny listeekskludering. Prøv igen.",
    "AddListError": "Kan ikke tilføje en ny liste, prøv igen.",
    "AddNotificationError": "Kan ikke tilføje en ny underretning, prøv igen.",
    "AddQualityProfileError": "Kan ikke tilføje en ny kvalitetsprofil, prøv igen.",
    "AddRemotePathMappingError": "Kunne ikke tilføje en ny kortlægning af fjernstien. Prøv igen.",
    "BackupsLoadError": "Kunne ikke indlæse sikkerhedskopier",
    "CustomFormatsLoadError": "Kan ikke indlæse brugerdefinerede formater",
    "DelayProfilesLoadError": "Kunne ikke indlæse forsinkelsesprofiler",
    "DownloadClientOptionsLoadError": "Kunne ikke indlæse indstillinger for downloadklient",
    "GeneralSettingsLoadError": "Kan ikke indlæse generelle indstillinger",
    "IndexerOptionsLoadError": "Kan ikke indlæse indekseringsindstillinger",
    "IndexersLoadError": "Kan ikke indlæse indeksørerne",
    "ImportListExclusionsLoadError": "Kunne ikke indlæse listeekskluderinger",
    "ListOptionsLoadError": "Kan ikke indlæse listeindstillinger",
    "ImportListsLoadError": "Kunne ikke indlæse lister",
    "UnableToLoadManualImportItems": "Kunne ikke indlæse manuelle importvarer",
    "MetadataLoadError": "Kunne ikke indlæse metadata",
    "UnableToLoadMovies": "Kan ikke indlæse film",
    "NamingSettingsLoadError": "Navngivningsindstillinger kunne ikke indlæses",
    "NotificationsLoadError": "Kunne ikke indlæse meddelelser",
    "QualityDefinitionsLoadError": "Kunne ikke indlæse kvalitetsdefinitioner",
    "QualityProfilesLoadError": "Kunne ikke indlæse kvalitetsprofiler",
    "RemotePathMappingsLoadError": "Kan ikke indlæse Remote Path Mappings",
    "UnableToLoadRestrictions": "Kunne ikke indlæse begrænsninger",
    "UnableToLoadRootFolders": "Kan ikke indlæse rodmapper",
    "TagsLoadError": "Kan ikke indlæse tags",
    "CalendarLoadError": "Kan ikke indlæse kalenderen",
    "Ungroup": "Fjern gruppe",
    "Unlimited": "Ubegrænset",
    "UnmappedFilesOnly": "Kun kortlagte filer",
    "UnmappedFolders": "Ikke-kortlagte mapper",
    "Unmonitored": "Uovervåget",
    "ICalIncludeUnmonitoredMoviesHelpText": "Inkluder ikke-overvågede film i iCal-feedet",
    "Unreleased": "Ikke udgivet",
    "UnsavedChanges": "Ugemte ændringer",
    "UnselectAll": "Fravælg alle",
    "UpdateAll": "Opdater alle",
    "UpdateAutomaticallyHelpText": "Download og installer opdateringer automatisk. Du kan stadig installere fra System: Updates",
    "UpdateCheckStartupTranslocationMessage": "Kan ikke installere opdatering, fordi startmappen '{startupFolder}' er i en App Translocation-mappe.",
    "UpdateCheckUINotWritableMessage": "Kan ikke installere opdatering, fordi '{userName}' ikke kan skrive til mappen for brugergrænseflade '{uiFolder}'.",
    "UpdateMechanismHelpText": "Brug {appName}s indbyggede opdateringsfunktion eller et script",
    "UpdateScriptPathHelpText": "Sti til et brugerdefineret script, der tager en udpakket opdateringspakke og håndterer resten af opdateringsprocessen",
    "UpdateSelected": "Opdatering valgt",
    "UpgradeUntilCustomFormatScore": "Opgrader indtil brugerdefineret format score",
    "UpgradeUntil": "Opgrader indtil kvalitet",
    "UpgradeUntilThisQualityIsMetOrExceeded": "Opgrader, indtil denne kvalitet er opfyldt eller overskredet",
    "Uppercase": "Store bogstaver",
    "UrlBase": "URL-base",
    "UrlBaseHelpText": "For reverse proxy-support er standard tom",
    "UseHardlinksInsteadOfCopy": "Brug hardlinks i stedet for Copy",
    "Usenet": "Usenet",
    "UsenetDelay": "Usenet-forsinkelse",
    "UsenetDelayHelpText": "Forsink i minutter, før du tager fat i en frigivelse fra Usenet",
    "UsenetDelayTime": "Usenet-forsinkelse: {usenetDelay}",
    "UsenetDisabled": "Usenet deaktiveret",
    "UseProxy": "Brug proxy",
    "Version": "Version",
    "VisitTheWikiForMoreDetails": "Besøg wiki for flere detaljer: ",
    "WaitingToProcess": "Venter på at behandle",
    "Wanted": "Ønskede",
    "Warn": "Advare",
    "Week": "Uge",
    "Weeks": "Uger",
    "WhitelistedHardcodedSubsHelpText": "Undertekstmærker, der er angivet her, betragtes ikke som hardkodede",
    "WhitelistedSubtitleTags": "Hvidlistede undertekstmærker",
    "Wiki": "Wiki",
    "WouldYouLikeToRestoreBackup": "Vil du gendanne sikkerhedskopien »{name}«?",
    "Year": "År",
    "YesCancel": "Ja, Annuller",
    "YesMoveFiles": "Ja, flyt filerne",
    "Yesterday": "I går",
    "YouCanAlsoSearch": "Du kan også søge ved hjælp af TMDb ID eller IMDb ID for en film. f.eks. `tmdb: 71663`",
    "MaintenanceRelease": "Vedligeholdelsesfrigivelse: fejlrettelser og andre forbedringer. Se Github Commit History for flere detaljer",
    "MissingMonitoredAndConsideredAvailable": "Mangler (overvåges)",
    "MissingNotMonitored": "Mangler (ikke overvåget)",
    "MoveFolders2": "Vil du flytte filmfilerne fra '{0}' til '{1}'?",
    "MovieDetailsPreviousMovie": "Filmdetaljer: Forrige film",
    "MovieEditor": "Filmredaktør",
    "MovieExcludedFromAutomaticAdd": "Film ekskluderet fra automatisk tilføjelse",
    "Search": "Søg",
    "SqliteVersionCheckUpgradeRequiredMessage": "Aktuelt installeret SQLite-version {0} understøttes ikke længere. Opgrader SQLite til mindst version {1}.",
    "ShowCinemaRelease": "Vis biografens udgivelsesdato",
    "ShowReleaseDate": "Vis udgivelsesdato",
    "ShowReleaseDateHelpText": "Vis udgivelsesdato under plakat",
    "OnMovieFileDelete": "Slet på filmfil",
    "OnMovieFileDeleteForUpgrade": "På filmfil Slet til opgradering",
    "OnMovieDelete": "Ved sletning af film",
    "Reddit": "Reddit",
    "More": "Mere",
    "Download": "Hent",
    "DownloadClientRootFolderHealthCheckMessage": "Download klient {downloadClientName} placerer downloads i rodmappen {rootFolderPath}. Du skal ikke downloade til en rodmappe.",
    "Blocklist": "Blacklist",
    "BlocklistRelease": "Udgivelse af sortliste",
    "RemoveFromBlocklist": "Fjern fra sortlisten",
    "Blocklisted": "Blacklist",
    "BlocklistReleases": "Udgivelse af sortliste",
    "Filters": "Filter",
    "SelectLanguages": "Vælg sprog",
    "ImportList": "Lister",
    "Rating": "Bedømmelser",
    "RssSyncIntervalHelpText": "Interval på få minutter. Sæt til nul for at deaktivere (dette stopper al automatisk frigivelse)",
    "MonitorMovies": "Overvåg film",
    "NoCollections": "Ingen samlinger fundet. For at komme i gang skal du tilføje en ny film eller importere nogle eksisterende",
    "AllCollectionsHiddenDueToFilter": "Alle film er gemt på grund af aktivt filter.",
    "Collections": "Samling",
    "File": "Filer",
    "EditMovies": "Rediger film",
    "ShowCinemaReleaseHelpText": "Vis udgivelsesdato under plakat",
    "DeleteRemotePathMapping": "Rediger kortlægning af fjernsti",
    "DeleteRemotePathMappingMessageText": "Er du sikker på, at du vil slette denne kortlægning af fjernstien?",
    "ApplyTagsHelpTextRemove": "Fjern: Fjern de indtastede tags",
    "ApplyTagsHelpTextReplace": "Erstat: Udskift tags med de indtastede tags (indtast ingen tags for at rydde alle tags)",
    "DeleteDelayProfileMessageText": "Er du sikker på, at du vil slette denne forsinkelsesprofil?",
    "DeleteImportListExclusionMessageText": "Er du sikker på, at du vil slette denne undtagelse fra importlisten?",
    "DeleteFormatMessageText": "Er du sikker på, at du vil slette formattag {0}?",
    "DeleteConditionMessageText": "Er du sikker på, at du vil slette betingelsen »{name}«?",
    "DeleteCustomFormatMessageText": "Er du sikker på, at du vil slette indeksøren '{name}'?",
    "RemoveSelectedItemQueueMessageText": "Er du sikker på, at du vil fjerne 1 element fra køen?",
    "RemoveSelectedItemsQueueMessageText": "Er du sikker på, at du vil fjerne {selectedCount} elementer fra køen?",
    "ResetAPIKeyMessageText": "Er du sikker på, at du vil nulstille din API-nøgle?",
    "ApplyTagsHelpTextAdd": "Tilføj: Føj tags til den eksisterende liste over tags",
    "ApplyTagsHelpTextHowToApplyIndexers": "Sådan anvendes tags på de valgte film",
    "DeleteSelectedDownloadClients": "Slet Download Client",
    "DeleteSelectedIndexers": "Slet Indexer",
    "AnnouncedMovieDescription": "Film er annonceret",
    "AddConditionImplementation": "Tilføj betingelse - {implementationName}",
    "AddConnection": "Tilføj forbindelse",
    "AddConnectionImplementation": "Tilføj forbindelse - {implementationName}",
    "AddImportList": "Tilføj importliste",
    "AddDownloadClientImplementation": "Tilføj downloadklient - {implementationName}",
    "AddImportListImplementation": "Tilføj importliste - {implementationName}",
    "ApplyChanges": "Anvend ændringer",
    "AddCondition": "Tilføj betingelse",
    "AllTitles": "All titler",
    "TablePageSize": "Sidestørrelse",
    "AddRootFolderError": "Kunne ikke tilføje rodmappe",
    "Unknown": "Ukendt",
    "DisabledForLocalAddresses": "Deaktiveret for lokale adresser",
    "TablePageSizeHelpText": "Antal elementer, der skal vises på hver side",
    "DownloadClientsLoadError": "Kunne ikke indlæse downloadklienter",
    "NotificationStatusSingleClientHealthCheckMessage": "Lister utilgængelige på grund af fejl: {notificationNames}",
    "NotificationsSimplepushSettingsEvent": "Begivenhed",
    "RemoveQueueItemConfirmation": "Er du sikker på, at du vil fjerne »{sourceTitle}« fra køen?",
    "AutoRedownloadFailed": "Download fejlede",
    "BypassDelayIfAboveCustomFormatScoreMinimumScore": "Minimum tilpasset format score",
    "EditImportListImplementation": "Tilføj importliste - {implementationName}",
    "FormatAgeMinute": "Protokoller",
    "InteractiveImportLoadError": "Kunne ikke indlæse manuelle importvarer",
    "ConditionUsingRegularExpressions": "Denne betingelse stemmer overens ved brug af regulære udtryk. Bemærk, at tegnene »\\^$.|?*+()[{« har en særlig betydning og skal indledes med indkodningstegnet »\\«",
    "ConnectionLostReconnect": "{appName} vil prøve at tilslutte automatisk. Ellers du kan klikke genindlæs forneden.",
    "DeleteSpecification": "Slet underretning",
    "DeleteSpecificationHelpText": "Er du sikker på, at du vil slette specifikationen »{name}«?",
    "DeletedReasonUpgrade": "Filen blev slettet for at importere en opgradering",
    "Directory": "Mappe",
    "Lists": "Lister",
    "No": "Ingen",
    "PreferredProtocol": "Foretrukken protokol",
    "RestartLater": "Jeg genstarter senere",
    "SelectDropdown": "'Vælg...",
    "AddIndexerImplementation": "Tilføj indeksør - {implementationName}",
    "EditDownloadClientImplementation": "Tilføj downloadklient - {implementationName}",
    "DelayingDownloadUntil": "Forsinker download indtil {date} kl. {time}",
    "AddAutoTag": "Tilføj automatisk etiket",
    "DeleteAutoTagHelpText": "Er du sikker på, at du vil slette den automatiske etiket »{name}«?",
    "BlocklistLoadError": "Kunne ikke indlæse sortliste",
    "NotificationStatusAllClientHealthCheckMessage": "Alle lister er utilgængelige på grund af fejl",
    "InteractiveSearchModalHeader": "Interaktiv søgning",
    "RetryingDownloadOn": "Prøver igen at downloade d. {date} kl. {time}",
    "OrganizeLoadError": "Fejl ved indlæsning af forhåndsvisning",
    "QueueLoadError": "Kunne kunne ikke indlæses",
    "EditIndexerImplementation": "Tilføj betingelse - {implementationName}",
    "FormatAgeHours": "Timer",
    "IncludeHealthWarnings": "Inkluder sundhedsadvarsler",
    "QualitiesLoadError": "Kan ikke indlæse kvaliteter",
    "Theme": "Tema",
    "AddListExclusion": "Tilføj ekskludering af liste",
    "ApplyTagsHelpTextHowToApplyDownloadClients": "Sådan anvendes tags på de valgte film",
    "ApplyTagsHelpTextHowToApplyImportLists": "Sådan anvendes tags på de valgte film",
    "MustContainHelpText": "Frigivelsen skal indeholde mindst et af disse udtryk (ufølsom)",
    "MustNotContainHelpText": "Frigivelsen afvises, hvis den indeholder et eller flere af vilkårene (store og små bogstaver)",
    "Yes": "Ja",
    "MoveAutomatically": "Hurtig import",
    "HistoryLoadError": "Kunne ikke indlæse historikken",
    "CustomFilter": "Bruger Tilpassede Filtere",
    "ReleaseProfiles": "udgivelsesprofil",
    "EditConditionImplementation": "Tilføj forbindelse - {implementationName}",
    "GrabId": "Hent ID",
    "FormatAgeMinutes": "Protokoller",
    "Label": "Etiket",
    "RemoveSelectedBlocklistMessageText": "Er du sikker på, at du vil fjerne de valgte emner fra sortlisten?",
    "AddAutoTagError": "Kan ikke tilføje en ny automatisk etiket. Prøv igen.",
    "Release": "udgivelse",
    "DelayProfileMovieTagsHelpText": "Gælder film med mindst et matchende tag",
    "OrganizeNothingToRename": "Succes! Mit arbejde er udført, ingen filer at omdøbe.",
    "MovieFileDeleted": "Slet på filmfil",
    "ApplyTagsHelpTextHowToApplyMovies": "Sådan anvendes tags på de valgte film",
    "DownloadClientSettingsRecentPriority": "Kundens prioritet",
    "DeleteQualityProfileMessageText": "Er du sikker på, at du vil slette kvalitetsprofilen »{name}«?",
    "DeleteSelectedMovieFilesHelpText": "Er du sikker på, at du vil slette de valgte filmfiler?",
    "MovieIsNotMonitored": "Film overvåges",
    "DeleteReleaseProfile": "Slet udgivelsesprofil",
    "DeleteReleaseProfileMessageText": "Er du sikker på, at du vil slette udgivelsesprofilen »{name}«?",
    "DeletedReasonMovieMissingFromDisk": "{appName} kunne ikke finde filen på disken, så den blev fjernet",
    "ReleaseProfilesLoadError": "Kunne ikke indlæse forsinkelsesprofiler",
    "SearchOnAddCollectionHelpText": "Søg efter film i denne samling, når de føjes til biblioteket",
    "EditConnectionImplementation": "Tilføj forbindelse - {implementationName}",
    "MovieSearchResultsLoadError": "Kunne ikke indlæse resultater for denne filmsøgning. Prøv igen senere",
    "FormatAgeHour": "Timer",
    "IndexerSettingsMultiLanguageRelease": "Multi-sprog",
    "DeleteImportListMessageText": "Er du sikker på, at du vil slette listen »{name}«?",
    "ReleaseGroups": "Slip gruppe",
    "IMDbId": "TMDb Id",
    "AddDelayProfileError": "Kan ikke tilføje en ny forsinkelsesprofil. Prøv igen.",
    "ShowUnknownMovieItemsHelpText": "Vis emner uden en film i køen. Dette kan omfatte fjernede film eller andet i {appName}s kategori",
    "MovieFileDeletedTooltip": "Slet på filmfil",
    "DeleteMovieFolders": "Slet filmmappe",
    "DeleteMovieFoldersHelpText": "Slet filmmappen og dens indhold",
    "DeleteSelectedMovies": "Slet valgte filmfiler",
    "AutoTaggingNegateHelpText": "Hvis dette er markeret, vil reglen for automatisk etiket ikke blive anvendt, hvis denne {implementationName}-betingelse stemmer overens.",
    "DeleteSelectedImportListExclusionsMessageText": "Er du sikker på, at du vil slette denne undtagelse fra importlisten?",
    "DeleteSelectedCustomFormats": "Slet brugerdefineret format",
    "ReleaseDate": "Slip datoer",
    "ShowPhysicalReleaseHelpText": "Vis udgivelsesdato under plakat",
    "ShowDigitalRelease": "Vis biografens udgivelsesdato",
    "ShowDigitalReleaseHelpText": "Vis udgivelsesdato under plakat",
    "ShowPhysicalRelease": "Fysisk udgivelsesdato",
    "FolderNameTokens": "Filnavn tokens",
    "Clone": "Luk",
    "Delay": "Forsinkelse",
    "EditReleaseProfile": "Rediger forsinkelsesprofil",
    "DownloadClientUnavailable": "Downloadklienten er ikke tilgængelig",
    "AddReleaseProfile": "Rediger forsinkelsesprofil",
    "ApiKeyValidationHealthCheckMessage": "Opdater din API-nøgle til at være på mindste {length} karakterer. Dette kan gøres i indstillingerne eller i konfigurationsfilen",
    "AutoTaggingSpecificationTag": "Etiket",
    "AutoTaggingSpecificationOriginalLanguage": "Sprog",
    "AutoTaggingSpecificationQualityProfile": "Kvalitetsprofil",
    "AutoTaggingSpecificationRootFolder": "Rodmappe",
    "AutoTaggingSpecificationStatus": "Status",
    "CustomFormatsSpecificationLanguage": "Sprog",
    "CustomFormatsSpecificationMaximumSize": "Maksimal størrelse",
    "CustomFormatsSpecificationResolution": "Opløsning",
    "CustomFormatsSpecificationSource": "Kilde",
    "Mixed": "Fast"
}
