{
    "AuthBasic": "Dasar (Popup Browser)",
    "AuthForm": "Formulir (Halaman Masuk)",
    "Authentication": "Autentikasi",
    "AuthenticationMethodHelpText": "Perlukan Nama Pengguna dan Sandi untuk mengakses {appName}",
    "About": "Tentang",
    "Activity": "Aktivitas",
    "Add": "Tambah",
    "AddCustomFormat": "Tambahkan Format Khusus",
    "AddDownloadClient": "Tambahkan Download Client",
    "AddIndexer": "Tambahkan Pengindeks",
    "Age": "Usia",
    "All": "Semua",
    "AllCollectionsHiddenDueToFilter": "Semua koleksi disembunyikan karena penyaringan yang diterapkan.",
    "AllMoviesHiddenDueToFilter": "Semua film disembunyikan karena penyaringan yang diterapkan.",
    "Apply": "Terapkan",
    "AllMoviesInPathHaveBeenImported": "Semua film di {0} telah diimpor",
    "AlreadyInYourLibrary": "Sudah di pustakamu",
    "Always": "Selalu",
    "AnalyseVideoFiles": "Analisis berkas video",
    "Analytics": "Analitik",
    "AnalyticsEnabledHelpText": "Kirimkan informasi penggunaan secara anonim ke server {appName}. Informasi tersebut mengandung browser kamu, halaman WebUI {appName} yang kamu gunakan, pelaporan masalah serta OS dan versi runtime. Kami akan memanfaatkan informasi ini untuk memprioritaskan fitur dan perbaikan bug.",
    "ApplicationURL": "URL Aplikasi",
    "ApplicationUrlHelpText": "URL eksternal aplikasi termasuk http(s)://, port, dan dasar URL",
    "Auto": "Otomatis",
    "AddMovie": "Tambahkan Film",
    "AddMovies": "Tambahkan Film",
    "AddNewMessage": "Mudah caranya untuk menambahkan film, ketik saja nama film yang ingin kamu tambahkan",
    "AddNewMovie": "Tambahkan Film Baru",
    "AddNewTmdbIdMessage": "Kamu juga bisa menelusuri menggunakan Id TMDb filmnya, misalnya 'tmdb:71663'",
    "AddToDownloadQueue": "Tambahkan ke antrean pengunduhan",
    "Added": "Ditambahkan",
    "AddedToDownloadQueue": "Ditambahkan ke antrean pengunduhan",
    "AgeWhenGrabbed": "Usia (saat diperoleh)",
    "AllResultsHiddenFilter": "Seluruh hasil disembunyikan karena penyaringan yang diterapkan",
    "CantFindMovie": "Mengapa saya tidak bisa menemukan film ini?",
    "ChangeHasNotBeenSavedYet": "Perubahan belum disimpan",
    "AptUpdater": "Gunakan apt untuk memasang pembaruan",
    "Automatic": "Otomatis",
    "AutomaticSearch": "Penelusuran Otomatis",
    "AlternativeTitle": "Judul Lain",
    "Announced": "Diumumkan",
    "AnnouncedMovieDescription": "Film telah diumumkan",
    "AppDataDirectory": "Direktori AppData",
    "BackupNow": "Cadangkan Sekarang",
    "Calendar": "Kalender",
    "Cancel": "Batal",
    "ClickToChangeLanguage": "Klik untuk mengubah bahasa",
    "ClickToChangeMovie": "Klik untuk mengubah film",
    "ClickToChangeQuality": "Klik untuk mengubah kualitas",
    "YouCanAlsoSearch": "Kamu juga bisa menelusuri menggunakan Id TMDb filmnya, misalnya 'tmdb:71663'",
    "SomeResultsHiddenFilter": "Seluruh hasil disembunyikan karena penyaringan yang diterapkan",
    "Blocklist": "Daftar Blokir",
    "Collection": "Koleksi",
    "Collections": "Koleksi",
    "CustomFormats": "Format Khusus",
    "Docker": "Docker",
    "Formats": "Format",
    "Indexers": "Pengindeks",
    "Info": "Informasi",
    "Movie": "Film",
    "Blocklisted": "Daftar Blokir",
    "Connections": "Koneksi",
    "Indexer": "Pengindeks",
    "Actions": "Tindakan",
    "Backup": "Cadangan",
    "Backups": "Cadangan",
    "Custom": "Khusus",
    "CustomFormat": "Format Khusus",
    "EditCustomFormat": "Tambahkan Format Khusus",
    "Movies": "Film",
    "ExportCustomFormat": "Tambahkan Format Khusus",
    "Grab": "Peroleh",
    "Host": "Host",
    "Hostname": "Hostname",
    "IMDb": "IMDb",
    "DotNetVersion": ".NET",
    "Connection": "Koneksi",
    "ImportCustomFormat": "Tambahkan Format Khusus",
    "ConnectionLost": "Koneksi Terputus",
    "CopyToClipboard": "Salin ke Papan Klip",
    "Date": "Tanggal",
    "Close": "Tutup",
    "Crew": "Kru",
    "CurrentlyInstalled": "Saat Ini Terpasang",
    "Delete": "Hapus",
    "Dates": "Tanggal",
    "Deleted": "Hapus",
    "Name": "Nama",
    "Path": "Path",
    "Quality": "Kualitas",
    "Queued": "Antrean",
    "UiLanguageHelpText": "Bahasa yang digunakan UI {appName}",
    "Language": "Bahasa",
    "OriginalLanguage": "Bahasa Asli",
    "Enabled": "Aktif",
    "MediaManagement": "Pengelolaan Media",
    "ImportLibrary": "Impor Pustaka",
    "ProxyCheckBadRequestMessage": "Gagal menguji proxy. Kode Status: {statusCode}",
    "ProxyCheckFailedToTestMessage": "Gagal menguji proxy: {url}",
    "Queue": "Antrean",
    "LogFiles": "File Log",
    "Metadata": "Metadata",
    "Monitored": "Dimonitor",
    "NoChange": "Tidak Ada Perubahan",
    "NoChanges": "Tidak Ada Perubahan",
    "QualityProfile": "Profil Kualitas",
    "QualityProfiles": "Profil Kualitas",
    "Languages": "Bahasa",
    "Priority": "Prioritas",
    "Enable": "Aktif",
    "EnableInteractiveSearch": "Aktifkan Penelusuran Interaktif",
    "EnableRss": "Aktifkan RSS",
    "Ended": "Berakhir",
    "EnableAutomaticSearch": "Aktifkan Penelusuran Otomatis",
    "Profiles": "Profil",
    "Disabled": "Nonaktif",
    "BlocklistReleaseHelpText": "Mencegah {appName} memperoleh rilis ini secara otomatis",
    "ConnectionLostReconnect": "{appName} akan mencoba untuk menghubungkan secara otomatis, atau silakan klik muat ulang di bawah.",
    "Sunday": "Minggu",
    "ConnectSettings": "Pengaturan Koneksi",
    "FormatAgeDays": "hari",
    "FormatAgeDay": "hari",
    "FormatDateTimeRelative": "{relativeDay}, {formattedDate} {formattedTime}",
    "FormatRuntimeMinutes": "{minutes}mnt",
    "Week": "Minggu",
    "Monday": "Senin",
    "Refresh": "Muat Ulang",
    "ApplyChanges": "Terapkan Perubahan",
    "AuthenticationRequiredPasswordConfirmationHelpTextWarning": "Konfirmasi sandi baru",
    "ConnectSettingsSummary": "Notifikasi, koneksi ke server/pemutar media, dan script khusus",
    "CouldNotFindResults": "Tidak ditemukan hasil untuk '{term}'",
    "Edit": "Edit",
    "Files": "File",
    "FormatAgeMinutes": "menit",
    "FormatTimeSpanDays": "{days}h {time}",
    "FormatShortTimeSpanMinutes": "{minutes} menit",
    "History": "Riwayat",
    "Unmonitored": "Tidak Dimonitor",
    "Yesterday": "Kemarin",
    "Connect": "Koneksi",
    "AllTitles": "Semua Judul",
    "Day": "Hari",
    "Month": "Bulan",
    "AllFiles": "Semua File",
    "AddNew": "Tambah",
    "Agenda": "Agenda",
    "Search": "Cari",
    "AuthenticationRequired": "Autentikasi Diperlukan",
    "ClickToChangeReleaseGroup": "Klik untuk mengubah rilis grup",
    "AuthenticationRequiredWarning": "Untuk mencegah akses jarak jauh tanpa autentikasi, {appName} kini mewajibkan pengaktifkan autentikasi. Kamu dapat menonaktifkan autentikasi dari jaringan lokal.",
    "AudioLanguages": "Bahasa Audio",
    "Today": "Hari Ini",
    "TotalFileSize": "Jumlah Ukuran File",
    "AuthenticationMethod": "Metode Autentikasi",
    "AuthenticationMethodHelpTextWarning": "Silakan pilih metode autentikasi yang sah",
    "AuthenticationRequiredPasswordHelpTextWarning": "Masukkan sandi baru",
    "AuthenticationRequiredUsernameHelpTextWarning": "Masukkan nama pengguna baru",
    "AutoRedownloadFailed": "Pengunduhan Ulang Gagal",
    "ConnectionLostToBackend": "Koneksi {appName} telah terputus dari backend dan perlu dimuat ulang untuk dipulihkan.",
    "Links": "Tautan",
    "ChooseAnotherFolder": "Pilih folder lain",
    "Minutes": "menit",
    "CalendarLoadError": "Tidak dapat memuat kalender",
    "Category": "Kategori",
    "AnalyseVideoFilesHelpText": "Peroleh informasi terkait video mengenai resolusi, durasi dan codec dari file. Hal ini memerlukan {appName} untuk membaca file, yang mungkin menyebabkan penggunaan disk dan jaringan tinggi ketika pemindaian.",
    "DelayMinutes": "{delay} Menit",
    "No": "Tidak",
    "FormatAgeMinute": "menit",
    "DownloadFailed": "Pengunduhan Ulang Gagal",
    "Months": "Bulan",
    "File": "File",
    "Weeks": "Minggu",
    "ToggleMonitoredToUnmonitored": "Dimonitor, klik untuk berhenti monitor",
    "ToggleUnmonitoredToMonitored": "Tidak dimonitor, klik untuk monitor",
    "Clone": "Tutup",
    "EnableSsl": "Aktifkan RSS",
    "AddCustomFormatError": "Tidak dapat menambahkan format khusus baru, coba lagi.",
    "AddDelayProfile": "Tambah Delay Profile",
    "AutoTaggingSpecificationOriginalLanguage": "Bahasa",
    "AutoTaggingSpecificationQualityProfile": "Profil Kualitas",
    "CustomFormatsSpecificationLanguage": "Bahasa"
}
