{
    "AddNew": "Lägg till ny",
    "AddMovies": "Lägg till film(er)",
    "AddExclusion": "Lägg till undantag",
    "Activity": "Aktivitet",
    "About": "Om",
    "ImportListExclusions": "Listuteslutningar",
    "Languages": "Språk",
    "Language": "Språk",
    "IndexerStatusCheckSingleClientMessage": "Indexerare otillgängliga på grund av fel: {indexerNames}",
    "IndexerStatusCheckAllClientMessage": "Samtliga indexerare otillgängliga på grund av fel",
    "IndexerSearchCheckNoInteractiveMessage": "Inga indexerare tillgängliga med Interaktiv Sök aktiverat, {appName} kommer ej tillhandahålla interaktiva sökresultat",
    "IndexerSearchCheckNoAvailableIndexersMessage": "På grund av nyligen inträffade indexerarfel är alla sök-kapabla indexerare tillfälligt otillgängliga",
    "IndexerRssHealthCheckNoAvailableIndexers": "På grund av nyligen inträffade indexerarfel är alla RSS-kapabla indexerare tillfälligt otillgängliga",
    "IndexerSearchCheckNoAutomaticMessage": "Inga indexerare tillgängliga med Automatisk Sök aktiverat, {appName} kommer inte tillhandahålla automatiska sökresultat",
    "Indexers": "Indexerare",
    "IndexerRssHealthCheckNoIndexers": "Inga indexerare med RSS-synk aktiverade, {appName} kommer ej hämta nya utgåvor automatiskt",
    "ImportTipsMessage": "Några tips för att försäkra oss om att importen går smärtfritt:",
    "ImportMechanismHealthCheckMessage": "Aktivera Avklarad nedladdningshantering",
    "ImportHeader": "Importera ett befintligt organiserat bibliotek för att lägga till filmer till {appName}",
    "Import": "Import",
    "ICalLink": "iCal-länk",
    "Host": "Värd",
    "History": "Historia",
    "HideAdvanced": "Dölj avancerat",
    "Health": "Hälsa",
    "GrabSelected": "Hämta markerade",
    "General": "Generell",
    "FreeSpace": "Ledigt utrymme",
    "Formats": "Format",
    "Forecast": "Prognos",
    "Folder": "Mapp",
    "Filter": "Filter",
    "Files": "Filer",
    "FileManagement": "Filhantering",
    "FailedDownloadHandling": "Misslyckad nedladdningshantering",
    "Events": "Händelser",
    "Edit": "Ändra",
    "Downloaded": "Nerladdad",
    "DownloadClientStatusCheckSingleClientMessage": "Otillgängliga nedladdningsklienter på grund av misslyckade anslutningsförsök: {downloadClientNames}",
    "DownloadClientStatusCheckAllClientMessage": "Samtliga nedladdningsklienter är otillgängliga på grund av misslyckade anslutningsförsök",
    "DownloadClients": "Nerladdningsklienter",
    "DownloadClientCheckUnableToCommunicateMessage": "Kommunikation med {downloadClientName} ej möjlig.",
    "DownloadClientCheckNoneAvailableMessage": "Ingen nedladdningsklient tillgänglig",
    "DiskSpace": "Diskutrymme",
    "Discover": "Upptäck",
    "Delete": "Radera",
    "DelayProfiles": "Fördröjande profiler",
    "Day": "Dag",
    "Dates": "Datum",
    "Date": "Datum",
    "CustomFormats": "Anpassade format",
    "CustomFilters": "Anpassade Filter",
    "Crew": "Filmteam",
    "Connections": "Anslutningar",
    "Connect": "Anslut",
    "CompletedDownloadHandling": "Avklarad nedladdningshantering",
    "Clear": "Rensa",
    "ChooseAnotherFolder": "Välj annan Mapp",
    "Cast": "Rollista",
    "Calendar": "Kalender",
    "BackupNow": "Säkerhets- kopiera",
    "Backup": "Säkerhetskopiering",
    "AppDataLocationHealthCheckMessage": "Uppdatering ej möjlig för att AppData inte skall raderas",
    "Analytics": "Analys",
    "All": "Samtliga",
    "Agenda": "Agenda",
    "AddNewTmdbIdMessage": "Du kan även söka genom filmens TMDb-Id, t.ex. 'tmdb:71663'",
    "AddNewMessage": "För att lägga till en ny film, börja skriva namnet på filmen du vill lägga till",
    "MoreInfo": "Mer info",
    "Month": "Månad",
    "Monitor": "Bevakning",
    "Missing": "Saknas",
    "MinimumAvailability": "Minsta tillgänglighet",
    "MinAvailability": "Minsta tillgänglighet",
    "Metadata": "Metadata",
    "MediaManagement": "Mediahantering",
    "ManualImport": "Manuell import",
    "Logging": "Loggning",
    "LogFiles": "Loggfiler",
    "ImportLists": "Listor",
    "Year": "År",
    "Week": "Vecka",
    "Wanted": "Önskade",
    "View": "Vy",
    "UpdateSelected": "Uppdatera markerade",
    "Updates": "Uppdateringar",
    "UpdateCheckUINotWritableMessage": "Ej möjligt att installera uppdatering då användargränssnittsmappen '{startupFolder}' inte är skrivbar för användaren '{userName}'.",
    "UpdateCheckStartupTranslocationMessage": "Ej möjligt att installera uppdatering då uppstartsmappen '{startupFolder}' är i en \"App translocation\"-mapp.",
    "UpdateCheckStartupNotWritableMessage": "Ej möjligt att installera uppdatering då uppstartsmappen '{startupFolder}' inte är skrivbar för användaren '{userName}'.",
    "UpdateAll": "Uppdatera samtliga",
    "UnselectAll": "Avmarkera samtliga",
    "Unmonitored": "Obevakade",
    "UnmappedFolders": "Omappade kataloger",
    "UiSettingsSummary": "Alternativ för kalender, datum och färgblindhet",
    "Ui": "Användargränssnitt",
    "Titles": "Titlar",
    "Timeleft": "Tid kvar",
    "Tasks": "Uppgifter",
    "TagsSettingsSummary": "Se samtliga taggar och hur de används. Oanvända taggar kan tas bort",
    "Tags": "Taggar",
    "System": "System",
    "Style": "Stil",
    "Studio": "Studio",
    "Status": "Status",
    "SourceTitle": "Källtitel",
    "Sort": "Sortera",
    "SizeOnDisk": "Storlek på disk",
    "Size": "Storlek",
    "ShowAdvanced": "Visa avancerat",
    "Settings": "Inställningar",
    "SetTags": "Ange taggar",
    "SelectAll": "Välj samtliga",
    "Security": "Säkerhet",
    "SearchSelected": "Sök markerade",
    "SearchForMissing": "Sök efter saknade",
    "SearchFiltered": "Sök filtrerade",
    "SearchAll": "Sök samtliga",
    "Search": "Sök",
    "Scheduled": "Schemalagt",
    "SaveChanges": "Spara ändringar",
    "Runtime": "Körtid",
    "RssSync": "RSS-synk",
    "RootFolders": "Rotmappar",
    "RootFolderCheckSingleMessage": "Rotmapp saknas: {rootFolderPath}",
    "RootFolderCheckMultipleMessage": "Flera rotmappar saknas: {rootFolderPaths}",
    "RootFolder": "Rotmapp",
    "Restrictions": "Restriktioner",
    "RemoveSelected": "Radera markerade",
    "RestoreBackup": "Återställ säkerhetskopia",
    "RenameFiles": "Byt namn på filer",
    "Renamed": "Omdöpt",
    "RemovedMovieCheckSingleMessage": "Filmen {movie} är borttagen från TMDb",
    "RemovedMovieCheckMultipleMessage": "Filmerna {movies} är borttagna från TMDb",
    "ReleaseBranchCheckOfficialBranchMessage": "Gren {0} är inte en giltig gren av {appName}, du kommer ej erhålla uppdateringar",
    "RefreshAndScan": "Uppdatera & Skanna",
    "Refresh": "Uppdatera",
    "Ratings": "Betyg",
    "Queue": "Kö",
    "Quality": "Kvalitet",
    "QualitySettingsSummary": "Namn och storleksdefinitioner på kvaliteterna",
    "QualityProfiles": "Kvalitetsprofiler",
    "QualityProfile": "Kvalitetsprofil",
    "QualityDefinitions": "Kvalitetsdefinitioner",
    "PtpOldSettingsCheckMessage": "Följande PassThePopcorn-indexerare har inaktuella inställningar och bör uppdateras: {0}",
    "ProxyCheckResolveIpMessage": "Misslyckades att slå upp IP-adressen till konfigurerad proxyvärd {proxyHostName}",
    "ProxyCheckFailedToTestMessage": "Test av proxy misslyckades: {url}",
    "ProxyCheckBadRequestMessage": "Test av proxy misslyckades. Statuskod: {statusCode}",
    "Proxy": "Proxy",
    "Protocol": "Protokoll",
    "Progress": "Progress",
    "ProfilesSettingsSummary": "Profiler för kvalitet, språk och fördröjning",
    "Profiles": "Profiler",
    "PreviewRename": "Förhandsvisa namnbyte",
    "PhysicalRelease": "Fysisk utgåva",
    "Path": "Sökväg",
    "OutputPath": "Output-sökväg",
    "MonitoredOnly": "Endast Bevakade",
    "MetadataSettingsMovieSummary": "Skapa metadatafiler när filmer importeras eller uppdateras",
    "MediaManagementSettingsSummary": "Namngivning- och filhanteringsinställningar",
    "MassMovieSearch": "Mass-sök filmer",
    "ImportListsSettingsSummary": "Importera listor, listuteslutningar",
    "LastWriteTime": "Senast skriven tid",
    "IndexersSettingsSummary": "Indexerare- och utgåvorsrestriktioner",
    "Indexer": "Indexerare",
    "InCinemas": "På bio",
    "Imported": "Importerad",
    "Ignored": "Ignorerad",
    "Grabbed": "Hämtad",
    "Genres": "Genrer",
    "GeneralSettingsSummary": "Port, SSL, användarnamn/lösenord, proxy, analys och uppdateringar",
    "Filename": "Filnamn",
    "Failed": "Misslyckad",
    "EventType": "Händelsetyp",
    "DownloadClientsSettingsSummary": "Nedladdningsklienter, nedladdningshantering och fjärrsökvägar",
    "RemotePathMappings": "Fjärrsökvägar",
    "DownloadClient": "Nedladdningsklient",
    "DigitalRelease": "Digital utgåva",
    "ReleaseGroup": "Releasegrupp",
    "ReleaseStatus": "Utgåvostatus",
    "ReleaseTitle": "Releasetitel",
    "Details": "Detaljer",
    "Deleted": "Raderad",
    "CutoffUnmet": "Avgränsande ej tillgodosedd",
    "CustomFormatsSettingsSummary": "Anpassade format och Inställningar",
    "ConnectSettingsSummary": "Aviseringar, anslutningar till media-servrar/klienter, och anpassade script",
    "Collection": "Samling",
    "Certification": "Certifikation",
    "Added": "Tillagd",
    "Actions": "Åtgärder",
    "Options": "Alternativ",
    "NoChanges": "Inga ändringar",
    "NoChange": "Ingen förändring",
    "ImportListStatusCheckSingleClientMessage": "Listor otillgängliga på grund av fel: {importListNames}",
    "ImportListStatusCheckAllClientMessage": "Samtliga listor otillgängliga på grund av fel",
    "MovieTitle": "Filmtitel",
    "Movies": "Filmer",
    "MovieNaming": "Namngivning av film",
    "MovieIndex": "Filmindex",
    "MovieEditor": "Filmredigerare",
    "Movie": "Film",
    "MountMovieHealthCheckMessage": "Montering (eng. Mount) innehållande filmsökväg är monterad med endast Läs-behörighet: ",
    "Warn": "Varna",
    "VideoCodec": "Video codec",
    "Unavailable": "Otillgänglig",
    "Type": "Typ",
    "TotalSpace": "Totalt utrymme",
    "Title": "Titel",
    "Time": "Tid",
    "TestAll": "Testa samtliga",
    "Test": "Test",
    "TableOptionsColumnsMessage": "Välj vilka kolumner som är synliga och i vilken ordning de dyker upp",
    "TableOptions": "Tabellalternativ",
    "Source": "Källa",
    "Shutdown": "Stäng av",
    "Seeders": "Seeders",
    "Save": "Spara",
    "Restart": "Starta om",
    "RemoveRootFolder": "Ta bort rotmapp",
    "Reload": "Ladda om",
    "RelativePath": "Relativ sökväg",
    "RejectionCount": "Antal avslag",
    "Peers": "Peers",
    "OAuthPopupMessage": "Popups blockeras av din webbläsare",
    "Organize": "Organisera",
    "Ok": "Ok",
    "Name": "Namn",
    "MoveFiles": "Flytta filer",
    "Monitored": "Bevakad",
    "Message": "Meddelande",
    "Location": "Lagringsplats",
    "Level": "Nivå",
    "KeyboardShortcuts": "Tangentbordsgenvägar",
    "Info": "Info",
    "ImportExistingMovies": "Importera befintliga filmer",
    "NoIssuesWithYourConfiguration": "Inga problem hittades med din konfiguration",
    "HardlinkCopyFiles": "Hardlink/kopiera filer",
    "Extension": "Filändelse",
    "Error": "Fel",
    "CustomFormatScore": "Poäng för Anpassade format",
    "ConnectionLost": "Anslutning saknas",
    "Component": "Komponent",
    "Columns": "Kolumner",
    "Close": "Avsluta",
    "Cancel": "Avbryt",
    "AudioInfo": "Ljudinformation",
    "Apply": "TIllämpa",
    "AlternativeTitle": "Alternativ titel",
    "AllMoviesHiddenDueToFilter": "Samtliga filmer är dolda på grund av tillämpade filter.",
    "Age": "Ålder",
    "AddNewMovie": "Lägg till ny film",
    "SystemTimeHealthCheckMessage": "Systemklockan går fel med mer än en dag. Schemalagda uppgifter kan få problem att köras innan tiden är korrigerad",
    "NoHistory": "Ingen historik",
    "MovieYear": "Filmår",
    "NoBackupsAreAvailable": "Inga säkerhetskopior tillgängliga",
    "New": "Ny",
    "ResetAPIKey": "Återställa API-nyckel",
    "Reset": "Återställa",
    "Remove": "Ta bort",
    "Priority": "Prioritet",
    "Permissions": "Behörigheter",
    "Posters": "Affischer",
    "ImportMovies": "Importera filmer",
    "SearchIsNotSupportedWithThisIndexer": "Sökning stöds ej av denna indexerare",
    "GrabRelease": "Hämta utgåva",
    "Grab": "Hämta",
    "AgeWhenGrabbed": "Ålder (när den hämtades)",
    "Hostname": "Värdnamn",
    "FileBrowserPlaceholderText": "Börja skriva eller välj en sökväg nedan",
    "StartSearchForMissingMovie": "Börja söka efter saknad film",
    "StartProcessing": "Börja bearbeta",
    "StartImport": "Börja importera",
    "RestartRadarr": "Starta om {appName}",
    "RestartNow": "Starta om nu",
    "Table": "Tabell",
    "TestAllLists": "Testa samtliga listor",
    "TestAllIndexers": "Testa samtliga indexerare",
    "TestAllClients": "Testa samtliga klienter",
    "Tomorrow": "Igår",
    "Today": "Idag",
    "ShowMonitored": "Visa bevakade",
    "MovieIsUnmonitored": "Filmen är obevakad",
    "MovieIsMonitored": "FIlmen är bevakad",
    "MonitoredHelpText": "Ladda ned film om tillgänglig",
    "MissingNotMonitored": "Saknas (obevakad)",
    "MissingMonitoredAndConsideredAvailable": "Saknas (bevakad)",
    "DownloadedButNotMonitored": "Nedladdad (obevakad)",
    "DownloadedAndMonitored": "Nedladdad (bevakad)",
    "MinutesSixty": "60 minuter: {0}",
    "MinutesNinety": "90 minuter: {0}",
    "MinutesHundredTwenty": "120 minuter: {0}",
    "MonitorMovie": "Bevaka film",
    "MoreDetails": "Mer information",
    "CloneCustomFormat": "Klona anpassade format",
    "EnableAutomaticSearch": "Aktivera automatisk sökning",
    "Enable": "Aktivera",
    "EditRemotePathMapping": "Redigera fjärrsökväg",
    "EditPerson": "Redigera person",
    "EditMovieFile": "Redigera filmfil",
    "EditMovie": "Redigera film",
    "Edition": "Utgåva",
    "Downloading": "Laddar ner",
    "DownloadFailed": "Misslyckad nedladdning",
    "DownloadClientSettings": "Inställningar för Nedladdningsklient",
    "Docker": "Docker",
    "Disabled": "Inaktiverad",
    "DeleteTagMessageText": "Är du säker på att du vill radera taggen '{0}'?",
    "DeleteTag": "Radera tagg",
    "DeleteQualityProfile": "Radera kvalitets profil",
    "DeleteNotificationMessageText": "Är du säker på att du vill radera aviseringen '{0}'?",
    "DeleteNotification": "Radera avisering",
    "DeleteIndexer": "Radera indexerare",
    "DeleteFile": "Radera fil",
    "DeleteEmptyFolders": "Radera tomma mappar",
    "DeleteBackupMessageText": "Är du säker på att du vill radera säkerhetskopian '{0}'?",
    "DeleteBackup": "Radera säkerhetskopia",
    "DelayProfile": "Fördröjande profil",
    "CustomFormatsSettings": "Inställningar för Anpassade format",
    "CreateGroup": "Skapa grupp",
    "CreateEmptyMovieFolders": "Skapa tomma filmmappar",
    "CopyToClipboard": "Kopiera till urklipp",
    "ConnectSettings": "Anslutnings inställningar",
    "Conditions": "Villkor",
    "CloneProfile": "Klona profil",
    "CloneIndexer": "Klona indexerare",
    "ClientPriority": "Klient prioritet",
    "ClickToChangeQuality": "Klicka för att ändra kvalitet",
    "ClickToChangeMovie": "Klicka för att ändra film",
    "ClickToChangeLanguage": "Klicka för att ändra språk",
    "ChangeHasNotBeenSavedYet": "Ändringen har inte sparats än",
    "ChangeFileDate": "Ändra fildatum",
    "CertificateValidationHelpText": "Ändra hur strikt valideringen av HTTPS certifikat är",
    "CertificateValidation": "Validering av certifikat",
    "CantFindMovie": "Varför hittar jag inte min film?",
    "CancelProcessing": "Avbryt bearbetning",
    "BranchUpdateMechanism": "Gren som används av extern uppdateringsmekanism",
    "BranchUpdate": "Gren att använda för att uppdatera {appName}",
    "Branch": "Gren",
    "BeforeUpdate": "Innan uppdatering",
    "BackupIntervalHelpText": "Intervall mellan automatiska säkerhetskopior",
    "AvailabilityDelay": "Tillgänglighets fördröjning",
    "AutomaticSearch": "Automatisk sökning",
    "Automatic": "Automatiskt",
    "Authentication": "Autentisera",
    "ApplyTags": "Tillämpa taggar",
    "AllowHardcodedSubs": "Tillåt hårdkodade undertexter",
    "ApiKey": "API-nyckel",
    "AnalyseVideoFiles": "Analysera videofiler",
    "AlreadyInYourLibrary": "Finns redan i ditt bibliotek",
    "AddMovie": "Lägg till film",
    "AddingTag": "Lägg till tagg",
    "AddIndexer": "Lägg till index",
    "Yesterday": "Igår",
    "VisitTheWikiForMoreDetails": "Besök wikin för mer information: ",
    "Username": "Användarnamn",
    "WaitingToImport": "Väntar på att importera",
    "WaitingToProcess": "Väntar på att bearbeta",
    "Uptime": "Drifttid",
    "Version": "Version",
    "SendAnonymousUsageData": "Skickar anonym användningsinformation",
    "SelectFolder": "Välj mapp",
    "SearchMovie": "Sök film",
    "SearchForMovie": "Sök efter film",
    "RenameMoviesHelpText": "{appName} kommer att använda det befintliga filnamnet om namnbyte är avaktiverat",
    "ExistingMovies": "Befintliga film(er)",
    "ExistingTag": "Befintlig tagg",
    "Existing": "Befintlig",
    "IgnoreDeletedMovies": "Obevaka raderade filmer",
    "HaveNotAddedMovies": "Du har inte lagt till några filmer än, vill du importera några enstaka eller alla dina filmer först?",
    "HiddenClickToShow": "Dold, klicka för att visa",
    "Group": "Grupp",
    "Folders": "Mappar",
    "GoToInterp": "Gå till {0}",
    "Global": "Global",
    "FilterPlaceHolder": "Sök filmer",
    "ExtraFileExtensionsHelpTextsExamples": "Exempel: '.sub, .nfo' eller 'sub,nfo'",
    "ExportCustomFormat": "Exportera anpassade format",
    "ExcludeMovie": "Exkludera film",
    "Excluded": "Exkludera",
    "Exception": "Undantag",
    "EnableSsl": "Aktivera SSL",
    "EnableRss": "Aktivera RSS",
    "DeleteDelayProfile": "Radera fördröjande profil",
    "DeleteDownloadClient": "Radera nedladdningsklient",
    "AddRemotePathMapping": "Lägg till fjärrsökväg",
    "ShowTitle": "Visa titel",
    "SourceRelativePath": "Relativ källsökväg",
    "SourcePath": "Källsökväg",
    "ShowYear": "Visa år",
    "LocalPath": "Lokal sökväg",
    "SetPermissions": "Ange behörigheter",
    "ScriptPath": "Skriptsökväg",
    "SearchOnAdd": "Sök vid lägg till",
    "SaveSettings": "Spara inställningar",
    "Restore": "Återställ",
    "PreferredSize": "Önskad storlek",
    "PortNumber": "Portnummer",
    "Port": "Port",
    "Password": "Lösenord",
    "Overview": "Översikt",
    "MinimumAge": "Lägsta ålder",
    "MetadataSettings": "Metadatainställningar",
    "NoUpdatesAreAvailable": "Inga uppdateringar är tillgängliga",
    "NotMonitored": "Inte bevakade",
    "NotAvailable": "Inte tillgänglig",
    "Original": "Orginal",
    "IncludeUnmonitored": "Inkludera obevakade",
    "TimeFormat": "Tidsformat",
    "SuggestTranslationChange": "Föreslå översättningsändring",
    "StartupDirectory": "Startkatalog",
    "SslCertPathHelpText": "Sökväg till pfx-fil",
    "ShownClickToHide": "Visad, klicka för att dölja",
    "ShowPath": "Visa sökväg",
    "ShowGenres": "Visa genrer",
    "RemotePath": "Fjärrsökväg",
    "Result": "Resultat",
    "ReplaceIllegalCharacters": "Ersätt otillåtna tecken",
    "RemoveFromDownloadClient": "Tar bort från nedladdningsklienten",
    "RemoveFromQueue": "Ta bort från kön",
    "RecyclingBin": "Papperskorg",
    "Reason": "Anledning",
    "Real": "Verklig",
    "RefreshMovie": "Uppdatera filmen",
    "Importing": "Importerar",
    "ImportErrors": "Import fel",
    "ImportedTo": "Importerad till",
    "IgnoredAddresses": "Ignorerade adresser",
    "ICalFeed": "iCal-flöde",
    "Wiki": "Wiki",
    "YesMoveFiles": "Ja, flytta filerna",
    "YesCancel": "Ja, avbryt",
    "RenameMovies": "Byt namn på filmer",
    "RemoveMovieAndKeepFiles": "Ta bort film och behåll filerna",
    "RemoveMovieAndDeleteFiles": "Ta bort film och radera filerna",
    "RemoveFilter": "Ta bort filter",
    "RefreshLists": "Uppdatera listor",
    "RefreshInformationAndScanDisk": "Uppdatera information och skanna disken",
    "RecentFolders": "Senaste mappar",
    "RecentChanges": "Senaste ändringar",
    "RadarrTags": "{appName} taggar",
    "QuickImport": "Snabbimport",
    "QualitySettings": "Kvalitetsalternativ",
    "QueueIsEmpty": "Kön är tom",
    "Queued": "Köad",
    "Qualities": "Kvaliteter",
    "PrioritySettings": "Prioritet: {0}",
    "PosterSize": "Affisch storlek",
    "OrganizeSelectedMovies": "Organisera markerade filmer",
    "OpenBrowserOnStart": "Öppna webbläsare vid start",
    "OnlyUsenet": "Endast Usenet",
    "OnlyTorrent": "Endast Torrent",
    "OnGrab": "Vid hämtning",
    "NoAlternativeTitles": "Inga alternativa titlar.",
    "MustContain": "Måste innehålla",
    "NoLinks": "Inga länkar",
    "NoLogFiles": "Inga loggfiler",
    "None": "Ingen",
    "MoviesSelectedInterp": "{0} Film(er) markerade",
    "DeleteSelectedMovieFiles": "Radera markerade filmfiler",
    "DeleteSelectedMovie": "Radera markerad(e) film(er)",
    "DetailedProgressBarHelpText": "Visa text i förloppsindikatorn",
    "DetailedProgressBar": "Detaljerad förloppsindikator",
    "Donations": "Donationer",
    "Discord": "Discord",
    "PosterOptions": "Affischalternativ",
    "OverviewOptions": "Översiktsalternativ",
    "CalendarOptions": "Kalenderalternativ",
    "BuiltIn": "Inbyggd",
    "AptUpdater": "Använd apt för att installera uppdateringen",
    "AllMoviesInPathHaveBeenImported": "Samtliga filmer i {0} har importerats",
    "AllFiles": "Samtliga filer",
    "AddQualityProfile": "Lägg till kvalitetsprofil",
    "AddDownloadClient": "Lägg till nedladdningsklient",
    "AddDelayProfile": "Lägg till fördröjningsprofil",
    "AddCustomFormat": "Lägg till anpassat format",
    "Add": "Lägg till",
    "CertValidationNoLocal": "Inaktiverad för lokala adresser",
    "BindAddress": "Bindningsadress",
    "Announced": "Utannonserad",
    "Always": "Alltid",
    "AddToDownloadQueue": "Lägg till i nedladdningskö",
    "AddRestriction": "Lägg till restriktion",
    "AddListExclusionMovieHelpText": "Förhindra film att läggas till i {appName} från listor",
    "AddedToDownloadQueue": "Tillagd i nedladdningskö",
    "Unreleased": "Inte tillgänglig",
    "LinkHere": "här",
    "Paused": "Pausad",
    "Manual": "Manuell",
    "Ungroup": "Avgruppera",
    "Torrents": "Torrenter",
    "Reorder": "Ändra ordning",
    "Mode": "Läge",
    "MIA": "MIA",
    "Mechanism": "Mekanism",
    "Logs": "Loggar",
    "Local": "Lokal",
    "Links": "Länkar",
    "Interval": "Intervall",
    "Ended": "Avslutad",
    "Backups": "Säkerhetskopior",
    "Usenet": "Usenet",
    "WhatsNew": "Vad är nytt?",
    "Weeks": "Veckor",
    "SelectQuality": "Välj kvalitet",
    "SelectMovie": "Välj film",
    "SelectLanguage": "Välj språk",
    "Seconds": "Sekunder",
    "SearchMissing": "Sök saknad",
    "Script": "Skript",
    "AddNewRestriction": "Lägg till ny restriktion",
    "Required": "Nödvändig",
    "ReplaceWithDash": "Ersätt med bindestreck",
    "Replace": "Ersätta",
    "ConsideredAvailable": "Anses vara tillgänglig",
    "Connection": "Anslutning",
    "CheckDownloadClientForDetails": "Kontrollera nedladdningsklienten för mer detaljer",
    "AddRootFolder": "Lägg till rotmapp",
    "FirstDayOfWeek": "Första dagen i veckan",
    "Days": "Dagar",
    "Sunday": "Söndag",
    "ShowSizeOnDisk": "Visa storlek på disk",
    "ShowQualityProfileHelpText": "Visa kvalitetsprofil under affisch",
    "ShowQualityProfile": "Visa kvalitetsprofil",
    "ShowRatings": "Visa betyg",
    "ShowStudio": "Visa filmstudio",
    "ShowTitleHelpText": "Visa filmtitel under affisch",
    "ShowSearch": "Visa sök",
    "ShowCertification": "Visa certifiering",
    "ShowMovieInformationHelpText": "Visa filmgenrer och certifiering",
    "ShowMovieInformation": "Visa filminformation",
    "MoveFolders1": "Skulle du vilja flytta filmmapparna till '{0}' ?",
    "MovieFiles": "Filmfiler",
    "MoveFolders2": "Skulle du vilja flytta filmfilerna från '{0}' till '{1}' ?",
    "EditQualityProfile": "Redigera kvalitetsprofil",
    "EditImportListExclusion": "Redigera listuteslutning",
    "EditGroups": "Redigera grupper",
    "DoneEditingGroups": "Redigering av grupper klar",
    "AddImportListExclusion": "Lägg till listuteslutning",
    "WhitelistedSubtitleTags": "Vitlistade undertext taggar",
    "YouCanAlsoSearch": "Du kan också söka med TMDb-id eller IMDb-id för en film t.ex. `tmdb:71663`",
    "WouldYouLikeToRestoreBackup": "Skulle du vilja återställa säkerhetskopian {0} ?",
    "UsenetDelay": "Usenet fördröjning",
    "UseProxy": "Använd proxy",
    "UsenetDisabled": "Usenet inaktiverat",
    "UsenetDelayTime": "Usenet fördröjning: {0}",
    "UpgradesAllowed": "Uppgraderingar tillåtna",
    "UnsavedChanges": "Osparade ändringar",
    "UnmappedFilesOnly": "Endast omappade filer",
    "Unlimited": "Obegränsad",
    "UpdateAutomaticallyHelpText": "Automatiskt ladda ned och installera uppdateringar. Du kommer fortfarande att kunna installera från System: Uppdateringar",
    "PendingChangesMessage": "Du har osparade ändringar, är du säker på att du vill lämna sidan?",
    "InteractiveImport": "Interaktiv import",
    "NoMoviesExist": "Inga filmer hittades, för att komma igång lägg till en ny film eller importera några befintliga.",
    "NoMinimumForAnyRuntime": "Inget minimum för någon körtid",
    "NoMoveFilesSelf": " Nej, jag flyttar filerna själv",
    "NoLimitForAnyRuntime": "Ingen gräns för någon körtid",
    "NoLeaveIt": "Nej, lämna det",
    "NoEventsFound": "Inga händelser hittades",
    "MultiLanguage": "Flerspråkig",
    "MustNotContain": "Får inte innehålla",
    "MovieIsDownloading": "Filmen laddas ner",
    "MovieInvalidFormat": "Film: Ogiltigt format",
    "MovieInfoLanguageHelpTextWarning": "Omladdning av webbläsaren krävs",
    "MovieInfoLanguageHelpText": "Språk som {appName} kommer använda för filminformation i UI",
    "MovieIndexScrollTop": "Filmindex: Skrolla upp",
    "MovieIndexScrollBottom": "Filmindex: Skrolla ner",
    "MovieID": "Film-id",
    "MovieDetailsPreviousMovie": "Filmdetaljer: Föregående film",
    "MovieDetailsNextMovie": "Filmdetaljer: Nästa film",
    "MovieChat": "Film chatt",
    "MovieAlreadyExcluded": "Filmen redan exkluderad",
    "Months": "Månader",
    "MonitoredStatus": "Bevakad/Status",
    "Minutes": "Minuter",
    "Monday": "Måndag",
    "AfterManualRefresh": "Efter manuell uppdatering",
    "AddIndexerError": "Inte möjligt att lägga till en ny indexerare, var god försök igen.",
    "AddDownloadClientError": "Inte möjligt att lägga till en ny nedladdningsklient, var god försök igen.",
    "AddCustomFormatError": "Inte möjligt att lägga till ett nytt anpassat format, var god försök igen.",
    "ICalIncludeUnmonitoredMoviesHelpText": "Inkludera obevakade filmer i iCal flödet",
    "ChmodFolder": "chmod-mapp",
    "ChmodFolderHelpText": "Octal, appliceras under import / byt namn på mediamappar och filer (utan exekverade bitar)",
    "Pending": "I väntan på",
    "LoadingMovieExtraFilesFailed": "Det gick inte att ladda extra filer",
    "TotalFileSize": "Total filstorlek",
    "ColonReplacementFormatHelpText": "Ändra hur {appName} hanterar kolonbyte",
    "CouldNotFindResults": "Det gick inte att hitta några resultat för '{0}'",
    "CustomFormatHelpText": "{appName} poängsätter varje utgåva med summan av poäng för matchande anpassade format. Om en ny utgåva skulle förbättra poängen, med samma eller bättre kvalitet, kommer {appName} hämta den.",
    "UpgradeUntilCustomFormatScoreMovieHelpText": "När denna anpassade formatpoäng har uppnåtts kommer {appName} inte längre att ladda ner filmer",
    "UpgradeUntilMovieHelpText": "När denna kvalitet har uppnåtts kommer {appName} inte längre att ladda ner filmer",
    "DestinationPath": "Destinationsväg",
    "DoNotUpgradeAutomatically": "Uppgradera inte automatiskt",
    "DownloadPropersAndRepacksHelpText": "Om du automatiskt ska uppgradera till Propers / Repacks",
    "EnableAutomaticAddMovieHelpText": "Om det är aktiverat läggs filmer automatiskt till {appName} från den här listan",
    "AnalyseVideoFilesHelpText": "Extrahera videoinformation som upplösning, runtime och codec-information från filer. Detta kräver att {appName} läser delar av filen som kan orsaka hög disk- eller nätverksaktivitet under skanningar.",
    "SupportedListsMoreInfo": "För mer information om de enskilda importlistorna, klicka på informationsknapparna.",
    "GrabReleaseMessageText": "{appName} kunde inte avgöra vilken film denna utgåva tillhör. {appName} kanske inte kan importera den här utgåvan automatiskt. Vill du ta hämta \"{0}\"?",
    "IncludeRadarrRecommendations": "Inkludera {appName}-rekommendationer",
    "InteractiveSearch": "Interaktiv sökning",
    "LookingForReleaseProfiles1": "Letar du efter utgåvorsprofiler? Prova",
    "ManualImportSelectQuality": " Manuell import - Välj kvalitet",
    "MarkAsFailedMessageText": "Är du säker på att du vill markera \"{0}\" som misslyckad?",
    "MinimumAgeHelpText": "Endast Usenet: Lägsta ålder i minuter av NZB innan de tas. Använd detta för att ge nya utgåvor tid att sprida sig till din usenet-leverantör.",
    "RecyclingBinCleanupHelpText": "Ställ in på 0 för att inaktivera automatisk rensning",
    "RemoveHelpTextWarning": "Om du tar bort tas nedladdningen och filen (filerna) bort från nedladdningsklienten.",
    "ReplaceIllegalCharactersHelpText": "Byt ut olagliga tecken. Om det inte är markerat tar {appName} bort dem istället",
    "RssIsNotSupportedWithThisIndexer": "RSS stöds inte av denna indexerare",
    "SetPermissionsLinuxHelpText": "Ska chmod köras när filer importeras / byts namn?",
    "SetPermissionsLinuxHelpTextWarning": "Om du är osäker på vad dessa inställningar gör, ska du inte ändra dem.",
    "RemotePathMappingHostHelpText": "Samma värd som du angav för fjärrhämtningsklienten",
    "ShowRelativeDatesHelpText": "Visa relativa (Idag / Igår / etc) eller absoluta datum",
    "SomeResultsHiddenFilter": "Vissa resultat döljs av det applicerade filtret",
    "Trakt": "Trakt",
    "BrowserReloadRequired": "Omladdning av webbläsaren krävs",
    "AddNotificationError": "Det gick inte att lägga till ett nytt meddelande, försök igen.",
    "GeneralSettingsLoadError": "Det går inte att läsa in allmänna inställningar",
    "TagsLoadError": "Det gick inte att ladda taggar",
    "UpdateMechanismHelpText": "Använd {appName}s inbyggda uppdaterare eller ett skript",
    "UpdateScriptPathHelpText": "Sökväg till ett anpassat skript som tar ett extraherat uppdateringspaket och hanterar resten av uppdateringsprocessen",
    "MaintenanceRelease": "Underhållsversion: buggfixar och andra förbättringar. Se Github Commit History för mer information",
    "AutoRedownloadFailedHelpText": "Sök automatiskt efter och försök ladda ner en annan utgåva",
    "AutoUnmonitorPreviouslyDownloadedMoviesHelpText": "Filmer som tas bort från disken övervakas automatiskt i {appName}",
    "Released": "Släppte",
    "AuthenticationMethodHelpText": "Kräva användarnamn och lösenord för att komma åt {appName}",
    "AvailabilityDelayHelpText": "Mängden tid före eller efter tillgängligt datum för att söka efter film",
    "ListSyncLevelHelpTextWarning": "Filmfiler raderas permanent, detta kan leda till att du torkar ditt bibliotek om dina listor är tomma",
    "ImportIncludeQuality": "Se till att dina filer inkluderar kvaliteten i filnamnen. t.ex. {0}",
    "AcceptConfirmationModal": "Acceptera bekräftelsemodal",
    "AnalyticsEnabledHelpText": "Skicka anonym användning och felinformation till {appName}s servrar. Detta inkluderar information i din webbläsare, vilka {appName} WebUI-sidor du använder, felrapportering samt operativsystem och runtime-version. Vi kommer att använda denna information för att prioritera funktioner och buggfixar.",
    "AppDataDirectory": "AppData-katalog",
    "ICalShowAsAllDayEventsHelpText": "Händelser visas som heldagshändelser i din kalender",
    "AuthBasic": "Grundläggande (Browser Popup)",
    "AuthForm": "Blanketter (inloggningssida)",
    "BackupRetentionHelpText": "Automatiska säkerhetskopior som är äldre än lagringsperioden rensas automatiskt",
    "BindAddressHelpText": "Giltig IP4-adress eller '*' för alla gränssnitt",
    "CheckForFinishedDownloadsInterval": "Kontrollera om färdigt nedladdningsintervall är",
    "ChmodFolderHelpTextWarning": "Detta fungerar bara om användaren som kör {appName} är ägaren till filen. Det är bättre att se till att nedladdningsklienten ställer in behörigheterna korrekt.",
    "CleanLibraryLevel": "Ren biblioteksnivå",
    "CopyUsingHardlinksMovieHelpText": "Använd hårdlänkar när du försöker kopiera filer från torrenter som fortfarande sås ut",
    "CustomFormatUnknownCondition": "Okänt anpassat formatvillkor '{0}'",
    "CurrentlyInstalled": "För närvarande installerad",
    "Custom": "Beställnings",
    "DeletedMovieDescription": "Filmen raderades från TMDb",
    "DeleteMovieFolder": "Ta bort filmmapp",
    "IMDb": "IMDb",
    "AlternativeTitlesLoadError": "Det gick inte att ladda alternativa titlar.",
    "CertificationCountryHelpText": "Välj land för filmcertifiering",
    "ImportFailed": "Import misslyckades: {0}",
    "CouldNotConnectSignalR": "Kunde inte ansluta till SignalR, UI uppdateras inte",
    "ImportLibrary": "Biblioteksimport",
    "CreateEmptyMovieFoldersHelpText": "Skapa saknade filmmappar under skivsökning",
    "DeleteCustomFormat": "Ta bort anpassat format",
    "DockerUpdater": "uppdatera dockerbehållaren för att ta emot uppdateringen",
    "Enabled": "Aktiverad",
    "ExcludeTitle": "Utesluta {0}? Detta kommer att förhindra att {appName} automatiskt lägger till via listasynkronisering.",
    "FileNameTokens": "Filnamn tokens",
    "HomePage": "Hemsida",
    "HttpHttps": "HTTP (S)",
    "ICalFeedHelpText": "Kopiera denna URL till dina klienter eller klicka för att prenumerera om din webbläsare stöder webbkal",
    "IllRestartLater": "Jag startar om senare",
    "InvalidFormat": "Ogiltigt format",
    "LastExecution": "Senaste avrättningen",
    "ListTagsHelpText": "Objekt med tagglistor läggs till med",
    "Max": "Max",
    "Medium": "Medium",
    "MinimumFreeSpace": "Minsta lediga utrymmet",
    "MinimumLimits": "Minsta gränser",
    "MovieIsRecommend": "Film rekommenderas baserat på nyligen tillagda",
    "NegateHelpText": "Om det är markerat kommer det anpassade formatet inte att gälla om detta {0} villkor matchar.",
    "NextExecution": "Nästa utförande",
    "NoResultsFound": "Inga resultat funna",
    "AllResultsHiddenFilter": "Alla resultat döljs av det tillämpade filtret",
    "ChownGroupHelpText": "Gruppnamn eller gid. Använd gid för fjärrfilsystem.",
    "ChownGroupHelpTextWarning": "Detta fungerar bara om användaren som kör {appName} är ägaren till filen. Det är bättre att se till att nedladdningsklienten använder samma grupp som {appName}.",
    "CertificationCountry": "Certifieringsland",
    "Hours": "Timmar",
    "BypassProxyForLocalAddresses": "Bypass Proxy för lokala adresser",
    "CancelPendingTask": "Är du säker på att du vill avbryta den väntande uppgiften?",
    "MovieFilesTotaling": "Filmfiler totalt",
    "OnHealthIssue": "På hälsofrågan",
    "OnLatestVersion": "Den senaste versionen av {appName} är redan installerad",
    "OnRename": "På Byt namn",
    "OpenThisModal": "Öppna den här modalen",
    "PendingChangesDiscardChanges": "Kassera ändringar och lämna",
    "PendingChangesStayReview": "Bo och granska ändringar",
    "PreferTorrent": "Föredrar Torrent",
    "PreferUsenet": "Föredra Usenet",
    "Presets": "Förinställningar",
    "QualitiesHelpText": "Kvaliteter högre i listan är mer föredragna. Kvaliteter inom samma grupp är lika. Endast kontrollerade egenskaper önskas",
    "QualityProfileInUseMovieListCollection": "Det går inte att ta bort en kvalitetsprofil som är bifogad till en film",
    "CalendarFeed": "{appName} kalenderflöde",
    "RegularExpressionsCanBeTested": "Regelbundna uttryck kan testas ",
    "ReleasedMovieDescription": "Filmen släpptes",
    "TMDb": "TMDb",
    "ImportNotForDownloads": "Använd inte för att importera nedladdningar från din nedladdningsklient, detta är endast för befintliga organiserade bibliotek, inte osorterade filer.",
    "IncludeCustomFormatWhenRenaming": "Inkludera anpassat format när du byter namn",
    "IndexerFlags": "Indexerflaggor",
    "IndexerLongTermStatusCheckAllClientMessage": "Alla indexerare är inte tillgängliga på grund av fel i mer än 6 timmar",
    "IndexerLongTermStatusCheckSingleClientMessage": "Indexatorer är inte tillgängliga på grund av misslyckanden i mer än sex timmar: {indexerNames}",
    "LoadingMovieCreditsFailed": "Det gick inte att ladda filmkrediter",
    "LoadingMovieFilesFailed": "Det gick inte att ladda filmfiler",
    "MarkAsFailed": "Markera som misslyckad",
    "MaximumSizeHelpText": "Maximal storlek för att en utgåva ska fångas i MB. Ställ in på noll för att ställa in på obegränsad",
    "MediaInfo": "Media information",
    "MediaManagementSettings": "Inställningar för mediahantering",
    "MovieFolderFormat": "Filmmappformat",
    "DatabaseMigration": "DB Migration",
    "ImportExtraFiles": "Importera extra filer",
    "ImportExtraFilesMovieHelpText": "Importera matchande extrafiler (undertexter, nfo, etc) efter import av en filmfil",
    "MovieTitleToExcludeHelpText": "Filmens titel att utesluta (kan vara något meningsfullt)",
    "MinimumCustomFormatScoreHelpText": "Lägsta möjliga anpassade formatpoäng tillåtet att ladda ner",
    "MovieYearToExcludeHelpText": "Året för filmen att utesluta",
    "ProxyType": "Proxy-typ",
    "NamingSettings": "Namninställningar",
    "LastDuration": "lastDuration",
    "ReadTheWikiForMoreInformation": "Läs Wiki för mer information",
    "DotNetVersion": ".NET",
    "RecyclingBinCleanup": "Rengöring av papperskorgen",
    "ReleaseRejected": "Utgåva avvisad",
    "NoMatchFound": "Ingen matchning hittad!",
    "IncludeCustomFormatWhenRenamingHelpText": "Inkludera i {Custom Formats} namnändringsformat",
    "PackageVersion": "Paketversion",
    "Proper": "Rätt",
    "EditDelayProfile": "Redigera fördröjningsprofil",
    "ProtocolHelpText": "Välj vilka protokoll (er) som ska användas och vilket som är att föredra när du väljer mellan annars lika utgåvor",
    "ProxyBypassFilterHelpText": "Använd ',' som separator och '*.' som ett jokertecken för underdomäner",
    "AllowHardcodedSubsHelpText": "Upptäckta hårdkodade subs laddas ned automatiskt",
    "SupportedDownloadClients": "{appName} stöder alla nedladdningsklienter som använder Newznab-standarden samt andra nedladdningsklienter som anges nedan.",
    "SupportedListsMovie": "{appName} stöder alla RSS-filmlistor såväl som den som anges nedan.",
    "RecyclingBinCleanupHelpTextWarning": "Filer i papperskorgen som är äldre än det valda antalet dagar rensas automatiskt",
    "RecyclingBinHelpText": "Filmfiler kommer hit när de raderas istället för att tas bort permanent",
    "RequiredHelpText": "Detta {0} villkor måste matcha för att det anpassade formatet ska gälla. Annars räcker det med en enstaka {1} matchning.",
    "RestartRequiredHelpTextWarning": "Kräver omstart för att träda i kraft",
    "TagCannotBeDeletedWhileInUse": "Kan inte tas bort när den används",
    "UpgradesAllowedHelpText": "Om funktionshindrade kvaliteter inte kommer att uppgraderas",
    "BackupFolderHelpText": "Relativa sökvägar finns under {appName}s AppData-katalog",
    "UiSettingsLoadError": "Det går inte att ladda UI-inställningarna",
    "NotificationTriggers": "Meddelandeutlösare",
    "CloseCurrentModal": "Stäng nuvarande modal",
    "ColonReplacement": "Kolonbyte",
    "CopyUsingHardlinksHelpTextWarning": "Ibland kan fillås förhindra att namnge filer som sås ut. Du kan tillfälligt inaktivera sådd och använda {appName}s byta namn som en lösning.",
    "CustomFormat": "Anpassade format",
    "CustomFormatUnknownConditionOption": "Okänt alternativ \"{0}\" för villkor \"{1}\"",
    "Cutoff": "Avskärning",
    "Debug": "Felsöka",
    "DefaultCase": "Standardfall",
    "DefaultDelayProfileMovie": "Detta är standardprofilen. Det gäller alla filmer som inte har en uttrycklig profil.",
    "DeleteDownloadClientMessageText": "Är du säker på att du vill ta bort nedladdningsklienten '{0}'?",
    "DeleteEmptyFoldersHelpText": "Ta bort tomma filmmappar under skivsökning och när filmfiler raderas",
    "DeleteMovieFilesHelpText": "Ta bort filmfiler och filmmapp",
    "DeleteMovieFiles": "Ta bort {0} filmfiler",
    "DeleteHeader": "Radera - {0}",
    "DeleteImportListExclusion": "Ta bort undantag för importlista",
    "DeleteIndexerMessageText": "Är du säker på att du vill ta bort indexeraren '{0}'?",
    "DeleteMovieFolderHelpText": "Ta bort filmmappen och dess innehåll",
    "DeleteRestriction": "Ta bort begränsning",
    "DeleteRestrictionHelpText": "Är du säker på att du vill ta bort den här begränsningen?",
    "DeleteMovieFolderConfirmation": "Filmmappen '{0}' och allt innehåll raderas.",
    "DestinationRelativePath": "Destination Relativ väg",
    "DoNotPrefer": "Föredrar inte",
    "EditCustomFormat": "Redigera anpassat format",
    "DownloadPropersAndRepacks": "\"Propers\" och \"Repacks\"",
    "DownloadPropersAndRepacksHelpTextCustomFormat": "Använd 'Föredra inte' för att sortera efter anpassat format över Propers / Repacks",
    "DownloadPropersAndRepacksHelpTextWarning": "Använd anpassade format för automatiska uppgraderingar till Propers / Repacks",
    "DownloadWarning": "Hämtningsmeddelande: {warningMessage}",
    "EditRestriction": "Redigera begränsning",
    "EnableAutomaticAdd": "Aktivera automatisk tillägg",
    "EnableAutomaticSearchHelpText": "Används när automatiska sökningar utförs via användargränssnittet eller av {appName}",
    "EnableColorImpairedMode": "Aktivera färgskadat läge",
    "EnableColorImpairedModeHelpText": "Ändrad stil för att göra det möjligt för användare med färgstörning att bättre skilja färgkodad information",
    "EnableCompletedDownloadHandlingHelpText": "Importera automatiskt färdiga nedladdningar från nedladdningsklienten",
    "ListEnabledHelpText": "Aktivera den här listan för användning i {appName}",
    "EnableMetadataHelpText": "Aktivera metadatafilskapande för denna metadatatyp",
    "EnableInteractiveSearch": "Aktivera interaktiv sökning",
    "EnableInteractiveSearchHelpText": "Används när interaktiv sökning används",
    "EnableSslHelpText": " Kräver omstart som administratör för att träda i kraft",
    "ErrorLoadingContents": "Fel vid inläsning av innehåll",
    "ErrorRestoringBackup": "Fel vid återställning av säkerhetskopian",
    "ExternalUpdater": "{appName} är konfigurerad för att använda en extern uppdateringsmekanism",
    "FailedLoadingSearchResults": "Det gick inte att ladda sökresultaten. Försök igen.",
    "ExtraFileExtensionsHelpText": "Kommaseparerad lista med extra filer som ska importeras (.nfo importeras som .nfo-orig)",
    "FailedToLoadMovieFromAPI": "Det gick inte att ladda filmen från API",
    "FeatureRequests": "Funktionsbegäranden",
    "ChangeFileDateHelpText": "Ändra fildatum vid import / omskanning",
    "FileNames": "Filnamn",
    "Fixed": "Fast",
    "FocusSearchBox": "Fokus sökruta",
    "FolderMoveRenameWarning": "Detta kommer också att byta namn på filmmappen enligt filmmappens format i inställningarna.",
    "FollowPerson": "Följ Person",
    "SupportedDownloadClientsMoreInfo": "Klicka på informationsknapparna för mer information om de enskilda nedladdningsklienterna.",
    "SupportedIndexersMoreInfo": "För mer information om de enskilda indexerarna, klicka på informationsknapparna.",
    "GeneralSettings": "Allmänna Inställningar",
    "IconForCutoffUnmet": "Ikon för Cutoff Unmet",
    "IgnoredHelpText": "Utgåvan kommer att avvisas om det innehåller en eller flera av villkoren (skiftlägeskänslig)",
    "Images": "Bilder",
    "ImportCustomFormat": "Exportera anpassade format",
    "ImportRootPath": "Peka {appName} på mappen som innehåller alla dina filmer, inte en specifik film. t.ex. {0} och inte {1}. Dessutom måste varje film finnas i sin egen mapp i rot- / biblioteksmappen.",
    "InCinemasDate": "På biodatum",
    "InCinemasMovieDescription": "Filmen är på bio",
    "IncludeRecommendationsHelpText": "Inkludera {appName} rekommenderade filmer i upptäcktsvy",
    "IndexerPriority": "Indexerprioritet",
    "IndexerPriorityHelpText": "Indexeringsprioritet från 1 (högst) till 50 (lägst). Standard: 25.",
    "IndexerSettings": "Indexerinställningar",
    "InstallLatest": "Installera senaste",
    "KeepAndUnmonitorMovie": "Behåll och avmontera film",
    "LanguageHelpText": "Språk för utgåvor",
    "Large": "Stor",
    "LastUsed": "Senast använd",
    "LaunchBrowserHelpText": " Öppna en webbläsare och navigera till {appName}-hemsidan vid appstart.",
    "ImportListSettings": "Listinställningar",
    "ListSyncLevelHelpText": "Filmer i biblioteket tas bort eller övervakas om de inte finns i din lista",
    "LogLevel": "Loggnivå",
    "LogLevelTraceHelpTextWarning": "Spårloggning bör endast aktiveras tillfälligt",
    "LogOnly": "Endast logg",
    "LookingForReleaseProfiles2": "istället.",
    "Lowercase": "Små bokstäver",
    "ManualImportSelectLanguage": "Manuell import - Välj språk",
    "ManualImportSelectMovie": "Manuell import - Välj film",
    "MappedNetworkDrivesWindowsService": "Mappade nätverksenheter är inte tillgängliga när de körs som en Windows-tjänst. Se FAQ för mer information",
    "MaximumLimits": "Maximala gränser",
    "MaximumSize": "Maximal storlek",
    "MegabytesPerMinute": "Megabyte per minut",
    "Min": "Min",
    "MinimumCustomFormatScore": "Lägsta anpassade formatpoäng",
    "MinimumFreeSpaceHelpText": "Förhindra import om det skulle ge mindre än denna mängd diskutrymme tillgängligt",
    "MovieInfoLanguage": "Filminfospråk",
    "MovieIsOnImportExclusionList": "Filmen finns på listan över importundantag",
    "Negate": "Förneka",
    "Negated": "Negerat",
    "NoListRecommendations": "Inga listobjekt eller rekommendationer hittades. För att komma igång vill du lägga till en ny film, importera några befintliga eller lägga till en lista.",
    "NoTagsHaveBeenAddedYet": "Inga taggar har lagts till ännu",
    "OrganizeConfirm": "Är du säker på att du vill organisera alla filer i de {0} valda filmerna?",
    "PhysicalReleaseDate": "Fysiskt utgivningsdatum",
    "PreferAndUpgrade": "Föredra och uppgradera",
    "PreferIndexerFlags": "Föredra indexeringsflaggor",
    "PreferIndexerFlagsHelpText": "Prioritera utgåvor med speciella flaggor",
    "Preferred": "Föredraget",
    "PreviewRenameHelpText": "Tips: För att förhandsgranska ett namn ... välj 'Avbryt' och klicka sedan på valfri filmtitel och använd",
    "ProcessingFolders": "Bearbetar mappar",
    "ProxyPasswordHelpText": "Du behöver bara ange ett användarnamn och lösenord om det krävs. Lämna dem tomma annars.",
    "ProxyUsernameHelpText": "Du behöver bara ange ett användarnamn och lösenord om det krävs. Lämna dem tomma annars.",
    "PublishedDate": "Publiceringsdatum",
    "QualityLimitsMovieRuntimeHelpText": "Gränserna justeras automatiskt för filmens körtid.",
    "SupportedIndexers": "{appName} stöder alla indexerare som använder Newznab-standarden, liksom andra indexerare som anges nedan.",
    "SupportedCustomConditions": "{appName} stöder anpassade villkor mot utgåvoregenskaperna nedan.",
    "ReleaseDates": "Lanseringsdatum",
    "RemoveCompletedDownloadsHelpText": "Ta bort importerade nedladdningar från nedladdningsklienthistoriken",
    "RemovedFromTaskQueue": "Borttagen från uppgiftskön",
    "RemoveFailedDownloadsHelpText": "Ta bort misslyckade nedladdningar från nedladdningsklienthistoriken",
    "RemovingTag": "Ta bort taggen",
    "ReplaceWithSpaceDash": "Byt ut med Space Dash",
    "ReplaceWithSpaceDashSpace": "Byt ut med Space Dash Space",
    "RequiredRestrictionHelpText": "Utgåvan måste innehålla minst en av dessa termer (skiftlägeskänsliga)",
    "RescanAfterRefreshMovieHelpText": "Skanna igenom filmmappen efter att ha uppdaterat filmen",
    "RescanAfterRefreshHelpTextWarning": "{appName} upptäcker inte automatiskt ändringar av filer när de inte är inställda på 'Alltid'",
    "RescanMovieFolderAfterRefresh": "Skanna igenom filmmapp efter uppdatering",
    "RestartReloadNote": "Obs! {appName} startar automatiskt om och laddar om användargränssnittet under återställningsprocessen.",
    "Retention": "Bibehållande",
    "RetentionHelpText": "Endast Usenet: Ställ in på noll för att ställa in för obegränsad kvarhållning",
    "Rss": "RSS",
    "RssSyncInterval": "RSS-synkroniseringsintervall",
    "RssSyncIntervalHelpTextWarning": "Detta gäller för alla indexerare, följ reglerna som anges av dem",
    "Score": "Göra",
    "SearchCutoffUnmet": "Sök Cutoff Unmet",
    "SearchFailedPleaseTryAgainLater": "Sökningen misslyckades. Försök igen senare.",
    "ListSearchOnAddMovieHelpText": "Sök efter filmer i den här listan när du lägger till den i {appName}",
    "LongDateFormat": "Långt datumformat",
    "RemotePathMappingLocalPathHelpText": "Sökväg som {appName} ska använda för att komma åt fjärrvägen lokalt",
    "RemotePathMappingRemotePathHelpText": "Rotväg till katalogen som nedladdningsklienten har åtkomst till",
    "RuntimeFormat": "Runtime-format",
    "ShortDateFormat": "Kort datumformat",
    "ShowRelativeDates": "Visa relativa datum",
    "WeekColumnHeader": "Rubrik för veckokolumn",
    "WeekColumnHeaderHelpText": "Visas ovanför varje kolumn när veckan är den aktiva vyn",
    "ListMonitorMovieHelpText": "Om det är aktiverat läggs till och övervakas filmer som läggs till i den här listan",
    "ICalShowAsAllDayEvents": "Visa som heldagshändelser",
    "IconForCutoffUnmetHelpText": "Visa ikon för filer när avbrottet inte har uppnåtts",
    "ShowDateAdded": "Visa datum tillagt",
    "ShowMonitoredHelpText": "Visa övervakad status under affisch",
    "ShowSearchHelpText": "Visa sökknappen på svävaren",
    "ShowUnknownMovieItems": "Visa okända filmobjekt",
    "SkipFreeSpaceCheck": "Hoppa över ledig platskontroll",
    "Small": "Små",
    "Socks4": "Strumpor4",
    "Socks5": "Socks5 (Support TOR)",
    "SorryThatMovieCannotBeFound": "Tyvärr kan den filmen inte hittas.",
    "SslCertPassword": "SSL-certifierat lösenord",
    "SslCertPasswordHelpText": "Lösenord för pfx-fil",
    "SslCertPath": "SSL-certifierad sökväg",
    "SslPort": "SSL-port",
    "StandardMovieFormat": "Standardfilmformat",
    "SubfolderWillBeCreatedAutomaticallyInterp": "Undermappen \"{0}\" skapas automatiskt",
    "TagDetails": "Taggdetaljer - {0}",
    "TagIsNotUsedAndCanBeDeleted": "Taggen används inte och kan raderas",
    "ICalTagsMoviesHelpText": "Gäller filmer med minst en matchande tagg",
    "TheLogLevelDefault": "Loggnivån är som standard 'Info' och kan ändras i",
    "ThisCannotBeCancelled": "Detta kan inte avbrytas en gång startat utan att {appName} startas om.",
    "TMDBId": "TMDb-id",
    "TmdbIdExcludeHelpText": "TMDb-id för filmen att utesluta",
    "TorrentDelay": "Torrentfördröjning",
    "TorrentDelayHelpText": "Fördröja på några minuter för att vänta innan du tar en torrent",
    "TorrentDelayTime": "Torrentfördröjning: {0}",
    "TorrentsDisabled": "Torrenter inaktiverade",
    "Trace": "Spår",
    "Trailer": "Trailer",
    "Trigger": "Trigger",
    "UiLanguage": "UI-språk",
    "UiLanguageHelpText": "Språk som {appName} kommer att använda för användargränssnitt",
    "UiSettings": "UI-inställningar",
    "AddConditionError": "Det gick inte att lägga till ett nytt villkor. Försök igen.",
    "AddImportListExclusionError": "Det går inte att lägga till en ny listaundantag, försök igen.",
    "AddListError": "Det gick inte att lägga till en ny lista. Försök igen.",
    "AddQualityProfileError": "Det gick inte att lägga till en ny kvalitetsprofil. Försök igen.",
    "AddRemotePathMappingError": "Det gick inte att lägga till en ny mappning av fjärrvägen, försök igen.",
    "BackupsLoadError": "Det gick inte att ladda säkerhetskopior",
    "CustomFormatsLoadError": "Det går inte att ladda anpassade format",
    "DelayProfilesLoadError": "Det går inte att ladda fördröjningsprofiler",
    "DownloadClientOptionsLoadError": "Det gick inte att ladda nedladdningsklientalternativ",
    "IndexerOptionsLoadError": "Det gick inte att ladda indexeringsalternativ",
    "IndexersLoadError": "Det går inte att ladda indexerare",
    "ImportListExclusionsLoadError": "Det gick inte att läsa in listundantag",
    "ListOptionsLoadError": "Det går inte att ladda listalternativ",
    "ImportListsLoadError": "Det gick inte att ladda listor",
    "UnableToLoadManualImportItems": "Det gick inte att ladda manuella importartiklar",
    "MediaManagementSettingsLoadError": "Det gick inte att läsa in inställningar för Media Management",
    "MetadataLoadError": "Det gick inte att ladda metadata",
    "UnableToLoadMovies": "Det gick inte att ladda filmer",
    "NamingSettingsLoadError": "Det gick inte att läsa in namninställningar",
    "NotificationsLoadError": "Det gick inte att läsa in aviseringar",
    "QualityDefinitionsLoadError": "Det går inte att ladda kvalitetsdefinitioner",
    "QualityProfilesLoadError": "Det gick inte att ladda kvalitetsprofiler",
    "RemotePathMappingsLoadError": "Det gick inte att läsa in fjärrvägskartläggningar",
    "UnableToLoadRestrictions": "Det gick inte att ladda begränsningar",
    "UnableToLoadRootFolders": "Det gick inte att ladda rotmappar",
    "CalendarLoadError": "Det gick inte att ladda kalendern",
    "UpdateAppDirectlyLoadError": "Det går inte att uppdatera {appName} direkt,",
    "UpgradeUntilCustomFormatScore": "Uppgradera tills anpassat formatpoäng",
    "UpgradeUntil": "Uppgradera tills kvalitet",
    "UpgradeUntilThisQualityIsMetOrExceeded": "Uppgradera tills den här kvaliteten uppfylls eller överskrids",
    "Uppercase": "Versaler",
    "UrlBase": "URL-bas",
    "UrlBaseHelpText": "För omvänd proxy-stöd är standard tom",
    "UseHardlinksInsteadOfCopy": "Använd Hardlinks istället för Copy",
    "UsenetDelayHelpText": "Fördröja på några minuter för att vänta innan du hämtar en utgåva från Usenet",
    "WhitelistedHardcodedSubsHelpText": "Textrubriker som ställts in här kommer inte att betraktas som hårdkodade",
    "MovieExcludedFromAutomaticAdd": "Film exkluderad från automatisk läggning",
    "SqliteVersionCheckUpgradeRequiredMessage": "För närvarande installerad SQLite-version {0} stöds inte längre. Uppgradera SQLite till minst version {1}.",
    "ShowCinemaRelease": "Visa utgivningsdatum för bio",
    "ShowReleaseDate": "Visa släppdatum",
    "ShowReleaseDateHelpText": "Visa släppdatum under affischen",
    "OnMovieDelete": "Vid radering av film",
    "OnMovieFileDelete": "På filmfil Ta bort",
    "OnMovieFileDeleteForUpgrade": "På filmfil Radera för uppgradering",
    "Reddit": "Reddit",
    "More": "Mer",
    "Download": "Ladda ner",
    "DownloadClientRootFolderHealthCheckMessage": "Ladda ner klient {downloadClientName} placerar nedladdningar i rotmappen {rootFolderPath}. Du bör inte ladda ner till en rotmapp.",
    "Blocklist": "Svartlista",
    "BlocklistRelease": "Svartlista utgåva",
    "RemoveFromBlocklist": "Ta bort från svartlistan",
    "Blocklisted": "Svartlista",
    "NotificationTriggersHelpText": "Markera vilka event som ska utlösa den här notifikationen",
    "BlocklistReleases": "Svartlista Utgåva",
    "Duration": "Längd",
    "Never": "Aldrig",
    "Rating": "Betyg",
    "SelectLanguages": "Välj språk",
    "ImportList": "Lista",
    "Filters": "Filter",
    "AllCollectionsHiddenDueToFilter": "Samtliga filmer är dolda på grund av tillämpade filter.",
    "Collections": "Samling",
    "MonitorMovies": "Bevaka film",
    "NoCollections": "Inga filmer hittades, för att komma igång lägg till en ny film eller importera några befintliga.",
    "RssSyncIntervalHelpText": "Intervall i minuter. Ställ in på noll för att inaktivera (detta kommer stoppa all automatisk hämntning av utgåvor)",
    "AnnouncedMovieDescription": "Filmen tillkännages",
    "ApplicationURL": "Applikations-URL",
    "ApplicationUrlHelpText": "Denna applikations externa URL inklusive http(s)://, port och URL-bas",
    "File": "Fil",
    "EditMovies": "Redigera film",
    "ShowCinemaReleaseHelpText": "Visa släppdatum under affischen",
    "DeleteRemotePathMapping": "Redigera fjärrsökväg",
    "AddImportList": "Importera lista",
    "DownloadIgnored": "Nerladdning ignorerad",
    "DownloadClientsLoadError": "Kunde inte ladda nerladdningsklienter",
    "Release": "Släppte",
    "DeletedReasonUpgrade": "Filen raderades för att importera en uppgradering",
    "DeleteSpecification": "Radera avisering",
    "NotificationsSimplepushSettingsEvent": "Händelse",
    "DeleteRootFolder": "Radera Rotmapp",
    "DeleteSelectedDownloadClients": "Radera nedladdningsklient",
    "InteractiveSearchModalHeader": "Interaktiv sökning",
    "ReleaseProfilesLoadError": "Det går inte att ladda fördröjningsprofiler",
    "ReleaseProfileIndexerHelpText": "Specificera vilken indexer profilen appliceras på",
    "ApplyTagsHelpTextReplace": "Ersätt: Ersätt taggarna med de angivna taggarna (ange inga taggar för att rensa alla taggar)",
    "DeleteConditionMessageText": "Är du säker på att du vill ta bort kvalitetsprofilen '{0}'?",
    "DeleteImportListExclusionMessageText": "Är du säker på att du vill ta bort detta undantag från importlistan?",
    "GrabId": "Hämta ID",
    "QueueLoadError": "Det gick inte att läsa in kön",
    "AutoTaggingSpecificationTag": "Tagg",
    "ConnectionLostReconnect": "Radarr kommer försöka ansluta automatiskt, du kan även klicka på ladda om nedan.",
    "DownloadStationStatusExtracting": "Packar upp: {progress}%",
    "FormatAgeHours": "Timmar",
    "FormatAgeMinute": "Minuter",
    "MustNotContainHelpText": "Utgåvan kommer att avvisas om det innehåller en eller flera av villkoren (skiftlägeskänslig)",
    "TablePageSize": "Sidstorlek",
    "DeleteSpecificationHelpText": "Är du säker på att du vill ta bort kvalitetsprofilen '{0}'?",
    "Directory": "Plats",
    "IncludeHealthWarnings": "Inkludera hälsovarningar",
    "Lists": "Listor",
    "MonitorSelected": "Bevakad Markerade",
    "MustContainHelpText": "Utgåvan måste innehålla minst en av dessa termer (skiftlägeskänsliga)",
    "ResetAPIKeyMessageText": "Är du säker på att du vill nollställa din API-nyckel?",
    "UnmonitorSelected": "Obevakade Markerade",
    "DeleteImportList": "Radera Importlista",
    "DeleteImportListMessageText": "Är du säker på att du vill radera taggen '{0}'?",
    "DeleteQualityProfileMessageText": "Är du säker på att du vill ta bort kvalitetsprofilen '{0}'?",
    "NotificationsDiscordSettingsAuthor": "Författare",
    "QualitiesLoadError": "Det går inte att ladda kvaliteter",
    "QualityCutoffNotMet": "Kvalitetsgränsen har inte uppnåtts",
    "AutoTaggingNegateHelpText": "Om det är markerat kommer det anpassade formatet inte att gälla om detta {0} villkor matchar.",
    "DeleteAutoTagHelpText": "Är du säker på att du vill ta bort kvalitetsprofilen '{0}'?",
    "ApplyTagsHelpTextAdd": "Lägg till: Lägg till taggarna i den befintliga listan med taggar",
    "ApplyTagsHelpTextHowToApplyDownloadClients": "Så här applicerar du taggar på de valda författarna",
    "ApplyTagsHelpTextHowToApplyImportLists": "Så här applicerar du taggar på de valda författarna",
    "ApplyTagsHelpTextHowToApplyIndexers": "Så här applicerar du taggar på de valda författarna",
    "ApplyTagsHelpTextRemove": "Ta bort: Ta bort de angivna taggarna",
    "Category": "Kategori",
    "UseSsl": "Använd SSL",
    "BypassDelayIfAboveCustomFormatScoreMinimumScore": "Lägsta anpassade formatpoäng",
    "DeleteSelectedIndexers": "Radera indexerare",
    "DisabledForLocalAddresses": "Inaktiverad för lokala adresser",
    "BlocklistLoadError": "Kunde inte ladda blocklista",
    "HistoryLoadError": "Det gick inte att läsa in historiken",
    "NotificationStatusSingleClientHealthCheckMessage": "Listor otillgängliga på grund av fel: {notificationNames}",
    "NotificationStatusAllClientHealthCheckMessage": "Samtliga listor otillgängliga på grund av fel",
    "InteractiveImportLoadError": "Det gick inte att ladda manuella importartiklar",
    "ReleaseProfiles": "Utgåvo-Profiler",
    "ListRootFolderHelpText": "Rotmappen lista saker kommer bli tillagt till",
    "DelayProfileMovieTagsHelpText": "Gäller filmer med minst en matchande tagg",
    "DelayingDownloadUntil": "Försenar nedladdningen till {0} kl. {1}",
    "DeleteReleaseProfile": "Radera fördröjande profil",
    "DeleteReleaseProfileMessageText": "Är du säker på att du vill ta bort kvalitetsprofilen '{0}'?",
    "DeleteSelectedImportLists": "Radera Importlista",
    "FormatAgeHour": "Timmar",
    "FormatAgeMinutes": "Minuter",
    "RetryingDownloadOn": "Försenar nedladdningen till {0} kl. {1}",
    "Yes": "Ja",
    "IndexerSettingsMultiLanguageRelease": "Flerspråkig",
    "AddRootFolderError": "Det gick inte att ladda rotmappar",
    "AddListExclusion": "Lägg till listuteslutning",
    "No": "Nej",
    "OrganizeNothingToRename": "Klart! Jobbet avslutat, inga fler filer att byta namn på.",
    "RestartLater": "Jag startar om senare",
    "SelectDropdown": "'Välj...",
    "TablePageSizeHelpText": "Antal objekt som ska visas på varje sida",
    "DeleteDelayProfileMessageText": "Är du säker på att du vill ta bort den här fördröjnings profilen?",
    "Label": "Märka",
    "MoveAutomatically": "Snabbimport",
    "DownloadClientVuzeValidationErrorVersion": "Protokollversionen stöds inte, använd Vuze 5.0.0.0 eller senare tillsammans med Vuze Web Remote plugin.",
    "EnableProfile": "Aktivera Profil",
    "ReleaseGroups": "Releasegrupp",
    "SkipRedownload": "Hoppa Åternedladdning",
    "EnableProfileHelpText": "Kryssa i för att aktivera utgåveprofil",
    "ListQualityProfileHelpText": "Kvalitet Profil lista saker borde bli tillagda med",
    "AddAutoTagError": "Det gick inte att lägga till en ny lista. Försök igen.",
    "ChownGroup": "chown Grupp",
    "OrganizeLoadError": "Fel vid inläsning av förhandsgranskningar",
    "ConditionUsingRegularExpressions": "Detta villkor matchar användningen av reguljära uttryck. Observera att tecknen {0} har speciella betydelser och behöver fly med ett {1}",
    "MovieFileDeleted": "På filmfil Ta bort",
    "DeleteCustomFormatMessageText": "Är du säker på att du vill radera taggen '{0}'?",
    "DeletedReasonMovieMissingFromDisk": "{appName} kunde inte hitta filen på disken så den togs bort",
    "DeleteSelectedMovieFilesHelpText": "Är du säker på att du vill radera de markerade filmfilerna?",
    "MovieIsNotMonitored": "FIlmen är bevakad",
    "SearchForAllMissingMovies": "Sök efter alla saknade böcker",
    "SearchForCutoffUnmetMovies": "Sök efter alla vars krav inte är uppnådda böcker",
    "ShowUnknownMovieItemsHelpText": "Visa objekt utan film i kön. Detta kan inkludera borttagna filmer eller något annat i Radarrs kategori",
    "MovieSearchResultsLoadError": "Det gick inte att ladda resultat för den här filmsökningen. Försök igen senare",
    "SearchOnAddCollectionHelpText": "Sök efter filmer i den här listan när du lägger till den i {appName}",
    "AutoRedownloadFailed": "Fel vid nerladdning",
    "DeleteFormatMessageText": "Är du säker på att du vill radera taggen '{0}'?",
    "DownloadClientSettingsRecentPriority": "Klient prioritet",
    "ApplyTagsHelpTextHowToApplyMovies": "Så här applicerar du taggar på de valda författarna",
    "CustomFilter": "Anpassade Filter",
    "IMDbId": "TMDb-id",
    "AddDelayProfileError": "Det gick inte att lägga till en ny kvalitetsprofil. Försök igen.",
    "MovieFileDeletedTooltip": "På filmfil Ta bort",
    "DeleteMovieFolders": "Ta bort filmmapp",
    "DeleteMovieFoldersHelpText": "Ta bort filmmappen och dess innehåll",
    "DeleteSelectedMovies": "Radera markerade filmfiler",
    "DeleteSelectedImportListExclusionsMessageText": "Är du säker på att du vill ta bort detta undantag från importlistan?",
    "DeleteSelectedCustomFormats": "Ta bort anpassat format",
    "ReleaseDate": "Lanseringsdatum",
    "ShowDigitalRelease": "Visa utgivningsdatum för bio",
    "ShowDigitalReleaseHelpText": "Visa släppdatum under affischen",
    "ShowPhysicalRelease": "Fysiskt utgivningsdatum",
    "ShowPhysicalReleaseHelpText": "Visa släppdatum under affischen",
    "FolderNameTokens": "Filnamn tokens",
    "Clone": "Avsluta",
    "AllTitles": "Samtliga filer",
    "EditReleaseProfile": "Redigera fördröjningsprofil",
    "AddReleaseProfile": "Redigera fördröjningsprofil",
    "Delay": "Fördröj",
    "DownloadClientUnavailable": "Nedladdningsklient är otillgänglig",
    "AutoTaggingSpecificationQualityProfile": "Kvalitetsprofil",
    "AutoTaggingSpecificationRootFolder": "Rotmapp",
    "AutoTaggingSpecificationStatus": "Status",
    "CustomFormatsSpecificationLanguage": "Språk",
    "CustomFormatsSpecificationMaximumSize": "Maximal storlek",
    "CustomFormatsSpecificationSource": "Källa",
    "AutoTaggingSpecificationOriginalLanguage": "Språk",
    "Mixed": "Fast"
}
