{
    "About": "關於",
    "Add": "新增",
    "AcceptConfirmationModal": "接受確認對話框",
    "Actions": "動作",
    "Activity": "‎活動‎",
    "AddIndexer": "新增索引",
    "AddingTag": "新增標籤",
    "AddDownloadClient": "加入下載用戶端",
    "Added": "已新增",
    "Age": "年齡",
    "All": "全部",
    "Analytics": "分析",
    "AddCustomFormat": "加入自訂格式",
    "AddDelayProfile": "加入延遲設定",
    "AddedToDownloadQueue": "已添加到下載隊列",
    "EditCustomFormat": "新增自定義格式",
    "EditDelayProfile": "新增延時配置",
    "AddToDownloadQueue": "已添加到下載隊列",
    "ExportCustomFormat": "新增自定義格式",
    "ImportCustomFormat": "新增自定義格式",
    "DeleteQualityProfile": "刪除品質設定檔",
    "AllCollectionsHiddenDueToFilter": "因為使用了篩選器，所有集合將被隱藏。",
    "CustomFormatHelpText": "{appName}使用匹配的自定義格式的分數總和來評分每個發行版本。如果一個新的發行版本可以在相同或更好的品質下提供更高分數，{appName}將抓取該版本。",
    "QualityDefinitions": "品質定義",
    "AutoRedownloadFailedHelpText": "自動搜尋並嘗試下載不同的版本",
    "BypassDelayIfHighestQuality": "如果有最高的質量就跳過",
    "BuiltIn": "內建的",
    "AddImportListExclusion": "新增排除清單",
    "AddMovie": "加入電影",
    "AddRootFolder": "加入根目錄資料夾",
    "Quality": "品質",
    "Auto": "自動",
    "BypassDelayIfHighestQualityHelpText": "當發行版本具有在品質設定檔中啟用的最高品質以及首選通訊協定時繞過延遲",
    "ProfilesSettingsSummary": "品質，語言與延遲設定檔",
    "AnnouncedMovieDescription": "電影已被公布",
    "AudioInfo": "聲音資訊",
    "ImportIncludeQuality": "請確保您的文件名中包含品質信息，例如：{0}",
    "AuthBasic": "基礎（瀏覽器彈出視窗）",
    "AuthForm": "表單（登入頁面）",
    "Authentication": "認證",
    "AuthenticationMethodHelpText": "需要使用者名稱和密碼來存取{appName}",
    "Automatic": "自動",
    "AutomaticSearch": "自動搜尋",
    "ICalShowAsAllDayEventsHelpText": "在行事曆中，事件將以全天事件的形式顯示",
    "AvailabilityDelayHelpText": "在可用日期之前或之後搜索電影的次數",
    "BlocklistReleases": "封鎖清單版本",
    "ApplicationURL": "應用程式 URL",
    "ApplicationUrlHelpText": "這個應用程式的外部網址，包括http(s)://、端口和URL Base。",
    "AvailabilityDelay": "可用性延遲（Availability Delay）",
    "Backup": "備份",
    "UpgradeUntilMovieHelpText": "一旦達到此品質，{appName}將不再下載該電影",
    "AptUpdater": "使用apt安裝更新",
    "AutoUnmonitorPreviouslyDownloadedMoviesHelpText": "從磁碟中刪除的電影將自動在{appName}中取消監控",
    "BackupFolderHelpText": "相對路徑將位於{appName}的AppData目錄下",
    "Blocklist": "封鎖清單",
    "BlocklistRelease": "封鎖清單版本",
    "Blocklisted": "已封鎖",
    "Branch": "分支",
    "BranchUpdate": "用於更新{appName}的分支",
    "BranchUpdateMechanism": "外部更新機制使用的分支",
    "BackupIntervalHelpText": "自動備份時間間隔",
    "BackupNow": "馬上備份",
    "BackupRetentionHelpText": "超過保留期的自動備份將被自動清理",
    "Backups": "備份",
    "BeforeUpdate": "在更新前",
    "BindAddress": "綁定地址（Bind Address）",
    "BindAddressHelpText": "有效的IP地址，本地主機（localhost）或者「*」以表示所有介面。",
    "ClickToChangeQuality": "點擊以更改品質",
    "ManualImportSelectQuality": " 手動導入-選擇品質",
    "AllResultsHiddenFilter": "根據所使用的篩選器已將所有結果隱藏",
    "AllowHardcodedSubs": "允許燒錄的字幕",
    "AllowHardcodedSubsHelpText": "將會自動下載檢測到有燒錄字幕的影片",
    "EditQualityProfile": "編輯品質設定檔",
    "Announced": "已公布",
    "ApiKey": "API 金鑰",
    "AddExclusion": "加入排除",
    "AddListExclusionMovieHelpText": "防止清單中的電影被添加到 {appName} 中",
    "AnalyticsEnabledHelpText": "將使用和錯誤資訊匿名傳送至{appName}的伺服器。這些資訊包括您的瀏覽器資訊、使用的{appName} WebUI頁面、錯誤報告，以及作業系統和執行時版本。我們將使用這些資訊來優先處理功能和錯誤修復。",
    "AddQualityProfile": "加入品質設定檔",
    "AllFiles": "全部文件",
    "AddMovies": "加入電影",
    "AddNew": "加入新的",
    "AddNewMessage": "加入新的電影很簡單，只需要輸入您想加入的電影名稱",
    "AddNewMovie": "加入新的電影",
    "AddNewTmdbIdMessage": "您也可以使用該電影的TMDbID來搜尋。例如「tmdb:71663」",
    "AddRemotePathMapping": "加入遠程路徑對應",
    "AddRestriction": "加入限制",
    "AfterManualRefresh": "在手動重新整理之後",
    "Agenda": "日程表",
    "AllMoviesHiddenDueToFilter": "根據所使用的篩選器已隱藏所有電影。",
    "AllMoviesInPathHaveBeenImported": "已加入所有在 {檔案路徑} 的電影",
    "AlreadyInYourLibrary": "已經在您的資源庫中",
    "AlternativeTitle": "其他標題",
    "Always": "總是",
    "AnalyseVideoFiles": "分析影像文件",
    "AppDataDirectory": "AppData 路徑",
    "AppDataLocationHealthCheckMessage": "為了避免在更新過程中刪除AppData，將無法進行更新。",
    "Apply": "套用",
    "ApplyTags": "套用標籤",
    "ApiKeyValidationHealthCheckMessage": "請將您的API金鑰更新為至少{length}個字元長。您可以通過設定或配置文件進行此操作。",
    "AddAutoTag": "新增自動標籤",
    "AddCondition": "新增條件",
    "AddConditionImplementation": "新增條件 - {implementationName}",
    "AddConnection": "新增連接",
    "AddConnectionImplementation": "新增連接 - {implementationName}",
    "AddDownloadClientImplementation": "新增下載用戶端 - {implementationName}",
    "AddIndexerImplementation": "新增索引 - {implementationName}",
    "AddImportList": "新增匯入清單",
    "AddImportListImplementation": "新增匯入清單 - {implementationName}",
    "AppUpdatedVersion": "重新載入",
    "AppUpdated": "{appName}已更新",
    "ApplyChanges": "應用",
    "ApplyTagsHelpTextAdd": "加入：將標籤加入已存在的標籤清單",
    "AllTitles": "所有標題",
    "ApplyTagsHelpTextHowToApplyDownloadClients": "如何將標籤套用在被選擇的下載客戶端",
    "ApplyTagsHelpTextHowToApplyImportLists": "如何套用標籤在所選擇的輸入清單",
    "AgeWhenGrabbed": "年齡（當獲取時）",
    "AddRootFolderError": "無法加進根目錄",
    "ReleaseProfiles": "發布配置",
    "Search": "搜尋",
    "New": "新的",
    "Socks4": "Socks4",
    "CustomFormats": "自訂格式",
    "RootFolder": "根目錄資料夾",
    "QualityCutoffNotMet": "影片還未滿足所選品質",
    "Delete": "刪除",
    "Connect": "連接",
    "Indexers": "索引器",
    "Protocol": "通訊協定",
    "Grab": "抓取",
    "File": "文件",
    "ImportList": "導入列表",
    "Formats": "格式",
    "Language": "語言",
    "EditRemotePathMapping": "加入遠程路徑對應",
    "IMDb": "IMDb",
    "EditDownloadClientImplementation": "新增下載用戶端 - {implementationName}",
    "EditIndexerImplementation": "新增索引 - {implementationName}",
    "Rss": "RSS",
    "Torrents": "Torrents",
    "Remove": "移除",
    "ApplyTagsHelpTextRemove": "移除：刪除輸入的標籤",
    "DelayProfile": "延遲配置",
    "LocalPath": "本機路徑",
    "Disabled": "無法使用",
    "ApplyTagsHelpTextReplace": "取代：用輸入的標籤替換現有的標籤（如果不輸入任何標籤，則清除所有標籤）",
    "Enabled": "啟用",
    "PreferredProtocol": "首選通訊協定",
    "Reset": "重置",
    "RootFolders": "根目錄資料夾",
    "Updates": "更新",
    "AutoTaggingSpecificationTag": "標籤",
    "Custom": "自訂",
    "Rating": "評分",
    "ShowQualityProfile": "加入品質設定檔",
    "DownloadClients": "下載用戶端",
    "Enable": "啟用",
    "Label": "標籤",
    "Replace": "替換",
    "DeleteRemotePathMapping": "加入遠程路徑對應",
    "Runtime": "運行環境",
    "Settings": "設定",
    "Events": "事件",
    "ICalLink": "iCal 連結",
    "Scheduled": "已排程",
    "Trace": "追蹤",
    "Usenet": "Usenet",
    "Port": "端口",
    "RemotePathMappings": "遠程路徑對應",
    "Title": "標題",
    "SomeResultsHiddenFilter": "根據所使用的篩選器已將所有結果隱藏",
    "Ui": "UI",
    "UpdateMechanismHelpText": "使用 {appName}內建的更新程式或是腳本文件",
    "QualityProfiles": "品質設定檔",
    "Host": "主機",
    "Clear": "清空",
    "Docker": "Docker",
    "Info": "資訊",
    "Metadata": "中繼資料",
    "Posters": "海報",
    "QualityProfile": "品質設定檔",
    "Languages": "語言",
    "Movies": "電影",
    "Deleted": "刪除",
    "NotificationsSimplepushSettingsEvent": "事件",
    "Queued": "佇列",
    "Required": "需要",
    "Cancel": "取消",
    "Directory": "目錄",
    "Calendar": "日曆",
    "Connection": "連接",
    "Details": "詳情",
    "DownloadClient": "下載用戶端",
    "EditRestriction": "加入限制",
    "Files": "文件",
    "History": "歷史紀錄",
    "Hostname": "Hostname",
    "ICalFeed": "iCal Feed",
    "Seeders": "種子",
    "Peers": "用戶",
    "Reload": "重新載入",
    "Trakt": "Trakt",
    "Refresh": "重新整理",
    "RecyclingBin": "垃圾桶",
    "Collection": "蒐藏",
    "Connections": "連接",
    "Crew": "工作人員",
    "CustomFormat": "自訂格式",
    "Queue": "佇列",
    "Filter": "篩選",
    "Indexer": "索引器",
    "UrlBase": "URL Base",
    "Username": "使用者名稱",
    "AddListExclusion": "新增排除清單",
    "ImportLists": "導入列表",
    "Movie": "電影",
    "Filters": "篩選器",
    "AddIndexerError": "無法加入新的索引器，請重試。",
    "AddNotificationError": "無法加入新的條件，請重新嘗試。",
    "AddAutoTagError": "無法加入新的自動標籤，請重新嘗試。",
    "AddConditionError": "無法加入新的條件，請重新嘗試。",
    "AddDownloadClientError": "無法加入下載用戶端，請重試。",
    "Release": "發布",
    "Theme": "主題",
    "Password": "密碼",
    "Titles": "標題",
    "EditImportListImplementation": "新增匯入清單 - {implementationName}",
    "Released": "發布",
    "Lists": "清單",
    "Cutoff": "中斷",
    "EditConnectionImplementation": "新增連接 - {implementationName}",
    "EditImportListExclusion": "新增排除清單",
    "Restrictions": "限制",
    "ApplyTagsHelpTextHowToApplyIndexers": "如何套用標籤在所選擇的輸入清單",
    "DelayProfiles": "延遲配置",
    "Ratings": "評分",
    "EditConditionImplementation": "新增連接 - {implementationName}",
    "UnableToLoadRootFolders": "無法加進根目錄",
    "Collections": "蒐藏",
    "ApplyTagsHelpTextHowToApplyMovies": "如何套用標籤在所選擇的輸入清單",
    "YouCanAlsoSearch": "您也可以使用該電影的TMDbID來搜尋。例如「tmdb:71663」",
    "ImportListExclusions": "新增匯入排除清單",
    "AddImportListExclusionError": "無法加入新的條件，請重新嘗試。",
    "AddListError": "無法加入新的清單，請重試。",
    "AddQualityProfileError": "無法加入新的條件，請重新嘗試。",
    "AddCustomFormatError": "無法加入自訂格式，請重試。",
    "AddDelayProfileError": "無法加入新的延遲配置，請重新嘗試。",
    "DeleteImportListExclusion": "新增排除清單",
    "Letterboxd": "文字方框",
    "Discord": "Discord",
    "TMDb": "TMDb",
    "EditReleaseProfile": "新增延時配置",
    "Reason": "季",
    "Delay": "延遲",
    "AddReleaseProfile": "新增延時配置",
    "Version": "版本",
    "Uptime": "上線時間",
    "UpdateAvailableHealthCheckMessage": "可用的新版本: {version}",
    "UpdateAppDirectlyLoadError": "無法直接更新 {appName}，",
    "UnselectAll": "取消全選",
    "Any": "任何",
    "UiLanguage": "使用者介面語言",
    "IndexersLoadError": "無法載入索引器",
    "TagsLoadError": "無法載入標籤",
    "UiSettings": "使用者介面設定",
    "UiSettingsLoadError": "無法載入 UI 設定",
    "HistoryLoadError": "無法載入歷史記錄",
    "UiLanguageHelpText": "{appName} 介面所使用的語言",
    "AlternativeTitlesLoadError": "無法加載其他標題。",
    "AddNewRestriction": "加入新的限制",
    "AddRemotePathMappingError": "無法加入新的遠程路徑對應，請重試。",
    "AutoRedownloadFailed": "失敗時重新下載",
    "AudioLanguages": "音頻語言",
    "AuthenticationMethod": "驗證方式",
    "AnalyseVideoFilesHelpText": "從文件中提取影像資訊，如解析度、運行環境和編解碼器資訊。這需要 {appName} 在掃描期間讀取文件並可能導致高磁盤或網絡佔用。",
    "AuthenticationMethodHelpTextWarning": "請選擇一個有效的驗證方式",
    "AuthenticationRequiredHelpText": "更改需要進行驗證的請求。除非你了解其中的風險，否則請勿修改。",
    "AuthenticationRequired": "需要驗證",
    "AuthenticationRequiredWarning": "為防止未經認證的遠程訪問，{appName} 現需要啟用身份認證。您可以選擇禁用本地地址的身份認證。",
    "AnnouncedMovieAvailabilityDescription": "一但添加至 {appName} 便被視爲可用的電影。",
    "AuthenticationRequiredPasswordHelpTextWarning": "請輸入新密碼",
    "AuthenticationRequiredUsernameHelpTextWarning": "請輸入新用戶名",
    "AuthenticationRequiredPasswordConfirmationHelpTextWarning": "確認新密碼",
    "AutoRedownloadFailedFromInteractiveSearch": "失敗時重新下載來自手動搜索的資源",
    "AutoTaggingSpecificationOriginalLanguage": "語言",
    "AutoTaggingSpecificationQualityProfile": "品質設定檔",
    "AutoTaggingSpecificationRootFolder": "根目錄資料夾",
    "CustomFormatsSpecificationLanguage": "語言",
    "CustomFormatsSpecificationResolution": "解析度"
}
