{
    "Language": "Език",
    "UiLanguage": "Език на потребителския интерфейс",
    "AutoRedownloadFailedHelpText": "Автоматично търсете и се опитвайте да изтеглите различна версия",
    "BackupFolderHelpText": "Относителните пътища ще бъдат в директорията AppData на {appName}",
    "BackupNow": "Архивиране сега",
    "BackupRetentionHelpText": "Автоматичните архиви, по-стари от периода на съхранение, ще бъдат почистени автоматично",
    "BindAddress": "Адрес за обвързване",
    "BindAddressHelpText": "Валиден IP4 адрес или '*' за всички интерфейси",
    "BindAddressHelpTextWarning": "Изисква рестартиране, за да влезе в сила",
    "Blocklist": "Черен списък",
    "DeleteBackupMessageText": "Наистина ли искате да изтриете резервното копие '{0}'?",
    "DeleteDelayProfileMessageText": "Наистина ли искате да изтриете този профил за забавяне?",
    "DeleteDownloadClient": "Изтриване на клиент за изтегляне",
    "DeleteDownloadClientMessageText": "Наистина ли искате да изтриете клиента за изтегляне '{0}'?",
    "DeleteSelectedTrackFilesMessageText": "Наистина ли искате да изтриете избраните филмови файлове?",
    "DeleteTagMessageText": "Наистина ли искате да изтриете маркера „{0}“?",
    "DiskSpace": "Дисково пространство",
    "DownloadClient": "Клиент за изтегляне",
    "DownloadClients": "Изтеглете клиенти",
    "DownloadClientSettings": "Изтеглете настройките на клиента",
    "DownloadFailedCheckDownloadClientForMoreDetails": "Изтеглянето не бе успешно: проверете клиента за изтегляне за повече подробности",
    "Downloading": "Изтегляне",
    "MaximumSizeHelpText": "Максимален размер за издание, което трябва да бъде взето в MB. Задайте на нула, за да зададете на неограничен",
    "MinimumFreeSpaceWhenImportingHelpText": "Предотвратете импортирането, ако това ще остави по-малко от това количество дисково пространство на разположение",
    "MinimumLimits": "Минимални лимити",
    "Missing": "Липсва",
    "RecycleBinCleanupDaysHelpTextWarning": "Файловете в кошчето, по-стари от избрания брой дни, ще се почистват автоматично",
    "RemoveTagExistingTag": "Съществуващ маркер",
    "RemoveTagRemovingTag": "Премахване на етикет",
    "RenameTracksHelpText": "{appName} ще използва съществуващото име на файл, ако преименуването е деактивирано",
    "Reorder": "Пренареждане",
    "ReplaceIllegalCharacters": "Заменете незаконните символи",
    "ReplaceIllegalCharactersHelpText": "Заменете незаконните символи. Ако не е отметнато, {appName} ще ги премахне вместо това",
    "RequiredHelpText": "Освобождаването трябва да съдържа поне един от тези термини (без регистрация)",
    "RequiredPlaceHolder": "Добавете ново ограничение",
    "RescanAfterRefreshHelpText": "Повторно сканиране на папката с филм след освежаване на филма",
    "StartTypingOrSelectAPathBelow": "Започнете да пишете или изберете път отдолу",
    "UiLanguageHelpTextWarning": "Необходимо е презареждане на браузъра",
    "UiSettings": "Настройки на потребителския интерфейс",
    "UnableToAddANewDownloadClientPleaseTryAgain": "Не може да се добави нов клиент за изтегляне, моля, опитайте отново.",
    "UnableToAddANewImportListExclusionPleaseTryAgain": "Не можете да добавите ново изключване от списъка, моля, опитайте отново.",
    "UnableToAddANewIndexerPleaseTryAgain": "Не може да се добави нов индексатор, моля, опитайте отново.",
    "UnableToAddANewListPleaseTryAgain": "Не може да се добави нов списък, моля, опитайте отново.",
    "UnableToAddANewMetadataProfilePleaseTryAgain": "Не може да се добави нов качествен профил, моля, опитайте отново.",
    "UnableToAddANewNotificationPleaseTryAgain": "Не може да се добави ново известие, моля, опитайте отново.",
    "UnableToAddANewQualityProfilePleaseTryAgain": "Не може да се добави нов качествен профил, моля, опитайте отново.",
    "UnableToAddANewRemotePathMappingPleaseTryAgain": "Не може да се добави ново картографиране на отдалечен път, моля, опитайте отново.",
    "UnableToAddANewRootFolderPleaseTryAgain": "Не може да се добави нов персонализиран формат, моля, опитайте отново.",
    "UnableToLoadBackups": "Архивите не могат да се заредят",
    "UnableToLoadBlocklist": "Черният списък не може да се зареди",
    "UnableToLoadDelayProfiles": "Профилите за забавяне не могат да се заредят",
    "UnableToLoadDownloadClientOptions": "Опциите на клиента за изтегляне не могат да се заредят",
    "UnableToLoadDownloadClients": "Клиентите за изтегляне не могат да се заредят",
    "UnableToLoadGeneralSettings": "Не може да се заредят общи настройки",
    "UnableToLoadHistory": "Историята не може да се зареди",
    "UnableToLoadImportListExclusions": "Изключенията от списъка не могат да се заредят",
    "UnableToLoadIndexers": "Индексаторите не могат да се заредят",
    "UnableToLoadLists": "Списъците не могат да се заредят",
    "UnableToLoadMediaManagementSettings": "Не можете да заредите настройките за управление на медиите",
    "UnableToLoadMetadata": "Не можете да заредите метаданни",
    "UnableToLoadMetadataProfiles": "Профилите за забавяне не могат да се заредят",
    "UnableToLoadNamingSettings": "Настройките за именуване не могат да бъдат заредени",
    "UnableToLoadNotifications": "Известията не могат да се заредят",
    "UnableToLoadQualities": "Не може да се заредят качества",
    "UnableToLoadQualityDefinitions": "Определенията за качество не могат да се заредят",
    "UnableToLoadQualityProfiles": "Не може да се заредят качествени профили",
    "UnableToLoadReleaseProfiles": "Профилите за забавяне не могат да се заредят",
    "UnableToLoadTheCalendar": "Календарът не може да се зареди",
    "UsingExternalUpdateMechanismBranchToUseToUpdateLidarr": "Клон, който да се използва за актуализиране на {appName}",
    "UsingExternalUpdateMechanismBranchUsedByExternalUpdateMechanism": "Клон, използван от външен механизъм за актуализация",
    "Version": "Версия",
    "WeekColumnHeader": "Заглавка на колоната на седмицата",
    "YesCancel": "Да, Отказ",
    "20MinutesTwenty": "120 минути: {0}",
    "45MinutesFourtyFive": "90 минути: {0}",
    "60MinutesSixty": "60 минути: {0}",
    "AgeWhenGrabbed": "Възраст (при грабване)",
    "AlbumIsDownloadingInterp": "Филмът се изтегля - {0}% {1}",
    "AlreadyInYourLibrary": "Вече във вашата библиотека",
    "AlternateTitles": "Алтернативно заглавие",
    "AlternateTitleslength1Title": "Заглавие",
    "AlternateTitleslength1Titles": "Заглавия",
    "AnalyticsEnabledHelpText": "Изпращайте анонимна информация за използването и грешките до сървърите на {appName}. Това включва информация за вашия браузър, кои страници на {appName} WebUI използвате, отчитане на грешки, както и версията на операционната система и времето за изпълнение. Ще използваме тази информация, за да дадем приоритет на функциите и корекциите на грешки.",
    "AnalyticsEnabledHelpTextWarning": "Изисква рестартиране, за да влезе в сила",
    "Automatic": "Автоматично",
    "CopyUsingHardlinksHelpText": "Използвайте твърди връзки, когато се опитвате да копирате файлове от торенти, които все още се посяват",
    "CopyUsingHardlinksHelpTextWarning": "Понякога заключванията на файлове могат да попречат на преименуване на файлове, които се засяват. Можете временно да деактивирате засяването и да използвате функцията за преименуване на {appName} като работа.",
    "CreateEmptyArtistFolders": "Създайте празни папки с филми",
    "CreateEmptyArtistFoldersHelpText": "Създайте липсващи папки с филми по време на сканиране на диска",
    "CreateGroup": "Създай група",
    "CutoffHelpText": "След достигане на това качество {appName} вече няма да изтегля филми",
    "CutoffUnmet": "Прекъсване Неудовлетворено",
    "DatabaseMigration": "DB миграция",
    "Dates": "Дати",
    "DelayingDownloadUntil": "Забавя се изтеглянето до {0} в {1}",
    "DeleteImportListExclusionMessageText": "Наистина ли искате да изтриете това изключване от списъка за импортиране?",
    "DeleteImportListMessageText": "Наистина ли искате да изтриете списъка „{0}“?",
    "DeleteIndexer": "Изтрийте Indexer",
    "DeleteIndexerMessageText": "Наистина ли искате да изтриете индексатора „{0}“?",
    "DeleteMetadataProfileMessageText": "Наистина ли искате да изтриете качествения профил {0}",
    "DeleteNotification": "Изтриване на известието",
    "DeleteNotificationMessageText": "Наистина ли искате да изтриете известието „{0}“?",
    "DeleteQualityProfile": "Изтрийте качествения профил",
    "DeleteQualityProfileMessageText": "Наистина ли искате да изтриете качествения профил {0}",
    "DeleteReleaseProfile": "Изтриване на профила за забавяне",
    "DeleteReleaseProfileMessageText": "Наистина ли искате да изтриете този профил за забавяне?",
    "DestinationPath": "Път на дестинацията",
    "DetailedProgressBar": "Подробна лента за напредъка",
    "DetailedProgressBarHelpText": "Показване на текст в лентата за напредъка",
    "ForMoreInformationOnTheIndividualIndexersClickOnTheInfoButtons": "За повече информация относно отделните индексатори щракнете върху информационните бутони.",
    "ForMoreInformationOnTheIndividualListsClickOnTheInfoButtons": "За повече информация относно отделните списъци за импортиране щракнете върху бутоните с информация.",
    "IsTagUsedCannotBeDeletedWhileInUse": "Не може да се изтрие, докато се използва",
    "LaunchBrowserHelpText": " Отворете уеб браузър и отворете началната страница на {appName} при стартиране на приложението.",
    "LidarrSupportsAnyDownloadClientThatUsesTheNewznabStandardAsWellAsOtherDownloadClientsListedBelow": "{appName} поддържа всеки клиент за изтегляне, който използва стандарта Newznab, както и други клиенти за изтегляне, изброени по-долу.",
    "LidarrSupportsAnyIndexerThatUsesTheNewznabStandardAsWellAsOtherIndexersListedBelow": "{appName} поддържа всеки индексатор, който използва стандарта Newznab, както и други индексатори, изброени по-долу.",
    "Local": "Местен",
    "MetadataSettings": "Настройки на метаданните",
    "Password": "Парола",
    "Security": "Сигурност",
    "SendAnonymousUsageData": "Изпращане на анонимни данни за използване",
    "SetPermissions": "Задайте разрешения",
    "UnableToLoadRemotePathMappings": "Не може да се зареди съпоставяне на отдалечени пътища",
    "UnableToLoadRootFolders": "Не може да се заредят коренови папки",
    "UnableToLoadTags": "Не може да се заредят маркери",
    "UnableToLoadUISettings": "Настройките на потребителския интерфейс не могат да се заредят",
    "Ungroup": "Разгрупиране",
    "UnmonitoredHelpText": "Включете непроменени филми в iCal емисията",
    "UpdateAutomaticallyHelpText": "Автоматично изтегляне и инсталиране на актуализации. Все още ще можете да инсталирате от System: Updates",
    "UpdateMechanismHelpText": "Използвайте вградения в {appName} актуализатор или скрипт",
    "UpdateScriptPathHelpText": "Път към персонализиран скрипт, който взема извлечен пакет за актуализация и обработва останалата част от процеса на актуализация",
    "Updates": "Актуализации",
    "UpgradeAllowedHelpText": "Ако инвалидните качества няма да бъдат надградени",
    "Uptime": "Време за работа",
    "UrlBaseHelpText": "За обратна поддръжка на прокси по подразбиране е празно",
    "UrlBaseHelpTextWarning": "Изисква рестартиране, за да влезе в сила",
    "UseHardlinksInsteadOfCopy": "Използвайте твърди връзки вместо Копиране",
    "UseProxy": "Използвай прокси",
    "UsenetDelay": "Usenet Delay",
    "UsenetDelayHelpText": "Забавете за минути, за да изчакате, преди да вземете съобщение от Usenet",
    "Username": "Потребителско име",
    "About": "относно",
    "Actions": "Действия",
    "AddingTag": "Добавяне на таг",
    "AddListExclusion": "Добавяне на изключване от списъка",
    "APIKey": "API ключ",
    "ApiKeyHelpTextWarning": "Изисква рестартиране, за да влезе в сила",
    "AppDataDirectory": "Директория на AppData",
    "ApplyTags": "Прилагане на тагове",
    "ApplyTagsHelpTextReplace": "Замяна: Заменете маркерите с въведените маркери (не въвеждайте маркери, за да изчистите всички маркери)",
    "ArtistAlbumClickToChangeTrack": "Щракнете, за да промените филма",
    "Authentication": "Удостоверяване",
    "AuthenticationMethodHelpText": "Изисквайте потребителско име и парола за достъп до {appName}",
    "Backups": "Архиви",
    "BlocklistRelease": "Освобождаване на черния списък",
    "Branch": "Клон",
    "BypassProxyForLocalAddresses": "Заобикаляне на прокси за локални адреси",
    "Calendar": "Календар",
    "CalendarWeekColumnHeaderHelpText": "Показва се над всяка колона, когато седмицата е активният изглед",
    "Cancel": "Отказ",
    "CancelPendingTask": "Наистина ли искате да отмените тази чакаща задача?",
    "CertificateValidation": "Валидиране на сертификат",
    "CertificateValidationHelpText": "Променете колко строго е валидирането на HTTPS сертифициране",
    "ChangeFileDate": "Промяна на датата на файла",
    "ChangeHasNotBeenSavedYet": "Промяната все още не е запазена",
    "ChmodFolder": "chmod папка",
    "ChmodFolderHelpText": "Осмично, приложено по време на импортиране / преименуване към медийни папки и файлове (без битове за изпълнение)",
    "ChmodFolderHelpTextWarning": "Това работи само ако потребителят, работещ с {appName}, е собственик на файла. По-добре е да се уверите, че клиентът за изтегляне правилно задава разрешенията.",
    "ChownGroupHelpText": "Име на група или gid. Използвайте gid за отдалечени файлови системи.",
    "ChownGroupHelpTextWarning": "Това работи само ако потребителят, работещ с {appName}, е собственик на файла. По-добре е да се уверите, че клиентът за изтегляне използва същата група като {appName}.",
    "Clear": "Ясно",
    "ClickToChangeQuality": "Щракнете, за да промените качеството",
    "ClientPriority": "Приоритет на клиента",
    "CloneIndexer": "Clone Indexer",
    "CloneProfile": "Профил на клониране",
    "Columns": "Колони",
    "CompletedDownloadHandling": "Завършено обработване на изтегляне",
    "Connections": "Връзки",
    "ConnectSettings": "Настройки за свързване",
    "DelayProfile": "Профил за забавяне",
    "DelayProfiles": "Профили за забавяне",
    "Delete": "Изтрий",
    "DeleteBackup": "Изтриване на резервно копие",
    "DeleteDelayProfile": "Изтриване на профила за забавяне",
    "DeleteEmptyFolders": "Изтрийте празни папки",
    "DeleteImportListExclusion": "Изтриване на изключването на списъка за импортиране",
    "DeleteRootFolderMessageText": "Наистина ли искате да изтриете индексатора „{0}“?",
    "DeleteSelectedTrackFiles": "Изтриване на избрани филмови файлове",
    "DeleteTag": "Изтриване на маркера",
    "DownloadPropersAndRepacksHelpTexts1": "Дали автоматично да надстроите до Propers / Repacks",
    "DownloadWarningCheckDownloadClientForMoreDetails": "Предупреждение за изтегляне: проверете клиента за изтегляне за повече подробности",
    "Edit": "редактиране",
    "Enable": "Активиране",
    "EnableAutomaticAdd": "Активирайте автоматичното добавяне",
    "EnableAutomaticSearch": "Активирайте автоматичното търсене",
    "EnableColorImpairedMode": "Активирайте режима с увредени цветове",
    "EnableColorImpairedModeHelpText": "Променен стил, за да позволи на потребителите с увредени цветове да разграничат по-добре информацията, кодирана в цвят",
    "EnableCompletedDownloadHandlingHelpText": "Автоматично импортирайте завършени изтегляния от клиент за изтегляне",
    "EnableHelpText": "Активирайте създаването на файл с метаданни за този тип метаданни",
    "EnableInteractiveSearch": "Активирайте интерактивно търсене",
    "EnableRSS": "Активиране на RSS",
    "EnableSSL": "Активирайте SSL",
    "EnableSslHelpText": " Изисква рестартиране, изпълнено като администратор, за да влезе в сила",
    "Ended": "Приключи",
    "ErrorLoadingContents": "Грешка при зареждането на съдържанието",
    "ErrorLoadingPreviews": "Грешка при зареждането на визуализациите",
    "Exception": "Изключение",
    "FileDateHelpText": "Променете датата на файла при импортиране / пресканиране",
    "GeneralSettings": "Основни настройки",
    "Global": "Глобален",
    "GoToInterp": "Отидете на {0}",
    "Grab": "Грабнете",
    "GrabRelease": "Grab Release",
    "GrabSelected": "Grab Selected",
    "Group": "Група",
    "HasPendingChangesNoChanges": "Без промени",
    "HasPendingChangesSaveChanges": "Запазите промените",
    "History": "История",
    "Host": "Водещ",
    "HostHelpText": "Същият хост, който сте посочили за отдалечения клиент за изтегляне",
    "Hostname": "Име на хост",
    "ICalFeed": "iCal Feed",
    "ICalHttpUrlHelpText": "Копирайте този URL адрес на вашите клиенти или кликнете, за да се абонирате, ако браузърът ви поддържа webcal",
    "ICalLink": "iCal връзка",
    "IconForCutoffUnmet": "Икона за Cutoff Unmet",
    "IgnoredAddresses": "Игнорирани адреси",
    "IgnoredHelpText": "Пускането ще бъде отхвърлено, ако съдържа един или повече от условията (без регистрация)",
    "IgnoredPlaceHolder": "Добавете ново ограничение",
    "IllRestartLater": "Ще рестартирам по-късно",
    "ImportedTo": "Внос в",
    "ImportExtraFiles": "Импортиране на допълнителни файлове",
    "ImportExtraFilesHelpText": "Импортирайте съвпадащи допълнителни файлове (субтитри, nfo и т.н.) след импортиране на филмов файл",
    "ImportFailedInterp": "Неуспешно импортиране: {0}",
    "Importing": "Импортиране",
    "IncludeUnknownArtistItemsHelpText": "Показване на елементи без филм в опашката. Това може да включва премахнати филми или нещо друго от категорията на {appName}",
    "IncludeUnmonitored": "Включете Без наблюдение",
    "Indexer": "Индексатор",
    "IndexerPriority": "Индексатор Приоритет",
    "Indexers": "Индексатори",
    "IndexerSettings": "Настройки на индексатора",
    "InteractiveSearch": "Интерактивно търсене",
    "Interval": "Интервал",
    "IsCutoffCutoff": "Отрязвам",
    "IsCutoffUpgradeUntilThisQualityIsMetOrExceeded": "Надстройте, докато това качество бъде постигнато или надвишено",
    "Level": "Ниво",
    "LocalPath": "Местен път",
    "LocalPathHelpText": "Път, който {appName} трябва да използва за локален достъп до отдалечения път",
    "LogFiles": "Лог файлове",
    "Logging": "Регистрация",
    "LogLevel": "Log Level",
    "LogLevelvalueTraceTraceLoggingShouldOnlyBeEnabledTemporarily": "Регистрацията на проследяване трябва да бъде разрешена само временно",
    "Logs": "Дневници",
    "LongDateFormat": "Формат с дълга дата",
    "ManualImport": "Ръчен импорт",
    "MarkAsFailed": "Означаване като неуспешно",
    "MarkAsFailedMessageText": "Наистина ли искате да маркирате „{0}“ като неуспешен?",
    "MaximumLimits": "Максимални граници",
    "MaximumSize": "Максимален размер",
    "Mechanism": "Механизъм",
    "MediaInfo": "Информация за медиите",
    "MediaManagementSettings": "Настройки за управление на медиите",
    "Medium": "Среден",
    "Message": "Съобщение",
    "MIA": "МВР",
    "MinimumAge": "Минимална възраст",
    "MinimumAgeHelpText": "Само Usenet: Минимална възраст в минути NZB, преди да бъдат грабнати. Използвайте това, за да дадете време за нови версии за разпространение до вашия доставчик на usenet.",
    "MinimumFreeSpace": "Минимално свободно пространство",
    "Mode": "Режим",
    "Monitored": "Наблюдавани",
    "MoreInfo": "Повече информация",
    "MustContain": "Трябва да съдържа",
    "MustNotContain": "Не трябва да съдържа",
    "Name": "Име",
    "NamingSettings": "Настройки за именуване",
    "New": "Ново",
    "NoBackupsAreAvailable": "Няма налични резервни копия",
    "NoHistory": "Няма история",
    "NoLeaveIt": "Не, оставете го",
    "NoLogFiles": "Няма регистрационни файлове",
    "None": "Нито един",
    "NotificationTriggers": "Задействания за уведомяване",
    "NoUpdatesAreAvailable": "Няма налични актуализации",
    "OpenBrowserOnStart": "Отворете браузъра при стартиране",
    "Options": "Настроики",
    "Original": "Оригинал",
    "Profiles": "Профили",
    "Proper": "Правилно",
    "PropersAndRepacks": "Propers и Repacks",
    "Protocol": "Протокол",
    "ProtocolHelpText": "Изберете кой протокол (и) да използвате и кой е предпочитан, когато избирате между иначе еднакви версии",
    "Proxy": "Прокси",
    "ProxyBypassFilterHelpText": "Използвайте „,“ като разделител и „*“. като заместващ знак за поддомейни",
    "ProxyPasswordHelpText": "Трябва само да въведете потребителско име и парола, ако е необходимо. В противен случай ги оставете празни.",
    "ProxyType": "Тип прокси",
    "ProxyUsernameHelpText": "Трябва само да въведете потребителско име и парола, ако е необходимо. В противен случай ги оставете празни.",
    "PublishedDate": "Дата на публикуване",
    "Quality": "Качество",
    "QualityDefinitions": "Определения за качество",
    "QualityProfile": "Качествен профил",
    "QualityProfiles": "Качествени профили",
    "QualitySettings": "Настройки за качество",
    "Queue": "Опашка",
    "ReadTheWikiForMoreInformation": "Прочетете Wiki за повече информация",
    "Real": "Истински",
    "Reason": "Причина",
    "RecycleBinCleanupDaysHelpText": "Задайте на 0, за да деактивирате автоматичното почистване",
    "RecycleBinHelpText": "Файловете с филми ще отидат тук, когато бъдат изтрити, вместо да бъдат изтрити за постоянно",
    "RecyclingBin": "Кош за боклук",
    "RecyclingBinCleanup": "Почистване на кошчето за рециклиране",
    "Redownload": "Презареждане",
    "Refresh": "Обнови",
    "RefreshInformationAndScanDisk": "Опреснете информацията и сканирайте диска",
    "RefreshScan": "Опресняване и сканиране",
    "ReleaseDate": "Дати на издаване",
    "ReleaseGroup": "Група за освобождаване",
    "ReleaseRejected": "Пускането отхвърлено",
    "ReleaseStatuses": "Състояние на освобождаване",
    "ReleaseWillBeProcessedInterp": "Версията ще бъде обработена {0}",
    "Reload": "Презаредете",
    "RemotePath": "Отдалечен път",
    "RemotePathHelpText": "Основен път към директорията, до която клиентът за изтегляне има достъп",
    "RemotePathMappings": "Съпоставяне на отдалечен път",
    "Remove": "Премахване",
    "RemoveCompletedDownloadsHelpText": "Премахнете импортираните изтегляния от историята на клиента за изтегляне",
    "RemovedFromTaskQueue": "Премахнато от опашката на задачите",
    "RemoveFailedDownloadsHelpText": "Премахнете неуспешните изтегляния от историята на клиента за изтегляне",
    "RemoveFilter": "Отстранете филтъра",
    "RemoveFromBlocklist": "Премахване от черния списък",
    "RemoveFromDownloadClient": "Премахване от клиент за изтегляне",
    "RemoveFromQueue": "Премахване от опашката",
    "RemoveSelected": "Премахнете избраното",
    "RequiresRestartToTakeEffect": "Изисква рестартиране, за да влезе в сила",
    "RescanAfterRefreshHelpTextWarning": "{appName} няма автоматично да открива промени във файлове, когато не е зададено на „Винаги“",
    "RescanArtistFolderAfterRefresh": "Повторно сканиране на папка за филм след опресняване",
    "Reset": "Нулиране",
    "ResetAPIKey": "Нулиране на API ключ",
    "ResetAPIKeyMessageText": "Наистина ли искате да нулирате своя API ключ?",
    "Restart": "Рестартирам",
    "RestartLidarr": "Рестартирайте {appName}",
    "RestartNow": "Рестартирай сега",
    "Restore": "Възстанови",
    "RestoreBackup": "Възстанови архива",
    "Result": "Резултат",
    "Retention": "Задържане",
    "RetentionHelpText": "Само Usenet: Задайте на нула, за да зададете за неограничено задържане",
    "RetryingDownloadOn": "Повторен опит за изтегляне {0} в {1}",
    "RootFolder": "Рут папка",
    "RootFolders": "Коренни папки",
    "RSSSync": "RSS синхронизиране",
    "RSSSyncInterval": "RSS интервал за синхронизиране",
    "RssSyncIntervalHelpText": "Интервал за минути. Задайте на нула, за да деактивирате (това ще спре всички автоматично хващане на освобождаване)",
    "ShownAboveEachColumnWhenWeekIsTheActiveView": "Показва се над всяка колона, когато седмицата е активният изглед",
    "ShowPath": "Покажи пътя",
    "ShowQualityProfile": "Показване на качествения профил",
    "ShowQualityProfileHelpText": "Показване на качествен профил под плакат",
    "ShowRelativeDates": "Показване на относителни дати",
    "ShowRelativeDatesHelpText": "Показване на относителни (днес / вчера / и т.н.) или абсолютни дати",
    "ShowSearch": "Показване на търсене",
    "ShowSearchActionHelpText": "Показване на бутона за търсене при нанасяне на курсора на мишката",
    "ShowSizeOnDisk": "Показване на размера на диска",
    "ShowUnknownArtistItems": "Показване на непознати филмови елементи",
    "SSLCertPassword": "SSL сертификатна парола",
    "SslCertPasswordHelpText": "Парола за pfx файл",
    "SslCertPasswordHelpTextWarning": "Изисква рестартиране, за да влезе в сила",
    "SSLCertPath": "SSL Cert Path",
    "SslCertPathHelpText": "Път към pfx файл",
    "SslCertPathHelpTextWarning": "Изисква рестартиране, за да влезе в сила",
    "SSLPort": "SSL порт",
    "SslPortHelpTextWarning": "Изисква рестартиране, за да влезе в сила",
    "StandardTrackFormat": "Стандартен формат на филма",
    "StartupDirectory": "Стартова директория",
    "Status": "Състояние",
    "Style": "Стил",
    "SuccessMyWorkIsDoneNoFilesToRename": "Успех! Работата ми приключи, няма файлове за преименуване.",
    "SuccessMyWorkIsDoneNoFilesToRetag": "Успех! Работата ми приключи, няма файлове за преименуване.",
    "SupportsRssvalueRSSIsNotSupportedWithThisIndexer": "RSS не се поддържа с този индексатор",
    "SupportsSearchvalueSearchIsNotSupportedWithThisIndexer": "Търсенето не се поддържа с този индексатор",
    "SupportsSearchvalueWillBeUsedWhenAutomaticSearchesArePerformedViaTheUIOrByLidarr": "Ще се използва, когато се извършват автоматични търсения чрез потребителския интерфейс или от {appName}",
    "SupportsSearchvalueWillBeUsedWhenInteractiveSearchIsUsed": "Ще се използва, когато се използва интерактивно търсене",
    "TagIsNotUsedAndCanBeDeleted": "Етикетът не се използва и може да бъде изтрит",
    "Tags": "Етикети",
    "Tasks": "Задачи",
    "TestAll": "Тествайте всички",
    "TestAllClients": "Тествайте всички клиенти",
    "TestAllIndexers": "Тествайте всички индексатори",
    "TestAllLists": "Тествайте всички списъци",
    "ThisWillApplyToAllIndexersPleaseFollowTheRulesSetForthByThem": "Това ще важи за всички индексатори, моля, следвайте правилата, определени от тях",
    "Time": "Време",
    "TimeFormat": "Времеви формат",
    "TorrentDelay": "Торент закъснение",
    "TorrentDelayHelpText": "Забавете за минути, за да изчакате, преди да вземете порой",
    "Torrents": "Торенти",
    "TotalFileSize": "Общ размер на файла",
    "Track": "Проследяване",
    "Type": "Тип",
    "URLBase": "URL база",
    "UiLanguageHelpText": "Език, който {appName} ще използва за потребителски интерфейс",
    "Year": "Година",
    "Analytics": "Анализ",
    "DownloadFailedInterp": "Изтеглянето не бе успешно: {0}",
    "FileManagement": "Управление на файлове",
    "FileNames": "Имена на файлове",
    "Filename": "Име на файл",
    "Files": "Файлове",
    "FirstDayOfWeek": "Първи ден от седмицата",
    "Fixed": "Фиксирана",
    "Folder": "Папка",
    "Folders": "Папки",
    "ForMoreInformationOnTheIndividualDownloadClientsClickOnTheInfoButtons": "За повече информация относно отделните клиенти за изтегляне щракнете върху информационните бутони.",
    "LidarrTags": "Радарни маркери",
    "PackageVersion": "Версия на пакета",
    "PageSize": "Размер на страницата",
    "PageSizeHelpText": "Брой елементи за показване на всяка страница",
    "Path": "Път",
    "Permissions": "Разрешения",
    "Port": "Порт",
    "PortNumber": "Номер на пристанище",
    "PosterSize": "Размер на плаката",
    "PreviewRename": "Визуализация Преименуване",
    "Scheduled": "Планиран",
    "ScriptPath": "Път на скрипта",
    "Search": "Търсене",
    "SearchAll": "Търсене във всички",
    "SearchForMissing": "Търсене за липсващ",
    "SearchSelected": "Търсене Избрано",
    "SetPermissionsLinuxHelpText": "Трябва ли chmod да се изпълнява, когато файловете се импортират / преименуват?",
    "SetPermissionsLinuxHelpTextWarning": "Ако не сте сигурни какво правят тези настройки, не ги променяйте.",
    "Settings": "Настройки",
    "ShortDateFormat": "Формат на кратка дата",
    "ShowCutoffUnmetIconHelpText": "Показване на икона за файлове, когато границата не е изпълнена",
    "ShowDateAdded": "Показване на добавена дата",
    "ShowMonitored": "Показване на мониторинг",
    "ShowMonitoredHelpText": "Показване на наблюдаваното състояние под плакат",
    "Size": " Размер",
    "SkipFreeSpaceCheck": "Пропуснете проверката на свободното пространство",
    "SorryThatAlbumCannotBeFound": "За съжаление този филм не може да бъде намерен.",
    "SorryThatArtistCannotBeFound": "За съжаление този филм не може да бъде намерен.",
    "Source": "Източник",
    "SourcePath": "Път на източника",
    "UnableToLoadIndexerOptions": "Опциите за индексатор не могат да се заредят",
    "Unmonitored": "Без наблюдение",
    "UpdateAll": "Актуализирай всички",
    "OnGrab": "На Граб",
    "Component": "Съставна част",
    "OnRename": "При преименуване",
    "Tracks": "Проследяване",
    "Docker": "Докер",
    "OnHealthIssue": "По здравен въпрос",
    "OnUpgrade": "При надстройка",
    "Usenet": "Usenet",
    "Activity": "Дейност",
    "Add": "Добавяне",
    "AddDelayProfile": "Добавете профил за забавяне",
    "Added": "Добавено",
    "AddIndexer": "Добавете Indexer",
    "AddNew": "Добави нов",
    "AddQualityProfile": "Добавете качествен профил",
    "AddRemotePathMapping": "Добавете отдалечено картографиране на пътя",
    "AddRootFolder": "Добавяне на коренна папка",
    "AfterManualRefresh": "След ръчно опресняване",
    "Age": "Възраст",
    "All": "всичко",
    "AllFiles": "Всички файлове",
    "Always": "Винаги",
    "Apply": "Приложи",
    "AudioInfo": "Аудио информация",
    "Backup": "Архивиране",
    "Close": "Близо",
    "Date": "Дата",
    "Deleted": "Изтрито",
    "Details": "Подробности",
    "Donations": "Дарения",
    "DoNotPrefer": "Не предпочитайте",
    "DoNotUpgradeAutomatically": "Не надграждайте автоматично",
    "DownloadFailed": "Изтеглянето се провали",
    "EditDelayProfile": "Редактиране на профил за забавяне",
    "EditImportListExclusion": "Изтриване на изключването на списъка за импортиране",
    "EditQualityProfile": "Редактирайте качествения профил",
    "EditRemotePathMapping": "Редактиране на отдалечено картографиране на пътя",
    "EditRootFolder": "Добавяне на коренна папка",
    "Error": "Грешка",
    "ErrorRestoringBackup": "Грешка при възстановяване на архивиране",
    "Events": "Събития",
    "EventType": "Тип на събитието",
    "FreeSpace": "Свободно пространство",
    "HardlinkCopyFiles": "Твърда връзка / копиране на файлове",
    "HideAdvanced": "Скрий Разширено",
    "Import": "Внос",
    "Location": "Местоположение",
    "Manual": "Ръчно",
    "Metadata": "Метаданни",
    "MonitoredOnly": "Само наблюдавано",
    "MoveAutomatically": "Бърз импорт",
    "MoveFiles": "Преместване на файлове",
    "NextExecution": "Следващо изпълнение",
    "NoTagsHaveBeenAddedYet": "Все още не са добавени етикети",
    "Ok": "Добре",
    "Organize": "Организирайте",
    "OutputPath": "Изходен път",
    "Peers": "Връстници",
    "PreferAndUpgrade": "Предпочитайте и надграждайте",
    "Presets": "Предварителни настройки",
    "QualityLimitsHelpText": "Ограниченията се коригират автоматично за времето на изпълнение на филма.",
    "RejectionCount": "Брой на отхвърлянията",
    "ReleaseTitle": "Заглавие на изданието",
    "Replace": "Сменете",
    "RestartRequiredHelpTextWarning": "Изисква рестартиране, за да влезе в сила",
    "RestoreBackupAdditionalInfo": "Забележка: {appName} автоматично ще рестартира и презареди потребителския интерфейс по време на процеса на възстановяване.",
    "Save": "Запазете",
    "Seeders": "Сеялки",
    "Select...": "„Изберете ...",
    "SelectFolder": "Изберете папка",
    "SelectQuality": "Изберете Качество",
    "ShowAdvanced": "Показване на напреднали",
    "SizeOnDisk": "Размер на диска",
    "SourceTitle": "Заглавие на източника",
    "Test": "Тест",
    "TimeLeft": "Оставащо време",
    "Title": "Заглавие",
    "TotalSpace": "Общо пространство",
    "Ui": "Потребителски интерфейс",
    "UnmappedFilesOnly": "Само немапирани файлове",
    "Warn": "Предупреждавайте",
    "WouldYouLikeToRestoreBackup": "Искате ли да възстановите архива {0}?",
    "BeforeUpdate": "Преди актуализация",
    "OnlyTorrent": "Само Торент",
    "OnlyUsenet": "Само Usenet",
    "Queued": "На опашка",
    "Rating": "Оценки",
    "Renamed": "Преименуван",
    "System": "Система",
    "Connect": "Свържете",
    "Custom": "Персонализиран",
    "CustomFilters": "Персонализирани филтри",
    "Filters": "Филтър",
    "General": "Общ",
    "Genres": "Жанрове",
    "Grabbed": "Грабната",
    "Ignored": "Игнориран",
    "InteractiveImport": "Интерактивен импорт",
    "LastDuration": "lastDuration",
    "LastExecution": "Последно изпълнение",
    "MediaManagement": "Управление на медиите",
    "Progress": "Напредък",
    "UnmonitoredOnly": "Само наблюдавано",
    "UpgradesAllowed": "Позволени надстройки",
    "Wanted": "Издирва се",
    "Info": "Информация",
    "LastUsed": "Последно използван",
    "LastWriteTime": "Време за последно писане",
    "ImportListExclusions": "Изтриване на изключването на списъка за импортиране",
    "AddImportListExclusion": "Изтриване на изключването на списъка за импортиране",
    "DoneEditingGroups": "Готово редактиране на групи",
    "EditGroups": "Редактиране на групи",
    "QualitiesHelpText": "Качествата в списъка са по-предпочитани. Качествата в една и съща група са равни. Търсят се само проверени качества",
    "NETCore": ".NET Core",
    "MinimumCustomFormatScore": "Минимален резултат от персонализиран формат",
    "CustomFormatScore": "Резултат от персонализиран формат",
    "CloneCustomFormat": "Клониране на персонализиран формат",
    "CopyToClipboard": "Копиране в клипборда",
    "CouldntFindAnyResultsForTerm": "Не можах да намеря резултати за „{0}“",
    "CustomFormat": "Персонализиран формат",
    "CustomFormatRequiredHelpText": "Това {0} условие трябва да съвпада, за да се приложи персонализираният формат. В противен случай е достатъчно едно съвпадение {1}.",
    "CustomFormatSettings": "Настройки на персонализирани формати",
    "CustomFormats": "Персонализирани формати",
    "Customformat": "Персонализиран формат",
    "CutoffFormatScoreHelpText": "След като бъде постигнат резултатът от този персонализиран формат, {appName} вече няма да изтегля филми",
    "DeleteCustomFormat": "Изтриване на потребителски формат",
    "DeleteFormatMessageText": "Наистина ли искате да изтриете маркер за формат {0}?",
    "DownloadPropersAndRepacksHelpTextWarning": "Използвайте персонализирани формати за автоматично надстройване до Propers / Repacks",
    "DownloadedUnableToImportCheckLogsForDetails": "Изтеглено - Не може да се импортира: проверете регистрационните файлове за подробности",
    "Formats": "Формати",
    "IncludeCustomFormatWhenRenamingHelpText": "Включете във формат за преименуване на {Custom Formats}",
    "ItsEasyToAddANewArtistJustStartTypingTheNameOfTheArtistYouWantToAdd": "Лесно е да добавите нов филм, просто започнете да въвеждате името на филма, който искате да добавите",
    "MaintenanceRelease": "Издание за поддръжка: поправки на грешки и други подобрения. Вижте История на комисиите на Github за повече подробности",
    "Monitor": "Монитор",
    "NegateHelpText": "Ако е отметнато, персонализираният формат няма да се прилага, ако това {0} условие съвпада.",
    "PreferTorrent": "Предпочитайте Torrent",
    "PreferUsenet": "Предпочитайте Usenet",
    "TheArtistFolderStrongpathstrongAndAllOfItsContentWillBeDeleted": "Папката с филма „{0}“ и цялото й съдържание ще бъдат изтрити.",
    "UnableToLoadCustomFormats": "Не може да се заредят персонализирани формати",
    "UnableToLoadInteractiveSearch": "Не могат да се заредят резултати за това търсене на филм. Опитайте отново по-късно",
    "ExportCustomFormat": "Експортиране на потребителски формат",
    "FailedDownloadHandling": "Неуспешно обработване на изтеглянето",
    "FailedLoadingSearchResults": "Неуспешно зареждане на резултатите от търсенето, моля, опитайте отново.",
    "MinFormatScoreHelpText": "Разрешено е изтегляне на минимален резултат от персонализиран формат",
    "DeleteCustomFormatMessageText": "Наистина ли искате да изтриете индексатора „{0}“?",
    "Conditions": "Условия",
    "ShownClickToHide": "Показано, щракнете, за да се скриете",
    "AppDataLocationHealthCheckMessage": "Актуализирането няма да е възможно, за да се предотврати изтриването на AppData при актуализация",
    "ColonReplacement": "Подмяна на дебелото черво",
    "Disabled": "хора с увреждания",
    "DownloadClientRootFolderHealthCheckMessage": "Клиентът за изтегляне {downloadClientName} поставя изтеглянията в основната папка {rootFolderPath}. Не трябва да изтегляте в основна папка.",
    "DownloadClientCheckNoneAvailableMessage": "Няма наличен клиент за изтегляне",
    "DownloadClientStatusCheckAllClientMessage": "Всички клиенти за изтегляне са недостъпни поради неуспехи",
    "ImportListStatusCheckAllClientMessage": "Всички списъци са недостъпни поради неуспехи",
    "ImportListStatusCheckSingleClientMessage": "Списъци, недостъпни поради неуспехи: {0}",
    "ImportMechanismHealthCheckMessage": "Активиране на завършено обработване на изтегляне",
    "IndexerLongTermStatusCheckSingleClientMessage": "Индексатори не са налични поради неуспехи за повече от 6 часа: {0}",
    "IndexerLongTermStatusCheckAllClientMessage": "Всички индексатори са недостъпни поради грешки за повече от 6 часа",
    "IndexerRssHealthCheckNoIndexers": "Няма налични индексатори с активирана RSS синхронизация, {appName} няма да взема автоматично нови версии",
    "IndexerSearchCheckNoAutomaticMessage": "Няма налични индексатори с активирано автоматично търсене, {appName} няма да предоставя резултати от автоматично търсене",
    "IndexerSearchCheckNoAvailableIndexersMessage": "Всички индексатори с възможност за търсене са временно недостъпни поради скорошни грешки в индексатора",
    "IndexerStatusCheckAllClientMessage": "Всички индексатори са недостъпни поради грешки",
    "MountArtistHealthCheckMessage": "Монтажът, съдържащ път на филм, е монтиран само за четене: ",
    "ProxyCheckBadRequestMessage": "Неуспешно тестване на прокси. Код на състоянието: {0}",
    "ProxyCheckResolveIpMessage": "Неуспешно разрешаване на IP адреса за конфигурирания прокси хост {0}",
    "ReplaceWithDash": "Заменете с Dash",
    "ReplaceWithSpaceDash": "Заменете с Space Dash",
    "RootFolderCheckMultipleMessage": "Липсват множество коренни папки: {0}",
    "RootFolderCheckSingleMessage": "Липсваща основна папка: {0}",
    "SystemTimeCheckMessage": "Системното време е изключено с повече от 1 ден. Планираните задачи може да не се изпълняват правилно, докато времето не бъде коригирано",
    "UpdateCheckStartupNotWritableMessage": "Не може да се инсталира актуализация, тъй като стартовата папка „{0}“ не може да се записва от потребителя „{1}“.",
    "HiddenClickToShow": "Скрито, кликнете за показване",
    "ProxyCheckFailedToTestMessage": "Неуспешно тестване на прокси: {0}",
    "DownloadClientCheckUnableToCommunicateMessage": "Не може да се комуникира с {0}.",
    "DownloadClientStatusCheckSingleClientMessage": "Клиентите за изтегляне са недостъпни поради грешки: {0}",
    "IndexerRssHealthCheckNoAvailableIndexers": "Всички rss-съвместими индексатори са временно недостъпни поради скорошни грешки в индексатора",
    "IndexerSearchCheckNoInteractiveMessage": "Няма налични индексатори с активирано интерактивно търсене, {appName} няма да предоставя никакви интерактивни резултати от търсенето",
    "IndexerStatusCheckSingleClientMessage": "Индексатори не са налични поради грешки: {0}",
    "ReplaceWithSpaceDashSpace": "Заменете с Space Dash Space",
    "UpdateCheckStartupTranslocationMessage": "Не може да се инсталира актуализация, защото стартовата папка „{0}“ е в папка за преместване на приложения.",
    "UpdateCheckUINotWritableMessage": "Не може да се инсталира актуализация, защото папката „{0}“ на потребителския интерфейс не може да се записва от потребителя „{1}“.",
    "DeleteRemotePathMapping": "Редактиране на отдалечено картографиране на пътя",
    "DeleteRemotePathMappingMessageText": "Наистина ли искате да изтриете това отдалечено картографиране на пътя?",
    "BlocklistReleases": "Освобождаване на черния списък",
    "FailedToLoadQueue": "Зареждането на опашката не бе успешно",
    "Required": "Задължително",
    "DeleteConditionMessageText": "Наистина ли искате да изтриете маркера '{0}'?",
    "DeleteSelectedDownloadClients": "Изтриване на клиент за изтегляне",
    "DeleteSelectedIndexers": "Изтрийте Indexer",
    "ExistingTag": "Съществуващ маркер",
    "Negated": "Отрицателно",
    "No": "Не",
    "NoChange": "Няма промяна",
    "QueueIsEmpty": "Опашката е празна",
    "RemoveSelectedItemBlocklistMessageText": "Наистина ли искате да премахнете избраните елементи от черния списък?",
    "RemovingTag": "Премахване на етикет",
    "SetTags": "Задаване на маркери",
    "Yes": "Да",
    "ApplyTagsHelpTextAdd": "Добавяне: Добавете маркерите към съществуващия списък с маркери",
    "ApplyTagsHelpTextRemove": "Премахване: Премахнете въведените тагове",
    "NoEventsFound": "Няма намерени събития",
    "RemoveSelectedItemQueueMessageText": "Наистина ли искате да премахнете {0} елемент {1} от опашката?",
    "RemoveSelectedItemsQueueMessageText": "Наистина ли искате да премахнете {0} елемент {1} от опашката?",
    "ApplyTagsHelpTextHowToApplyArtists": "Как да приложите тагове към избраните филми",
    "ApplyTagsHelpTextHowToApplyDownloadClients": "Как да приложите тагове към избраните филми",
    "ApplyTagsHelpTextHowToApplyImportLists": "Как да приложите тагове към избраните филми",
    "ApplyTagsHelpTextHowToApplyIndexers": "Как да приложите тагове към избраните филми",
    "SomeResultsAreHiddenByTheAppliedFilter": "Някои резултати са скрити от прилагания филтър",
    "SuggestTranslationChange": "Предложете промяна на превода",
    "UpdateSelected": "Избрана актуализация",
    "AllResultsAreHiddenByTheAppliedFilter": "Всички резултати са скрити от приложения филтър",
    "NoResultsFound": "Няма намерени резултати",
    "NotificationStatusAllClientHealthCheckMessage": "Всички списъци са недостъпни поради неуспехи",
    "Enabled": "Активирано",
    "NotificationStatusSingleClientHealthCheckMessage": "Списъци, недостъпни поради неуспехи: {0}",
    "Priority": "Приоритет",
    "Release": " Освободен",
    "RecentChanges": "Последни промени",
    "WhatsNew": "Какво ново?",
    "ConnectionLostReconnect": "Radarr ще се опита да се свърже автоматично или можете да щракнете върху презареждане по-долу.",
    "AddNewArtistRootFolderHelpText": "Подпапката „{0}“ ще бъде създадена автоматично",
    "AddMetadataProfile": "Добави профил на метадата",
    "AddNewArtist": "Добави нов изпълнител",
    "AddNewAlbum": "Добави нов албум",
    "MetadataProfile": "Добави профил на метадата",
    "Table": "Таблица",
    "EditMetadataProfile": "Добави профил на метадата",
    "MetadataProfiles": "Добави профил на метадата",
    "DeleteSpecification": "Изтриване на известието",
    "DeleteSpecificationHelpText": "Наистина ли искате да изтриете маркера „{0}“?",
    "GrabId": "Идентификатор на грабване",
    "AddListExclusionHelpText": "Предотвратете добавянето на филм към {appName} чрез списъци",
    "DeleteArtistFolderHelpText": "Изтрийте папката с филма и съдържанието му",
    "Large": "Голям",
    "OrganizeSelectedArtists": "Организирайте избрани филми",
    "Posters": "Плакати",
    "RenameFiles": "Преименувайте файловете",
    "AuthBasic": "Основно (изскачащ прозорец на браузъра)",
    "AuthForm": "Формуляри (Страница за вход)",
    "AddImportListExclusionArtistHelpText": "Предотвратете добавянето на филм към {appName} чрез списъци",
    "AutoTaggingNegateHelpText": "Ако е отметнато, персонализираният формат няма да се прилага, ако това {0} условие съвпада.",
    "AddAutoTagError": "Не може да се добави нов списък, моля, опитайте отново.",
    "AddConditionError": "Не може да се добави ново условие, моля, опитайте отново.",
    "Connection": "Връзка",
    "DeleteAutoTagHelpText": "Наистина ли искате да изтриете качествения профил {0}",
    "AddNewArtistSearchForMissingAlbums": "Започнете търсене на липсващ филм",
    "AlbumsLoadError": "Архивите не могат да се заредят",
    "ConditionUsingRegularExpressions": "Това условие съвпада с използването на регулярни изрази. Имайте предвид, че символите {0} имат специални значения и трябва да избягат с {1}",
    "DisabledForLocalAddresses": "Забранено за местни адреси",
    "Negate": "Negate",
    "Overview": "Общ преглед",
    "OverviewOptions": "Опции за преглед",
    "PosterOptions": "Опции за плакати",
    "Small": "Малък",
    "NoLimitForAnyDuration": "Няма ограничение за всяко време на изпълнение",
    "NoMinimumForAnyDuration": "Няма минимум за всяко време на изпълнение",
    "PreferredSize": "Предпочитан размер",
    "Unlimited": "Неограничен",
    "AddImportListExclusionAlbumHelpText": "Предотвратете добавянето на филм към {appName} чрез списъци",
    "ExtraFileExtensionsHelpText": "Списък с допълнителни файлове за импортиране, разделени със запетая (.nfo ще бъде импортиран като .nfo-orig)",
    "ExtraFileExtensionsHelpTextsExamples": "Примери: '.sub, .nfo' или 'sub, nfo'",
    "DeleteArtistFoldersHelpText": "Изтрийте папката с филма и съдържанието му",
    "IncludeHealthWarnings": "Включете здравни предупреждения",
    "AutoRedownloadFailed": "Изтеглянето се провали",
    "RemoveQueueItemConfirmation": "Наистина ли искате да премахнете {0} елемент {1} от опашката?",
    "DefaultCase": "Дело по подразбиране",
    "FileNameTokens": "Токени за име на файл",
    "Lowercase": "Малка буква",
    "Uppercase": "Главна буква",
    "ConnectSettingsSummary": "Известия, връзки към медийни сървъри / плейъри и персонализирани скриптове",
    "CustomFormatsSettings": "Настройки на персонализирани формати",
    "CustomFormatsSettingsSummary": "Персонализирани формати и настройки",
    "DownloadClientsSettingsSummary": "Изтегляне на клиенти, обработка на изтегляния и отдалечени картографски пътища",
    "GeneralSettingsSummary": "Порт, SSL, потребителско име / парола, прокси, анализи и актуализации",
    "ImportListsSettingsSummary": "Списъци за импортиране, списъци с изключения",
    "KeyboardShortcuts": "Комбинация от клавиши",
    "Links": "Връзки",
    "ImportLists": "Списъци",
    "QualitySettingsSummary": "Качествени размери и именуване",
    "TagsSettingsSummary": "Вижте всички тагове и как се използват. Неизползваните маркери могат да бъдат премахнати",
    "UiSettingsSummary": "Опции за увреждане на календар, дата и цвят",
    "MonitoredStatus": "Наблюдавано / Състояние",
    "ArtistIndexFooterDownloading": "Изтегляне",
    "ImportList": "Списъци",
    "AutomaticSearch": "Автоматично търсене",
    "GrabReleaseUnknownArtistOrAlbumMessageText": "Radarr не успя да определи за кой филм е предназначено това издание. Radarr може да не може автоматично да импортира тази версия. Искате ли да вземете „{0}“?",
    "CustomFilter": "Персонализирани филтри",
    "FormatAgeHour": "Часа",
    "FormatAgeHours": "Часа",
    "FormatAgeMinute": "Минути",
    "FormatAgeMinutes": "Минути",
    "MonitorNoAlbums": "Нито един",
    "Tomorrow": "Утре",
    "Yesterday": "Вчера",
    "IndexerFlags": "Индексиращи знамена",
    "InteractiveSearchModalHeader": "Интерактивно търсене",
    "IndexerPriorityHelpText": "Приоритет на индексатора от 1 (най-висок) до 50 (най-нисък). По подразбиране: 25.",
    "BuiltIn": "Вграден",
    "Script": "Сценарий",
    "DeleteSelectedCustomFormats": "Изтриване на потребителски формат",
    "IncludeCustomFormatWhenRenaming": "Включете персонализиран формат при преименуване",
    "AptUpdater": "Използвайте apt, за да инсталирате актуализацията",
    "DockerUpdater": "актуализирайте контейнера на докера, за да получите актуализацията",
    "ExternalUpdater": "{appName} е конфигуриран да използва външен механизъм за актуализация",
    "InstallLatest": "Инсталирайте най-новите",
    "OnLatestVersion": "Вече е инсталирана най-новата версия на {appName}",
    "Shutdown": "Изключвам",
    "UpdateAppDirectlyLoadError": "Не може да се актуализира {appName} директно,",
    "EditReleaseProfile": "Редактиране на профил за забавяне",
    "Clone": "Близо",
    "AddReleaseProfile": "Редактиране на профил за забавяне",
    "UnmappedFiles": "Немапирани папки",
    "Season": "Причина",
    "AddDelayProfileError": "Не може да се добави нов качествен профил, моля, опитайте отново.",
    "Max": "Макс",
    "Min": "Мин",
    "Preferred": "Предпочитан",
    "Today": "Днес",
    "MappedNetworkDrivesWindowsService": "Картографираните мрежови устройства не са налични, когато се изпълняват като услуга на Windows. Моля, вижте често задаваните въпроси за повече информация",
    "DownloadClientSettingsRecentPriority": "Приоритет на клиента",
    "AddedToDownloadQueue": "Добавен към опашката за изтегляне",
    "AppUpdated": "{appName} Актуализиранa",
    "AutoTaggingRequiredHelpText": "Това условие {implementationName} трябва да съответства, за да се приложи правилото за автоматично маркиране. В противен случай е достатъчно едно съвпадение на {implementationName}.",
    "CustomFormatsSettingsTriggerInfo": "Персонализиран формат ще бъде приложен към издание или файл, когато съвпада с поне един от всеки от избраните различни типове условия.",
    "AuthenticationRequiredHelpText": "Променете за кои заявки се изисква удостоверяване. Не променяйте, освен ако не разбирате рисковете.",
    "AuthenticationRequiredWarning": "За да предотврати отдалечен достъп без удостоверяване, {appName} вече изисква удостоверяването да бъде активирано. По желание можете да деактивирате удостоверяването от локални адреси.",
    "CustomFormatsSpecificationRegularExpressionHelpText": "Персонализираният формат RegEx не е чувствителен към главни и малки букви",
    "Auto": "Авто",
    "AuthenticationRequiredPasswordConfirmationHelpTextWarning": "Потвърдете новата парола",
    "AddDownloadClientImplementation": "Добави клиент за изтегляне - {implementationName}",
    "AddAutoTag": "Добави автоматичен таг",
    "AddCondition": "Добави условие",
    "BlocklistOnlyHint": "Списък за блокиране без търсене на заместител",
    "DownloadClientDelugeSettingsDirectoryCompleted": "Директория за вече завършените изтегляния",
    "DownloadClientDelugeSettingsDirectoryCompletedHelpText": "Незадължителна локация за преместване на вече завършените изтегляния, оставете празно, за да използвате мястото по подразбиране на Deluge",
    "ApplicationUrlHelpText": "Външният URL адрес на това приложение, включително http(s)://, порт и основно URL",
    "CustomFormatsSpecificationFlag": "Флаг",
    "DownloadClientDelugeSettingsDirectory": "Директория за изтегляне",
    "DoNotBlocklist": "Не блокирайте",
    "AddImportList": "Добави списък за импортиране",
    "AddImportListImplementation": "Добави списък за импортиране - {implementationName}",
    "AddIndexerImplementation": "Добави индексатор - {implementationName}",
    "AddToDownloadQueue": "Добави към опашката за изтегляне",
    "AppUpdatedVersion": "{appName} е актуализиранa до версия `{version}`, за да получите най-новите промени, ще трябва да презаредите {appName}",
    "ApplicationURL": "URL адрес на приложението",
    "AutoRedownloadFailedFromInteractiveSearchHelpText": "Автоматично търсене и опит за изтегляне на различно издание, когато неуспешното издание е било взето от интерактивно търсене",
    "AutoTagging": "Автоматично етикетиране",
    "AutoTaggingLoadError": "Не може да се зареди автоматичното маркиране",
    "AutomaticUpdatesDisabledDocker": "Автоматичните актуализации не се поддържат директно при използване на механизма за актуализация на Docker. Ще трябва да актуализирате Image-a на контейнера извън {appName} или да използвате скрипт",
    "BlocklistAndSearchMultipleHint": "Започнете търсене на заместители след блокиране",
    "BlocklistOnly": "Само списък за блокиране",
    "DoNotBlocklistHint": "Премахване без блокиране",
    "Dash": "Тире",
    "DownloadClientAriaSettingsDirectoryHelpText": "Незадължително локация за изтеглянията, оставете празно, за да използвате локацията по подразбиране на Aria2",
    "Donate": "Дарете",
    "Database": "База данни",
    "ApplyChanges": "Прилагане на промените",
    "AuthenticationRequiredPasswordHelpTextWarning": "Въведете нова парола",
    "NoCutoffUnmetItems": "Няма неизпълнени елементи за прекъсване",
    "AutomaticAdd": "Автоматично добавяне",
    "MinimumCustomFormatScoreHelpText": "Минимална резултат на персонализирания формат, необходима за пропускане на забавянето за предпочитания протокол",
    "AuthenticationRequiredUsernameHelpTextWarning": "Въведете ново потребителско име",
    "AuthenticationRequired": "Изисква се удостоверяване",
    "BlocklistAndSearchHint": "Започнете търсене на заместител след блокиране",
    "BlocklistMultipleOnlyHint": "Списък за блокиране без търсене на заместители",
    "AddConditionImplementation": "Добави условие - {implementationName}",
    "AddConnectionImplementation": "Добави връзка - {implementationName}",
    "AddConnection": "Добави връзка",
    "Any": "Всякакви",
    "AuthenticationMethod": "Метод за удостоверяване",
    "AuthenticationMethodHelpTextWarning": "Моля, изберете валиден метод за удостоверяване",
    "AutoRedownloadFailedFromInteractiveSearch": "Неуспешно повторно изтегляне от интерактивното търсене",
    "BypassIfAboveCustomFormatScore": "Пропусни, ако е над рейтинга на персонализирания формат",
    "BypassIfAboveCustomFormatScoreHelpText": "Активиране на пропускане, когато изданието има резултат, по-висок от конфигурирания минимален резултат за потребителски формат",
    "AutoTaggingSpecificationTag": "Етикет",
    "BlocklistAndSearch": "Списък за блокиране и търсене",
    "CustomFormatsSpecificationRegularExpression": "Регулярни изрази",
    "DownloadClientDelugeSettingsDirectoryHelpText": "Незадължителна локация за изтеглянията, оставете празно, за да използвате мястото по подразбиране на Deluge",
    "Absolute": "Абсолютен"
}
