{
    "Language": "Jazyk",
    "UiLanguage": "Jazyk uživatelského rozhraní",
    "Tracks": "Stopa",
    "Columns": "Sloupce",
    "CopyUsingHardlinksHelpText": "Hardlinks použijte, když se pokoušíte kopírovat soubory z torrentů, které se stále používají",
    "CopyUsingHardlinksHelpTextWarning": "Zámky souborů mohou občas zabránit přejmenování souborů, které se právě vysazují. Výsev můžete dočasně deaktivovat a použít funkci {appName} pro přejmenování.",
    "CutoffUnmet": "Mezní hodnota nesplněna",
    "MIA": "MIA",
    "Actions": "Akce",
    "ArtistAlbumClickToChangeTrack": "Kliknutím změníte film",
    "Authentication": "Ověřování",
    "AutoRedownloadFailedHelpText": "Automatické vyhledání a pokus o stažení jiného vydání",
    "BackupFolderHelpText": "Relativní cesty budou v adresáři AppData {appName}u",
    "BindAddressHelpTextWarning": "Vyžaduje restart, aby se projevilo",
    "BlocklistRelease": "Blocklist pro vydání",
    "Branch": "Větev",
    "Calendar": "Kalendář",
    "CalendarWeekColumnHeaderHelpText": "Zobrazuje se nad každým sloupcem, když je aktivní zobrazení týden",
    "Cancel": "Zrušit",
    "CancelPendingTask": "Opravdu chcete zrušit tento úkol čekající na vyřízení?",
    "CertificateValidation": "Ověřování certifikátu",
    "CertificateValidationHelpText": "Změňte přísnost ověřování certifikátů HTTPS. Neměňte, pokud nerozumíte rizikům.",
    "ChangeFileDate": "Změnit datum souboru",
    "ChangeHasNotBeenSavedYet": "Změna ještě nebyla uložena",
    "20MinutesTwenty": "120 minut: {0}",
    "45MinutesFourtyFive": "90 minut: {0}",
    "60MinutesSixty": "60 minut: {0}",
    "APIKey": "Klíč API",
    "About": "O aplikaci",
    "AddListExclusion": "Přidat vyloučení seznamu",
    "ChmodFolder": "Složka chmod",
    "ChmodFolderHelpTextWarning": "Toto funguje pouze v případě, že uživatel, který spustil {appName}, je vlastníkem souboru. Je lepší zajistit, aby klient pro stahování správně nastavil oprávnění.",
    "ChownGroupHelpTextWarning": "Toto funguje pouze v případě, že uživatel, který spustil {appName}, je vlastníkem souboru. Je lepší zajistit, aby klient stahování používal stejnou skupinu jako {appName}.",
    "AddingTag": "Přidávání štítku",
    "AgeWhenGrabbed": "Stáří (kdy bylo získáno)",
    "AlbumIsDownloadingInterp": "Film se stahuje - {0}% {1}",
    "ClickToChangeQuality": "Kliknutím změníte kvalitu",
    "CloneProfile": "Klonovat profil",
    "Component": "Komponenta",
    "CreateEmptyArtistFolders": "Vytvořte prázdné složky s filmy",
    "CreateEmptyArtistFoldersHelpText": "Během skenování disku vytvářejte chybějící složky filmů",
    "DelayProfile": "Zpožděný profil",
    "DeleteImportListExclusionMessageText": "Opravdu chcete toto vyloučení importního seznamu smazat?",
    "DeleteImportListMessageText": "Opravdu chcete smazat seznam '{name}'?",
    "GeneralSettings": "Obecné nastavení",
    "Global": "Globální",
    "GrabRelease": "Uchopte uvolnění",
    "Group": "Skupina",
    "History": "Dějiny",
    "Host": "Hostitel",
    "HostHelpText": "Stejný hostitel, kterého jste zadali pro vzdáleného klienta pro stahování",
    "Hostname": "Název hostitele",
    "ICalFeed": "iCal Feed",
    "ICalHttpUrlHelpText": "Zkopírujte tuto adresu URL na svého klienta (klienty) nebo kliknutím se přihlaste k odběru, pokud váš prohlížeč podporuje webcal",
    "ICalLink": "Odkaz na iCal",
    "IconForCutoffUnmet": "Ikona pro Cutoff Unmet",
    "IgnoredPlaceHolder": "Přidat nové omezení",
    "IllRestartLater": "Restartuji později",
    "ImportedTo": "Importováno do",
    "ImportExtraFiles": "Importujte další soubory",
    "ImportExtraFilesHelpText": "Po importu filmového souboru importujte odpovídající další soubory (titulky, nfo atd.)",
    "ImportFailedInterp": "Import se nezdařil: {0}",
    "Importing": "Import",
    "AlreadyInYourLibrary": "Již máte ve své knihovně",
    "AlternateTitles": "Alternativní název",
    "AlternateTitleslength1Title": "Titul",
    "AlternateTitleslength1Titles": "Tituly",
    "Analytics": "Analýzy",
    "AnalyticsEnabledHelpText": "Odesílejte anonymní informace o použití a chybách na servery {appName}u. To zahrnuje informace o vašem prohlížeči, které stránky webového rozhraní {appName}u používáte, hlášení chyb a také verzi operačního systému a běhového prostředí. Tyto informace použijeme k určení priorit funkcí a oprav chyb.",
    "AnalyticsEnabledHelpTextWarning": "Vyžaduje restart, aby se projevilo",
    "ApiKeyHelpTextWarning": "Vyžaduje restart, aby se projevilo",
    "AppDataDirectory": "Adresář AppData",
    "ApplyTags": "Použít štítky",
    "IncludeUnknownArtistItemsHelpText": "Zobrazit položky bez filmu ve frontě. To by mohlo zahrnovat odstraněné filmy nebo cokoli jiného v kategorii {appName}",
    "IncludeUnmonitored": "Zahrnout Nesledováno",
    "Indexer": "Indexer",
    "IndexerPriority": "Priorita indexování",
    "Indexers": "Indexery",
    "IndexerSettings": "Nastavení indexeru",
    "InteractiveSearch": "Interaktivní vyhledávání",
    "Interval": "Interval",
    "IsCutoffCutoff": "Odříznout",
    "IsCutoffUpgradeUntilThisQualityIsMetOrExceeded": "Upgradujte, dokud nebude tato kvalita splněna nebo překročena",
    "IsTagUsedCannotBeDeletedWhileInUse": "Během používání nelze smazat",
    "Level": "Úroveň",
    "MaximumSizeHelpText": "Maximální velikost uvolnění, která se má zachytit v MB. Nastavit na nulu nastavit na neomezený",
    "MediaManagementSettings": "Nastavení správy médií",
    "Medium": "Střední",
    "Message": "Zpráva",
    "OpenBrowserOnStart": "Při spuštění otevřete prohlížeč",
    "Options": "Možnosti",
    "Original": "Originál",
    "PackageVersion": "Verze balíčku",
    "PageSize": "Velikost stránky",
    "PageSizeHelpText": "Počet položek, které se mají zobrazit na každé stránce",
    "Password": "Heslo",
    "Path": "Cesta",
    "Permissions": "Oprávnění",
    "Port": "Přístav",
    "PortNumber": "Číslo portu",
    "PosterSize": "Velikost plakátu",
    "PreviewRename": "Náhled Přejmenovat",
    "PublishedDate": "Datum zveřejnění",
    "Quality": "Kvalitní",
    "QualityDefinitions": "Definice kvality",
    "QualityProfile": "Profil kvality",
    "QualityProfiles": "Profily kvality",
    "QualitySettings": "Nastavení kvality",
    "Queue": "Fronta",
    "ReleaseWillBeProcessedInterp": "Vydání bude zpracováno {0}",
    "RemovedFromTaskQueue": "Odebráno z fronty úkolů",
    "RemoveFromBlocklist": "Odebrat z černé listiny",
    "RemoveFromDownloadClient": "Odebrat ze staženého klienta",
    "RemoveFromQueue": "Odebrat z fronty",
    "RemoveTagExistingTag": "Stávající značka",
    "RemoveTagRemovingTag": "Odebírání značky",
    "RenameTracksHelpText": "Pokud je přejmenování zakázáno, použije {appName} stávající název souboru",
    "Reorder": "Přeobjednat",
    "ReplaceIllegalCharacters": "Nahraďte nelegální znaky",
    "ReplaceIllegalCharactersHelpText": "Nahraďte nepovolené znaky. Pokud není zaškrtnuto, lidarr je místo toho odstraní",
    "RSSSync": "RSS synchronizace",
    "RSSSyncInterval": "Interval synchronizace RSS",
    "ShownAboveEachColumnWhenWeekIsTheActiveView": "Zobrazuje se nad každým sloupcem, když je aktivní zobrazení týden",
    "ShowPath": "Zobrazit cestu",
    "ShowQualityProfileHelpText": "Zobrazit kvalitní profil pod plakátem",
    "ShowRelativeDates": "Zobrazit relativní data",
    "ShowRelativeDatesHelpText": "Zobrazit relativní (dnes / včera / atd.) Nebo absolutní data",
    "ShowSearch": "Zobrazit vyhledávání",
    "ShowSearchActionHelpText": "Zobrazit vyhledávací tlačítko při najetí myší",
    "ShowSizeOnDisk": "Zobrazit velikost na disku",
    "ShowUnknownArtistItems": "Zobrazit neznámé položky filmu",
    "SslCertPasswordHelpText": "Heslo pro soubor pfx",
    "SSLCertPath": "Cesta certifikátu SSL",
    "SslCertPathHelpText": "Cesta k souboru pfx",
    "SslCertPathHelpTextWarning": "Vyžaduje restart, aby se projevilo",
    "SSLPort": "Port SSL",
    "SupportsRssvalueRSSIsNotSupportedWithThisIndexer": "RSS není u tohoto indexeru podporováno",
    "TagIsNotUsedAndCanBeDeleted": "Značka se nepoužívá a lze ji smazat",
    "TestAll": "Vyzkoušet vše",
    "TestAllClients": "Vyzkoušejte všechny klienty",
    "TestAllIndexers": "Vyzkoušejte všechny indexery",
    "TestAllLists": "Vyzkoušejte všechny seznamy",
    "Time": "Čas",
    "TorrentDelayHelpText": "Zpoždění v minutách čekání před popadnutím torrentu",
    "TotalFileSize": "Celková velikost souboru",
    "AuthenticationMethodHelpText": "Vyžadovat uživatelské jméno a heslo pro přístup k {appName}u",
    "Automatic": "Automatický",
    "BackupNow": "Zálohovat nyní",
    "BypassProxyForLocalAddresses": "Obcházení proxy serveru pro místní adresy",
    "ConnectSettings": "Nastavení připojení",
    "DatabaseMigration": "Migrace databáze",
    "Dates": "Data",
    "DelayingDownloadUntil": "Zpoždění stahování do {0} o {1}",
    "Delete": "Vymazat",
    "DeleteBackup": "Odstranit zálohu",
    "DeleteNotification": "Smazat oznámení",
    "DownloadFailedCheckDownloadClientForMoreDetails": "Stahování se nezdařilo: pro více podrobností zkontrolujte stahovacího klienta",
    "DownloadPropersAndRepacksHelpTexts1": "Zda se má automaticky upgradovat na Propers / Repacks",
    "ForMoreInformationOnTheIndividualListsClickOnTheInfoButtons": "Další informace o jednotlivých seznamech importů získáte kliknutím na informační tlačítka.",
    "HasPendingChangesSaveChanges": "Uložit změny",
    "IgnoredHelpText": "Vydání bude odmítnuto, pokud obsahuje jeden nebo více výrazů (nerozlišují se malá a velká písmena)",
    "LidarrSupportsAnyIndexerThatUsesTheNewznabStandardAsWellAsOtherIndexersListedBelow": "{appName} podporuje jakýkoli indexer, který používá standard Newznab, stejně jako další indexery uvedené níže.",
    "LidarrTags": "{appName} tagy",
    "LocalPath": "Místní cesta",
    "MinimumFreeSpaceWhenImportingHelpText": "Zabraňte importu, pokud by bylo k dispozici méně než toto množství místa na disku",
    "Missing": "Chybějící",
    "Name": "název",
    "NamingSettings": "Nastavení pojmenování",
    "New": "Nový",
    "NoBackupsAreAvailable": "Nejsou k dispozici žádné zálohy",
    "NoHistory": "Žádná historie",
    "NoLeaveIt": "Ne, nech to",
    "NoLogFiles": "Žádné soubory protokolu",
    "NotificationTriggers": "Spouštěče oznámení",
    "Profiles": "Profily",
    "Proper": "Správně",
    "PropersAndRepacks": "Sponzoři a přebalení",
    "Protocol": "Protokol",
    "ProtocolHelpText": "Vyberte, které protokoly použít, a který je preferován při výběru mezi jinak stejnými verzemi",
    "ProxyUsernameHelpText": "Musíte pouze zadat uživatelské jméno a heslo, pokud je požadováno. Jinak je nechte prázdné.",
    "ReadTheWikiForMoreInformation": "Další informace najdete na Wiki",
    "Real": "Nemovitý",
    "Reason": "Důvod",
    "RecycleBinCleanupDaysHelpText": "Nastavením na 0 zakážete automatické čištění",
    "RecycleBinCleanupDaysHelpTextWarning": "Soubory v koši starší než vybraný počet dní budou automaticky vyčištěny",
    "RecycleBinHelpText": "Zde budou filmové soubory odstraněny, místo aby byly trvale odstraněny",
    "RecyclingBin": "Odpadkový koš",
    "RecyclingBinCleanup": "Recyklace koše Vyčištění",
    "Redownload": "Znovu stáhnout",
    "Refresh": "Obnovit",
    "RefreshInformationAndScanDisk": "Obnovte informace a prohledejte disk",
    "RefreshScan": "Obnovit a skenovat",
    "ReleaseDate": "Datum vydání",
    "ReleaseGroup": "Uvolňovací skupina",
    "ReleaseRejected": "Uvolnění odmítnuto",
    "ReleaseStatuses": "Stav vydání",
    "RemotePath": "Vzdálená cesta",
    "RemotePathHelpText": "Kořenová cesta k adresáři, do kterého stahovací klient přistupuje",
    "RemotePathMappings": "Vzdálené mapování cest",
    "RemoveCompletedDownloadsHelpText": "Odeberte importované soubory ke stažení z historie klienta stahování",
    "RemoveFailedDownloadsHelpText": "Odebrat neúspěšná stahování z historie stahování klienta",
    "RemoveFilter": "Vyjměte filtr",
    "RequiredHelpText": "Vydání musí obsahovat alespoň jeden z těchto výrazů (nerozlišují se malá a velká písmena)",
    "RequiredPlaceHolder": "Přidat nové omezení",
    "RequiresRestartToTakeEffect": "Vyžaduje restart, aby se projevilo",
    "RescanAfterRefreshHelpText": "Po obnovení filmu znovu prohledejte složku filmu",
    "RescanAfterRefreshHelpTextWarning": "{appName} nebude automaticky detekovat změny souborů, pokud není nastaveno na „Vždy“",
    "RescanArtistFolderAfterRefresh": "Po obnovení znovu vyhledejte složku filmu",
    "Reset": "Resetovat",
    "ResetAPIKey": "Resetovat klíč API",
    "ResetAPIKeyMessageText": "Opravdu chcete resetovat klíč API?",
    "Restart": "Restartujte",
    "RestartLidarr": "Restartujte {appName}",
    "RestartNow": "Restartovat nyní",
    "Restore": "Obnovit",
    "Result": "Výsledek",
    "Retention": "Zadržení",
    "RetentionHelpText": "Pouze Usenet: Nastavením na nulu nastavíte neomezené uchování",
    "RetryingDownloadOn": "Opakované stahování {0} v {1}",
    "RootFolder": "Kořenový adresář",
    "RootFolders": "Kořenové složky",
    "RssSyncIntervalHelpText": "Interval v minutách. Nastavením na nulu deaktivujete (tím se zastaví veškeré automatické uvolnění uvolnění)",
    "SSLCertPassword": "Heslo SSL Cert",
    "Scheduled": "Naplánováno",
    "ScriptPath": "Cesta skriptu",
    "SearchAll": "Hledat vše",
    "SearchForMissing": "Vyhledejte chybějící",
    "SearchSelected": "Hledat vybrané",
    "SendAnonymousUsageData": "Odesílejte anonymní údaje o používání",
    "SetPermissions": "Nastavit oprávnění",
    "SetPermissionsLinuxHelpText": "Měl by se chmod spustit při importu / přejmenování souborů?",
    "SetPermissionsLinuxHelpTextWarning": "Pokud si nejste jisti, co tato nastavení dělají, neměňte je.",
    "Settings": "Nastavení",
    "ShortDateFormat": "Formát krátkého data",
    "ShowCutoffUnmetIconHelpText": "Zobrazit ikonu pro soubory, pokud nebylo dosaženo mezní hodnoty",
    "ShowDateAdded": "Zobrazit datum přidání",
    "ShowMonitored": "Zobrazit Monitorováno",
    "ShowMonitoredHelpText": "Zobrazit monitorovaný stav pod plakátem",
    "ShowQualityProfile": "Zobrazit profil kvality",
    "Size": " Velikost",
    "SkipFreeSpaceCheck": "Přeskočit kontrolu volného prostoru",
    "SorryThatAlbumCannotBeFound": "Je nám líto, ale tento film nelze najít.",
    "SorryThatArtistCannotBeFound": "Je nám líto, ale tento film nelze najít.",
    "Source": "Zdroj",
    "SourcePath": "Cesta zdroje",
    "SslCertPasswordHelpTextWarning": "Vyžaduje restart, aby se projevilo",
    "SslPortHelpTextWarning": "Vyžaduje restart, aby se projevilo",
    "StandardTrackFormat": "Standardní formát filmu",
    "StartTypingOrSelectAPathBelow": "Začněte psát nebo vyberte cestu níže",
    "StartupDirectory": "Spouštěcí adresář",
    "Status": "Postavení",
    "Style": "Styl",
    "SuccessMyWorkIsDoneNoFilesToRename": "Úspěch! Moje práce je hotová, žádné soubory k přejmenování.",
    "SuccessMyWorkIsDoneNoFilesToRetag": "Úspěch! Moje práce je hotová, žádné soubory k přejmenování.",
    "SupportsSearchvalueSearchIsNotSupportedWithThisIndexer": "Vyhledávání není u tohoto indexeru podporováno",
    "SupportsSearchvalueWillBeUsedWhenAutomaticSearchesArePerformedViaTheUIOrByLidarr": "Použije se, když se automatické vyhledávání provádí pomocí uživatelského rozhraní nebo {appName}",
    "Type": "Typ",
    "UiSettings": "Nastavení uživatelského rozhraní",
    "UnableToLoadHistory": "Nelze načíst historii",
    "UnableToLoadMediaManagementSettings": "Nelze načíst nastavení správy médií",
    "UnableToAddANewRootFolderPleaseTryAgain": "Nelze přidat nový indexer, zkuste to znovu.",
    "UnableToLoadBlocklist": "Nelze načíst černou listinu",
    "UnableToLoadDownloadClientOptions": "Nelze načíst možnosti klienta ke stažení",
    "UnableToLoadDownloadClients": "Nelze načíst klienty pro stahování",
    "UnableToLoadGeneralSettings": "Nelze načíst obecná nastavení",
    "UnableToLoadImportListExclusions": "Nelze načíst vyloučení seznamu",
    "UnableToLoadIndexerOptions": "Nelze načíst možnosti indexeru",
    "UnableToLoadLists": "Nelze načíst seznamy",
    "UnableToLoadMetadata": "Nelze načíst metadata",
    "UnableToLoadMetadataProfiles": "Nelze načíst profily zpoždění",
    "UnableToLoadNamingSettings": "Nelze načíst nastavení pojmenování",
    "UnableToLoadNotifications": "Nelze načíst oznámení",
    "UnableToLoadQualities": "Nelze načíst kvality",
    "UnableToLoadQualityDefinitions": "Nelze načíst definice kvality",
    "UnableToLoadQualityProfiles": "Nelze načíst profily kvality",
    "UnableToLoadReleaseProfiles": "Nelze načíst profily zpoždění",
    "UnableToLoadRemotePathMappings": "Nelze načíst vzdálené mapování cest",
    "UnableToLoadRootFolders": "Nelze načíst kořenové složky",
    "UnableToLoadTags": "Značky nelze načíst",
    "UnableToLoadTheCalendar": "Kalendář nelze načíst",
    "UnableToLoadUISettings": "Nelze načíst nastavení uživatelského rozhraní",
    "Ungroup": "Oddělit skupinu",
    "Unmonitored": "Nemonitorováno",
    "UnmonitoredHelpText": "Zahrnout nemonitorované filmy do zdroje iCal",
    "UpdateAutomaticallyHelpText": "Automaticky stahovat a instalovat aktualizace. Stále budete moci instalovat ze systému: Aktualizace",
    "UpdateMechanismHelpText": "Použijte vestavěný aktualizátor {appName} nebo skript",
    "Updates": "Aktualizace",
    "UpdateScriptPathHelpText": "Cesta k vlastnímu skriptu, který přebírá extrahovaný balíček aktualizace a zpracovává zbytek procesu aktualizace",
    "UpgradeAllowedHelpText": "Pokud budou deaktivovány vlastnosti, nebudou upgradovány",
    "Uptime": "Provozuschopnost",
    "URLBase": "URL Base",
    "UrlBaseHelpText": "Pro podporu reverzního proxy je výchozí hodnota prázdná",
    "UrlBaseHelpTextWarning": "Vyžaduje restart, aby se projevilo",
    "UseHardlinksInsteadOfCopy": "Místo kopírování použijte pevné odkazy",
    "UsenetDelayHelpText": "Zpoždění v minutách čekání před uvolněním z Usenetu",
    "UseProxy": "Použij proxy",
    "Username": "Uživatelské jméno",
    "UsingExternalUpdateMechanismBranchToUseToUpdateLidarr": "Pobočka, která se má použít k aktualizaci {appName}",
    "UsingExternalUpdateMechanismBranchUsedByExternalUpdateMechanism": "Pobočka používaná mechanismem externí aktualizace",
    "Version": "Verze",
    "WeekColumnHeader": "Záhlaví sloupce týdne",
    "Year": "Rok",
    "YesCancel": "Ano, zrušit",
    "BackupRetentionHelpText": "Automatické zálohy starší než doba uchovávání budou automaticky vyčištěny",
    "Backups": "Zálohy",
    "BindAddress": "Vázat adresu",
    "Blocklist": "Blocklist",
    "BindAddressHelpText": "Platná IP adresa, localhost nebo ‚*‘ pro všechna rozhraní",
    "ChmodFolderHelpText": "Octal, aplikováno během importu / přejmenování na mediální složky a soubory (bez provádění bitů)",
    "ChownGroupHelpText": "Název skupiny nebo gid. Použijte gid pro vzdálené systémy souborů.",
    "Clear": "Vymazat",
    "ClientPriority": "Priorita klienta",
    "CloneIndexer": "Klonovat indexátor",
    "CompletedDownloadHandling": "Zpracování stahování bylo dokončeno",
    "Connections": "Připojení",
    "CreateGroup": "Vytvořit skupinu",
    "CutoffHelpText": "Jakmile je této kvality dosaženo, {appName} již nebude stahovat filmy",
    "DelayProfiles": "Profily zpoždění",
    "DeleteBackupMessageText": "Opravdu chcete odstranit zálohu '{name}'?",
    "DeleteDelayProfile": "Smazat profil zpoždění",
    "DeleteDelayProfileMessageText": "Opravdu chcete smazat tento profil zpoždění?",
    "DeleteDownloadClient": "Odstranit staženého klienta",
    "DeleteDownloadClientMessageText": "Opravdu chcete odstranit klienta pro stahování '{name}'?",
    "DeleteEmptyFolders": "Odstraňte prázdné složky",
    "DeleteImportListExclusion": "Odstranit vyloučení seznamu importů",
    "DeleteIndexer": "Odstranit indexer",
    "DeleteIndexerMessageText": "Opravdu chcete odstranit indexer '{name}'?",
    "DeleteMetadataProfileMessageText": "Opravdu chcete smazat profil metadat '{name}'?",
    "DeleteNotificationMessageText": "Opravdu chcete smazat oznámení '{name}'?",
    "DeleteQualityProfile": "Smažte profil kvality",
    "DeleteQualityProfileMessageText": "Opravdu chcete smazat profil kvality '{name}'?",
    "DeleteReleaseProfile": "Smazat profil zpoždění",
    "DeleteReleaseProfileMessageText": "Opravdu chcete smazat tento profil zpoždění?",
    "DeleteRootFolderMessageText": "Opravdu chcete odstranit indexer „{0}“?",
    "DeleteSelectedTrackFiles": "Odstranit vybrané filmové soubory",
    "DeleteSelectedTrackFilesMessageText": "Opravdu chcete odstranit vybrané filmové soubory?",
    "DeleteTag": "Smazat značku",
    "DeleteTagMessageText": "Opravdu chcete smazat značku „{0}“?",
    "DestinationPath": "Cesta k cíli",
    "DetailedProgressBar": "Podrobný ukazatel průběhu",
    "DetailedProgressBarHelpText": "Zobrazit text na ukazateli průběhu",
    "DiskSpace": "Místo na disku",
    "Docker": "Přístavní dělník",
    "DownloadClient": "Stáhnout klienta",
    "DownloadClientSettings": "Stáhněte si nastavení klienta",
    "DownloadClients": "Stáhnout klienty",
    "DownloadFailedInterp": "Stažení se nezdařilo: {0}",
    "DownloadWarningCheckDownloadClientForMoreDetails": "Varování před stahováním: pro více podrobností zkontrolujte stahovacího klienta",
    "Downloading": "Stahování",
    "Edit": "Upravit",
    "Enable": "Umožnit",
    "EnableAutomaticAdd": "Povolit automatické přidání",
    "EnableAutomaticSearch": "Povolit automatické vyhledávání",
    "EnableColorImpairedMode": "Aktivujte režim se sníženou barevností",
    "EnableColorImpairedModeHelpText": "Upravený styl umožňující uživatelům s barevným postižením lépe rozlišovat barevně kódované informace",
    "EnableCompletedDownloadHandlingHelpText": "Automaticky importovat dokončená stahování z klienta pro stahování",
    "EnableHelpText": "Povolit vytváření souborů metadat pro tento typ metadat",
    "EnableInteractiveSearch": "Povolit interaktivní vyhledávání",
    "EnableRSS": "Povolit RSS",
    "EnableSSL": "Povolit SSL",
    "EnableSslHelpText": " Vyžaduje restartování spuštěné jako správce, aby se projevilo",
    "Ended": "Skončil",
    "ErrorLoadingContents": "Chyba při načítání obsahu",
    "ErrorLoadingPreviews": "Chyba při načítání náhledů",
    "Exception": "Výjimka",
    "FileDateHelpText": "Změnit datum souboru při importu / opětovném skenování",
    "FileManagement": "Správa souborů",
    "FileNames": "Názvy souborů",
    "Filename": "Název souboru",
    "Files": "Soubory",
    "FirstDayOfWeek": "První den v týdnu",
    "Fixed": "Pevný",
    "Folder": "Složka",
    "Folders": "Složky",
    "ForMoreInformationOnTheIndividualDownloadClientsClickOnTheInfoButtons": "Další informace o jednotlivých klientech pro stahování získáte kliknutím na informační tlačítka.",
    "ForMoreInformationOnTheIndividualIndexersClickOnTheInfoButtons": "Další informace o jednotlivých indexerech zobrazíte kliknutím na informační tlačítka.",
    "GoToInterp": "Přejít na {0}",
    "Grab": "Urvat",
    "GrabSelected": "Chyťte vybrané",
    "HasPendingChangesNoChanges": "Žádné změny",
    "IgnoredAddresses": "Ignorované adresy",
    "LaunchBrowserHelpText": " Otevřete webový prohlížeč a při spuštění aplikace přejděte na domovskou stránku {appName}.",
    "LidarrSupportsAnyDownloadClientThatUsesTheNewznabStandardAsWellAsOtherDownloadClientsListedBelow": "{appName} podporuje libovolného klienta pro stahování, který používá standard Newznab, stejně jako další klienty pro stahování uvedené níže.",
    "Local": "Místní",
    "LocalPathHelpText": "Cesta, kterou by {appName} měl použít pro místní přístup ke vzdálené cestě",
    "LogFiles": "Záznam souborů",
    "LogLevel": "Úroveň protokolu",
    "LogLevelvalueTraceTraceLoggingShouldOnlyBeEnabledTemporarily": "Trasování protokolování by mělo být povoleno pouze dočasně",
    "Logging": "Protokolování",
    "Logs": "Protokoly",
    "LongDateFormat": "Long Date Format",
    "ManualImport": "Ruční import",
    "MarkAsFailed": "Označit jako neúspěšné",
    "MarkAsFailedMessageText": "Opravdu chcete označit „{0}“ jako neúspěšné?",
    "MaximumLimits": "Maximální limity",
    "MaximumSize": "Maximální velikost",
    "Mechanism": "Mechanismus",
    "MediaInfo": "Informace o médiích",
    "MetadataSettings": "Nastavení metadat",
    "MinimumAge": "Minimální věk",
    "MinimumAgeHelpText": "Pouze Usenet: Minimální věk NZB v minutách, než jsou uchopeny. Tímto způsobem dáte novým verzím čas na propagaci u vašeho poskytovatele usenet.",
    "MinimumFreeSpace": "Minimální volné místo",
    "MinimumLimits": "Minimální limity",
    "Mode": "Režim",
    "Monitored": "Monitorováno",
    "MoreInfo": "Více informací",
    "MustContain": "Musí obsahovat",
    "MustNotContain": "Nesmí obsahovat",
    "NoUpdatesAreAvailable": "Nejsou k dispozici žádné aktualizace",
    "None": "Žádný",
    "Proxy": "Proxy",
    "ProxyBypassFilterHelpText": "Použijte ',' jako oddělovač a '*.' jako zástupný znak pro subdomény",
    "ProxyPasswordHelpText": "Musíte pouze zadat uživatelské jméno a heslo, pokud je požadováno. Jinak je nechte prázdné.",
    "ProxyType": "Typ serveru proxy",
    "Reload": "Znovu načíst",
    "Remove": "Odstranit",
    "RemoveSelected": "Odstranit vybrané",
    "RestoreBackup": "Obnovit zálohu",
    "Search": "Vyhledávání",
    "Security": "Bezpečnostní",
    "SupportsSearchvalueWillBeUsedWhenInteractiveSearchIsUsed": "Bude použito při použití interaktivního vyhledávání",
    "Tasks": "Úkoly",
    "Tags": "Značky",
    "ThisWillApplyToAllIndexersPleaseFollowTheRulesSetForthByThem": "To bude platit pro všechny indexery, dodržujte prosím pravidla stanovená nimi",
    "TimeFormat": "Časový formát",
    "TorrentDelay": "Torrent Delay",
    "Torrents": "Torrenty",
    "Track": "Stopa",
    "UpdateAll": "Aktualizovat vše",
    "Usenet": "Usenet",
    "UiLanguageHelpText": "Jazyk, který {appName} použije pro uživatelské rozhraní",
    "UiLanguageHelpTextWarning": "Vyžaduje se opětovné načtení prohlížeče",
    "UnableToAddANewDownloadClientPleaseTryAgain": "Nelze přidat nového klienta pro stahování, zkuste to znovu.",
    "UnableToAddANewImportListExclusionPleaseTryAgain": "Nelze přidat nové vyloučení ze seznamu, zkuste to znovu.",
    "UnableToAddANewIndexerPleaseTryAgain": "Nelze přidat nový indexer, zkuste to znovu.",
    "UnableToAddANewListPleaseTryAgain": "Nový seznam nelze přidat, zkuste to znovu.",
    "UnableToAddANewMetadataProfilePleaseTryAgain": "Nelze přidat nový kvalitní profil, zkuste to znovu.",
    "UnableToAddANewNotificationPleaseTryAgain": "Nelze přidat nové oznámení, zkuste to znovu.",
    "UnableToAddANewQualityProfilePleaseTryAgain": "Nelze přidat nový kvalitní profil, zkuste to znovu.",
    "UnableToAddANewRemotePathMappingPleaseTryAgain": "Nelze přidat nové mapování vzdálené cesty, zkuste to znovu.",
    "UnableToLoadBackups": "Nelze načíst zálohy",
    "UnableToLoadDelayProfiles": "Nelze načíst profily zpoždění",
    "UnableToLoadIndexers": "Nelze načíst indexery",
    "UsenetDelay": "Usenet Zpoždění",
    "OnRename": "Při přejmenování",
    "OnUpgrade": "Při upgradu",
    "OnHealthIssue": "K otázce zdraví",
    "OnGrab": "Chyť",
    "NETCore": ".NET Core",
    "Activity": "Aktivita",
    "Add": "Přidat",
    "AddDelayProfile": "Přidat profil zpoždění",
    "Added": "Přidáno",
    "AddIndexer": "Přidat indexer",
    "OutputPath": "Výstupní cesta",
    "Renamed": "Přejmenováno",
    "UnmappedFilesOnly": "Pouze nezmapované soubory",
    "UnmonitoredOnly": "Pouze monitorováno",
    "UpgradesAllowed": "Upgrady povoleny",
    "Wanted": "Chtěl",
    "Warn": "Varovat",
    "WouldYouLikeToRestoreBackup": "Chcete obnovit zálohu {0}?",
    "AddNew": "Přidat nové",
    "AddQualityProfile": "Přidat profil kvality",
    "AddRemotePathMapping": "Přidat mapování vzdálených cest",
    "AddRootFolder": "Přidat kořenový adresář",
    "AfterManualRefresh": "Po manuálním obnovení",
    "Age": "Stáří",
    "All": "Vše",
    "AllFiles": "Všechny soubory",
    "Always": "Vždy",
    "Backup": "Záloha",
    "BeforeUpdate": "Před aktualizací",
    "Close": "Zavřít",
    "Connect": "Připojit",
    "Custom": "Vlastní",
    "CustomFilters": "Vlastní filtry",
    "Date": "Datum",
    "DoNotPrefer": "Nepřednostňovat",
    "DoNotUpgradeAutomatically": "Neupgradovat automaticky",
    "DownloadFailed": "Stažení se nezdařilo",
    "EditDelayProfile": "Upravit profil zpoždění",
    "EditImportListExclusion": "Odstranit vyloučení seznamu importů",
    "EditQualityProfile": "Upravit profil kvality",
    "EditRemotePathMapping": "Upravit vzdálené mapování cesty",
    "EditRootFolder": "Přidat kořenovou složku",
    "Error": "Chyba",
    "Events": "Události",
    "EventType": "Typ události",
    "General": "Všeobecné",
    "Genres": "Žánry",
    "Grabbed": "Popadl",
    "HardlinkCopyFiles": "Pevný odkaz / kopírování souborů",
    "HideAdvanced": "Skrýt pokročilé",
    "Import": "Import",
    "Info": "Info",
    "InteractiveImport": "Interaktivní import",
    "LastDuration": "lastDuration",
    "LastExecution": "Poslední poprava",
    "LastUsed": "Naposledy použitý",
    "LastWriteTime": "Čas posledního zápisu",
    "Metadata": "Metadata",
    "MonitoredOnly": "Pouze monitorováno",
    "MoveAutomatically": "Rychlý import",
    "MoveFiles": "Přesouvat soubory",
    "NextExecution": "Další spuštění",
    "NoTagsHaveBeenAddedYet": "Zatím nebyly přidány žádné značky",
    "Ok": "OK",
    "OnlyTorrent": "Pouze Torrent",
    "OnlyUsenet": "Pouze Usenet",
    "QualityLimitsHelpText": "Limity se automaticky upraví podle doby běhu filmu.",
    "Rating": "Hodnocení",
    "RejectionCount": "Počet odmítnutí",
    "ReleaseTitle": "Uvolněte název",
    "Replace": "Nahradit",
    "RestartRequiredHelpTextWarning": "Vyžaduje restart, aby se projevilo",
    "RestoreBackupAdditionalInfo": "Poznámka: {appName} se během procesu obnovy automaticky restartuje a znovu načte uživatelské rozhraní.",
    "Save": "Uložit",
    "SelectFolder": "Vybrat složku",
    "SelectQuality": "Vyberte kvalitu",
    "ShowAdvanced": "Zobrazit pokročilé",
    "SizeOnDisk": "Velikost na disku",
    "SourceTitle": "Název zdroje",
    "Test": "Test",
    "TimeLeft": "Zbývající čas",
    "Title": "Titul",
    "TotalSpace": "Celkový prostor",
    "Ui": "UI",
    "Apply": "Použít",
    "AudioInfo": "Audio informace",
    "Deleted": "Smazáno",
    "Details": "Detaily",
    "Donations": "Dary",
    "ErrorRestoringBackup": "Chyba při obnovování zálohy",
    "Filters": "Filtr",
    "FreeSpace": "Volný prostor",
    "Ignored": "Ignorováno",
    "Presets": "Předvolby",
    "Progress": "Pokrok",
    "Queued": "Ve frontě",
    "Seeders": "Secí stroje",
    "Select...": "'Vybrat...",
    "System": "Systém",
    "Location": "Umístění",
    "Manual": "Manuál",
    "MediaManagement": "Správa médií",
    "Organize": "Organizovat",
    "Peers": "Vrstevníci",
    "PreferAndUpgrade": "Preferovat a upgradovat",
    "AddImportListExclusion": "Přidat výjimku ze seznamu k importu",
    "ImportListExclusions": "Odstranit vyloučení seznamu importů",
    "QualitiesHelpText": "Kvality vyšší v seznamu jsou upřednostňovány. Vlastnosti ve stejné skupině jsou stejné. Chtějí se pouze ověřené kvality",
    "DoneEditingGroups": "Úpravy skupin dokončeny",
    "EditGroups": "Upravit skupiny",
    "CustomFormatScore": "Skóre vlastního formátu",
    "MinimumCustomFormatScore": "Minimální skóre vlastního formátu",
    "CloneCustomFormat": "Klonovat vlastní formát",
    "Conditions": "Podmínky",
    "CopyToClipboard": "Zkopírovat do schránky",
    "CouldntFindAnyResultsForTerm": "Nelze najít žádné výsledky pro dotaz „{0}“",
    "CustomFormat": "Vlastní formát",
    "CustomFormatRequiredHelpText": "Aby se mohl použít vlastní formát, musí být splněna tato podmínka {0}. Jinak stačí jedna shoda {1}.",
    "CustomFormatSettings": "Nastavení vlastních formátů",
    "CustomFormats": "Vlastní formáty",
    "Customformat": "Vlastní formát",
    "CutoffFormatScoreHelpText": "Jakmile je dosaženo tohoto skóre vlastního formátu, {appName} již nebude stahovat filmy",
    "DeleteCustomFormat": "Odstranit vlastní formát",
    "DownloadPropersAndRepacksHelpTextWarning": "Použijte automatické formáty pro automatické upgrady na Propers / Repacks",
    "DownloadedUnableToImportCheckLogsForDetails": "Staženo - Nelze importovat: zkontrolujte podrobnosti v protokolech",
    "ExportCustomFormat": "Exportovat vlastní formát",
    "FailedDownloadHandling": "Zpracování stahování se nezdařilo",
    "FailedLoadingSearchResults": "Načtení výsledků vyhledávání se nezdařilo, zkuste to znovu.",
    "Formats": "Formáty",
    "IncludeCustomFormatWhenRenamingHelpText": "Zahrnout do {Custom Formats} formátu přejmenování",
    "ItsEasyToAddANewArtistJustStartTypingTheNameOfTheArtistYouWantToAdd": "Přidání nového filmu je snadné, stačí začít psát název filmu, který chcete přidat",
    "MinFormatScoreHelpText": "Minimální skóre vlastního formátu povoleno ke stažení",
    "Monitor": "Monitor",
    "NegateHelpText": "Pokud je zaškrtnuto, vlastní formát se nepoužije, pokud se tato podmínka {0} shoduje.",
    "UnableToLoadCustomFormats": "Nelze načíst vlastní formáty",
    "UnableToLoadInteractiveSearch": "Nelze načíst výsledky pro toto hledání filmu. Zkuste to později",
    "TheArtistFolderStrongpathstrongAndAllOfItsContentWillBeDeleted": "Složka filmu „{0}“ a veškerý její obsah budou smazány.",
    "DeleteCustomFormatMessageText": "Opravdu chcete odstranit indexer „{0}“?",
    "DeleteFormatMessageText": "Opravdu chcete smazat značku formátu {0}?",
    "PreferTorrent": "Preferuji Torrent",
    "PreferUsenet": "Upřednostňujte Usenet",
    "MaintenanceRelease": "Údržbové vydání: opravy chyb a další vylepšení. Další podrobnosti najdete v GitHub Commit History",
    "HiddenClickToShow": "Skryté, kliknutím zobrazíte",
    "ShownClickToHide": "Zobrazeno, kliknutím se skryjete",
    "AppDataLocationHealthCheckMessage": "Aktualizace nebude možná, aby se zabránilo odstranění AppData při aktualizaci",
    "ColonReplacement": "Nahrazení dvojtečky",
    "Disabled": "Zakázáno",
    "DownloadClientRootFolderHealthCheckMessage": "Stahovací klient {downloadClientName} umístí stažené soubory do kořenové složky {rootFolderPath}. Neměli byste stahovat do kořenové složky.",
    "DownloadClientCheckNoneAvailableMessage": "Není k dispozici žádný klient pro stahování",
    "DownloadClientCheckUnableToCommunicateMessage": "S uživatelem {0} nelze komunikovat.",
    "DownloadClientStatusCheckSingleClientMessage": "Stahování klientů není k dispozici z důvodu selhání: {0}",
    "ImportListStatusCheckAllClientMessage": "Všechny seznamy nejsou k dispozici z důvodu selhání",
    "IndexerLongTermStatusCheckAllClientMessage": "Všechny indexery nejsou k dispozici z důvodu selhání po dobu delší než 6 hodin",
    "IndexerLongTermStatusCheckSingleClientMessage": "Indexery nedostupné z důvodu selhání po dobu delší než 6 hodin: {0}",
    "IndexerSearchCheckNoAutomaticMessage": "Nejsou k dispozici žádné indexery se zapnutým automatickým vyhledáváním, {appName} neposkytne žádné automatické výsledky hledání",
    "IndexerSearchCheckNoAvailableIndexersMessage": "Všechny indexery podporující vyhledávání jsou dočasně nedostupné kvůli nedávným chybám indexeru",
    "IndexerStatusCheckSingleClientMessage": "Indexery nedostupné z důvodu selhání: {0}",
    "MountArtistHealthCheckMessage": "Mount obsahující filmovou cestu je připojen jen pro čtení: ",
    "ProxyCheckBadRequestMessage": "Nepodařilo se otestovat proxy. StatusCode: {0}",
    "ProxyCheckFailedToTestMessage": "Nepodařilo se otestovat proxy: {0}",
    "ProxyCheckResolveIpMessage": "Nepodařilo se vyřešit adresu IP konfigurovaného hostitele proxy {0}",
    "ReplaceWithDash": "Nahraďte Dash",
    "ReplaceWithSpaceDash": "Nahraďte Space Dash",
    "ReplaceWithSpaceDashSpace": "Nahraďte Space Dash Space",
    "RootFolderCheckMultipleMessage": "Chybí více kořenových složek: {0}",
    "RootFolderCheckSingleMessage": "Chybí kořenová složka: {0}",
    "SystemTimeCheckMessage": "Systémový čas je vypnutý o více než 1 den. Naplánované úlohy nemusí fungovat správně, dokud nebude čas opraven",
    "UpdateCheckStartupNotWritableMessage": "Aktualizaci nelze nainstalovat, protože spouštěcí složku „{0}“ nelze zapisovat uživatelem „{1}“.",
    "UpdateCheckStartupTranslocationMessage": "Aktualizaci nelze nainstalovat, protože spouštěcí složka „{0}“ je ve složce Translocation aplikace.",
    "DownloadClientStatusCheckAllClientMessage": "Všichni klienti pro stahování nejsou kvůli chybám k dispozici",
    "ImportListStatusCheckSingleClientMessage": "Seznamy nejsou k dispozici z důvodu selhání: {0}",
    "ImportMechanismHealthCheckMessage": "Povolit zpracování dokončeného stahování",
    "IndexerRssHealthCheckNoAvailableIndexers": "Všechny indexery podporující rss jsou dočasně nedostupné kvůli nedávným chybám indexeru",
    "IndexerRssHealthCheckNoIndexers": "Nejsou k dispozici žádné indexery se zapnutou synchronizací RSS, {appName} nové verze automaticky nezachytí",
    "IndexerSearchCheckNoInteractiveMessage": "Při povoleném interaktivním vyhledávání, nejsou dostupné žádné indexovací moduly, {appName} neposkytne žádné interaktivní výsledky hledání",
    "IndexerStatusCheckAllClientMessage": "Všechny indexery nejsou k dispozici z důvodu selhání",
    "UpdateCheckUINotWritableMessage": "Aktualizaci nelze nainstalovat, protože uživatelská složka „{0}“ není zapisovatelná uživatelem „{1}“.",
    "DeleteRemotePathMapping": "Upravit vzdálené mapování cesty",
    "DeleteRemotePathMappingMessageText": "Opravdu chcete toto vzdálené mapování cesty odstranit?",
    "BlocklistReleases": "Blocklist pro vydání",
    "FailedToLoadQueue": "Načtení fronty se nezdařilo",
    "QueueIsEmpty": "Fronta je prázdná",
    "Negated": "Negovaný",
    "DeleteConditionMessageText": "Opravdu chcete smazat značku „{0}“?",
    "DeleteSelectedDownloadClients": "Odstranit staženého klienta",
    "ExistingTag": "Stávající značka",
    "No": "Ne",
    "NoChange": "Žádná změna",
    "RemoveSelectedItemBlocklistMessageText": "Opravdu chcete odebrat vybrané položky z černé listiny?",
    "RemovingTag": "Odebírání značky",
    "Required": "Požadované",
    "SetTags": "Nastavit značky",
    "ApplyTagsHelpTextAdd": "Přidat: Přidat štítky do existujícího seznamu štítků",
    "ApplyTagsHelpTextRemove": "Odebrat: Odebrat zadané štítky",
    "ApplyTagsHelpTextReplace": "Nahradit: Nahradit štítky zadanými štítky (prázdné pole vymaže všechny štítky)",
    "DeleteSelectedIndexers": "Odstranit indexer",
    "NoEventsFound": "Nebyly nalezeny žádné události",
    "Yes": "Ano",
    "RemoveSelectedItemQueueMessageText": "Opravdu chcete odebrat {0} položku {1} z fronty?",
    "RemoveSelectedItemsQueueMessageText": "Opravdu chcete odebrat {0} položku {1} z fronty?",
    "DeleteSelectedDownloadClientsMessageText": "Opravdu chcete smazat {count} vybraných klientů pro stahování?",
    "DeleteSelectedIndexersMessageText": "Opravdu chcete smazat {count} vybraný(ch) indexer(ů)?",
    "ApplyTagsHelpTextHowToApplyArtists": "Jak použít značky na vybrané umělce",
    "ApplyTagsHelpTextHowToApplyImportLists": "Jak použít značky na vybrané seznamy k importu",
    "ApplyTagsHelpTextHowToApplyIndexers": "Jak použít štítky na vybrané indexery",
    "DeleteSelectedImportListsMessageText": "Opravdu chcete smazat {count} vybraných seznamů k importu?",
    "ApplyTagsHelpTextHowToApplyDownloadClients": "Jak použít značky na vybrané klienty pro stahování",
    "SuggestTranslationChange": "Navrhnout změnu překladu",
    "UpdateSelected": "Aktualizace vybrána",
    "AllResultsAreHiddenByTheAppliedFilter": "Všechny výsledky jsou schovány použitým filtrem",
    "NoResultsFound": "Nebyly nalezeny žádné výsledky",
    "SomeResultsAreHiddenByTheAppliedFilter": "Některé výsledky jsou použitým filtrem skryty",
    "ConnectionLost": "Ztráta spojení",
    "ConnectionLostReconnect": "{appName} se pokusí připojit automaticky, nebo můžete kliknout na tlačítko znovunačtení níže.",
    "ConnectionLostToBackend": "{appName} ztratil spojení s backendem a pro obnovení funkčnosti bude potřeba ho znovu načíst.",
    "RecentChanges": "Nedávné změny",
    "WhatsNew": "Co je nového?",
    "NotificationStatusSingleClientHealthCheckMessage": "Seznamy nejsou k dispozici z důvodu selhání: {0}",
    "NotificationStatusAllClientHealthCheckMessage": "Všechny seznamy nejsou k dispozici z důvodu selhání",
    "AppUpdated": "{appName} aktualizován",
    "Continuing": "Pokračující",
    "ChownGroup": "Skupina chown",
    "ApiKeyValidationHealthCheckMessage": "Aktualizujte svůj klíč API tak, aby měl alespoň {0} znaků. Můžete to provést prostřednictvím nastavení nebo konfiguračního souboru",
    "ClickToChangeReleaseGroup": "Kliknutím změníte skupinu vydání",
    "Clone": "Klonovat",
    "AddConnection": "Přidat spojení",
    "AddReleaseProfile": "Přidat profil vydání",
    "ApplicationUrlHelpText": "Externí adresa URL této aplikace včetně http(s)://, portu a základu URL",
    "ApplyChanges": "Použít změny",
    "AutoAdd": "Přidat automaticky",
    "AutomaticAdd": "Přidat automaticky",
    "CloneCondition": "Klonovat podmínku",
    "AutomaticUpdatesDisabledDocker": "Automatické aktualizace nejsou při použití aktualizačního mechanismu Docker přímo podporovány. Obraz kontejneru je nutné aktualizovat mimo {appName} nebo použít skript",
    "ApplicationURL": "URL aplikace",
    "AddConditionImplementation": "Přidat podmínku - {implementationName}",
    "AddConnectionImplementation": "Přidat spojení – {implementationName}",
    "AddDownloadClientImplementation": "Přidat klienta pro stahování – {implementationName}",
    "AddImportList": "Přidat importované položky",
    "AddImportListImplementation": "Přidat seznam k importu - {implementationName}",
    "AddIndexerImplementation": "Přidat indexer – {implementationName}",
    "Absolute": "Úplné",
    "AppUpdatedVersion": "{appName} byl aktualizován na verzi `{version}`, abyste získali nejnovější změny, musíte znovu načíst {appName}",
    "Label": "Etiketa",
    "ChooseImportMethod": "Vyberte způsob importu",
    "BypassIfHighestQuality": "Obejít v případě nejvyšší kvality",
    "Albums": "Alba",
    "EditReleaseProfile": "Přidat profil vydání",
    "StatusEndedContinuing": "Pokračující",
    "Database": "Databáze",
    "AddMetadataProfile": "Přidat profil metadat",
    "MetadataProfile": "profil metadat",
    "MetadataProfiles": "profil metadat",
    "Theme": "Motiv",
    "BypassIfAboveCustomFormatScore": "Obejít, pokud je vyšší než skóre vlastního formátu",
    "Discography": "diskografie",
    "CountDownloadClientsSelected": "{count} vybraných klientů ke stahování",
    "Season": "Řada",
    "Enabled": "Povoleno",
    "Priority": "Přednost",
    "PreferredProtocol": "Preferovaný protokol",
    "Episode": "epizoda",
    "ExpandAlbumByDefaultHelpText": "album",
    "BypassIfAboveCustomFormatScoreHelpText": "Povolit obcházení, pokud má vydání vyšší skóre, než je nakonfigurované minimální skóre vlastního formátu",
    "ContinuingOnly": "Pouze pokračující",
    "MinimumCustomFormatScoreHelpText": "Minimální skóre vlastního formátu požadované pro obejití zpoždění preferovaného protokolu",
    "ReleaseProfiles": "profil vydání",
    "EditDownloadClientImplementation": "Upravit klienta pro stahování - {implementationName}",
    "EditImportListImplementation": "Upravit seznam k importu - {implementationName}",
    "EditIndexerImplementation": "Upravit indexer - {implementationName}",
    "Artist": "Umělec",
    "AddNewArtistRootFolderHelpText": "Podsložka '{folder}' bude vytvořena automaticky",
    "EditConditionImplementation": "Upravit sbírku - {implementationName}",
    "EditConnectionImplementation": "Přidat spojení - {implementationName}",
    "Artists": "Umělci",
    "Library": "Knihovna",
    "CatalogNumber": "Katalogové číslo",
    "Album": "Album",
    "DeleteCondition": "Odstranit podmínku",
    "EditMetadataProfile": "profil metadat",
    "IndexerDownloadClientHelpText": "Zvolte, který klient pro stahování bude použit pro zachytávání z toho indexeru",
    "AlbumReleaseDate": "Datum vydání alba",
    "AddImportListExclusionAlbumHelpText": "Zabránit přidání alba do {appName}u pomocí seznamu k importu",
    "AddImportListExclusionArtistHelpText": "Zabránit přidání umělce do {appName}u pomocí seznamu k importu",
    "AlbumRelease": "Vydání alba",
    "AlbumCount": "Počet alb",
    "DeleteImportList": "Smazat seznam importovaných položek",
    "DeleteSelectedImportLists": "Smazat seznam k importu",
    "AddNewAlbum": "Přidat nové album",
    "AddNewArtist": "Přidat nového umělce",
    "AddedArtistSettings": "Nastavení umělce přidáno",
    "AddMissing": "Přidat chybějící",
    "AlbumHasNotAired": "Album nebylo vysíláno",
    "AddNewItem": "Přidat novou položku",
    "Duration": "Trvání",
    "AlbumStudioTracksDownloaded": "{trackFileCount}/{totalTrackCount} písní staženo",
    "AlbumStudioTruncated": "Zobrazeno je pouze posledních 20 alb, pokud chcete zobrazit všechna alba, přejděte na podrobnosti",
    "AddListExclusionHelpText": "Zabránit přidání umělců do {appName}u pomocí seznamů",
    "AlbumDetails": "Podrobnosti alba",
    "AlbumIsDownloading": "Album se stahuje",
    "AlbumIsNotMonitored": "Album není sledováno",
    "AlbumStudio": "Studio alba",
    "DisabledForLocalAddresses": "Zakázáno pro místní adresy",
    "AuthenticationMethod": "Metoda ověřování",
    "AuthenticationMethodHelpTextWarning": "Vyberte platnou metodu ověřování",
    "AuthenticationRequiredPasswordHelpTextWarning": "Zadejte nové heslo",
    "AuthenticationRequiredUsernameHelpTextWarning": "Zadejte nové uživatelské jméno",
    "AuthenticationRequiredWarning": "Aby se zabránilo vzdálenému přístupu bez ověření, vyžaduje nyní {appName}, aby bylo povoleno ověřování. Volitelně můžete zakázat ověřování z místních adres.",
    "Auto": "Auto",
    "AddAutoTag": "Přidat automatickou značku",
    "AddCondition": "Přidat podmínku",
    "AlbumStatus": "Stav alba",
    "AlbumTitle": "Název alba",
    "AlbumType": "Typ alba",
    "AlbumsLoadError": "Nepodařilo se načíst alba",
    "AddAutoTagError": "Nepodařilo se přidat novou automatickou značku, zkuste to prosím znovu.",
    "AddConditionError": "Nepodařilo se přidat novou podmínku, prosím, zkuste to znovu.",
    "DeleteAutoTag": "Odstranění automatické značky",
    "DeleteAutoTagHelpText": "Opravdu chcete odstranit automatickou značku '{name}'?",
    "AuthenticationRequiredPasswordConfirmationHelpTextWarning": "Potvrďte nové heslo",
    "ClearBlocklist": "Vyčistit blocklist",
    "AutoTaggingLoadError": "Nepodařilo se načíst automatické značky",
    "ClearBlocklistMessageText": "Určitě chcete smazat všechny položky z blocklistu?",
    "DeleteRootFolder": "Smazat kořenový adresář",
    "EditAutoTag": "Upravit automatickou značku",
    "EnableProfile": "Povolit profil",
    "EditSelectedIndexers": "Upravit vybrané indexery",
    "EditSelectedDownloadClients": "Upravit vybrané klienty pro stahování",
    "EditSelectedImportLists": "Upravit vybrané seznamy k importu",
    "DownloadClientRemovesCompletedDownloadsHealthCheckMessage": "Klient stahování {downloadClientName} je nastaven na odstranění dokončených stahování. To může vést k tomu, že stahování budou z klienta odstraněna dříve, než je bude moci importovat {1}.",
    "ImportListRootFolderMissingRootHealthCheckMessage": "Chybí kořenový adresář pro import seznamu: {0}",
    "ImportListRootFolderMultipleMissingRootsHealthCheckMessage": "Několik kořenových adresářů chybí pro seznamy importu: {0}",
    "BlocklistReleaseHelpText": "Zabránit {appName}u v opětovném sebrání tohoto vydání",
    "Overview": "Přehled",
    "PosterOptions": "Možnosti plakátu",
    "DownloadClientTagHelpText": "Tohoto klienta pro stahování používat pouze pro filmy s alespoň jednou odpovídající značkou. Pro použití se všemi filmy ponechte prázdné pole.",
    "TBA": "TBA",
    "IndexerTagHelpText": "Tohoto klienta pro stahování používat pouze pro filmy s alespoň jednou odpovídající značkou. Pro použití se všemi filmy ponechte prázdné pole.",
    "CountArtistsSelected": "{count} vybraných seznamů pro import",
    "GrabId": "Chyť ID",
    "DeleteArtistFolderHelpText": "Odstraňte složku filmu a její obsah",
    "Large": "Velký",
    "RenameFiles": "Přejmenovat soubory",
    "Posters": "Plakáty",
    "Table": "Stůl",
    "AuthBasic": "Základní (vyskakovací okno prohlížeče)",
    "AuthForm": "Formuláře (přihlašovací stránka)",
    "AuthenticationRequired": "Vyžadováno ověření",
    "AuthenticationRequiredHelpText": "Změnit, pro které požadavky je vyžadováno ověření. Neměňte, pokud nerozumíte rizikům.",
    "AddNewArtistSearchForMissingAlbums": "Začněte hledat chybějící film",
    "DownloadClientSortingCheckMessage": "Klient pro stahování {downloadClientName} má nastaveno třídění {sortingMode} pro kategorii {appName}. Ve svém klientovi pro stahování byste měli třídění zakázat, abyste se vyhnuli problémům s importem.",
    "Negate": "Negovat",
    "OrganizeSelectedArtists": "Uspořádejte vybrané filmy",
    "OverviewOptions": "Možnosti přehledu",
    "ReleaseProfile": "profil vydání",
    "AutoTaggingNegateHelpText": "Pokud je zaškrtnuto, pravidlo automatického označování se nepoužije, pokud odpovídá této podmínce {implementationName}.",
    "AutoTaggingRequiredHelpText": "Tato podmínka {implementationName} musí odpovídat, aby se pravidlo automatického označování použilo. V opačném případě postačí jediná shoda s {implementationName}.",
    "CloneAutoTag": "Klonovat automatické značky",
    "DeleteArtistFolderCountConfirmation": "Opravdu chcete smazat {count} vybraných seznamů k importu?",
    "DeleteSpecification": "Smazat oznámení",
    "DeleteSpecificationHelpText": "Opravdu chcete smazat oznámení '{name}'?",
    "Small": "Malý",
    "BypassIfHighestQualityHelpText": "Obejít zpoždění, když má vydání nejvyšší povolenou kvalitu v profilu kvality s preferovaným protokolem",
    "AutoTagging": "Automatické označování",
    "ConditionUsingRegularExpressions": "Tato podmínka odpovídá regulárním výrazům. Všimněte si, že znaky `\\^$.|?*+()[{` mají speciální význam a je třeba je negovat pomocí `\\`",
    "Connection": "Spojení",
    "ImportList": "Seznam k importu",
    "NoLimitForAnyDuration": "Žádné omezení za běhu",
    "NoMinimumForAnyDuration": "Žádné minimum za běhu",
    "PreferredSize": "Preferovaná velikost",
    "Unlimited": "Neomezený",
    "ImportLists": "Seznam k importu",
    "ExtraFileExtensionsHelpText": "Seznam extra souborů k importu oddělených čárkami (.nfo bude importován jako .nfo-orig)",
    "ExtraFileExtensionsHelpTextsExamples": "Příklady: „.sub, .nfo“ nebo „sub, nfo“",
    "DeleteArtistFoldersHelpText": "Odstraňte složku filmu a její obsah",
    "RemoveQueueItemConfirmation": "Opravdu chcete odebrat {0} položku {1} z fronty?",
    "AutoRedownloadFailed": "Opětovné stažení se nezdařilo",
    "AutoRedownloadFailedFromInteractiveSearch": "Opětovné stažení z interaktivního vyhledávání selhalo",
    "AutoRedownloadFailedFromInteractiveSearchHelpText": "Automaticky vyhledat a pokusit se o stažení jiného vydání, pokud bylo neúspěšné vydání zachyceno z interaktivního vyhledávání",
    "IncludeHealthWarnings": "Zahrnout zdravotní varování",
    "Dash": "Pomlčka",
    "DefaultCase": "Výchozí případ",
    "FileNameTokens": "Tokeny názvů souborů",
    "Uppercase": "Velká písmena",
    "Links": "Odkazy",
    "MonitoredStatus": "Monitorováno / Stav",
    "ConnectSettingsSummary": "Oznámení, připojení k mediálním serverům/přehrávačům a vlastní skripty",
    "CustomFormatsSettings": "Nastavení vlastních formátů",
    "DownloadClientsSettingsSummary": "Stahování klientů, zpracování stahování a mapování vzdálených cest",
    "GeneralSettingsSummary": "Port, SSL, uživatelské jméno / heslo, proxy, analytika a aktualizace",
    "ImportListsSettingsSummary": "Importovat seznamy, vyloučit seznamy",
    "KeyboardShortcuts": "Klávesové zkratky",
    "Lowercase": "Malá písmena",
    "QualitySettingsSummary": "Kvalitní velikosti a pojmenování",
    "TagsSettingsSummary": "Podívejte se na všechny značky a na to, jak se používají. Nepoužité značky lze odstranit",
    "UiSettingsSummary": "Možnosti kalendáře, data a barev",
    "CustomFormatsSettingsSummary": "Vlastní formáty a nastavení",
    "ArtistIndexFooterDownloading": "Stahování",
    "AutomaticSearch": "Automatické vyhledávání",
    "GrabReleaseUnknownArtistOrAlbumMessageText": "{appName} nebyl schopen určit, pro který film je toto vydání určeno. {appName} nemusí být schopen toto vydání automaticky importovat. Chcete chytit „{0}“?",
    "IndexerFlags": "Příznaky indexeru",
    "CustomFilter": "Vlastní filtr",
    "FormatAgeHour": "hodina",
    "FormatAgeHours": "hodin",
    "FormatAgeMinute": "minuta",
    "FormatAgeMinutes": "minut",
    "MonitorNoAlbums": "Žádný",
    "Tomorrow": "Zítra",
    "FormatAgeDay": "den",
    "FormatAgeDays": "dnů",
    "FormatDateTime": "{formattedDate} {formattedTime}",
    "Yesterday": "Včera",
    "AddToDownloadQueue": "Přidat stahování do fronty",
    "AddedToDownloadQueue": "Stahování přidáno do fronty",
    "InteractiveSearchModalHeader": "Interaktivní vyhledávání",
    "Release": " Uvolněno",
    "AutoTaggingSpecificationTag": "Značka",
    "IndexerPriorityHelpText": "Priorita indexovacího modulu od 1 (nejvyšší) do 50 (nejnižší). Výchozí: 25. Používá se při získávání verzí jako rozhodující prvek pro jinak stejné verze, {appName} bude stále používat všechny povolené indexovací moduly pro Synchronizaci RSS a vyhledávání",
    "CustomFormatsSpecificationFlag": "Vlajka",
    "CustomFormatsSpecificationRegularExpressionHelpText": "Vlastní formát RegEx nerozlišuje velká a malá písmena",
    "BlocklistAndSearch": "Seznam blokovaných a vyhledávání",
    "BlocklistMultipleOnlyHint": "Blokovat a nehledat náhradu",
    "ChangeCategory": "Změnit kategorii",
    "CustomFormatsSettingsTriggerInfo": "Vlastní formát se použije na vydání nebo soubor, pokud odpovídá alespoň jednomu z různých typů zvolených podmínek.",
    "ConnectionSettingsUrlBaseHelpText": "Přidá předponu do {connectionName} url, jako např. {url}",
    "BlocklistOnlyHint": "Blokovat a nehledat náhradu",
    "Any": "Jakákoliv",
    "BuiltIn": "Vestavěný",
    "Script": "Skript",
    "DeleteSelectedCustomFormats": "Odstranění vlastního formátu",
    "DeleteSelectedCustomFormatsMessageText": "Opravdu chcete smazat {count} vybraných seznamů k importu?",
    "IncludeCustomFormatWhenRenaming": "Při přejmenování zahrnout vlastní formát",
    "AptUpdater": "K instalaci aktualizace používat apt",
    "DockerUpdater": "aktualizujte kontejner dockeru, abyste aktualizaci obdrželi",
    "InstallLatest": "Nainstalujte nejnovější",
    "Shutdown": "Vypnout",
    "UpdateAppDirectlyLoadError": "{appName} nelze aktualizovat přímo,",
    "ExternalUpdater": "{appName} je nakonfigurován pro použití externího aktualizačního mechanismu",
    "OnLatestVersion": "Nejnovější verze aplikace {appName} je již nainstalována",
    "UnmappedFiles": "Nezmapované složky",
    "DownloadImported": "Stahování ignorováno",
    "AddDelayProfileError": "Nelze přidat nový kvalitní profil, zkuste to znovu.",
    "Max": "Max",
    "Min": "Min",
    "Preferred": "Upřednostňováno",
    "Today": "Dnes",
    "MappedNetworkDrivesWindowsService": "Mapované síťové jednotky nejsou k dispozici, když běží jako služba Windows. Další informace najdete v častých dotazech",
    "DownloadClientSettingsRecentPriority": "Priorita klienta",
    "IndexerSettingsRejectBlocklistedTorrentHashesHelpText": "Pokud je torrent blokován pomocí hash, nemusí být u některých indexerů správně odmítnut během RSS/vyhledávání. Povolení této funkce umožní jeho odmítnutí po zachycení torrentu, ale před jeho odesláním klientovi.",
    "IndexerSettingsApiUrl": "URL API",
    "AddArtistWithName": "Přidat{artistName}",
    "AddAlbumWithTitle": "Přidat {albumTitle}",
    "DownloadClientDelugeSettingsDirectory": "Adresář stahování",
    "ClickToChangeIndexerFlags": "Kliknutím změníte značky indexeru",
    "CustomFormatsSpecificationRegularExpression": "Běžný výraz",
    "Donate": "Daruj",
    "Implementation": "Implementace",
    "NoCutoffUnmetItems": "Žádné neodpovídající nesplněné položky",
    "HealthMessagesInfoBox": "Další informace o příčině těchto zpráv o kontrole zdraví najdete kliknutím na odkaz wiki (ikona knihy) na konci řádku nebo kontrolou [logů]({link}). Pokud máte potíže s interpretací těchto zpráv, můžete se obrátit na naši podporu, a to na níže uvedených odkazech.",
    "External": "Externí",
    "RegularExpressionsCanBeTested": "Regulární výrazy lze testovat [zde]({url}).",
    "AllExpandedCollapseAll": "Sbalit Všechny",
    "AllExpandedExpandAll": "Rozbal Všechny",
    "AllowFingerprinting": "Povol Digitální Otisk (Fingerprinting)",
    "BlocklistAndSearchHint": "Začne hledat náhradu po blokaci",
    "BlocklistAndSearchMultipleHint": "Začne vyhledávat náhrady po blokaci",
    "BlocklistOnly": "Pouze seznam blokování",
    "ChangeCategoryHint": "Změní stahování do kategorie „Post-Import“ z aplikace Download Client",
    "ChangeCategoryMultipleHint": "Změní stahování do kategorie „Post-Import“ z aplikace Download Client",
    "CountCustomFormatsSelected": "{count} vybraný vlastní formát(y)",
    "DeleteSelected": "Smazat vybrané",
    "DoNotBlocklist": "Nepřidávat do Seznamu blokování",
    "DoNotBlocklistHint": "Odstraň bez přidání do seznamu blokování",
    "DownloadClientAriaSettingsDirectoryHelpText": "Volitelné umístění pro stahování, pokud chcete použít výchozí umístění Aria2, ponechte prázdné",
    "DownloadClientQbittorrentSettingsContentLayout": "Rozvržení obsahu",
    "DownloadClientQbittorrentSettingsContentLayoutHelpText": "Zda použít rozvržení obsahu nakonfigurované v qBittorrentu, původní rozvržení z torrentu nebo vždy vytvořit podsložku (qBittorrent 4.3.2+)"
}
