{
    "Language": "Sprog",
    "UiLanguage": "UI-sprog",
    "ICalFeed": "iCal-feed",
    "ICalHttpUrlHelpText": "Kopier denne URL til dine klienter eller klik for at abonnere, hvis din browser understøtter webcal",
    "ICalLink": "iCal-link",
    "IconForCutoffUnmet": "Ikon til Cutoff Unmet",
    "IgnoredHelpText": "Frigivelsen afvises, hvis den indeholder et eller flere af vilkårene (store og små bogstaver)",
    "IgnoredPlaceHolder": "Tilføj ny begrænsning",
    "IllRestartLater": "Jeg genstarter senere",
    "ImportedTo": "Importeret til",
    "ImportExtraFiles": "Importer ekstra filer",
    "ImportExtraFilesHelpText": "Importer matchende ekstra filer (undertekster, nfo osv.) Efter import af en filmfil",
    "ImportFailedInterp": "Import mislykkedes: {0}",
    "Importing": "Importerer",
    "IncludeUnknownArtistItemsHelpText": "Vis emner uden en film i køen. Dette kan omfatte fjernede film eller andet i {appName}s kategori",
    "IncludeUnmonitored": "Inkluder Uovervåget",
    "IndexerPriority": "Indekseringsprioritet",
    "Indexers": "Indexere",
    "IndexerSettings": "Indekseringsindstillinger",
    "InteractiveSearch": "Interaktiv søgning",
    "Interval": "Interval",
    "IsCutoffCutoff": "Skære af",
    "IsCutoffUpgradeUntilThisQualityIsMetOrExceeded": "Opgrader, indtil denne kvalitet er opfyldt eller overskredet",
    "LogLevel": "Logniveau",
    "MarkAsFailedMessageText": "Er du sikker på, at du vil markere '{0}' som mislykket?",
    "MaximumSizeHelpText": "Maksimal størrelse for en udgivelse, der kan hentes i MB. Sæt til nul for at sætte til ubegrænset",
    "MediaInfo": "Medieinfo",
    "MediaManagementSettings": "Indstillinger for mediestyring",
    "Medium": "Medium",
    "MIA": "MIA",
    "MinimumAge": "Minimumsalder",
    "MinimumAgeHelpText": "Kun usenet: Minimumsalder i minutter af NZB'er, før de bliver grebet. Brug dette til at give nye udgivelser tid til at udbrede sig til din usenet-udbyder.",
    "MinimumFreeSpace": "Minimum ledig plads",
    "MinimumFreeSpaceWhenImportingHelpText": "Forhindre import, hvis den efterlader mindre end denne mængde diskplads tilgængelig",
    "MinimumLimits": "Minimumsgrænser",
    "Missing": "Mangler",
    "Mode": "Mode",
    "Monitored": "Overvåget",
    "MoreInfo": "Mere info",
    "MustContain": "Skal indeholde",
    "MustNotContain": "Må ikke indeholde",
    "Name": "Navn",
    "NoBackupsAreAvailable": "Ingen sikkerhedskopier er tilgængelige",
    "NoLogFiles": "Ingen logfiler",
    "None": "Ingen",
    "NotificationTriggers": "Meddelelsesudløsere",
    "NoUpdatesAreAvailable": "Ingen opdateringer er tilgængelige",
    "OpenBrowserOnStart": "Åbn browser ved start",
    "Options": "Muligheder",
    "Original": "Original",
    "PackageVersion": "Pakkeversion",
    "PageSize": "Sidestørrelse",
    "PageSizeHelpText": "Antal elementer, der skal vises på hver side",
    "Password": "Adgangskode",
    "Path": "Sti",
    "Permissions": "Tilladelser",
    "Port": "Havn",
    "PortNumber": "Portnummer",
    "PreviewRename": "Vis eksempel Omdøb",
    "Profiles": "Profiler",
    "Proper": "Passende",
    "PropersAndRepacks": "Propers og Repacks",
    "Protocol": "Protokol",
    "ProtocolHelpText": "Vælg hvilke protokol (r) du vil bruge, og hvilken der foretrækkes, når du vælger mellem ellers lige udgivelser",
    "Proxy": "Proxy",
    "ProxyBypassFilterHelpText": "Brug ',' som en separator og '*.' som et jokertegn for underdomæner",
    "ProxyPasswordHelpText": "Du skal kun indtaste et brugernavn og en adgangskode, hvis der kræves et. Lad dem være tomme ellers.",
    "ProxyType": "Proxy-type",
    "ProxyUsernameHelpText": "Du skal kun indtaste et brugernavn og en adgangskode, hvis der kræves et. Lad dem være tomme ellers.",
    "PublishedDate": "Udgivelsesdato",
    "QualityProfile": "Kvalitetsprofil",
    "QualityProfiles": "Kvalitetsprofiler",
    "QualitySettings": "Kvalitetsindstillinger",
    "ReleaseRejected": "Udgivelse afvist",
    "ReleaseStatuses": "Frigør status",
    "ReleaseWillBeProcessedInterp": "Udgivelsen behandles {0}",
    "RemotePath": "Fjern sti",
    "RemotePathHelpText": "Sti til den mappe, som Download-klienten har adgang til",
    "RemotePathMappings": "Sammenkædning med fjernsti",
    "RemoveCompletedDownloadsHelpText": "Fjern importerede downloads fra downloadklienthistorik",
    "RemovedFromTaskQueue": "Fjernet fra opgavekøen",
    "RemoveFailedDownloadsHelpText": "Fjern mislykkede downloads fra downloadklienthistorik",
    "RemoveFromBlocklist": "Fjern fra sortlisten",
    "RemoveFromDownloadClient": "Fjern fra downloadklient",
    "RemoveSelected": "Fjern valgte",
    "RemoveTagExistingTag": "Eksisterende mærke",
    "RenameTracksHelpText": "{appName} bruger det eksisterende filnavn, hvis omdøbning er deaktiveret",
    "Reorder": "Omarranger",
    "ReplaceIllegalCharacters": "Udskift ulovlige tegn",
    "ReplaceIllegalCharactersHelpText": "Udskift ulovlige tegn. Hvis det ikke er markeret, fjerner {appName} dem i stedet",
    "RequiredHelpText": "Frigivelsen skal indeholde mindst et af disse udtryk (ufølsom)",
    "RequiredPlaceHolder": "Tilføj ny begrænsning",
    "RequiresRestartToTakeEffect": "Kræver genstart for at træde i kraft",
    "RescanAfterRefreshHelpText": "Scan igen filmmappen efter opdatering af filmen",
    "RescanAfterRefreshHelpTextWarning": "{appName} registrerer ikke automatisk ændringer i filer, når de ikke er indstillet til 'Altid'",
    "RescanArtistFolderAfterRefresh": "Genscan filmmappe efter opdatering",
    "Reset": "Nulstil",
    "ResetAPIKey": "Nulstil API-nøgle",
    "ResetAPIKeyMessageText": "Er du sikker på, at du vil nulstille din API-nøgle?",
    "Restart": "Genstart",
    "RestartLidarr": "Genstart {appName}",
    "RestartNow": "Genstart nu",
    "Restore": "Gendan",
    "RestoreBackup": "Gendan sikkerhedskopi",
    "Retention": "Tilbageholdelse",
    "RetentionHelpText": "Kun Usenet: Sæt til nul for at indstille til ubegrænset fastholdelse",
    "RetryingDownloadOn": "Prøver igen at downloade d. {date} kl. {time}",
    "RootFolder": "Rodmappe",
    "RootFolders": "Rodmapper",
    "RSSSync": "RSS-synkronisering",
    "RSSSyncInterval": "RSS-synkroniseringsinterval",
    "RssSyncIntervalHelpText": "Interval på få minutter. Sæt til nul for at deaktivere (dette stopper al automatisk frigivelse)",
    "ShownAboveEachColumnWhenWeekIsTheActiveView": "Vist over hver kolonne, når ugen er den aktive visning",
    "ShowRelativeDates": "Vis relative datoer",
    "ShowRelativeDatesHelpText": "Vis relative (i dag / i går / osv.) Eller absolutte datoer",
    "ShowSearch": "Vis søgning",
    "ShowSearchActionHelpText": "Vis søgeknappen, når du holder markøren",
    "ShowSizeOnDisk": "Vis størrelse på disk",
    "ShowUnknownArtistItems": "Vis ukendte filmgenstande",
    "SSLCertPassword": "SSL-certificeret adgangskode",
    "SslCertPasswordHelpText": "Adgangskode til pfx-fil",
    "SslCertPasswordHelpTextWarning": "Kræver genstart for at træde i kraft",
    "SSLCertPath": "SSL-certificeret sti",
    "SslCertPathHelpText": "Sti til pfx-fil",
    "SslCertPathHelpTextWarning": "Kræver genstart for at træde i kraft",
    "SSLPort": "SSL-port",
    "SslPortHelpTextWarning": "Kræver genstart for at træde i kraft",
    "StandardTrackFormat": "Standard filmformat",
    "StartTypingOrSelectAPathBelow": "Start med at skrive, eller vælg en sti nedenfor",
    "Status": "Status",
    "Style": "Stil",
    "SupportsSearchvalueWillBeUsedWhenAutomaticSearchesArePerformedViaTheUIOrByLidarr": "Bruges, når der foretages automatiske søgninger via brugergrænsefladen eller af {appName}",
    "SupportsSearchvalueWillBeUsedWhenInteractiveSearchIsUsed": "Bruges, når der bruges interaktiv søgning",
    "TagIsNotUsedAndCanBeDeleted": "Tag bruges ikke og kan slettes",
    "Tags": "Mærker",
    "Tasks": "Opgaver",
    "TestAll": "Afprøv alle",
    "TestAllClients": "Afprøv alle klienter",
    "TestAllIndexers": "Afprøv alle indeks",
    "TestAllLists": "Afprøv alle lister",
    "ThisWillApplyToAllIndexersPleaseFollowTheRulesSetForthByThem": "Dette gælder for alle indeksører. Følg de regler, der er angivet af dem",
    "Time": "Tid",
    "TimeFormat": "Tidsformat",
    "TorrentDelay": "Torrentforsinkelse",
    "TorrentDelayHelpText": "Forsink i minutter, før du tager fat i en torrent",
    "Torrents": "Torrenter",
    "TotalFileSize": "Samlet filstørrelse",
    "Track": "Spor",
    "UnableToAddANewDownloadClientPleaseTryAgain": "Kunne ikke tilføje en ny downloadklient. Prøv igen.",
    "UnableToLoadMetadata": "Kunne ikke indlæse metadata",
    "UnmonitoredHelpText": "Inkluder ikke-overvågede film i iCal-feedet",
    "Updates": "Opdateringer",
    "Version": "Version",
    "LaunchBrowserHelpText": " Åbn en webbrowser, og naviger til {appName}-hjemmesiden ved start af appen.",
    "AgeWhenGrabbed": "Alder (når grebet)",
    "AlbumIsDownloadingInterp": "Film downloades - {0}% {1}",
    "AlternateTitles": "Alternativ Titel",
    "UiLanguageHelpText": "Sprog, som {appName} vil bruge til UI",
    "UiSettings": "UI-indstillinger",
    "UnableToAddANewImportListExclusionPleaseTryAgain": "Kunne ikke tilføje en ny listeekskludering. Prøv igen.",
    "UnableToAddANewIndexerPleaseTryAgain": "Kunne ikke tilføje en ny indekser. Prøv igen.",
    "UnableToAddANewListPleaseTryAgain": "Kan ikke tilføje en ny liste, prøv igen.",
    "UnableToAddANewMetadataProfilePleaseTryAgain": "Kan ikke tilføje en ny kvalitetsprofil, prøv igen.",
    "UnableToAddANewNotificationPleaseTryAgain": "Kan ikke tilføje en ny underretning, prøv igen.",
    "UnableToAddANewQualityProfilePleaseTryAgain": "Kan ikke tilføje en ny kvalitetsprofil, prøv igen.",
    "UnableToAddANewRemotePathMappingPleaseTryAgain": "Kunne ikke tilføje en ny kortlægning af fjernstien. Prøv igen.",
    "UnableToAddANewRootFolderPleaseTryAgain": "Kunne ikke tilføje et nyt tilpasset format, prøv igen.",
    "UnableToLoadBackups": "Kunne ikke indlæse sikkerhedskopier",
    "UnableToLoadBlocklist": "Kunne ikke indlæse sortliste",
    "UnableToLoadDownloadClients": "Kunne ikke indlæse downloadklienter",
    "UnableToLoadHistory": "Kunne ikke indlæse historikken",
    "UnableToLoadImportListExclusions": "Kunne ikke indlæse listeekskluderinger",
    "UnableToLoadIndexerOptions": "Kan ikke indlæse indekseringsindstillinger",
    "UnableToLoadIndexers": "Kan ikke indlæse indeksørerne",
    "UnableToLoadLists": "Kunne ikke indlæse lister",
    "UnableToLoadMediaManagementSettings": "Kan ikke indlæse indstillinger for mediestyring",
    "UnableToLoadMetadataProfiles": "Kunne ikke indlæse forsinkelsesprofiler",
    "UnableToLoadNamingSettings": "Navngivningsindstillinger kunne ikke indlæses",
    "UnableToLoadNotifications": "Kunne ikke indlæse meddelelser",
    "UnableToLoadQualities": "Kan ikke indlæse kvaliteter",
    "UnableToLoadQualityDefinitions": "Kunne ikke indlæse kvalitetsdefinitioner",
    "UnableToLoadReleaseProfiles": "Kunne ikke indlæse forsinkelsesprofiler",
    "UnableToLoadRemotePathMappings": "Kan ikke indlæse Remote Path Mappings",
    "UnableToLoadRootFolders": "Kan ikke indlæse rodmapper",
    "UnableToLoadTags": "Kan ikke indlæse tags",
    "UnableToLoadTheCalendar": "Kan ikke indlæse kalenderen",
    "UnableToLoadUISettings": "UI-indstillingerne kunne ikke indlæses",
    "Unmonitored": "Uovervåget",
    "UrlBaseHelpText": "For reverse proxy-support er standard tom",
    "UrlBaseHelpTextWarning": "Kræver genstart for at træde i kraft",
    "UseHardlinksInsteadOfCopy": "Brug hardlinks i stedet for Copy",
    "UsenetDelay": "Usenet-forsinkelse",
    "UsenetDelayHelpText": "Forsink i minutter, før du tager fat i en frigivelse fra Usenet",
    "Year": "År",
    "YesCancel": "Ja, Annuller",
    "ForMoreInformationOnTheIndividualDownloadClientsClickOnTheInfoButtons": "Klik på informationsknapperne for at få flere oplysninger om de enkelte downloadklienter.",
    "ForMoreInformationOnTheIndividualIndexersClickOnTheInfoButtons": "Klik på info-knapperne for at få flere oplysninger om de enkelte indeksatorer.",
    "Grab": "Tag fat",
    "GrabRelease": "Hent udgivelse",
    "NamingSettings": "Navngivningsindstillinger",
    "New": "Ny",
    "NoHistory": "Ingen historie",
    "NoLeaveIt": "Nej, lad det være",
    "Quality": "Kvalitet",
    "QualityDefinitions": "Kvalitetsdefinitioner",
    "Queue": "Kø",
    "RecyclingBin": "Genbrugsskraldespand",
    "Reload": "Genindlæs",
    "IgnoredAddresses": "Ignorerede adresser",
    "Indexer": "Indekser",
    "RemoveTagRemovingTag": "Fjerner tag",
    "Result": "Resultat",
    "Scheduled": "Planlagt",
    "ScriptPath": "Script sti",
    "Search": "Søg",
    "SearchAll": "Søg i alle",
    "SearchForMissing": "Søg efter mangler",
    "SearchSelected": "Søgning valgt",
    "Security": "Sikkerhed",
    "SendAnonymousUsageData": "Send anonyme brugsdata",
    "SetPermissions": "Indstil tilladelser",
    "SetPermissionsLinuxHelpText": "Skal chmod køres, når filer importeres / omdøbes?",
    "SetPermissionsLinuxHelpTextWarning": "Hvis du er i tvivl om, hvad disse indstillinger gør, skal du ikke ændre dem.",
    "Settings": "Indstillinger",
    "ShortDateFormat": "Kort datoformat",
    "ShowCutoffUnmetIconHelpText": "Vis ikon for filer, når afskæringen ikke er opfyldt",
    "ShowDateAdded": "Vis dato tilføjet",
    "ShowMonitored": "Vis overvåget",
    "ShowMonitoredHelpText": "Vis overvåget status under plakat",
    "Size": " Størrelse",
    "SkipFreeSpaceCheck": "Spring fri pladscheck over",
    "SorryThatAlbumCannotBeFound": "Beklager, den film kan ikke findes.",
    "SorryThatArtistCannotBeFound": "Beklager, den film kan ikke findes.",
    "Source": "Kilde",
    "SourcePath": "Kildesti",
    "Actions": "Handlinger",
    "AddListExclusion": "Tilføj ekskludering af liste",
    "AppDataDirectory": "AppData-mappe",
    "ApplyTags": "Anvend tags",
    "ApplyTagsHelpTextReplace": "Erstat: Udskift tags med de indtastede tags (indtast ingen tags for at rydde alle tags)",
    "ArtistAlbumClickToChangeTrack": "Klik for at skifte film",
    "Authentication": "Godkendelse",
    "AuthenticationMethodHelpText": "Kræv brugernavn og adgangskode for at få adgang til {appName}",
    "AutoRedownloadFailedHelpText": "Søg automatisk efter og forsøg at downloade en anden udgivelse",
    "BackupFolderHelpText": "Relative stier vil være under {appName}s AppData-bibliotek",
    "BackupNow": "Backup Nu",
    "BackupRetentionHelpText": "Automatiske sikkerhedskopier, der er ældre end opbevaringsperioden, renses automatisk",
    "Backups": "Sikkerhedskopier",
    "BindAddress": "Bind adresse",
    "BindAddressHelpText": "Gyldig IP4-adresse, 'localhost' eller '*' for alle grænseflader",
    "BindAddressHelpTextWarning": "Kræver genstart for at træde i kraft",
    "Blocklist": "Blacklist",
    "BlocklistRelease": "Udgivelse af sortliste",
    "Branch": "Afdeling",
    "BypassProxyForLocalAddresses": "Bypass-proxy til lokale adresser",
    "Cancel": "Afbryd",
    "CancelPendingTask": "Er du sikker på, at du vil annullere denne afventende opgave?",
    "CertificateValidation": "Validering af certifikat",
    "CertificateValidationHelpText": "Skift, hvor streng HTTPS-certificering er. Ændr kun dette hvis du forstå risiciene.",
    "ChangeFileDate": "Skift fildato",
    "ChangeHasNotBeenSavedYet": "Ændring er endnu ikke gemt",
    "ChmodFolder": "chmod mappe",
    "ChmodFolderHelpText": "Oktal, anvendt under import / omdøbning til mediemapper og filer (uden udførelse af bits)",
    "ChmodFolderHelpTextWarning": "Dette fungerer kun, hvis den bruger, der kører {appName}, er ejeren af filen. Det er bedre at sikre, at downloadklienten indstiller tilladelserne korrekt.",
    "ChownGroupHelpText": "Gruppens navn eller gid. Brug gid til eksterne filsystemer.",
    "ChownGroupHelpTextWarning": "Dette fungerer kun, hvis den bruger, der kører {appName}, er ejeren af filen. Det er bedre at sikre, at downloadklienten bruger den samme gruppe som {appName}.",
    "Clear": "Ryd",
    "ClickToChangeQuality": "Klik for at ændre kvalitet",
    "ClientPriority": "Kundens prioritet",
    "CloneIndexer": "Klonindekser",
    "CompletedDownloadHandling": "Færdig Download Håndtering",
    "Component": "Komponent",
    "Connections": "Forbindelser",
    "ConnectSettings": "Forbind indstillinger",
    "CopyUsingHardlinksHelpText": "Brug hardlinks, når du prøver at kopiere filer fra torrents, der stadig udsås",
    "CopyUsingHardlinksHelpTextWarning": "Lejlighedsvis kan fillåse forhindre omdøbning af filer, der bliver seedet. Du kan midlertidigt deaktivere såning og bruge {appName}s omdøbningsfunktion som et arbejde rundt.",
    "CreateEmptyArtistFolders": "Opret tomme filmmapper",
    "CreateEmptyArtistFoldersHelpText": "Opret manglende filmmapper under diskscanning",
    "CreateGroup": "Opret gruppe",
    "CutoffHelpText": "Når denne kvalitet er nået, downloader {appName} ikke længere film",
    "CutoffUnmet": "Grænse ikke opnået",
    "Dates": "Datoer",
    "DatabaseMigration": "DB Migration",
    "DelayProfile": "Udskyd Profiler",
    "DelayProfiles": "Udskyd Profiler",
    "Delete": "Slet",
    "DeleteBackup": "Slet sikkerhedskopi",
    "DeleteBackupMessageText": "Er du sikker på, at du vil slette sikkerhedskopien »{name}«?",
    "DeleteDelayProfile": "Slet forsinkelsesprofil",
    "DeleteDelayProfileMessageText": "Er du sikker på, at du vil slette denne forsinkelsesprofil?",
    "DeleteDownloadClient": "Slet Download Client",
    "DeleteDownloadClientMessageText": "Er du sikker på, at du vil fjerne downloadklienten »{name}«?",
    "DeleteEmptyFolders": "Slet tomme mapper",
    "DeleteNotificationMessageText": "Er du sikker på, at du vil slette notifikationen »{name}«?",
    "DeleteQualityProfile": "Slet kvalitetsprofil",
    "DeleteQualityProfileMessageText": "Er du sikker på, at du vil slette kvalitetsprofilen »{name}«?",
    "DeleteReleaseProfile": "Slet udgivelsesprofil",
    "DeleteReleaseProfileMessageText": "Er du sikker på, at du vil slette denne forsinkelsesprofil?",
    "DeleteRootFolderMessageText": "Er du sikker på, at du vil slette indeksøren '{0}'?",
    "DeleteSelectedTrackFiles": "Slet valgte filmfiler",
    "DeleteSelectedTrackFilesMessageText": "Er du sikker på, at du vil slette de valgte filmfiler?",
    "DeleteTag": "Slet tag",
    "DeleteTagMessageText": "Er du sikker på, at du vil slette etiketten »{label}«?",
    "DestinationPath": "Destinationssti",
    "DetailedProgressBar": "Detaljeret statuslinje",
    "DetailedProgressBarHelpText": "Vis tekst på statuslinjen",
    "DiskSpace": "Disk Plads",
    "Docker": "Docker",
    "DownloadClient": "Download Klient",
    "DownloadClients": "Download Klienter",
    "DownloadClientSettings": "Download klientindstillinger",
    "DownloadFailedInterp": "Download mislykkedes: {0}",
    "DownloadPropersAndRepacksHelpTexts1": "Hvorvidt der automatisk skal opgraderes til Propers / Repacks",
    "DownloadWarningCheckDownloadClientForMoreDetails": "Downloadadvarsel: Tjek downloadklienten for flere detaljer",
    "Edit": "Rediger",
    "Enable": "Aktiver",
    "EnableAutomaticAdd": "Aktivér automatisk tilføjelse",
    "EnableAutomaticSearch": "Aktivér automatisk søgning",
    "EnableColorImpairedMode": "Aktivér farve-nedsat tilstand",
    "EnableColorImpairedModeHelpText": "Ændret stil for at give farvehæmmede brugere bedre at skelne mellem farvekodede oplysninger",
    "EnableCompletedDownloadHandlingHelpText": "Importer automatisk afsluttede downloads fra downloadklienten",
    "EnableHelpText": "Aktivér oprettelse af metadatafiler for denne metadatatype",
    "EnableInteractiveSearch": "Aktivér interaktiv søgning",
    "EnableRSS": "Aktivér RSS",
    "EnableSSL": "Aktivér SSL",
    "EnableSslHelpText": " Kræver genstart, der kører som administrator for at træde i kraft",
    "Ended": "Afsluttet",
    "ErrorLoadingContents": "Fejl ved indlæsning af indhold",
    "ErrorLoadingPreviews": "Fejl ved indlæsning af forhåndsvisning",
    "Exception": "Undtagelse",
    "Filename": "Filnavn",
    "FileNames": "Filnavne",
    "Files": "Filer",
    "FirstDayOfWeek": "Første ugedag",
    "Fixed": "Fast",
    "Folder": "Mappe",
    "Folders": "Mapper",
    "ForMoreInformationOnTheIndividualListsClickOnTheInfoButtons": "Klik på info-knapperne for at få flere oplysninger om de enkelte importlister.",
    "GeneralSettings": "Generelle indstillinger",
    "Global": "Global",
    "GoToInterp": "Gå til {0}",
    "GrabSelected": "Greb Valgt",
    "Group": "Gruppe",
    "HasPendingChangesNoChanges": "Ingen ændringer",
    "HasPendingChangesSaveChanges": "Gem ændringer",
    "History": "Historie",
    "Host": "Vært",
    "HostHelpText": "Den samme vært, som du angav for den eksterne downloadklient",
    "Hostname": "Værtsnavn",
    "Level": "Niveau",
    "MetadataSettings": "Metadataindstillinger",
    "PosterSize": "Plakatstørrelse",
    "ReadTheWikiForMoreInformation": "Læs Wiki for mere information",
    "Real": "Ægte",
    "Reason": "Grund",
    "RecycleBinCleanupDaysHelpText": "Sæt til 0 for at deaktivere automatisk oprydning",
    "RecycleBinCleanupDaysHelpTextWarning": "Filer i papirkurven, der er ældre end det valgte antal dage, renses automatisk",
    "RecycleBinHelpText": "Filmfiler går her, når de slettes i stedet for at blive slettet permanent",
    "RecyclingBinCleanup": "Oprydning af papirkurven",
    "Redownload": "Genindlæs",
    "Refresh": "Opdater",
    "RefreshInformationAndScanDisk": "Opdater oplysninger og scan disk",
    "RefreshScan": "Opdater & Scan",
    "ReleaseDate": "Slip datoer",
    "ReleaseGroup": "Slip gruppe",
    "Remove": "Fjerne",
    "RemoveFilter": "Fjern filteret",
    "RemoveFromQueue": "Fjern fra køen",
    "ShowPath": "Vis sti",
    "ShowQualityProfile": "Vis kvalitetsprofil",
    "ShowQualityProfileHelpText": "Vis kvalitetsprofil under plakat",
    "StartupDirectory": "Startmappe",
    "Type": "Type",
    "UnableToLoadQualityProfiles": "Kunne ikke indlæse kvalitetsprofiler",
    "Ungroup": "Fjern gruppe",
    "UsingExternalUpdateMechanismBranchToUseToUpdateLidarr": "Filial, der skal bruges til at opdatere {appName}",
    "SuccessMyWorkIsDoneNoFilesToRename": "Succes! Mit arbejde er udført, ingen filer at omdøbe.",
    "SuccessMyWorkIsDoneNoFilesToRetag": "Succes! Mit arbejde er udført, ingen filer at omdøbe.",
    "SupportsRssvalueRSSIsNotSupportedWithThisIndexer": "RSS understøttes ikke med denne indekseringsenhed",
    "SupportsSearchvalueSearchIsNotSupportedWithThisIndexer": "Søgning understøttes ikke med denne indekser",
    "UnableToLoadDelayProfiles": "Kunne ikke indlæse forsinkelsesprofiler",
    "UnableToLoadDownloadClientOptions": "Kunne ikke indlæse indstillinger for downloadklient",
    "UnableToLoadGeneralSettings": "Kan ikke indlæse generelle indstillinger",
    "IsTagUsedCannotBeDeletedWhileInUse": "Kan ikke slettes under brug",
    "LidarrSupportsAnyDownloadClientThatUsesTheNewznabStandardAsWellAsOtherDownloadClientsListedBelow": "{appName} understøtter enhver downloadklient, der bruger Newznab-standarden, samt andre downloadklienter, der er anført nedenfor.",
    "LidarrSupportsAnyIndexerThatUsesTheNewznabStandardAsWellAsOtherIndexersListedBelow": "{appName} understøtter enhver indekserer, der bruger Newznab-standarden såvel som andre indeksatorer, der er anført nedenfor.",
    "LidarrTags": "{appName} tags",
    "Local": "Lokal",
    "LocalPath": "Lokal sti",
    "LocalPathHelpText": "Sti, som {appName} skal bruge for at få adgang til den eksterne sti lokalt",
    "LogFiles": "Logfiler",
    "LogLevelvalueTraceTraceLoggingShouldOnlyBeEnabledTemporarily": "Sporlogning bør kun aktiveres midlertidigt",
    "Logging": "Logning",
    "Logs": "Logfiler",
    "LongDateFormat": "Lang datoformat",
    "ManualImport": "Manuel import",
    "MarkAsFailed": "Marker som mislykket",
    "MaximumLimits": "Maksimumgrænser",
    "MaximumSize": "Maksimal størrelse",
    "Mechanism": "Mekanisme",
    "Message": "Besked",
    "20MinutesTwenty": "20 minutter: {0}",
    "45MinutesFourtyFive": "45 minutter: {0}",
    "60MinutesSixty": "60 minutter: {0}",
    "APIKey": "API-nøgle",
    "About": "Om",
    "AddingTag": "Tilføjer tag",
    "AlreadyInYourLibrary": "Allerede i dit bibliotek",
    "AlternateTitleslength1Title": "Titel",
    "AlternateTitleslength1Titles": "Titler",
    "Analytics": "Analyse",
    "AnalyticsEnabledHelpText": "Send anonym brugs- og fejlinformation til {appName}s servere. Dette inkluderer information i din browser, hvilke {appName} WebUI-sider du bruger, fejlrapportering samt OS og runtime-version. Vi bruger disse oplysninger til at prioritere funktioner og fejlrettelser.",
    "AnalyticsEnabledHelpTextWarning": "Kræver genstart for at træde i kraft",
    "ApiKeyHelpTextWarning": "Kræver genstart for at træde i kraft",
    "Automatic": "Automatisk",
    "Calendar": "Kalender",
    "UiLanguageHelpTextWarning": "Browser genindlæsning påkrævet",
    "UpdateAll": "Opdater alle",
    "UpdateAutomaticallyHelpText": "Download og installer opdateringer automatisk. Du kan stadig installere fra System: Updates",
    "UpdateMechanismHelpText": "Brug {appName}s indbyggede opdateringsfunktion eller et script",
    "UpdateScriptPathHelpText": "Sti til et brugerdefineret script, der tager en udpakket opdateringspakke og håndterer resten af opdateringsprocessen",
    "UpgradeAllowedHelpText": "Hvis deaktiveret, vil kvalitet ikke vil blive opgraderet",
    "Uptime": "Oppetid",
    "URLBase": "URL-base",
    "Usenet": "Usenet",
    "UseProxy": "Brug proxy",
    "Username": "Brugernavn",
    "UsingExternalUpdateMechanismBranchUsedByExternalUpdateMechanism": "Gren brugt af ekstern opdateringsmekanisme",
    "WeekColumnHeader": "Ugens kolonneoverskrift",
    "CalendarWeekColumnHeaderHelpText": "Vist over hver kolonne, når ugen er den aktive visning",
    "CloneProfile": "Klonprofil",
    "DelayingDownloadUntil": "Forsinker download indtil {date} kl. {time}",
    "Columns": "Kolonner",
    "DeleteImportListExclusion": "Slet udelukkelse af importliste",
    "DeleteImportListExclusionMessageText": "Er du sikker på, at du vil slette denne undtagelse fra importlisten?",
    "DeleteImportListMessageText": "Er du sikker på, at du vil slette listen »{name}«?",
    "DeleteIndexer": "Slet Indexer",
    "DeleteIndexerMessageText": "Er du sikker på, at du vil slette indeksøren »{name}«?",
    "DeleteMetadataProfileMessageText": "Er du sikker på, at du vil slette kvalitetsprofilen {0}",
    "DeleteNotification": "Slet underretning",
    "DownloadFailedCheckDownloadClientForMoreDetails": "Download mislykkedes: tjek downloadklienten for flere detaljer",
    "Downloading": "Downloader",
    "FileDateHelpText": "Skift fildato ved import / genscanning",
    "FileManagement": "Fil Håndtering",
    "OnGrab": "ved hentning",
    "Tracks": "Spor",
    "OnHealthIssue": "Om sundhedsspørgsmål",
    "OnRename": "Om omdøb",
    "OnUpgrade": "Ved opgradering",
    "Activity": "Aktivitet",
    "Add": "Tilføj",
    "AddDelayProfile": "Tilføj forsinkelsesprofil",
    "Added": "Tilføjet",
    "AddIndexer": "Tilføj indekser",
    "AddRemotePathMapping": "Tilføj kortlægning af fjernsti",
    "AddRootFolder": "Tilføj rodmappe",
    "AfterManualRefresh": "Efter manuel opdatering",
    "Age": "Alder",
    "All": "Alt",
    "AllFiles": "Alle filer",
    "Apply": "Anvend",
    "AudioInfo": "Lyd Info",
    "Backup": "Backup",
    "BeforeUpdate": "Før opdatering",
    "Close": "Luk",
    "Connect": "Tilslut",
    "Date": "Dato",
    "Deleted": "Slettet",
    "Details": "Detaljer",
    "DownloadFailed": "Download fejlede",
    "EditDelayProfile": "Rediger forsinkelsesprofil",
    "EditImportListExclusion": "Slet udelukkelse af importliste",
    "EditQualityProfile": "Rediger kvalitetsprofil",
    "EditRemotePathMapping": "Rediger kortlægning af fjernsti",
    "EditRootFolder": "Tilføj rodmappe",
    "FreeSpace": "Frit Plads",
    "General": "Generelt",
    "Genres": "Genrer",
    "Grabbed": "Grebet",
    "HardlinkCopyFiles": "Hardlink/Kopir Filer",
    "HideAdvanced": "Gemt Avancerede",
    "Ignored": "Ignoreret",
    "Info": "Information",
    "LastUsed": "Sidst brugt",
    "LastWriteTime": "Sidste Skrive Tid",
    "Location": "Beliggenhed",
    "Manual": "brugervejledning",
    "MediaManagement": "Mediestyring",
    "Metadata": "Metadata",
    "MonitoredOnly": "Kun overvåget",
    "NextExecution": "Næste udførelse",
    "Ok": "Okay",
    "Organize": "Organisere",
    "OutputPath": "Outputsti",
    "Peers": "Kammerater",
    "PreferAndUpgrade": "Foretrækker og opgraderer",
    "Renamed": "Omdøbt",
    "RestartRequiredHelpTextWarning": "Kræver genstart for at træde i kraft",
    "RestoreBackupAdditionalInfo": "Bemærk: {appName} genstarter automatisk og genindlæser brugergrænsefladen under gendannelsesprocessen.",
    "Save": "Gemme",
    "Seeders": "Såmaskiner",
    "Select...": "'Vælg...",
    "SelectFolder": "Vælg Mappe",
    "ShowAdvanced": "Vis avanceret",
    "SourceTitle": "Kildetitel",
    "System": "System",
    "Test": "Afprøv",
    "TimeLeft": "Tid tilbage",
    "Title": "Titel",
    "TotalSpace": "Samlet plads",
    "Ui": "UI",
    "UnmappedFilesOnly": "Kun kortlagte filer",
    "UnmonitoredOnly": "Kun overvåget",
    "Warn": "Advare",
    "MoveAutomatically": "Hurtig import",
    "Replace": "Erstatte",
    "AddNew": "Tilføj Ny",
    "AddQualityProfile": "Tilføj kvalitetsprofil",
    "Always": "Altid",
    "Custom": "Brugerdefinerede",
    "CustomFilters": "Bruger Tilpassede Filtere",
    "Donations": "Donationer",
    "DoNotPrefer": "Foretrækker ikke",
    "DoNotUpgradeAutomatically": "Opgrader ikke automatisk",
    "Error": "Fejl",
    "ErrorRestoringBackup": "Fejl ved gendannelse af sikkerhedskopi",
    "Events": "Begivenheder",
    "EventType": "Begivenhed Type",
    "Filters": "Filter",
    "Import": "Importer",
    "NoTagsHaveBeenAddedYet": "Der er ikke tilføjet nogen tags endnu",
    "OnlyTorrent": "Kun Torrent",
    "OnlyUsenet": "Kun Usenet",
    "Presets": "Forudindstillinger",
    "Progress": "Fremskridt",
    "Queued": "I kø",
    "Rating": "Bedømmelser",
    "SelectQuality": "Vælg Kvalitet",
    "SizeOnDisk": "Størrelse på disk",
    "UpgradesAllowed": "Opgraderinger tilladt",
    "Wanted": "Ønskede",
    "WouldYouLikeToRestoreBackup": "Vil du gendanne sikkerhedskopien »{name}«?",
    "InteractiveImport": "Interaktiv import",
    "LastDuration": "Seneste varighed",
    "LastExecution": "Seneste udførelse",
    "QualityLimitsHelpText": "Grænser justeres automatisk for filmens kørselstid.",
    "RejectionCount": "Afvisningstal",
    "ReleaseTitle": "Udgiv titel",
    "MoveFiles": "Flyt filer",
    "AddImportListExclusion": "Tilføj ekslusion til importeringslisten",
    "ImportListExclusions": "Slet udelukkelse af importliste",
    "DoneEditingGroups": "Udført redigering af grupper",
    "QualitiesHelpText": "Kvaliteter højere på listen foretrækkes. Kvaliteter inden for samme gruppe er ens. Kun kontrollerede kvaliteter er ønsket",
    "EditGroups": "Rediger grupper",
    "NETCore": ".NET Core",
    "Label": "Etiket",
    "Library": "Bibliotek",
    "DeleteTrackFileMessageText": "Er du sikker på at du vil fjerne {0}?",
    "ReleaseProfiles": "udgivelsesprofil",
    "CustomFormatScore": "Brugerdefineret formats resultat",
    "MinimumCustomFormatScore": "Minimum tilpasset format score",
    "Season": "Sæson",
    "CloneCustomFormat": "Klon brugerdefineret format",
    "Conditions": "Betingelser",
    "CopyToClipboard": "Kopier til udklipsholder",
    "CouldntFindAnyResultsForTerm": "Kunne ikke finde nogen resultater for '{0}'",
    "CustomFormat": "Bruger Tilpasset Formater",
    "CustomFormatRequiredHelpText": "Denne {0} betingelse skal matche for at det tilpassede format kan anvendes. Ellers er en enkelt {1} match tilstrækkelig.",
    "CustomFormatSettings": "Indstillinger for brugerdefinerede formater",
    "CustomFormats": "Bruger Tilpasset Formater",
    "Customformat": "Bruger Tilpasset Formater",
    "CutoffFormatScoreHelpText": "Når denne score til brugerdefineret format er nået, downloader {appName} ikke længere film",
    "DeleteCustomFormat": "Slet brugerdefineret format",
    "DeleteCustomFormatMessageText": "Er du sikker på, at du vil slette indeksøren '{0}'?",
    "DownloadPropersAndRepacksHelpTextWarning": "Brug brugerdefinerede formater til automatiske opgraderinger til Propers / Repacks",
    "DownloadedUnableToImportCheckLogsForDetails": "Downloadet - Kan ikke importeres: tjek logfiler for detaljer",
    "ExportCustomFormat": "Eksporter brugerdefineret format",
    "FailedDownloadHandling": "Fejlet Download Håndtering",
    "FailedLoadingSearchResults": "Kunne ikke indlæse søgeresultater. Prøv igen.",
    "Formats": "Formater",
    "IncludeCustomFormatWhenRenamingHelpText": "Inkluder i {Custom Formats} omdøbningsformat",
    "ItsEasyToAddANewArtistJustStartTypingTheNameOfTheArtistYouWantToAdd": "Det er nemt at tilføje en ny film, bare start ved at skrive navnet på filmen du vil tilføje",
    "MaintenanceRelease": "Vedligeholdelsesfrigivelse: fejlrettelser og andre forbedringer. Se Github Commit History for flere detaljer",
    "UnableToLoadCustomFormats": "Kan ikke indlæse brugerdefinerede formater",
    "UnableToLoadInteractiveSearch": "Kunne ikke indlæse resultater for denne filmsøgning. Prøv igen senere",
    "TheArtistFolderStrongpathstrongAndAllOfItsContentWillBeDeleted": "Filmmappen '{0}' og alt dens indhold slettes.",
    "DeleteFormatMessageText": "Er du sikker på, at du vil slette formattag {0}?",
    "MinFormatScoreHelpText": "Minimum tilpasset format score tilladt at downloade",
    "Monitor": "Overvåge",
    "NegateHelpText": "Hvis dette er markeret, gælder det tilpassede format ikke, hvis denne {0} betingelse stemmer overens.",
    "PreferTorrent": "Foretrækker Torrent",
    "PreferUsenet": "Foretrækker Usenet",
    "HiddenClickToShow": "Skjult, klik for at vise",
    "ReplaceWithDash": "Udskift med Dash",
    "ReplaceWithSpaceDash": "Udskift med Space Dash",
    "AppDataLocationHealthCheckMessage": "Opdatering vil ikke være muligt for at undgå at slette AppData under opdatering",
    "ColonReplacement": "Udskiftning af kolon",
    "Disabled": "deaktiveret",
    "DownloadClientRootFolderHealthCheckMessage": "Download klient {downloadClientName} placerer downloads i rodmappen {rootFolderPath}. Du skal ikke downloade til en rodmappe.",
    "DownloadClientCheckNoneAvailableMessage": "Ingen download klient tilgængelig",
    "DownloadClientCheckUnableToCommunicateMessage": "Ude af stand til at kommunikere med {0}.",
    "DownloadClientStatusCheckAllClientMessage": "Alle download klienter er utilgængelige på grund af fejl",
    "DownloadClientStatusCheckSingleClientMessage": "Download klienter er ikke tilgængelige på grund af fejl: {0}",
    "ImportListStatusCheckAllClientMessage": "Alle lister er utilgængelige på grund af fejl",
    "ImportListStatusCheckSingleClientMessage": "Lister utilgængelige på grund af fejl: {0}",
    "ImportMechanismHealthCheckMessage": "Aktiver Fuldendt Download Håndtering",
    "IndexerLongTermStatusCheckAllClientMessage": "Alle indeksatorer er ikke tilgængelige på grund af fejl i mere end 6 timer",
    "IndexerLongTermStatusCheckSingleClientMessage": "Indeksatorer er ikke tilgængelige på grund af fejl i mere end 6 timer: {0}",
    "IndexerRssHealthCheckNoAvailableIndexers": "Alle rss-mulige indexere er midlertidigt utilgængelige på grund af nylige indexer fejl",
    "IndexerRssHealthCheckNoIndexers": "Ingen indexer tilgængelig med RSS sync aktiveret, {appName} vil ikke tage nye udgivelser automatisk",
    "IndexerSearchCheckNoAutomaticMessage": "Ingen indexere tilgængelige med Automatisk Søg aktiveret, {appName} vil ikke give nogle automatiske søge resultater",
    "IndexerSearchCheckNoAvailableIndexersMessage": "Alle søge-mulige indexere er midlertidigt utilgængelige på grund af nylige indexer fejl",
    "IndexerSearchCheckNoInteractiveMessage": "Ingen indexere er tilgængelige med Interaktiv Søg aktiveret, {appName} vil ikke give nogle interaktive søge resultater",
    "IndexerStatusCheckAllClientMessage": "Alle indeksører er utilgængelige på grund af fejl",
    "IndexerStatusCheckSingleClientMessage": "Indexere utilgængelige på grund af fejl: {0}",
    "MountArtistHealthCheckMessage": "Mount, der indeholder en filmsti, er monteret skrivebeskyttet: ",
    "ProxyCheckBadRequestMessage": "Kunne ikke teste proxy. Statuskode: {0}",
    "ProxyCheckFailedToTestMessage": "Kunne ikke teste proxy: {0}",
    "ProxyCheckResolveIpMessage": "Mislykkedes at løse IP-adressen til den konfigurerede proxyhost {0}",
    "RootFolderCheckMultipleMessage": "Der mangler flere rodmapper: {0}",
    "RootFolderCheckSingleMessage": "Manglende rodmappe: {0}",
    "UpdateCheckStartupNotWritableMessage": "Kan ikke installere opdatering, fordi startmappen '{0}' ikke kan skrives af brugeren '{1}'.",
    "ReplaceWithSpaceDashSpace": "Udskift med Space Dash Space",
    "ShownClickToHide": "Vist, klik for at skjule",
    "SystemTimeCheckMessage": "Systemtiden er slukket mere end 1 dag. Planlagte opgaver kører muligvis ikke korrekt, før tiden er rettet",
    "UpdateCheckStartupTranslocationMessage": "Kan ikke installere opdatering, fordi startmappen '{0}' er i en App Translocation-mappe.",
    "UpdateCheckUINotWritableMessage": "Kan ikke installere opdatering, fordi brugergrænsefladen \"{0}\" ikke kan skrives af brugeren \"{1}\".",
    "DeleteRemotePathMapping": "Rediger kortlægning af fjernsti",
    "DeleteRemotePathMappingMessageText": "Er du sikker på, at du vil slette denne kortlægning af fjernstien?",
    "BlocklistReleases": "Udgivelse af sortliste",
    "DeleteConditionMessageText": "Er du sikker på, at du vil slette listen '{0}'?",
    "RemoveSelectedItemBlocklistMessageText": "Er du sikker på, at du vil fjerne de valgte emner fra sortlisten?",
    "Required": "Påkrævet",
    "FailedToLoadQueue": "Kunne kunne ikke indlæses",
    "Negated": "Negeret",
    "ApplyTagsHelpTextAdd": "Tilføj: Føj tags til den eksisterende liste over tags",
    "DeleteSelectedDownloadClients": "Slet Download Client",
    "DeleteSelectedIndexers": "Slet Indexer",
    "ExistingTag": "Eksisterende mærke",
    "No": "Ingen",
    "NoChange": "Ingen ændring",
    "QueueIsEmpty": "Køen er tom",
    "RemovingTag": "Fjerner tag",
    "SetTags": "Indstil tags",
    "NoEventsFound": "Ingen begivenheder fundet",
    "ApplyTagsHelpTextRemove": "Fjern: Fjern de indtastede tags",
    "RemoveSelectedItemQueueMessageText": "Er du sikker på, at du vil fjerne 1 element fra køen?",
    "RemoveSelectedItemsQueueMessageText": "Er du sikker på, at du vil fjerne {0} element {1} fra køen?",
    "Yes": "Ja",
    "DeleteSelectedDownloadClientsMessageText": "Er du sikker på, at du vil slette indeksøren '{0}'?",
    "DeleteSelectedImportListsMessageText": "Er du sikker på, at du vil slette indeksøren '{0}'?",
    "ApplyTagsHelpTextHowToApplyArtists": "Sådan anvendes tags på de valgte film",
    "ApplyTagsHelpTextHowToApplyDownloadClients": "Sådan anvendes tags på de valgte film",
    "DeleteSelectedIndexersMessageText": "Er du sikker på, at du vil slette indeksøren '{0}'?",
    "ApplyTagsHelpTextHowToApplyImportLists": "Sådan anvendes tags på de valgte film",
    "ApplyTagsHelpTextHowToApplyIndexers": "Sådan anvendes tags på de valgte film",
    "SuggestTranslationChange": "Foreslå ændring af oversættelsen",
    "UpdateSelected": "Opdatering valgt",
    "AllResultsAreHiddenByTheAppliedFilter": "Alle resultater skjules af det anvendte filter",
    "NoResultsFound": "Ingen resultater fundet",
    "SomeResultsAreHiddenByTheAppliedFilter": "Nogle resultater skjules af det anvendte filter",
    "ConnectionLost": "Forbindelse mistet",
    "RecentChanges": "Seneste ændringer",
    "WhatsNew": "Hvad er nyt?",
    "ConnectionLostReconnect": "{appName} vil prøve at tilslutte automatisk. Ellers du kan klikke genindlæs forneden.",
    "NotificationStatusAllClientHealthCheckMessage": "Alle lister er utilgængelige på grund af fejl",
    "NotificationStatusSingleClientHealthCheckMessage": "Lister utilgængelige på grund af fejl: {0}",
    "Enabled": "Aktiveret",
    "Priority": "Prioritet",
    "AddNewArtistRootFolderHelpText": "Undermappen '{0}' oprettes automatisk",
    "AddNewItem": "Tilføj Ny Genstand",
    "Absolute": "Absolut",
    "AddImportListExclusionArtistHelpText": "Undgå, at film føjes til {appName} af lister",
    "GrabId": "Hent ID",
    "AddListExclusionHelpText": "Undgå, at film føjes til {appName} af lister",
    "DeleteArtistFolderHelpText": "Slet filmmappen og dens indhold",
    "Large": "Stor",
    "OrganizeSelectedArtists": "Organiser valgte film",
    "DisabledForLocalAddresses": "Deaktiveret for lokale adresser",
    "Overview": "Oversigt",
    "OverviewOptions": "Oversigtsmuligheder",
    "PosterOptions": "Postermuligheder",
    "Table": "Tabel",
    "AuthBasic": "Grundlæggende (pop op-browser)",
    "AuthForm": "Formularer (login-side)",
    "AddAutoTagError": "Kan ikke tilføje en ny automatisk etiket. Prøv igen.",
    "AddConditionError": "Kan ikke tilføje en ny betingelse, prøv igen.",
    "AddNewArtistSearchForMissingAlbums": "Start søgning efter manglende film",
    "AlbumsLoadError": "Kunne ikke indlæse sikkerhedskopier",
    "ConditionUsingRegularExpressions": "Denne betingelse stemmer overens ved brug af regulære udtryk. Bemærk, at tegnene »\\^$.|?*+()[{« har en særlig betydning og skal indledes med indkodningstegnet »\\«",
    "Connection": "Forbindelser",
    "DeleteSpecification": "Slet underretning",
    "Negate": "Negere",
    "Posters": "Plakater",
    "RenameFiles": "Omdøb filer",
    "Small": "Lille",
    "ReleaseProfile": "udgivelsesprofil",
    "DeleteAutoTagHelpText": "Er du sikker på, at du vil slette den automatiske etiket »{name}«?",
    "NoLimitForAnyDuration": "Ingen grænse for nogen runtime",
    "NoMinimumForAnyDuration": "Intet minimum for enhver driftstid",
    "PreferredSize": "Foretrukken størrelse",
    "Unlimited": "Ubegrænset",
    "AddImportListExclusionAlbumHelpText": "Undgå, at film føjes til {appName} af lister",
    "ExtraFileExtensionsHelpText": "Kommasepareret liste over ekstra filer, der skal importeres (.nfo importeres som .nfo-orig)",
    "ExtraFileExtensionsHelpTextsExamples": "Eksempler: '.sub, .nfo' eller 'sub, nfo'",
    "DeleteArtistFoldersHelpText": "Slet filmmappen og dens indhold",
    "DeleteSpecificationHelpText": "Er du sikker på, at du vil slette specifikationen »{name}«?",
    "IncludeHealthWarnings": "Inkluder sundhedsadvarsler",
    "RemoveQueueItemConfirmation": "Er du sikker på, at du vil fjerne »{sourceTitle}« fra køen?",
    "AutoRedownloadFailed": "Download fejlede",
    "AddConditionImplementation": "Tilføj betingelse - {implementationName}",
    "AddConnectionImplementation": "Tilføj forbindelse - {implementationName}",
    "AddConnection": "Tilføj forbindelse",
    "AddAutoTag": "Tilføj automatisk etiket",
    "AddCondition": "Tilføj betingelse",
    "DefaultCase": "Standard sag",
    "FileNameTokens": "Filnavn tokens",
    "Lowercase": "Små bogstaver",
    "Uppercase": "Store bogstaver",
    "ImportList": "Lister",
    "ImportLists": "Lister",
    "EditConditionImplementation": "Tilføj forbindelse - {implementationName}",
    "EditIndexerImplementation": "Tilføj betingelse - {implementationName}",
    "KeyboardShortcuts": "Keyboard Genveje",
    "MonitoredStatus": "Overvåget / Status",
    "ConnectSettingsSummary": "Notifikationer, forbindelser til medieservere/-afspillere og brugerdefinerede scripts",
    "ImportListsSettingsSummary": "Importér fra en anden {appName}-instans eller fra Trakt-lister og håndter listeekskluderinger",
    "Links": "Links",
    "QualitySettingsSummary": "Kvalitetsstørrelser og navngivning",
    "TagsSettingsSummary": "Se alle tags og hvordan de bruges. Ubrugte tags kan fjernes",
    "UiSettingsSummary": "Indstillinger for kalender, dato og farve",
    "AddIndexerImplementation": "Tilføj indeksør - {implementationName}",
    "EditConnectionImplementation": "Tilføj forbindelse - {implementationName}",
    "CustomFormatsSettings": "Indstillinger for brugerdefinerede formater",
    "CustomFormatsSettingsSummary": "Bruger Tilpassede Formater og Indstillinger",
    "DownloadClientsSettingsSummary": "Download klienter, download håndtering og remote path mappings",
    "GeneralSettingsSummary": "Port, SSL, brugernavn/adgangskode, proxy, analyser og opdateringer",
    "ArtistIndexFooterDownloading": "Downloader",
    "AutomaticSearch": "Automatisk søgning",
    "ApplyChanges": "Anvend ændringer",
    "AddDownloadClientImplementation": "Tilføj downloadklient - {implementationName}",
    "AddImportList": "Tilføj importliste",
    "AddImportListImplementation": "Tilføj importliste - {implementationName}",
    "GrabReleaseUnknownArtistOrAlbumMessageText": "{appName} var ikke i stand til at bestemme, hvilken film denne udgivelse var til. {appName} kan muligvis ikke automatisk importere denne udgivelse. Vil du hente '{0}'?",
    "Album": "album",
    "EditImportListImplementation": "Tilføj importliste - {implementationName}",
    "CatalogNumber": "katalognummer",
    "CustomFilter": "Bruger Tilpassede Filtere",
    "FormatAgeMinutes": "Protokoller",
    "PreferredProtocol": "Foretrukken protokol",
    "Theme": "Tema",
    "EditDownloadClientImplementation": "Tilføj downloadklient - {implementationName}",
    "Discography": "diskografi",
    "ExpandAlbumByDefaultHelpText": "album",
    "FormatAgeHours": "Timer",
    "FormatAgeMinute": "Protokoller",
    "MonitorNoAlbums": "Ingen",
    "Tomorrow": "I morgen",
    "Yesterday": "I går",
    "Albums": "album",
    "IndexerFlags": "Indexer Flag",
    "Release": " udgivelse",
    "InteractiveSearchModalHeader": "Interaktiv søgning",
    "FormatAgeHour": "Timer",
    "IndexerPriorityHelpText": "Indeksatorprioritet fra 1 (højest) til 50 (lavest). Standard: 25. Anvendes til at vælge mellem udgivelser med ellers lige mange point. {appName} vil stadig bruge alle aktiverede indeksatorer til RSS-synkronisering og søgning",
    "AutoTaggingNegateHelpText": "Hvis dette er markeret, vil reglen for automatisk etiket ikke blive anvendt, hvis denne {implementationName}-betingelse stemmer overens.",
    "BuiltIn": "Indbygget",
    "Script": "Manuskript",
    "DeleteSelectedCustomFormats": "Slet brugerdefineret format",
    "IncludeCustomFormatWhenRenaming": "Inkluder brugerdefineret format, når du omdøber",
    "AddMissing": "Tilføj manglende",
    "AddAlbumWithTitle": "Tilføj {albumTitle}",
    "AddArtistWithName": "Tilføj {artistName}",
    "AddedArtistSettings": "Indstillinger for tilføjede forfattere",
    "AptUpdater": "Brug apt til at installere opdateringen",
    "DockerUpdater": "opdater docker-containeren for at modtage opdateringen",
    "ExternalUpdater": "{appName} er konfigureret til at bruge en ekstern opdateringsmekanisme",
    "InstallLatest": "Installer senest",
    "OnLatestVersion": "Den seneste version af {appName} er allerede installeret",
    "Shutdown": "Lukke ned",
    "UpdateAppDirectlyLoadError": "Kan ikke opdatere {appName} direkte,",
    "EditReleaseProfile": "Rediger forsinkelsesprofil",
    "UnmappedFiles": "Ikke-kortlagte mapper",
    "Clone": "Luk",
    "AddReleaseProfile": "Rediger forsinkelsesprofil",
    "AddDelayProfileError": "Kan ikke tilføje en ny forsinkelsesprofil. Prøv igen.",
    "RegularExpressionsCanBeTested": "Regulære udtryk kan testes [her]({url}).",
    "AddToDownloadQueue": "Føj til downloadkø",
    "AddedToDownloadQueue": "Føjet til downloadkø",
    "Artist": "kunstner",
    "Max": "Maks.",
    "Preferred": "Foretrukket",
    "AutoTaggingSpecificationTag": "Etiket",
    "TBA": "Afventer",
    "MappedNetworkDrivesWindowsService": "Tilsluttede netværksdrev er ikke tilgængelige, når programmet kører som en Windows-tjeneste. Se FAQ'en ({url}) for mere information.",
    "Today": "I dag",
    "Episode": "afsnit",
    "MetadataProfile": "metadataprofil",
    "Min": "Min",
    "DownloadClientSettingsRecentPriority": "Kundens prioritet"
}
