{
    "Language": "Kieli",
    "UiLanguage": "Käyttöliittymän kieli",
    "ShowSearchActionHelpText": "Näytä hakupainike osoitettaessa.",
    "DeleteImportListExclusion": "Poista tuontilistapoikkeus",
    "EnableColorImpairedModeHelpText": "Vaihtoehtoinen tyyli, joka auttaa erottamaan värikoodatut tiedot paremmin.",
    "IndexerPriority": "Hakupalveluiden painotus",
    "ProxyPasswordHelpText": "Käyttäjätunnus ja salasana tulee täyttää vain tarvittaessa. Mikäli näitä ei ole, tulee kentät jättää tyhjiksi.",
    "UpdateMechanismHelpText": "Käytä {appName}in sisäänrakennettua päivitystoimintoa tai komentosarjaa.",
    "ProxyUsernameHelpText": "Käyttäjätunnus ja salasana tulee täyttää vain tarvittaessa. Mikäli näitä ei ole, tulee kentät jättää tyhjiksi.",
    "MaintenanceRelease": "Huoltojulkaisu: korjauksia ja muita parannuksia. Lue lisää Githubin muutoshistoriasta.",
    "Username": "Käyttäjätunnus",
    "Host": "Osoite",
    "IllRestartLater": "Käynnistän uudelleen myöhemmin",
    "EnableRSS": "RSS-syöte",
    "SupportsRssvalueRSSIsNotSupportedWithThisIndexer": "Tämän hakupalvelun kanssa ei voida käyttää RSS-syötettä.",
    "Logging": "Lokikirjaus",
    "ProxyBypassFilterHelpText": "Erota aliverkkotunnukset pilkuilla ja käytä jokerimerkkinä tähteä ja pistettä (*.). Esimerkki: www.esimerkki.fi,*.esimerkki.fi).",
    "UnableToAddANewIndexerPleaseTryAgain": "Uuden tietolähteen lisäys epäonnistui. Yritä uudelleen.",
    "ForMoreInformationOnTheIndividualIndexersClickOnTheInfoButtons": "Saat lisätietoja yksittäisistä palveluista niiden ohessa olevilla painikkeilla.",
    "ForMoreInformationOnTheIndividualDownloadClientsClickOnTheInfoButtons": "Saat lisätietoja yksittäisistä latauspalveluista painamalla niiden ohessa olevia lisätietopainikkeita.",
    "RssSyncIntervalHelpText": "Aikaväli minuutteina. Poista toiminto käytöstä asettamalla arvoksi 0, joka pysäyttää automaattisen julkaisukaappauksen täysin.",
    "DefaultLidarrTags": "Oletusarvoiset {appName}-oletustunnisteet",
    "DefaultTagsHelpText": "Kansiosta löydetyille esittäjille oletusarvoisesti määritettävät {appName}-tunnisteet.",
    "IsTagUsedCannotBeDeletedWhileInUse": "Tunnistetta ei voida poistaa kun se on käytössä.",
    "LidarrTags": "{appName}-tunnisteet",
    "RemoveTagRemovingTag": "Tunniste poistetaan",
    "ChmodFolderHelpText": "Octal, sovelletaan tuonnin/nimeämisen yhteydessä mediakansioihin ja -tiedostoihin (ilman suoritusbittejä).",
    "LaunchBrowserHelpText": " Avaa {appName}in verkkokäyttöliittymä verkkoselaimeen sovelluksen käynnistyksen yhteydessä.",
    "WriteAudioTagsHelpTextWarning": "'Kaikki tiedostot' -valinnat käsittelevät myös olemassa olevien tiedostojen tagit tuonnin yhteydessä.",
    "Refresh": "Päivitä",
    "ResetAPIKey": "Korvaa rajapinnan avain",
    "Restart": "Käynnistä uudelleen",
    "Scheduled": "Ajoitukset",
    "SSLCertPath": "SSL-varmenteen sijainti",
    "UiSettings": "Käyttöliittymän asetukset",
    "NoLeaveIt": "Ei, anna olla",
    "Torrents": "Torrentit",
    "InteractiveSearch": "Etsi manuaalisesti",
    "BackupRetentionHelpText": "Säilytysaikaa vanhemmat varmuuskopiot siivotaan automaattisesti.",
    "ConnectSettings": "Ilmoituspavelun asetukset",
    "DatabaseMigration": "Tietokannan siirto",
    "DeleteBackupMessageText": "Haluatko varmasti poistaa varmuuskopion \"{name}\"?",
    "DeleteNotificationMessageText": "Haluatko varmasti poistaa ilmoituspalvelun \"{name}\"?",
    "EnableCompletedDownloadHandlingHelpText": "Tuo valmistuneet lataukset latauspalvelusta automaattisesti.",
    "Indexer": "Hakupalvelu",
    "UnableToAddANewDownloadClientPleaseTryAgain": "Latauspalvelun lisääminen epäonnistui. Yritä uudelleen.",
    "CalendarWeekColumnHeaderHelpText": "Näkyy jokaisen sarakkeen yläpuolella käytettäessä viikkonäkymää.",
    "ShownAboveEachColumnWhenWeekIsTheActiveView": "Näkyy jokaisen sarakkeen yläpuolella käytettäessä viikkonäkymää.",
    "NotificationTriggers": "Ilmoituksen laukaisijat",
    "PackageVersion": "Paketin versio",
    "Port": "Portti",
    "Indexers": "Hakupalvelut",
    "ChownGroupHelpTextWarning": "Toimii vain, jos {appName}in suorittava käyttäjä on tiedoston omistaja. On parempi varmistaa, että latauspalvelu käyttää samaa ryhmää kuin {appName}.",
    "CopyUsingHardlinksHelpText": "Hardlink-kytkösten avulla {appName} voi tuoda jaettavat torrentit ilman niiden täyttä kopiointia ja levytilan kaksinkertaista varausta. Tämä toimii vain lähde- ja kohdesijaintien ollessa samalla tallennusmedialla.",
    "CopyUsingHardlinksHelpTextWarning": "Tiedostojen käsittelystä johtuvat lukitukset saattavat joskus estää jaettavien tiedostojen uudelleennimeämisen. Voit keskeyttää jakamisen väliaikaisesti ja käyttää {appName}in nimeämistoimintoa.",
    "DeleteImportListMessageText": "Haluatko varmasti poistaa listan \"{name}\"?",
    "DeleteIndexerMessageText": "Haluatko varmasti poistaa hakupalvelun \"{name}\"?",
    "DeleteTagMessageText": "Haluatko varmasti poistaa tunnisteen \"{label}\"?",
    "TagIsNotUsedAndCanBeDeleted": "Tunniste ei ole käytössä ja voidaan poistaa.",
    "Security": "Suojaus",
    "LidarrSupportsAnyIndexerThatUsesTheNewznabStandardAsWellAsOtherIndexersListedBelow": "{appName} tukee kaikkien Newznab-yhteensopivien hakupalveluiden ohella myös monia muita alla listattuja palveluita.",
    "Actions": "Toiminnot",
    "AddListExclusion": "Lisää listapoikkeus",
    "ApiKeyHelpTextWarning": "Käyttöönotto vaatii sovelluksen uudelleenkäynnistyksen.",
    "APIKey": "Rajapinnan avain",
    "AppDataDirectory": "AppData-kansio",
    "Authentication": "Tunnistautuminen",
    "AuthenticationMethodHelpText": "Vaadi {appName}in käyttöön käyttäjätunnus ja salasana.",
    "AutoRedownloadFailedHelpText": "Etsi ja pyri lataamaan korvaava julkaisu automaattisesti.",
    "BackupFolderHelpText": "Suhteelliset tiedostosijainnit ovat {appName}in AppData-kansiossa.",
    "BackupIntervalHelpText": "{appName}in tietokannan ja asetusten automaattisen varmuuskopioinnin ajoitus.",
    "BindAddressHelpText": "Toimiva IP-osoite, localhost tai * (tähti) kaikille verkkoliitännöille.",
    "BindAddressHelpTextWarning": "Käyttöönotto vaatii sovelluksen uudelleenkäynnistyksen.",
    "BackupNow": "Varmuuskopioi nyt",
    "Backups": "Varmuuskopiot",
    "Blocklist": "Estolista",
    "BindAddress": "Sidososoite",
    "BypassProxyForLocalAddresses": "Ohjaa paikalliset osoitteet välityspalvelimen ohi",
    "Cancel": "Peruuta",
    "Branch": "Haara",
    "ClickToChangeQuality": "Vaihda laatua painamalla tästä",
    "ChownGroupHelpText": "Ryhmän nimi tai GID. Käytä GID:tä etätiedostojärjestelmille.",
    "ChmodFolderHelpTextWarning": "Toimii vain, jos käyttäjä suorittaa {appName}in tiedoston omistajana. Parempi vaihtoehto on varmistaa, että latauspalvelu asettaa oikeudet oikein.",
    "BlocklistRelease": "Lisää julkaisu estolistalle",
    "Columns": "Sarakkeet",
    "Calendar": "Kalenteri",
    "CompletedDownloadHandling": "Valmistuneiden latausten käsittely",
    "CloneIndexer": "Monista tietolähde",
    "CancelPendingTask": "Haluatko varmasti perua odottavan tehtävän?",
    "CertificateValidation": "Varmenteen vahvistus",
    "CertificateValidationHelpText": "Määritä HTTPS-varmennevahvistuksen tiukkuus. Älä muta, jos et ymmärrä riskejä.",
    "ClientPriority": "Latauspalvelun painotus",
    "CloneProfile": "Monista profiili",
    "ChangeFileDate": "Muuta tiedoston päiväys",
    "ChangeHasNotBeenSavedYet": "Muutosta ei ole vielä tallennettu",
    "Component": "Komponentti",
    "Connections": "Ilmoituspalvelut",
    "CreateGroup": "Luo ryhmä",
    "CutoffHelpText": "Kun tämä laatutaso on saavutettu, ei {appName} enää kaappaa albumeita.",
    "DelayProfile": "Viiveprofiili",
    "Delete": "Poista",
    "CutoffUnmet": "Katkaisutasoa ei saavutettu",
    "Dates": "Päiväykset",
    "DelayProfiles": "Viiveprofiilit",
    "DeleteBackup": "Poista varmuuskopio",
    "DeleteMetadataProfileMessageText": "Haluatko varmasti poistaa metatietoprofiilin \"{name}\"?",
    "DeleteEmptyFoldersHelpText": "Poista tyhjät esittäjäkansiot kirjastotarkistuksen ja kappaletiedostojen poiston yhteydessä.",
    "DeleteDelayProfile": "Poista viiveprofiili",
    "DeleteDelayProfileMessageText": "Haluatko varmasti poistaa viiveprofiilin?",
    "DeleteEmptyFolders": "Poista tyhjät kansiot",
    "DeleteImportListExclusionMessageText": "Haluatko varmasti poistaa tuontilistapoikkeuksen?",
    "DeleteFilesHelpText": "Poista kappaletiedostot ja esittäjäkansio",
    "DeleteImportList": "Poista tuontilista",
    "DeleteDownloadClient": "Poista latauspalvelu",
    "DeleteDownloadClientMessageText": "Haluatko varmasti poistaa latauspalvelun \"{name}\"?",
    "DeleteIndexer": "Poista hakupalvelu",
    "DeleteNotification": "Poista ilmoituspalvelu",
    "DeleteQualityProfile": "Poista laatuprofiili",
    "DeleteQualityProfileMessageText": "Haluatko varmasti poistaa laatuprofiilin \"{name}\"?",
    "DeleteReleaseProfile": "Poista julkaisuprofiili",
    "DeleteRootFolderMessageText": "Haluatko varmasti poistaa juurikansion \"{name}\"?",
    "DeleteReleaseProfileMessageText": "Haluatko varmasti poistaa tämän julkaisuprofiilin?",
    "DestinationPath": "Kohdesijainti",
    "Edit": "Muokkaa",
    "Docker": "Docker",
    "DetailedProgressBar": "Yksityiskohtainen tilapalkki",
    "DetailedProgressBarHelpText": "Näytä teksti edistymispalkissa.",
    "DownloadClient": "Latauspalvelu",
    "DownloadClients": "Latauspalvelut",
    "DiskSpace": "Levytila",
    "DownloadFailedCheckDownloadClientForMoreDetails": "Lataus epäonnistui: katso tarkemmat tiedot latauspalvelusta.",
    "DownloadFailedInterp": "Lataus epäonnistui: {0}",
    "DownloadPropersAndRepacksHelpTexts1": "Määrittää päivitetäänkö tiedostot automaattisesti Proper-/Repack-julkaisuihin.",
    "DownloadWarningCheckDownloadClientForMoreDetails": "Latausvaroitus: katso tarkemmat tiedot latauspalvelusta.",
    "DeleteTag": "Poista tunniste",
    "EnableColorImpairedMode": "Heikentyneen värinäön tila",
    "EnableAutomaticSearch": "Käytä automaattihakua",
    "EnableInteractiveSearch": "Käytä manuaalihakuun",
    "EnableHelpText": "Luo metatietotiedostot tälle metatietotyypille.",
    "ExistingTagsScrubbed": "Olemassa olevat tunnisteet on poistettu",
    "EnableSSL": "SSL-salaus",
    "EnableSslHelpText": " Käyttöönotto vaatii uudelleenkäynnistyksen järjestelmänvalvojan oikeuksilla.",
    "ErrorLoadingContents": "Virhe ladattaessa sisältöjä",
    "FirstDayOfWeek": "Viikon ensimmäinen päivä",
    "ForMoreInformationOnTheIndividualListsClickOnTheInfoButtons": "Lue lisää tuontilistoista painamalla 'Lisätietoja'.",
    "ICalLink": "iCal-linkki",
    "ImportListExclusions": "Tuontilistojen poikkeukset",
    "GrabSelected": "Kaappaa valitut",
    "Group": "Ryhmä",
    "Hostname": "Osoite",
    "Importing": "Tuodaan",
    "IncludeUnknownArtistItemsHelpText": "Näytä jonossa kohteet, joissa ei ole esittäjää. Tämä voi sisältää poistettuja esittäjiä, albumeita tai mitä tahansa muuta {appName}ille luokiteltua.",
    "Interval": "Ajoitus",
    "IndexerSettings": "Hakupalveluasetukset",
    "LidarrSupportsAnyDownloadClientThatUsesTheNewznabStandardAsWellAsOtherDownloadClientsListedBelow": "{appName} tukee monia torrent- ja Usenet-lataajia.",
    "MetadataSettings": "Metatietoasetukset",
    "MediaManagementSettings": "Medianhallinnan asetukset",
    "MaximumSizeHelpText": "Kaapattavien julkaisujen enimmäiskoko megatavuina. Arvo \"0\" (nolla) poistaa rajoituksen.",
    "LogLevel": "Lokikirjauksen laajuus",
    "Logs": "Lokitiedot",
    "MaximumLimits": "Enimmäisrajoitukset",
    "MIA": "Puuttuu",
    "MinimumLimits": "Vähimmäisrajoitukset",
    "MoreInfo": "Lisätietoja",
    "NamingSettings": "Nimeämisasetukset",
    "NoHistory": "Ei historiaa.",
    "Options": "Asetukset",
    "PageSizeHelpText": "Sivukohtainen kohdemäärä.",
    "PortNumber": "Portin numero",
    "Protocol": "Protokolla",
    "Queue": "Jono",
    "QualityDefinitions": "Laatumääritykset",
    "Reload": "Lataa uudelleen",
    "RemotePathHelpText": "Latauspalvelun käyttämän kansion juurisijainti.",
    "RemoveTagExistingTag": "Tunniste on jo olemassa",
    "ReplaceIllegalCharactersHelpText": "Korvaa laittomat merkit vaihtoehtoisella merkinnällä. Jos ei valittu, {appName} poistaa ne.",
    "RequiresRestartToTakeEffect": "Käyttöönotto vaatii sovelluksen uudelleenkäynnistyksen.",
    "Reset": "Uudista",
    "Restore": "Palauta",
    "RSSSync": "Synkronoi RSS",
    "RSSSyncInterval": "RSS-synkronoinnin ajoitus",
    "ShowName": "Näytä nimi",
    "ShowPath": "Näytä tiedostosijainti",
    "ShowQualityProfile": "Näytä laatuprofiili",
    "ShowQualityProfileHelpText": "Näytä laatuprofiili julisteen alla.",
    "ShowRelativeDates": "Käytä suhteellisia päiväyksiä",
    "ShowRelativeDatesHelpText": "Korvaa absoluuttiset päiväykset suhteellisilla päiväyksillä (tänään/eilen/yms.).",
    "ShowSearch": "Näytä haku",
    "ShowSizeOnDisk": "Näytä koko levyllä",
    "ShowTitleHelpText": "Näytä esittäjän nimi julisteen alla.",
    "SslCertPasswordHelpTextWarning": "Käyttöönotto vaatii sovelluksen uudelleenkäynnistyksen.",
    "SslCertPathHelpTextWarning": "Käyttöönotto vaatii sovelluksen uudelleenkäynnistyksen.",
    "SslPortHelpTextWarning": "Käyttöönotto vaatii sovelluksen uudelleenkäynnistyksen.",
    "ShowUnknownArtistItems": "Näytä 'Tuntematon esittäjä' -kohde",
    "StartupDirectory": "Käynnistyskansio",
    "StartTypingOrSelectAPathBelow": "Aloita kirjoitus tai valitse sijainti alta",
    "SupportsSearchvalueWillBeUsedWhenInteractiveSearchIsUsed": "Profiilia käytetään manuaalihakuun.",
    "Tags": "Tunnisteet",
    "TestAll": "Kaikkien testaus",
    "TestAllClients": "Koesta latauspalvelut",
    "ThisWillApplyToAllIndexersPleaseFollowTheRulesSetForthByThem": "Tämä koskee kaikkia hakupalveluita. Noudata niiden asettamia sääntöjä.",
    "TagAudioFilesWithMetadata": "Tallenna metatiedot äänitiedostoihin",
    "TestAllIndexers": "Tietolähteiden testaus",
    "UnableToLoadBackups": "Varmuuskopioinnin lataus epäonnistui",
    "UnableToLoadDownloadClients": "Latauspalveluiden lataus epäonnistui",
    "UnableToLoadGeneralSettings": "Yleisasetusten lataus epäonnistui",
    "UnableToLoadIndexers": "Tietolähteiden lataus epäonnistui",
    "UnableToLoadIndexerOptions": "Tietolähdeasetusten lataus epäonnistui",
    "UnableToLoadImportListExclusions": "Tuontilistapoikkeusten lataus epäonnistui",
    "UnableToLoadHistory": "Historian lataus epäonnistui",
    "UnableToLoadTags": "Tunnisteiden lataus epäonnistui",
    "UnableToLoadQualityDefinitions": "Laatumääritysten lataus epäonnistui",
    "UpdateScriptPathHelpText": "Polku komentosarjaan, joka käsittelee puretun päivitystiedoston ja hoitaa asennuksen loppuosuuden.",
    "UrlBaseHelpTextWarning": "Käyttöönotto vaatii sovelluksen uudelleenkäynnistyksen.",
    "UsingExternalUpdateMechanismBranchUsedByExternalUpdateMechanism": "Ulkoisen päivitysratkaisun käyttämä kehityshaara.",
    "Version": "Versio",
    "Uptime": "Käyttöaika",
    "URLBase": "URL-perusta",
    "Usenet": "Usenet",
    "AgeWhenGrabbed": "Ikä (kaappaushetkellä)",
    "20MinutesTwenty": "20 minuuttia: {0}",
    "45MinutesFourtyFive": "45 minuuttia: {0}",
    "60MinutesSixty": "60 minuuttia: {0}",
    "AlternateTitles": "Vaihtoehtoiset nimet",
    "AlreadyInYourLibrary": "Kohde on jo krijastossasi",
    "AlternateTitleslength1Title": "Nimike",
    "Analytics": "Analytiikka",
    "AlternateTitleslength1Titles": "Nimikkeet",
    "AnalyticsEnabledHelpTextWarning": "Käyttöönotto vaatii sovelluksen uudelleenkäynnistyksen.",
    "Automatic": "Automaattinen",
    "Clear": "Tyhjennä",
    "DelayingDownloadUntil": "Lataus on lykätty alkamaan {date} klo {time}",
    "ScrubAudioTagsHelpText": "Poista olemassa olevat tagit tiedostoista säilyttäen vain {appName}in lisäämät tagit.",
    "ScrubExistingTags": "Tyhjennä olemassa olevat tunnisteet",
    "ScriptPath": "Komentosarjan sijainti",
    "Search": "Haku",
    "Size": " Koko",
    "SkipFreeSpaceCheck": "Ohita vapaan tilan tarkastus",
    "WeekColumnHeader": "Viikkosarakkeen otsikko",
    "ChmodFolder": "chmod-kansio",
    "UnableToAddANewNotificationPleaseTryAgain": "Ilmoituspalvelun lisääminen epäonnistui. Yritä uudelleen.",
    "ApplyTags": "Tunnistetoimenpide",
    "UnableToLoadNotifications": "Ilmoituspalveluiden lataus epäonnistui",
    "DownloadClientSettings": "Latauspalveluasetukset",
    "GeneralSettings": "Yleiset asetukset",
    "QualitySettings": "Laatuasetukset",
    "Settings": "Asetukset",
    "UnableToLoadUISettings": "Käyttöliittymäasetusten lataus epäonnistui",
    "UpdateAutomaticallyHelpText": "Lataa ja asenna päivitykset automaattisesti. Voit myös edelleen suorittaa asennuksen järjestelmäasetusten päivitykset-osiosta.",
    "Filename": "Tiedostonimi",
    "YesCancel": "Kyllä, peru",
    "Enable": "Käytä",
    "EnableAutomaticAdd": "Käytä automaattilisäystä",
    "About": "Tietoja",
    "AddingTag": "Tunniste lisätään",
    "RefreshInformationAndScanDisk": "Päivitä tiedot ja tarkista levy",
    "ErrorLoadingPreviews": "Virhe ladattaessa esikatselua",
    "FileManagement": "Tiedostojen hallinta",
    "FileDateHelpText": "Muuta tiedoston päiväys tuonnin/kirjaston uudelleentarkistuksen yhteydessä.",
    "EnabledHelpText": "Käytä julkaisuprofiilia merkitsemällä tämä.",
    "Files": "Tiedostot",
    "Fixed": "Korjattu",
    "GoToInterp": "Siirry kohteeseen '{0}'",
    "Grab": "Kaappaa",
    "GrabRelease": "Kaappaa julkaisu",
    "ICalHttpUrlHelpText": "Kopioi URL-osoite kalenteripalveluusi/-sovellukseesi tai tilaa se painamalla tästä, jos selaimesi tukee Webcal-osoitteita.",
    "IgnoredAddresses": "Ohitetut osoitteet",
    "IgnoredHelpText": "Julkaisu hylätään, jos se sisältää yhden tai useampia näistä termeistä (kirjainkoolla ei ole merkitystä).",
    "IgnoredPlaceHolder": "Lisää rajoitus",
    "ImportedTo": "Tuontikohde",
    "ImportExtraFilesHelpText": "Tuo kappaletiedoston tuonnin yhteydessä sääntöjä vastaavat tiedostot, kuten tekstitykset, .nfo-tiedostot, yms.",
    "ImportExtraFiles": "Tuo oheistiedostot",
    "IconForCutoffUnmet": "Katkaisutasokuvake",
    "Global": "Yleiset",
    "MinimumFreeSpace": "Vapaan tilan vähimmäismäärä",
    "Missing": "Puuttuu",
    "Monitored": "Valvonta",
    "OpenBrowserOnStart": "Avaa selain käynnistettäessä",
    "Profiles": "Profiilit",
    "Proper": "Kunnollinen",
    "RecyclingBin": "Roskakori",
    "RecycleBinHelpText": "Pysyvän poiston sijaan kappaletiedostot siirretään tähän kansioon.",
    "RecyclingBinCleanup": "Roskakorin tyhjennys",
    "RequiredHelpText": "Julkaisun on sisällettävä ainakin yksi näistä termeistä (kirjainkoolla ei ole merkitystä).",
    "RequiredPlaceHolder": "Lisää rajoitus",
    "RescanAfterRefreshHelpTextWarning": "{appName} ei tunnista tiedostomuutoksia automaattisesti, jos asetuksena ei ole \"Aina\".",
    "ReplaceIllegalCharacters": "Korvaa kielletyt merkit",
    "RescanAfterRefreshHelpText": "Tarkista esittäjäkansion sisältö uudelleen elokuvan päivityksen jälkeen.",
    "Style": "Ulkoasun tyyli",
    "TorrentDelayHelpText": "Minuuttiviive, joka odotetaan ennen julkaisun Torrent-kaappausta.",
    "UnableToAddANewQualityProfilePleaseTryAgain": "Laatuprofiilin lisäys epäonnistui. Yritä uudelleen.",
    "UnableToAddANewRemotePathMappingPleaseTryAgain": "Etäsijainnin kohdistuksen lisäys epäonnistui. Yritä uudelleen.",
    "UnableToLoadBlocklist": "Virhe ladattaessa estolistaa.",
    "UnableToLoadDelayProfiles": "Virhe ladattaessa viiveprofiileja.",
    "UnableToLoadDownloadClientOptions": "Latauspalveluasetusten lataus epäonnistui",
    "UnableToLoadLists": "Listojen lataus epäonnistui",
    "UnableToLoadRootFolders": "Juurikansioiden lataus epäonnistui",
    "UnableToLoadTheCalendar": "Kalenterin lataus epäonnistui",
    "Unmonitored": "Valvomattomat",
    "UnableToLoadMediaManagementSettings": "Mediatiedostojen hallinta-asetusten lataus epäonnistui",
    "UnableToLoadMetadata": "Metatietojen lataus epäonnistui",
    "UnableToLoadNamingSettings": "Nimeämisasetusten lataus epäonnistui",
    "UnableToLoadQualities": "Laatujen lataus epäonnistui",
    "UnableToLoadQualityProfiles": "Laatuprofiilien lataus epäonnistui",
    "UnableToLoadRemotePathMappings": "Etäsijaintien kohdistusten lataus epäonnistui",
    "UnmonitoredHelpText": "Sisällytä ei-valvotut albumit iCal-syötteeseen.",
    "UpdateAll": "Päivitä kaikki",
    "UpgradeAllowedHelpText": "Jos käytöstä poistettuja laatuja ei päivitetä.",
    "RemoveFromBlocklist": "Poista estolistalta",
    "UseHardlinksInsteadOfCopy": "Käytä hardlink-kytköksiä",
    "MinimumFreeSpaceWhenImportingHelpText": "Estä tuonti, jos sen jälkeinen vapaa levytila olisi tässä määritettyä pienempi.",
    "Folders": "Kansiot",
    "RecycleBinCleanupDaysHelpText": "Poista automaattinen tyhjennys käytöstä asettamalla arvoksi 0.",
    "RecycleBinCleanupDaysHelpTextWarning": "Määritettyä päiväystä vanhemmat tiedostot poistetaan roskakorista automaattisesti.",
    "RootFolders": "Juurikansiot",
    "Path": "Tiedostosijainti",
    "TorrentDelay": "Torrent-viive",
    "SearchForMissing": "Etsi puuttuvia",
    "Source": "Lähde",
    "ShowCutoffUnmetIconHelpText": "Näytä kuvake tiedostoille, joiden määritettyä katkaisutasoa ei ole vielä saavutettu.",
    "ShowMonitoredHelpText": "Näytä valvontatila julisteen alla.",
    "ShowMonitored": "Näytä valvontatila",
    "ShouldMonitorHelpText": "Valvo tältä tuontilistalta lisättyjä uusia esittäjiä ja albumeita.",
    "TimeFormat": "Kellonajan esitys",
    "Quality": "Laatu",
    "Local": "Paikalliset",
    "MonitoredHelpText": "Esittäjän albumeita etsitään ja ne ladataan, jos ne ovat saatavilla.",
    "PropersAndRepacks": "Proper- ja repack-julkaisut",
    "UnableToAddANewListPleaseTryAgain": "Tuontilistan lisäys epäonnistui. Yritä uudelleen.",
    "IncludeUnmonitored": "Sisällytä valvomattomat",
    "AllExpandedExpandAll": "Laajenna kaikki",
    "Absolute": "Ehdoton",
    "AddMissing": "Lisää puuttuvat",
    "AddNewItem": "Lisää uusi kohde",
    "AllExpandedCollapseAll": "Supista kaikki",
    "AllowArtistChangeClickToChangeArtist": "Paina vaihtaaksesi kirjailijaa",
    "Season": "Kausi",
    "ArtistAlbumClickToChangeTrack": "Vaihda kirjaa painamalla",
    "ArtistFolderFormat": "Esittäjäkansioiden kaava",
    "ArtistNameHelpText": "Ohitettavan esittäjän tai albumin nimi (voi olla mitä tahansa merkityksellistä).",
    "CreateEmptyArtistFoldersHelpText": "Luo puuttuvat kirjailijakansiot kirjastotarkistusten yhteydessä",
    "DefaultMetadataProfileIdHelpText": "Kansiosta löydetyille esittäjille oletustusarvoisesti asetettava metatietoprofiili.",
    "DefaultQualityProfileIdHelpText": "Kansiosta löydetyille esittäjille oletustusarvoisesti asetettava laatuprofiili.",
    "History": "Historia",
    "HostHelpText": "Sama osoite, joka on määritetty etälatauspalvelulle.",
    "ICalFeed": "iCal-syöte",
    "ImportFailedInterp": "Tuonti epäonnistui: {0}",
    "RestartLidarr": "Käynnistä {appName} uudelleen",
    "RestartNow": "Käynnistä uudelleen nyt",
    "RestoreBackup": "Palauta varmuuskopio",
    "RetentionHelpText": "Vain Usenet: määritä rajoittamaton säilytys asettamalla arvoksi 0.",
    "RetryingDownloadOn": "Yritetään latausta uudelleen {date} klo {time}",
    "TestAllLists": "Kaikkien listojen testaus",
    "Time": "Aika",
    "TotalFileSize": "Kokonaistiedostokoko",
    "Track": "Valvo",
    "UnableToLoadReleaseProfiles": "Julkaisuprofiilien lataus epäonnistui",
    "UsenetDelayHelpText": "Minuuttiviive, joka odotetaan ennen julkaisun Usenet-kaappausta.",
    "UseProxy": "Käytä välityspalvelinta",
    "UserAgentProvidedByTheAppThatCalledTheAPI": "User-Agent-tiedon ilmoitti rajapinnan kanssa viestinyt sovellus.",
    "UsingExternalUpdateMechanismBranchToUseToUpdateLidarr": "{appName}in versiopäivityksiin käytettävä kehityshaara.",
    "AnalyticsEnabledHelpText": "Lähetä nimettömiä käyttö- ja virhetietoja {appName}in palvelimille. Tämä sisältää tietoja selaimestasi, käyttöliittymän sivujen käytöstä, virheraportoinnista, käyttöjärjestelmästä ja suoritusalustasta. Käytämme näitä tietoja ominaisuuksien ja vikakorjausten painotukseen.",
    "SearchAll": "Etsi kaikkia",
    "SetPermissionsLinuxHelpTextWarning": "Jos et ole varma näiden asetusten toiminnasta, älä muuta niitä.",
    "ShortDateFormat": "Lyhyen päiväyksen esitys",
    "ShowDateAdded": "Näytä lisäyspäivä",
    "SorryThatAlbumCannotBeFound": "Valitettavasti elokuvaa ei löydy.",
    "SorryThatArtistCannotBeFound": "Valitettavasti kirjailijaa ei löydy.",
    "SearchSelected": "Etsi valittuja",
    "SendAnonymousUsageData": "Lähetä nimettömiä käyttötietoja",
    "SetPermissions": "Aseta käyttöoikeudet",
    "SetPermissionsLinuxHelpText": "Pitäisikö chmod suorittaa, kun tiedostoja tuodaan / nimetään uudelleen?",
    "CreateEmptyArtistFolders": "Luo kirjailijoille tyhjät kansiot",
    "DeleteSelectedTrackFiles": "Poista valitut kirjatiedostot",
    "DeleteSelectedTrackFilesMessageText": "Haluatko varmasti poistaa valitut kirjatiedostot?",
    "DeleteTrackFileMessageText": "Haluatko varmasti poistaa sovellusprofiilin {0}?",
    "Downloading": "Ladataan",
    "Ended": "Päättynyt",
    "Exception": "Poikkeus",
    "FileNames": "Tiedostonimet",
    "Folder": "Kansio",
    "HasPendingChangesNoChanges": "Ei muutoksia",
    "HasPendingChangesSaveChanges": "Tallenna muutokset",
    "IsCutoffCutoff": "Katkaista",
    "IsCutoffUpgradeUntilThisQualityIsMetOrExceeded": "Päivitä, kunnes tämä laatu saavutetaan tai ylitetään",
    "Level": "Taso",
    "LocalPath": "Paikallinen sijainti",
    "LocalPathHelpText": "Sijainti, jonka kautta {appName}in tulee käyttää etäsijaintia paikallisesti.",
    "LogFiles": "Lokitiedostot",
    "LogLevelvalueTraceTraceLoggingShouldOnlyBeEnabledTemporarily": "Jäljityskirjausta tulee käyttää vain tilapäisesti.",
    "LongDateFormat": "Pitkän päiväyksen esitys",
    "ManualImport": "Manuaalinen tuonti",
    "MarkAsFailed": "Merkitse epäonnistuneeksi",
    "MarkAsFailedMessageText": "Haluatko varmasti merkitä kohteen {0} epäonnistuneeksi?",
    "MaximumSize": "Enimmäiskoko",
    "Mechanism": "Mekanismi",
    "MediaInfo": "Median tiedot",
    "Medium": "Keskikokoinen",
    "Message": "Viesti",
    "MinimumAge": "Vähimmäisikä",
    "MinimumAgeHelpText": "Vain Usenet: NZB:n vähimmäisikä minuutteina, ennen niiden kaappausta. Tämän avulla uusille julkaisuille voidaan antaa aikaa levitä Usenet-palveluntarjoajalle.",
    "Mode": "Tila",
    "MustContain": "Täytyy sisältää",
    "MustNotContain": "Ei voi sisältää",
    "Name": "Nimi",
    "New": "Uutta",
    "NoBackupsAreAvailable": "Varmuuskopioita ei ole käytettävissä",
    "NoLogFiles": "Lokitiedostoja ei ole",
    "None": "Ei mitään",
    "NoUpdatesAreAvailable": "Päivityksiä ei ole saatavilla",
    "Original": "Alkuperäiset",
    "PageSize": "Sivun koko",
    "Password": "Salasana",
    "Permissions": "Käyttöoikeudet",
    "PosterSize": "Julisteiden koko",
    "PreviewRename": "Nimeämisen esikatselu",
    "ProtocolHelpText": "Valitse käytettävä(t) protokolla(t) ja mitä käytetään ensisijaisesti valittaessa muutoin tasaveroisista julkaisuista.",
    "Proxy": "Välityspalvelin",
    "ProxyType": "Välityspalvelimen tyyppi",
    "PublishedDate": "Julkaisupäivä",
    "QualityProfile": "Laatuprofiili",
    "QualityProfiles": "Laatuprofiilit",
    "ReadTheWikiForMoreInformation": "Wikistä löydät lisää tietoja",
    "Real": "Todellinen",
    "Reason": "Syy",
    "Redownload": "Lataa uudelleen",
    "RefreshScan": "Päivitä ja tarkista",
    "ReleaseDate": "Julkaisupäivä",
    "ReleaseGroup": "Julkaisuryhmä",
    "ReleaseRejected": "Julkaisu hylättiin",
    "ReleaseStatuses": "Julkaisutila",
    "ReleaseWillBeProcessedInterp": "Julkaisu käsitellään {0}",
    "RemotePath": "Etäsijainti",
    "RemotePathMappings": "Etäsijaintien kohdistukset",
    "Remove": "Poista",
    "RemoveCompletedDownloadsHelpText": "Poista tuodut lataukset latauspalvelun historiasta",
    "RemovedFromTaskQueue": "Poistettu tehtäväjonosta",
    "RemoveFailedDownloadsHelpText": "Poista epäonnistuneet lataukset latauspalvelun historiasta.",
    "RemoveFilter": "Poista suodatin",
    "RemoveFromDownloadClient": "Poista latauspalvelusta",
    "RemoveFromQueue": "Poista jonosta",
    "RemoveSelected": "Poista valitut",
    "RenameTracksHelpText": "Jos uudelleennimeäminen ei ole käytössä, {appName} käyttää nykyistä tiedostonimeä.",
    "Reorder": "Järjestä uudelleen",
    "RescanArtistFolderAfterRefresh": "Tarkista kirjailijakansio päivityksen jälkeen uudelleen",
    "ResetAPIKeyMessageText": "Haluatko varmasti korvata rajapinnan avaimen uudella?",
    "Result": "Tulos",
    "Retention": "Säilytys",
    "RootFolder": "Juurikansio",
    "SSLCertPassword": "SSL-varmenteen salasana",
    "SslCertPasswordHelpText": "Pfx-tiedoston salasana",
    "SslCertPathHelpText": "Pfx-tiedoston sijainti",
    "SSLPort": "SSL-portti",
    "StandardTrackFormat": "Tavallisten kappaleiden kaava",
    "Status": "Tila",
    "SuccessMyWorkIsDoneNoFilesToRename": "Valmis! Toiminto on suoritettu, eikä uudelleennimettäviä tiedostoja ole.",
    "SuccessMyWorkIsDoneNoFilesToRetag": "Valmis! Toiminto on suoritettu, eikä tagimuutoksia vaativia tiedostoja ole.",
    "SupportsSearchvalueSearchIsNotSupportedWithThisIndexer": "Tämä hakupalvelu ei tue hakutoimintoa.",
    "SupportsSearchvalueWillBeUsedWhenAutomaticSearchesArePerformedViaTheUIOrByLidarr": "Profiilia käytetään automaattihaun yhteydessä, kun haku suoritetaan käyttöliittymästä tai {appName}in toimesta.",
    "Tasks": "Tehtävät",
    "Type": "Tyyppi",
    "UnableToAddANewImportListExclusionPleaseTryAgain": "Uuden luettelon poissulkemisen lisääminen epäonnistui, yritä uudelleen.",
    "UnableToAddANewMetadataProfilePleaseTryAgain": "Virhe lisättäessä metatietoprofiilia. Yritä uudelleen.",
    "UnableToAddANewRootFolderPleaseTryAgain": "Uutta mukautettua muotoa ei voi lisätä, yritä uudelleen.",
    "UnableToLoadMetadataProfiles": "Metatietoprofiilien lataus epäonnistui",
    "Updates": "Päivitykset",
    "UsenetDelay": "Usenet-viive",
    "NETCore": ".NET",
    "UiLanguageHelpText": "{appName}in käyttöliittymän kieli.",
    "UiLanguageHelpTextWarning": "Vaatii selaimen sivupäivityksen (F5).",
    "Ungroup": "Pura ryhmä",
    "WriteMetadataToAudioFiles": "Kirjoita metatiedot äänitiedostoihin",
    "AlbumIsDownloadingInterp": "Albumia ladataan – {0} % {1}",
    "AnyReleaseOkHelpText": "{appName} vaihtaa automaattisesti versioon, joka vastaa ladattuja tiedostoja parhaiten",
    "Label": "Nimi",
    "SourcePath": "Lähdesijainti",
    "Year": "Vuosi",
    "Album": "Albumi",
    "AlbumHasNotAired": "Albumia ei ole julkaistu",
    "AlbumIsDownloading": "Albumia ladataan",
    "AlbumIsNotMonitored": "Albumia ei valvota",
    "AlbumStudio": "Albumin studio",
    "AllAlbums": "Kaikki albumit",
    "AllAlbumsData": "Valvo ensimmäisiä albumeita erikoisalbumit pois lukien.",
    "AllArtistAlbums": "Kaikki artistin albumit",
    "MetadataProfile": "Metatietoprofiili",
    "OnApplicationUpdate": "Kun sovellus päivitetään",
    "PathHelpTextWarning": "Tämä ei voi olla sama kansio, johon latauspalvelusi tallentaa tiedostot.",
    "QualityProfileIdHelpText": "Laatuprofiili, joka listalta lisätyille kohteille tulee asettaa.",
    "IsInUseCantDeleteAMetadataProfileThatIsAttachedToAnArtistOrImportList": "Esittäjään tai tuontilistaan liitettyä metatietoprofiilia ei voi poistaa.",
    "IsInUseCantDeleteAQualityProfileThatIsAttachedToAnArtistOrImportList": "Esittäjään tai tuontilistaan liitettyä laatuprofiilia ei voi poistaa.",
    "DefaultMonitorOptionHelpText": "Kansiosta löydetyille esittäjille oletusarvoisesti asetettava albumien valvontataso.",
    "DeleteMetadataProfile": "Poista metatietoprofiili",
    "Duration": "Kesto",
    "ExpandAlbumByDefaultHelpText": "Albumit",
    "ExpandBroadcastByDefaultHelpText": "Lähetys",
    "ExpandEPByDefaultHelpText": "Lyhytsoitot",
    "ExpandItemsByDefault": "Laajenna kohteet oletusarvoisesti",
    "ExpandOtherByDefaultHelpText": "Muu",
    "ExpandSingleByDefaultHelpText": "Singlet",
    "MetadataProfileIdHelpText": "Metatietoprofiili, joka listalta lisätyille kohteille tulee asettaa.",
    "MetadataProfiles": "Metatietoprofiilit",
    "PathHelpText": "Musiikkikokoelmasi sisältävä juurikansio.",
    "RemoveCompleted": "Poisto on suoritettu",
    "OnUpgrade": "Päivitettäessä",
    "RemoveDownloadsAlert": "Poistoasetukset on siirretty yllä olevan taulukon latauspalvelukohtaisiin asetuksiin.",
    "SearchForAllMissingAlbums": "Etsi kaikkia puuttuvia albumeita",
    "OnGrab": "Kun julkaisu kaapataan",
    "OnHealthIssue": "Vakausongelmat",
    "OnRename": "Uudelleennimeäminen",
    "RemoveFailed": "Poisto epäonnistui",
    "Other": "Muut",
    "Tracks": "Kappaleet",
    "WatchLibraryForChangesHelpText": "Suorita automaattinen uudelleentutkinta, kun juurikansiossa havaitaan tiedostomuutoksia.",
    "AddedArtistSettings": "Lisätyn esittäjän asetukset",
    "MonitorAlbumExistingOnlyWarning": "Tämä on albumikohtaisen valvonnan kertaluontoinen määritys. Määritä Esittäjä/Muokkaa-valinnalla mitä uusille albumilisäyksille tehdään.",
    "MonitoringOptionsHelpText": "Mitkä albumit asetetaan valvottaviksi esittäjän lisäyksen yhteydessä (kertaluontoinen määritys).",
    "MonitorNewItemsHelpText": "Uusien albumien valvontatapa.",
    "AddDelayProfile": "Lisää viiveprofiili",
    "Added": "Lisäysaika",
    "AddImportListExclusion": "Lisää tuontilistapoikkeus",
    "AddIndexer": "Lisää tietolähde",
    "AddMetadataProfile": "Lisää metatietoprofiili",
    "AddNew": "Lisää uusi",
    "AddQualityProfile": "Lisää laatuprofiili",
    "AddRootFolder": "Lisää juurikansio",
    "AfterManualRefresh": "Manuaalisen päivityksen jälkeen",
    "Age": "Ikä",
    "Albums": "Albumit",
    "All": "Kaikki",
    "AllFiles": "Kaikki tiedostot",
    "Always": "Aina",
    "ApplicationURL": "Sovelluksen URL",
    "ApplicationUrlHelpText": "Tämän sovelluksen ulkoinen URL-osoite, johon sisältyy http(s)://, portti ja URL-perusta.",
    "Apply": "Käytä",
    "AudioInfo": "Äänitiedot",
    "Backup": "Varmuuskopiointi",
    "BeforeUpdate": "Ennen päivitystä",
    "Close": "Sulje",
    "Connect": "Ilmoituspalvelut",
    "Custom": "Mukautettu",
    "CustomFilters": "Omat suodattimet",
    "Date": "Päiväys",
    "Deleted": "Poistettu",
    "Details": "Tiedot",
    "Donations": "Lahjoitukset",
    "DoNotPrefer": "Älä suosi",
    "DoNotUpgradeAutomatically": "Älä päivitä automaattisesti",
    "DownloadFailed": "Lataus epäonnistui",
    "EditImportListExclusion": "Muokkaa tuontilistapoikkeusta",
    "EditQualityProfile": "Muokkaa laatuprofiilia",
    "EditRemotePathMapping": "Muokkaa etäsijainnin kohdistusta",
    "EditRootFolder": "Muokkaa juurikansiota",
    "Error": "Virhe",
    "ErrorRestoringBackup": "Virhe palautettaessa varmuuskopiota",
    "Events": "Tapahtumat",
    "EventType": "Tapahtuman tyyppi",
    "Filters": "Suodattimet",
    "General": "Yleiset",
    "Genres": "Lajityypit",
    "Grabbed": "Kaapattu",
    "HardlinkCopyFiles": "Hardlink/tiedostojen kopiointi",
    "HideAdvanced": "Piilota lisäasetukset",
    "Ignored": "Ohitettu",
    "Import": "Tuo",
    "IndexerTagHelpText": "Hakupalvelua käytetään vain vähintään yhdellä täsmäävällä tunnisteella merkityille esittäjille. Käytä kaikille jättämällä tyhjäksi.",
    "Info": "Informatiivinen",
    "InstanceName": "Instanssin nimi",
    "InstanceNameHelpText": "Instanssin nimi välilehdellä ja järjestelmälokissa.",
    "InteractiveImport": "Manuaalinen tuonti",
    "LastDuration": "Edellinen kesto",
    "LastExecution": "Edellinen suoritus",
    "LastUsed": "Viimeksi käytetty",
    "LastWriteTime": "Edellinen tallennus",
    "Library": "Kirjasto",
    "Location": "Sijainti",
    "Manual": "Manuaalinen",
    "MediaManagement": "Median hallinta",
    "Metadata": "Metatiedot",
    "MonitoredOnly": "Vain valvotut",
    "MoveAutomatically": "Siirrä automaattisesti",
    "MoveFiles": "Siirrä tiedostot",
    "Never": "Ei koskaan",
    "NextExecution": "Seuraava suoritus",
    "NoTagsHaveBeenAddedYet": "Tunnisteita ei ole vielä lisätty.",
    "OnlyTorrent": "Vain Torrent",
    "OnlyUsenet": "Vain Usenet",
    "Peers": "Vertaiset",
    "PreferAndUpgrade": "Suosi ja päivitä",
    "PreferredProtocol": "Ensisijainen protokolla",
    "Presets": "Esiasetukset",
    "Progress": "Tilanne",
    "QualityLimitsHelpText": "Rajoitukset suhteutetaan automaattisesti albumin kestoon.",
    "Queued": "Lisätty jonoon",
    "Rating": "Arvio",
    "RejectionCount": "Hylkäysmäärä",
    "ReleaseTitle": "Julkaisun nimike",
    "Replace": "Korvaa",
    "RestartRequiredHelpTextWarning": "Käyttöönotto vaatii sovelluksen uudelleenkäynnistyksen.",
    "RestoreBackupAdditionalInfo": "Huomioi: {appName} käynnistyy palautusprosessin aikana automaattisesti uudelleen.",
    "Save": "Tallenna",
    "Seeders": "Jakajat",
    "Select...": "Valitse...",
    "SelectFolder": "Valitse kansio",
    "SelectQuality": "Valitse laatu",
    "ShouldMonitorExistingHelpText": "Valvo automaattisesti tällä listalla olevia {appName}in kirjaston albumeita.",
    "ShowAdvanced": "Näytä lisäasetukset",
    "SizeLimit": "Kokorajoitus",
    "SizeOnDisk": "Koko levyllä",
    "SourceTitle": "Lähteen nimike",
    "Started": "Alkoi",
    "System": "Järjestelmä",
    "Test": "Testaa",
    "TimeLeft": "Aikaa jäljellä",
    "Title": "Nimike",
    "TotalSpace": "Kokonaistila",
    "Ui": "Käyttöliittymä",
    "UnmappedFilesOnly": "Vain kohdistamattomat tiedostot",
    "UnmonitoredOnly": "Vain valvomattomat",
    "UpgradesAllowed": "Päivitykset sallitaan",
    "Wanted": "Halutut",
    "Warn": "Varoita",
    "WouldYouLikeToRestoreBackup": "Haluatko palauttaa varmuuskopion \"{name}\"?",
    "AddRemotePathMapping": "Lisää etäsijainnin kohdistus",
    "FreeSpace": "Vapaa tila",
    "IndexerDownloadClientHelpText": "Määritä tästä hakupalvelusta kaapattaessa käytettävä latauspalvelu.",
    "Ok": "Ok",
    "Organize": "Järjestä",
    "OutputPath": "Tallennussijainti",
    "Renamed": "Nimetty uudelleen",
    "Activity": "Tapahtumat",
    "EditDelayProfile": "Muokkaa viiveprofiilia",
    "Add": "Lisää",
    "AddConnection": "Lisää ilmoituspavelu",
    "EditMetadataProfile": "Muokkaa metatietoprofiilia",
    "Database": "Tietokanta",
    "AllowFingerprinting": "Salli piiloleimaus",
    "MassAlbumsCutoffUnmetWarning": "Haluatko varmasti etsiä kaikkia {0} albumia, joiden katkaisutasoa ei ole saavutettu?",
    "PastDaysHelpText": "Päivien määrä, jonka verran menneisyyteen iCal-syötettä seurataan.",
    "PrimaryTypes": "Ensisijaiset tyypit",
    "TrackNaming": "Kappaleiden nimeäminen",
    "DeleteRootFolder": "Poista juurikansio",
    "DeleteTrackFile": "Poista kappaletiedosto",
    "DiscNumber": "Levynumero",
    "DiscCount": "Levyjen määrä",
    "EnableProfile": "Käytä profiilia",
    "MissingAlbums": "Puuttuvat albumit",
    "MissingAlbumsData": "Valvo albumeita, joille ei ole tiedostoja tai joita ei ole vielä julkaistu.",
    "MissingTracks": "Puuttuvat kappaleet",
    "MissingTracksArtistMonitored": "Kappaleita puuttuu (esittäjää valvotaan)",
    "MissingTracksArtistNotMonitored": "Kappaleita puuttuu (esittäjää ei valvota)",
    "MonitorArtist": "Esittäjän valvonta",
    "MonitoringOptions": "Valvonta-asetukset",
    "MusicBrainzAlbumID": "Albumin MusicBrainz ID",
    "MusicBrainzArtistID": "Esittäjän MusicBrainz ID",
    "MusicbrainzId": "MusicBrainz-tunniste",
    "MusicBrainzRecordingID": "MusicBrainz-tallennetunniste",
    "MusicBrainzReleaseID": "MusicBrainz-julkaisutunniste",
    "MusicBrainzTrackID": "MusicBrainz-kappaletunniste",
    "NextAlbum": "Seuraava albumi",
    "NoneData": "Albumeita ei valvota",
    "Release": " Julkaisu",
    "ShouldMonitorExisting": "Valvo olemassa olevia albumeita",
    "TrackFileCounttotalTrackCountTracksDownloadedInterp": "{0}/{1} kappaletta ladattu",
    "TrackFilesCountMessage": "Kappaletiedostoja ei ole",
    "TrackImported": "Kappale tuotiin",
    "TrackMissingFromDisk": "Levyltä puuttuu kappale",
    "TrackNumber": "Kappalenumero",
    "UnableToLoadMetadataProviderSettings": "Metatietolädeasetusten lataus epäonnistui",
    "UnmappedFiles": "Kohdistamattomat tiedostot",
    "FutureDays": "Tulevat päivät",
    "FutureDaysHelpText": "Päivien määrä, jonka verran tulevaisuuteen iCal-syötettä seurataan.",
    "AlbumStatus": "Albumin tila",
    "CatalogNumber": "Luettelonumero",
    "MonitorNewItems": "Uusien albumien valvonta",
    "ImportListSpecificSettings": "Tuotilistakohtaiset asetukset",
    "DoneEditingGroups": "Lopeta ryhmien muokkaus",
    "EditGroups": "Muokkaa ryhmiä",
    "FirstAlbum": "Ensimmäinen albumi",
    "FirstAlbumData": "Valvo ensimmäisiä albumeita. Muita albumeita ei huomioida.",
    "ForeignIdHelpText": "Ohitettavan esittäjän tai albumin MusicBrainz-tunniste.",
    "FutureAlbums": "Tulevat albumit",
    "GoToArtistListing": "Avaa esittäjälistaus",
    "IsExpandedHideFileInfo": "Piilota tiedostojen tiedot",
    "IsExpandedHideTracks": "Piilota kappaleet",
    "IsExpandedHideAlbums": "Piilota albumit",
    "IsExpandedShowAlbums": "Näytä albumit",
    "IsExpandedShowFileInfo": "Näytä tiedostojen tiedot",
    "IsExpandedShowTracks": "Näytä kappaleet",
    "IsShowingMonitoredMonitorSelected": "Valvo valittuja",
    "IsShowingMonitoredUnmonitorSelected": "Lopeta valittujen valvonta",
    "LastAlbum": "Viimeinen albumi",
    "MediaCount": "Median määrä",
    "MediumFormat": "Julkaisumuoto",
    "MetadataConsumers": "Metatietojen kuluttajat",
    "MultiDiscTrackFormat": "Useden levyjen kappaleiden kaava",
    "OnImportFailure": "Tuonnin epäonistuessa",
    "OnReleaseImport": "Tuotaessa julkaisu",
    "PastDays": "Menneet päivät",
    "PrimaryAlbumTypes": "Ensisijaiset albumityypit",
    "RefreshArtist": "Päivitä esittäjä",
    "ReleaseProfiles": "Julkaisuprofiilit",
    "ReleasesHelpText": "Vaihda tämän albumin julkaisua",
    "RenameTracks": "Nimeä kappaleet uudelleen",
    "ReplaceExistingFiles": "Korvaa olemassa olevat tiedostot",
    "Retag": "Tagaa uudelleen",
    "Retagged": "Tagattu uudelleen",
    "SceneInformation": "Kohtaustiedot",
    "SearchForMonitoredAlbums": "Etsi valvottuja albumeita",
    "SearchMonitored": "Etsi valvottuja",
    "SecondaryAlbumTypes": "Toissijaiset albumityypit",
    "SecondaryTypes": "Toissijaiset tyypit",
    "SelectArtist": "Valitse esittäjä",
    "SelectedCountArtistsSelectedInterp": "{selectedCount} esittäjä(ä) on valittu",
    "SelectTracks": "Valitse kappaleet",
    "ShouldSearch": "Etsi uusia kohteita",
    "ShouldSearchHelpText": "Etsi hakupalveluista hiljattain lisättyjä kohteita. Käytä suurten listojen kanssa varoen.",
    "ShowAlbumCount": "Näytä albumimäärä",
    "ShowBanners": "Näytä bannerit",
    "ShowBannersHelpText": "Korvaa nimet bannerikuvilla.",
    "ShowLastAlbum": "Näytä viimeinen albumi",
    "SkipRedownload": "Ohita uudelleenlataus",
    "SpecificAlbum": "Tietty albumi",
    "StatusEndedContinuing": "Jatkuu",
    "TBA": "Selviää myöhemmin",
    "TheAlbumsFilesWillBeDeleted": "Albumin tiedostot poistetaan.",
    "TheArtistFolderStrongpathstrongAndAllOfItsContentWillBeDeleted": "Esittäjäkansio \"{0}\" ja kaikki sen sisältö poistetaan.",
    "Theme": "Teema",
    "ThemeHelpText": "Vaihda sovelluksen käyttöliittymän ulkoasua. \"Automaattinen\" vaihtaa vaalean ja tumman tilan välillä käyttöjärjestelmän teeman mukaan. Innoittanut Theme.Park.",
    "TotalTrackCountTracksTotalTrackFileCountTracksWithFilesInterp": "Yhteensä {0} kappaletta. {1} kappaleelle on tiedostoja.",
    "TrackArtist": "Kappaleen esittäjä",
    "TrackCount": "Kappaleiden määrä",
    "TrackDownloaded": "Kappale on ladattu",
    "TrackProgress": "Kappaleiden edistyminen",
    "TrackStatus": "Kappaleiden tila",
    "TrackTitle": "Kappaleiden nimi",
    "UpdatingIsDisabledInsideADockerContainerUpdateTheContainerImageInstead": "Päivittäminen ei ole Docker-säiliössä käytettävissä. Päivitä sen sijaan säiliön kuva.",
    "WatchRootFoldersForFileChanges": "Valvo juurikansioiden tiedostomuutoksia",
    "WriteMetadataTags": "Tallenna metatietotagit",
    "ContinuingAllTracksDownloaded": "Jatkuva (kaikki kappaleet on ladattu)",
    "Continuing": "Jatkuu",
    "ContinuingMoreAlbumsAreExpected": "Albumeita odotetaan tulevan lisää",
    "ContinuingNoAdditionalAlbumsAreExpected": "Uusia abumeita ei tiettävästi ole tulossa",
    "OnDownloadFailure": "Latauksen epäonnistuessa",
    "Artist": "Esittäjä",
    "ArtistClickToChangeAlbum": "Vaihda albumia painamalla",
    "ArtistEditor": "Esittäjien monivalinta",
    "Artists": "Esittäjät",
    "Country": "Maa",
    "AddReleaseProfile": "Lisää jukaisuprofiili",
    "AlbumRelease": "Albumin julkaisu",
    "AlbumReleaseDate": "Albumin julkaisupäivä",
    "AlbumTitle": "Albumin nimi",
    "AlbumType": "Albumin tyyppi",
    "AreYouSure": "Oletko varma?",
    "ArtistName": "Esittäjän nimi",
    "ArtistType": "Esittäjän tyyppi",
    "EditMetadata": "Muokkaa metatietoja",
    "AutomaticallySwitchRelease": "Vaihda julkaisu automaattisesti",
    "CollapseMultipleAlbums": "Supista useat albumit",
    "CollapseMultipleAlbumsHelpText": "Supista useat samana päivänä julkaistavat albumit.",
    "CombineWithExistingFiles": "Yhdistä olemassa olevien tiedostojen kanssa",
    "DateAdded": "Lisäysaika",
    "DeleteArtist": "Poista valittu esittäjä",
    "Discography": "Diskografia",
    "DownloadImported": "Lataus tuotiin",
    "EditReleaseProfile": "Muokkaa julkaisuprofiilia",
    "EndedAllTracksDownloaded": "Päättynyt (kaikki kappaleet on ladattu)",
    "EndedOnly": "Vain päättyneet",
    "Episode": "Jakso",
    "ExistingAlbums": "Olemassa olevat albumit",
    "ExistingAlbumsData": "Valvo albumeita, joille on tiedostoja tai joita ei ole vielä julkaistu.",
    "ForNewImportsOnly": "Vain uusille tuonneille",
    "HasMonitoredAlbumsNoMonitoredAlbumsForThisArtist": "Esittäjältä ei valvota albumeita",
    "ImportFailed": "Tuonti epäonnistui",
    "ImportFailures": "Tuontivirheet",
    "ImportLists": "Tuontilistat",
    "ImportListSettings": "Tuontilistojen yleisasetukset",
    "HideAlbums": "Piilota albumit",
    "HideTracks": "Piilota kappaleet",
    "LatestAlbum": "Uusin albumi",
    "LatestAlbumData": "Valvo uusimpia ja tulevia albumeita",
    "ManageTracks": "Kappaleiden hallinta",
    "ManualDownload": "Manuaalinen lataus",
    "NewAlbums": "Uudet albumit",
    "NoneMonitoringOptionHelpText": "Älä valvo esittäjiä äläkä albumeita.",
    "NotDiscography": "Ei ole diskografia",
    "Playlist": "Soittolista",
    "Proceed": "Jatka",
    "RootFolderPath": "Juurikansion sijainti",
    "SceneNumberHasntBeenVerifiedYet": "Kohtausnumeroa ei ole vielä vahvistettu",
    "SearchBoxPlaceHolder": "esim. Breaking Benjamin, lidarr:854a1807-025b-42a8-ba8c-2a39717f1d25",
    "SearchForAllCutoffUnmetAlbums": "Etsi kaikkia albumeita, joiden katkaisutasoa ei ole savutettu",
    "SearchAlbum": "Etsi albumia",
    "SelectAlbum": "Valitse albumi",
    "SelectAlbumRelease": "Valitse albumin julkaisu",
    "FutureAlbumsData": "Valvo albumeita, joita ei ole vielä julkaistu.",
    "SearchForAllMissingAlbumsConfirmationCount": "Haluatko varmasti etsiä kaikkia {totalRecords} puuttuvaa albumia?",
    "EditArtist": "Muokkaa esittäjää",
    "DeleteSelected": "Poista valitut",
    "ClickToChangeReleaseGroup": "Vaihda julkaisuryhmää painamalla tästä",
    "EnableAutomaticAddHelpText": "Lisää esittäjät/albumit {appName}iin kun synkronointi suoritetaan käyttöliittymästä tai {appName}in toimesta.",
    "IndexerIdHelpText": "Määritä mitä hakupalvelua profiili koskee.",
    "Inactive": "Ei aktiivinen",
    "EnableRssHelpText": "Käytetään {appName}in etsiessä julkaisuja ajoitetusti RSS-synkronoinnilla.",
    "AllMonitoringOptionHelpText": "Valvo jokaista tuontilistalla olevaa esittäjää ja heidän kaikkia albumeitaan.",
    "ContinuingOnly": "Vain jatkuvat",
    "EntityName": "Entiteetin nimi",
    "EpisodeDoesNotHaveAnAbsoluteEpisodeNumber": "Jaksolle ei ole absoluuttista numeroa.",
    "IndexerIdHelpTextWarning": "Yksittäisen hakupalvelun käyttö sanapainotuksen kanssa saattaa aiheuttaa julkaisujen kaksoiskappaleiden kaappauksia.",
    "AllowFingerprintingHelpText": "Tarkenna kappaleiden tunnistustarkkuutta piiloleimauksen avulla.",
    "BlocklistReleaseHelpText": "Estää {appName}ia lataamasta näitä tiedostoja uudelleen.",
    "RemotePathMappingCheckFilesGenericPermissions": "Latauspalvelu {0} ilmoitti tiedostosijainniksi \"{1}\", mutta {appName} ei näe sitä. Kansion käyttöoikeuksia on ehkä muokattava.",
    "RemotePathMappingCheckGenericPermissions": "Latauspalvelu {0} tallentaa lataukset kohteeseen \"{1}\", mutta {appName} ei näe sitä. Kansion käyttöoikeuksia on ehkä muokattava.",
    "RemotePathMappingCheckFolderPermissions": "{appName} näkee ladatauskansion \"{0}\", mutta ei voi avata sitä. Tämä johtuu todennäköisesti liian rajallisista käyttöoikeuksista.",
    "DownloadedUnableToImportCheckLogsForDetails": "Ladattu – Tuonti ei onnistu: näet lisätietoja lokista.",
    "AppDataLocationHealthCheckMessage": "Päivityksiä ei sallita, jotta AppData-kansion poistaminen päivityksen yhteydessä voidaan estää",
    "IndexerRssHealthCheckNoIndexers": "RSS-synkronoinnille ei ole määritetty hakupalveluita, eikä {appName} tämän vuoksi kaappaa uusia julkaisuja automaattisesti.",
    "IndexerSearchCheckNoAutomaticMessage": "Automaattihaulle ei ole määritetty hakupalveluita, eikä {appName}in automaattihaku tämän vuoksi löydä tuloksia.",
    "IndexerSearchCheckNoInteractiveMessage": "Manuaalihaulle ei ole määritetty hakupalveluita, eikä {appName} sen vuoksi löydä sillä tuloksia.",
    "RecycleBinUnableToWriteHealthCheck": "Roskakoriksi määritettyyn sijaintiin ei voida tallentaa: {0}. Varmista, että se on olemassa ja että {appName}in suorittavalla käyttäjällä on kirjoitusoikeus kansioon.",
    "RemotePathMappingCheckDownloadPermissions": "{appName} näkee ladatun musiikin \"{0}\", muttei voi avata sitä. Tämä johtuu todennäköisesti liian rajallisista käyttöoikeuksista.",
    "RemotePathMappingCheckImportFailed": "{appName} ei voinut tuoda musiikkia. Näet lisätietoja lokista.",
    "AddAutoTagError": "Virhe lisättäessä automaattimerkintää. Yritä uudelleen.",
    "AddCondition": "Lisää ehto",
    "AddConditionError": "Virhe lisättäessä ehtoa. Yritä uudelleen.",
    "AddIndexerImplementation": "Lisätään tietolähdettä – {implementationName}",
    "AddDownloadClientImplementation": "Lisätään latauspalvelua – {implementationName}",
    "AddImportList": "Lisää tuontilista",
    "AddAutoTag": "Lisää automaattinen tunniste",
    "CountDownloadClientsSelected": "{selectedCount} latauspalvelu(a) on valittu",
    "ApplyTagsHelpTextHowToApplyDownloadClients": "Tunnisteiden käyttö valituille latauspalveluille",
    "NotificationStatusAllClientHealthCheckMessage": "Ilmoituspalvelut eivät ole ongelmien vuoksi käytettävissä.",
    "AppUpdatedVersion": "{appName} on päivitetty versioon {version} ja muutosten käyttöönottamiseksi se on käynnistettävä uudelleen.",
    "DownloadClientQbittorrentSettingsContentLayout": "Sisällön rakenne",
    "EditDownloadClientImplementation": "Muokataan latauspalvelua – {implementationName}",
    "DownloadPropersAndRepacksHelpTextWarning": "Käytä mukautettuja muotoja automaattisiin Proper-/Repack-päivityksiin.",
    "PreferredSize": "Toivottu koko",
    "RemotePathMappingCheckFilesBadDockerPath": "Käytät Dockeria ja latauspalvelu {0} ilmoitti tiedostosijainniksi \"{1}\", mutta se ei ole kelvollinen {2}-sijainti. Tarkista etäsijaintien kohdistukset ja latauspalvelun asetukset.",
    "RemotePathMappingCheckLocalWrongOSPath": "Paikallinen latauspalvelu {0} tallentaa lataukset sijaintiin \"{1}\", mutta tämä ei ole kelvollinen {2}-sijainti. Tarkista latauspalvelun asetukset.",
    "RemoveSelectedItemQueueMessageText": "Haluatko varmasti poistaa jonosta 1 kohteen?",
    "RemoveTagsAutomatically": "Poista tunnisteet automaattisesti",
    "RemoveTagsAutomaticallyHelpText": "Poista tunnisteet automaattisesti, jos ehdot eivät täyty.",
    "ReplaceWithSpaceDashSpace": "Korvaa yhdistelmällä \"välilyönti yhdysmerkki välilyönti\"",
    "SetTags": "Tunnisteiden määritys",
    "SetAppTags": "Määritä {appName}-tunnisteet",
    "UpdateSelected": "Päivitä valitut",
    "ApplyTagsHelpTextAdd": "– \"Lisää\" syötetyt tunnisteet aiempiin tunnisteisiin",
    "ApplyTagsHelpTextRemove": "- \"Poista\" tyhjentää syötetyt tunnisteet",
    "DeleteRemotePathMapping": "Poista etäsijainnin kohdistus",
    "ApplyChanges": "Toteuta muutokset",
    "AutomaticAdd": "Automaattinen lisäys",
    "BypassIfHighestQualityHelpText": "Ohitusviive kun julkaisun laatu vastaa laatuprofiilin korkeinta käytössä olevaa laatua halutulla protokollalla.",
    "BlocklistReleases": "Lisää julkaisut estolistalle",
    "CloneCondition": "Monista ehto",
    "ConnectionLost": "Yhteys menetettiin",
    "ConnectionLostReconnect": "{appName} pyrkii ajoittain muodostamaan yhteyden automaattisesti tai voit painaa alta \"Lataa uudelleen\".",
    "CustomFormat": "Mukautettu muoto",
    "DeleteConditionMessageText": "Haluatko varmasti poistaa ehdon \"{name}\"?",
    "DeleteFormatMessageText": "Haluatko varmasti poistaa muototunnisteen \"{name}\"?",
    "DeleteSelectedImportListsMessageText": "Haluatko varmasti poistaa valitut {count} tuontilistaa?",
    "DownloadClientCheckUnableToCommunicateMessage": "Viestintä latauspalvelun \"{0}\" kanssa epäonnistui.",
    "DownloadClientSortingCheckMessage": "Latauspalvelun \"{0}\" {1} on kytketty käyttöön {appName}in kategorialle ja tuontiongelmien välttämiseksi se tulisi poistaa käytöstä.",
    "EditSelectedDownloadClients": "Muokkaa valittuja latauspalveluita",
    "ErrorLoadingContent": "Virhe ladattaessa tätä sisältöä",
    "IncludeCustomFormatWhenRenamingHelpText": "Mahdollista tämän muodon käyttö \"{Custom Formats}\" -nimeämiskaavan kanssa.",
    "No": "Ei",
    "NoDownloadClientsFound": "Latauspalveluita ei löytynyt",
    "NoHistoryBlocklist": "Estohistoriaa ei ole.",
    "NotificationStatusSingleClientHealthCheckMessage": "Ilmoituspalvelut eivät ole ongelmien vuoksi käytettävissä: {0}.",
    "PreferProtocol": "Suosi {preferredProtocol}-protokollaa",
    "ProxyCheckBadRequestMessage": "Välityspalvelintesti epäonnistui. Tilakoodi: {0}.",
    "QueueIsEmpty": "Jono on tyhjä",
    "RecentChanges": "Uusimmat muutokset",
    "ApplyTagsHelpTextHowToApplyIndexers": "Tunnisteiden käyttö valituille tietolähteille",
    "RemotePathMappingCheckBadDockerPath": "Käytät Dockeria ja latauspalvelu {0} tallentaa lataukset kohteeseen \"{1}\", mutta se ei ole kelvollinen {2}-sijainti. Tarkista etäsijaintien kohdistukset ja latauspalvelun asetukset.",
    "DeleteSelectedIndexers": "Poista hakupalvelu(t)",
    "RemotePathMappingCheckFilesWrongOSPath": "Etälatauspalvelu {0} ilmoitti tiedostosijainniksi \"{1}\", mutta se ei ole kelvollinen {2}-sijainti. Tarkista määritetyt etäsijainnit ja latauspalvelun asetukset.",
    "RemotePathMappingCheckRemoteDownloadClient": "Etälatauspalvelu {0} ilmoitti tiedostosijainniksi \"{1}\", mutta sitä ei näytä olevan olemassa. Todennäköinen syy on puuttuva tai virheellinen etäsijainnin kohdistus.",
    "RemotePathMappingCheckWrongOSPath": "Etälatauspalvelu {0} tallentaa lataukset kohteeseen \"{1}\", mutta se ei ole kelvollinen {2}-sijainti. Tarkista etäsijaintien kohdistukset ja latauspalvelun asetukset.",
    "RemotePathMappingsInfo": "Etäsijaintien kohdistuksia tarvitaan harvoin ja jos {appName} ja latauspalvelu suoritetaan samassa järjestelmässä, on parempi käyttää paikallisia sijainteja. Lue lisää [wikistä]({wikiLink}).",
    "RemoveSelectedItem": "Poista valittu kohde",
    "ReplaceWithDash": "Korvaa yhdysmerkillä",
    "ReplaceWithSpaceDash": "Korvaa yhdistelmällä \"välilyönti yhdysmerkki\"",
    "ResetDefinitionTitlesHelpText": "Palauta määritysten nimet ja arvot.",
    "ResetTitlesHelpText": "Palauta määritysten nimet ja arvot.",
    "ResetQualityDefinitions": "Palauta laatumääritykset",
    "UpdateCheckStartupNotWritableMessage": "Päivitystä ei voida asentaa, koska käyttäjällä \"{1}\" ei ole kirjoitusoikeutta käynnistyskansioon \"{0}\".",
    "WhatsNew": "Mikä on uutta?",
    "Yes": "Kyllä",
    "CustomFormats": "Mukautetut muodot",
    "CutoffFormatScoreHelpText": "Kun tämä mukautetun muodon pisteytys on saavutettu, ei {appName} enää kaappaa albumeita.",
    "DeleteCustomFormat": "Poista mukautettu muoto",
    "DeleteCustomFormatMessageText": "Haluatko varmasti poistaa mukautetun muodon \"{name}\"?",
    "Disabled": "Ei käytössä",
    "DownloadClientRootFolderHealthCheckMessage": "Latauspalvelu {downloadClientName} tallentaa lataukset juurikansioon \"{rootFolderPath}\", mutta niitä ei tulisi tallentaa sinne.",
    "DownloadClientStatusCheckAllClientMessage": "Latauspalveluita ei ole ongelmien vuoksi käytettävissä",
    "GroupInformation": "Ryhmän tiedot",
    "MinimumCustomFormatScore": "Mukautetun muodon vähimmäispisteytys",
    "Monitor": "Valvonta",
    "DownloadClientTagHelpText": "Tätä latauspalvelua käytetään vain vähintään yhdellä täsmäävällä tunnisteella merkityille esittäjille. Käytä kaikille jättämällä tyhjäksi.",
    "MinFormatScoreHelpText": "Mukautetun muodon vähimmäispisteytys, jolla lataus sallitaan.",
    "ExtraFileExtensionsHelpTextsExamples": "Esimerkiksi \"sub, .nfo\" tai \"sub,nfo\".",
    "ExtraFileExtensionsHelpText": "Pilkuin eroteltu listaus tuotavista oheistiedostoista (.nfo-tiedostot tuodaan \".nfo-orig\"-nimellä).",
    "Conditions": "Ehdot",
    "CountIndexersSelected": "{selectedCount} hakupalvelu(a) on valittu",
    "DeleteSelectedDownloadClientsMessageText": "Haluatko varmasti poistaa {count} valittua latauspalvelua?",
    "DeleteSelectedIndexersMessageText": "Haluatko varmasti poistaa {count} valit(un/tua) tietoläh(teen/dettä)?",
    "EditSelectedIndexers": "Muokkaa valittuja sisältölähteitä",
    "Negated": "Kielletty",
    "NegateHelpText": "Jos käytössä, ei mukautettua muotoa sovelleta tämän \"{0}\" -ehdon täsmätessä.",
    "NoChange": "Ei muutosta",
    "DownloadClientStatusCheckSingleClientMessage": "Latauspalveluita ei ole ongelmien vuoksi käytettävissä: {0}",
    "Clone": "Monista",
    "CloneCustomFormat": "Monista mukautettu muoto",
    "BypassIfAboveCustomFormatScore": "Ohita, jos ylittää mukautetun muodon pisteytyksen",
    "RemoveSelectedItemsQueueMessageText": "Haluatko varmasti poistaa jonosta {0} kohdetta?",
    "RemoveFailedDownloads": "Poista epäonnistuneet lataukset",
    "RemoveCompletedDownloads": "Poista valmistuneet lataukset",
    "AddImportListImplementation": "Lisätään tuontilistaa – {implementationName}",
    "AddConditionImplementation": "Lisätään ehtoa – {implementationName}",
    "AddConnectionImplementation": "Lisätään ilmoituspavelua – {implementationName}",
    "IndexerDownloadClientHealthCheckMessage": "Hakupalvelut virheellisillä latauspalveluilla: {0}.",
    "IndexerStatusCheckAllClientMessage": "Hakupalvelut eivät ole virheiden vuoksi käytettävissä.",
    "MinimumCustomFormatScoreHelpText": "Mukautetun muodon vähimmäispisteytys, jolla ensisijaisen protokollan viiveen ohitus sallitaan.",
    "Monitoring": "Valvotaan",
    "NoIndexersFound": "Hakupalveluita ei löytynyt",
    "RemotePathMappingCheckFilesLocalWrongOSPath": "Paikallinen latauspalvelu {0} ilmoitti tiedostosijainniksi \"{1}\", mutta se ei ole kelvollinen {2}-sijainti. Tarkista latauspalvelun asetukset.",
    "Formats": "Muodot",
    "AuthBasic": "Perus (selaimen ponnahdus)",
    "AuthForm": "Lomake (kirjautumissivu)",
    "DeleteSelectedDownloadClients": "Poista valitut latauspalvelu(t)",
    "AllResultsAreHiddenByTheAppliedFilter": "Aktiivinen suodatin piilottaa kaikki tulokset.",
    "ColonReplacement": "Kaksoispisteen korvaus",
    "GrabId": "Kaappauksen tunniste",
    "InfoUrl": "Tietojen URL",
    "EditIndexerImplementation": "Muokataan hakupalvelua – {implementationName}",
    "DisabledForLocalAddresses": "Ei käytössä paikallisissa osoitteissa",
    "ApplyTagsHelpTextReplace": "- \"Korvaa\" nykyiset tunnisteet syötetyillä tai tyhjennä kaikki tunnisteet jättämällä tyhjäksi",
    "AutoTagging": "Automaattinen tunnistemerkintä",
    "AutoTaggingNegateHelpText": "Jos käytössä, ei automaattista merkintäsääntöä käytetä tämän \"{implementationName}\" -ehdon täsmätessä.",
    "AutoTaggingLoadError": "Automaattimerkinnän lataus epäonnistui",
    "ClearBlocklist": "Tyhjennä estolista",
    "ChownGroup": "chown-ryhmä",
    "ClearBlocklistMessageText": "Haluatko varmasti tyhjentää kaikki estolistan kohteet?",
    "ConditionUsingRegularExpressions": "Ehto vastaa säännöllisiä lausekkeita. Huomioi, että merkeillä `\\^$.|?*+()[{`on erityismerkityksiä ja ne on erotettava `\\`-merkillä",
    "ConnectionLostToBackend": "{appName} kadotti yhteyden taustajärjestelmään ja se on käynnistettävä uudelleen.",
    "CloneAutoTag": "Monista automaattimerkintä",
    "DeleteCondition": "Poista ehto",
    "DeleteAutoTagHelpText": "Haluatko varmasti poistaa automaattitunnisteen '{name}'?",
    "DeleteAutoTag": "Poista automaattitunniste",
    "DeleteRemotePathMappingMessageText": "Haluatko varmasti poistaa tämän etäsijainnin kohdistuksen?",
    "DeleteSelectedImportLists": "Poista tuontilista(t)",
    "DeleteSpecificationHelpText": "Haluatko varmasti poistaa määrityksen \"{name}\"?",
    "DeleteSpecification": "Poista määritys",
    "DownloadClientCheckNoneAvailableMessage": "Latauspalveluita ei ole käytettävissä",
    "EditConditionImplementation": "Muokataan ehtoa – {implementationName}",
    "EditConnectionImplementation": "Muokataan ilmoituspalvelua – {implementationName}",
    "EditAutoTag": "Muokkaa automaattimerkintää",
    "ManageIndexers": "Hallitse tietolähteitä",
    "RenameFiles": "Nimeä tiedostot uudelleen",
    "Small": "Pieni",
    "RemoveSelectedItems": "Poista valitut kohteet",
    "ResetTitles": "Palauta nimet",
    "AddNewArtistRootFolderHelpText": "\"{folder}\" -alikansio luodaan automaattisesti.",
    "AuthenticationRequiredUsernameHelpTextWarning": "Syötä uusi käyttäjätunnus",
    "AutoAdd": "Automaattilisäys",
    "DownloadClientRemovesCompletedDownloadsHealthCheckMessage": "Latauspalvelu {0} on määritetty poistamaan valmistuneet lataukset, jonka seuraksena ne saatetaan poistaa ennen kuin {1} ehtii tuoda niitä.",
    "Enabled": "Käytössä",
    "RemotePathMappingCheckLocalFolderMissing": "Etälatauspalvelu {0} tallentaa lataukset kohteeseen \"{1}\", mutta sitä ei näytä olevan olemassa. Todennäköinen syy on puuttuva tai virheellinen etäsijainnin kohdistus.",
    "UpdateAvailableHealthCheckMessage": "Uusi päivitys on saatavilla: {version}",
    "UpdateMonitoring": "Vaihda valvontatilaa",
    "ApplyTagsHelpTextHowToApplyImportLists": "Tunnisteiden käyttö valituille tuontilistoille",
    "AutomaticUpdatesDisabledDocker": "Automaattisia päivityksiä ei tueta suoraan käytettäessä Dockerin päivitysmekanismia. Docker-säiliö on päivitettävä {appName}in ulkopuolella, tai päivitys on suoritettava komentosarjalla.",
    "UpdateCheckUINotWritableMessage": "Päivityksen asennus ei onnistu, koska käyttäjällä \"{1}\" ei ole kirjoitusoikeutta käyttöliittymäkansioon \"{0}\".",
    "AuthenticationMethodHelpTextWarning": "Valitse sopiva tunnistautumistapa",
    "AuthenticationMethod": "Tunnistautumistapa",
    "AuthenticationRequiredHelpText": "Valitse mitkä pyynnöt vaativat tunnistautumisen. Älä muuta, jos et ymmärrä riskejä.",
    "AuthenticationRequired": "Vaadi tunnistautuminen",
    "CustomFormatScore": "Mukautetun muodon pisteytys",
    "EditImportListImplementation": "Muokataan tuontilistaa – {implementationName}",
    "Overview": "Tiivistelmä",
    "Posters": "Julisteet",
    "PosterOptions": "Julistenäkymän asetukset",
    "OverviewOptions": "Tiivistelmänäkymän asetukset",
    "RemotePathMappingCheckDockerFolderMissing": "Käytät Dockeria ja latauspalvelu {0} tallentaa lataukset kohteeseen \"{1}\", mutta sitä ei löydy Docker-säiliöstä. Tarkista etäsijaintien kohdistukset ja säiliön tallennusmedian asetukset.",
    "ResetQualityDefinitionsMessageText": "Haluatko varmasti palauttaa laatumääritykset?",
    "SystemTimeCheckMessage": "Järjestelmän aika on ainakin vuorokauden pielessä, eivätkä ajoitetut tehtävät toimi oikein ennen kuin se on korjattu.",
    "UnableToLoadInteractiveSearch": "Virhe ladattaessa tämän albumihaun tuloksia. Yritä myöhemmin uudelleen.",
    "AutoTaggingRequiredHelpText": "Tämän \"{implementationName}\" -ehdon on täsmättävä automaattimerkinnän säännön käyttämiseksi. Muutoin yksittäinen \"{implementationName}\" -vastaavuus riittää.",
    "AuthenticationRequiredPasswordConfirmationHelpTextWarning": "Vahvista uusi salasana",
    "Connection": "Yhteys",
    "Large": "Suuri",
    "ManageDownloadClients": "Hallitse latauspalveluita",
    "AuthenticationRequiredPasswordHelpTextWarning": "Syötä uusi salasana",
    "Table": "Taulukko",
    "BypassIfAboveCustomFormatScoreHelpText": "Käytä ohitusta, kun julkaisun pisteytys on määritetyn mukautetun muodon vähimmäispisteytystä korkeampi.",
    "DownloadClientQbittorrentSettingsContentLayoutHelpText": "Määrittää käytetäänkö qBittorrentista määritettyä rakennetta, torrentin alkuperäistä rakennetta vai luodaanko uusi alikansio (qBittorrent 4.3.2+).",
    "ExistingTag": "Tunniste on jo olemassa",
    "External": "Ulkoinen",
    "Negate": "Kiellä",
    "FailedDownloadHandling": "Latauksen käsittely epäonnistui",
    "NoEventsFound": "Tapahtumia ei löytynyt",
    "Implementation": "Toteutus",
    "OnHealthRestored": "Terveystilan vakautuessa",
    "ApiKeyValidationHealthCheckMessage": "Muuta rajapinnan (API) avain ainakin {0} merkin pituiseksi. Voit tehdä tämän asetuksista tai muokkaamalla asetustiedostoa.",
    "FailedLoadingSearchResults": "Hakutulosten lataus epäonnistui. Yritä uudelleen.",
    "ManageImportLists": "Tuontilistojen hallinta",
    "SelectReleaseGroup": "Aseta julkaisuryhmä",
    "InvalidUILanguage": "Käytöliittymän kielivalinta on virheellinen. Korjaa se ja tallenna asetukset.",
    "HealthMessagesInfoBox": "Saat lisätietoja näiden vakausviestien syistä painamalla rivin lopussa olevaa wikilinkkiä (kirjakuvake) tai tarkastelemalla [lokitietoja]({link}). Mikäli et osaa tulkita näitä viestejä, tavoitat tukemme alla olevilla linkeillä.",
    "ManageLists": "Listojen hallunta",
    "PasswordConfirmation": "Salasanan vahvistus",
    "QueueFilterHasNoItems": "Mikään kohde ei vastaa valittua jonon suodatinta",
    "EditSelectedImportLists": "Muokkaa valittuja tuontilistoja",
    "AutoRedownloadFailedFromInteractiveSearchHelpText": "Etsi ja lataa uusi vastaava julkaisu, kun epäonnistunut lataus on valittu manuaalihaun tuloksista.",
    "IgnoreDownload": "Ohita lataus",
    "IgnoreDownloadHint": "Estää {appName}ia käsittelemästä tätä latausta jatkossa.",
    "IgnoreDownloads": "Ohita lataukset",
    "IgnoreDownloadsHint": "Estää {appName}ia käsittelemästä näitä latauksia jatkossa.",
    "ListRefreshInterval": "Listan päivityksen ajoitus",
    "IndexerSettingsRejectBlocklistedTorrentHashes": "Hylkää estetyt torrent-hajautusarvot kaapattaessa",
    "IndexerSettingsRejectBlocklistedTorrentHashesHelpText": "Jos torrent on estetty hajautusarvon perusteella sitä ei välttämättä hylätä oikein joidenkin hakupalveluiden RSS-syötteestä tai hausta. Tämän käyttöönotto mahdollistaa tällaisten torrentien hylkäämisen kaappauksen jälkeen, kuitenkin ennen kuin niitä välitetään latauspalvelulle.",
    "ListWillRefreshEveryInterp": "Lista päivitetään {0} välein",
    "NoImportListsFound": "Tuotilistoja ei löytynyt",
    "ManageClients": "Hallitse työkaluja",
    "CustomFormatsSpecificationRegularExpressionHelpText": "Mukautetun muodon säännöllisen lausekkeen kirjainkokoa ei huomioida.",
    "DownloadClientPriorityHelpText": "Useiden latauspalveluiden painotus, 1–50 (korkein-alin). Oletusarvo on 1 ja tasaveroiset erotetaan Round-Robin-tekniikalla.",
    "SkipRedownloadHelpText": "Estää {appName}ia lataamasta kohteille vaihtoehtoisia julkaisuja.",
    "BypassIfHighestQuality": "Ohita, jos korkein laatu",
    "RemoveQueueItemRemovalMethodHelpTextWarning": "\"Poista latauspalvelusta\" poistaa latauksen ja sen tiedostot.",
    "UpdateFiltered": "Päivitä suodatetut",
    "BlocklistAndSearch": "Estolista ja haku",
    "BlocklistAndSearchHint": "Etsi korvaavaa kohdetta kun kohde lisätään estolistalle.",
    "BlocklistAndSearchMultipleHint": "Etsi korvaavia kohteita kun kohteita lisätään estolistalle.",
    "BlocklistMultipleOnlyHint": "Lisää estolistalle etsimättä korvaavia kohteita.",
    "BlocklistOnly": "Vain esto",
    "BlocklistOnlyHint": "Lisää estolistalle etsimättä korvaavaa kohdetta.",
    "ChangeCategory": "Vaihda kategoria",
    "CustomFormatsSpecificationRegularExpression": "Säännöllinen lauseke",
    "Deceased": "Kuollut",
    "DoNotBlocklist": "Älä estä",
    "DoNotBlocklistHint": "Poista lisäämättä estolistalle.",
    "RemoveFromDownloadClientHint": "Poistaa latauksen ja tiedostot latauspalvelusta.",
    "RemoveMultipleFromDownloadClientHint": "Poistaa lataukset ja tiedostot latauspalvelusta.",
    "RemoveQueueItemRemovalMethod": "Poistotapa",
    "RemoveQueueItemsRemovalMethodHelpTextWarning": "\"Poista latauspalvelusta\" poistaa lataukset ja niiden tiedostot.",
    "ThereWasAnErrorLoadingThisItem": "Virhe ladattaessa kohdetta",
    "ThereWasAnErrorLoadingThisPage": "Virhe ladattaessa sivua",
    "FilterAlbumPlaceholder": "Suodata albumeja",
    "AddImportListExclusionAlbumHelpText": "Estä {appName}ia lisäämästä albumia listoilta.",
    "ImportListRootFolderMultipleMissingRootsHealthCheckMessage": "Useita tuontilistojen juurikansioita puuttuu: {0}",
    "FilterArtistPlaceholder": "Suodata esittäjiä",
    "AddImportListExclusionArtistHelpText": "Estä {appName}ia lisäämästä esittäjää listoilta.",
    "RootFolderCheckMultipleMessage": "Useita juurikansioita puuttuu: {0}",
    "DeleteArtistFolders": "Poista esittäjäkansiot",
    "SomeResultsAreHiddenByTheAppliedFilter": "Aktiivinen suodatin piilottaa joitakin tuloksia.",
    "RemotePathMappingCheckFileRemoved": "Tiedosto \"{0}\" poistettiin kesken käsittelyn.",
    "AddListExclusionHelpText": "Estä {appName}ia lisäämästä esittäjää listoilta.",
    "ArtistsEditRootFolderHelpText": "Siirtämällä esittäjät samaan juurikansioon voidaan niiden kansioiden nimet päivittää vastaamaan päivittynyttä nimikettä tai nimeämiskaavaa.",
    "DownloadClientAriaSettingsDirectoryHelpText": "Vaihtoehtoinen latausten tallennussijainti. Käytä Aria2:n oletusta jättämällä tyhjäksi.",
    "DeleteArtistFoldersHelpText": "Poista esittäjäkansiot ja niiden kaikki sisältö.",
    "ChangeCategoryHint": "Vaihtaa latauksen kategoriaksi latauspalvelun \"Tuonnin jälkeinen kategoria\" -asetuksen kategorian.",
    "ChangeCategoryMultipleHint": "Vaihtaa latausten kategoriaksi latauspalvelun \"Tuonnin jälkeinen kategoria\" -asetuksen kategorian.",
    "AutoRedownloadFailedFromInteractiveSearch": "Uudelleenlataus manuaalihaun tuloksista epäonnistui",
    "ImportListRootFolderMissingRootHealthCheckMessage": "Tuontilistalta tai -listoilta puuttuu juurikansio: {0}.",
    "HiddenClickToShow": "Piilotettu, näytä painamalla tästä",
    "Dash": "Yhdysmerkki",
    "RegularExpressionsCanBeTested": "Säännöllisiä lausekkeita voidaan testata [täällä]({url}).",
    "MonitorArtists": "Esittäjien valvonta",
    "ChooseImportMethod": "Valitse tuontitapa",
    "NoCutoffUnmetItems": "Katkaisutasoa saavuttamattomia kohteita ei ole.",
    "FailedToLoadQueue": "Jonon lataus epäonnistui",
    "NoMissingItems": "Puuttuvia kohteita ei ole.",
    "SpecificMonitoringOptionHelpText": "Valvo esittäjiä, mutta vain erikseen listalle lisättyjä albumeita.",
    "UnableToLoadCustomFormats": "Virhe ladattaessa mukautettuja muotoja.",
    "Customformat": "Mukautettu muoto",
    "ExportCustomFormat": "Vie mukautettu muoto",
    "MountArtistHealthCheckMessage": "Kohteen sijainnin sisältävä media on kytketty vain luku -tilassa: ",
    "NoResultsFound": "Tuloksia ei löytynyt.",
    "CustomFormatSettings": "Mukautettujen muotojen asetukset",
    "AlbumStudioTracksDownloaded": "{trackFileCount}/{totalTrackCount} kappaletta ladattu",
    "AlbumStudioTruncated": "Vain 20 uusinta albumia näytetään. Näet kaikki albumit lisätiedoista.",
    "CopyToClipboard": "Kopioi leikepöydälle",
    "AutoRedownloadFailed": "Uudelleenlataus epäonnistui",
    "ProxyCheckFailedToTestMessage": "Välityspalvelintesti epäonnistui: {0}",
    "Period": "Piste",
    "RootFolderPathHelpText": "Juurikansio, johon listan kohteet lisätään.",
    "Space": "Välilyönti",
    "Underscore": "Alaviiva",
    "RegularExpressionsTutorialLink": "Lisätietoja säännöllisistä lausekkeista löytyy [täältä]({url}).",
    "RootFolderCheckSingleMessage": "Juurikansio puuttuu: {0}.",
    "UpdateCheckStartupTranslocationMessage": "Päivitystä ei voida asentaa, koska käynnistyskansio \"{0}\" sijaitsee \"App Translocation\" -kansiossa.",
    "RemovingTag": "Tunniste poistetaan",
    "Required": "Pakollinen",
    "ShownClickToHide": "Näytetään, piilota painamalla tästä",
    "Menu": "Valikko",
    "SupportedAutoTaggingProperties": "{appName} tukee automaattimerkinnän säännöissä seuraavia arvoja",
    "RemoveSelectedItemBlocklistMessageText": "Haluatko varmasti poistaa valitut kohteet estolistalta?",
    "ResetDefinitions": "Palauta määritykset",
    "NotificationsSettingsUseSslHelpText": "Muodosta yhteys palveluun {serviceName} SSL-protokollan välityksellä.",
    "ClickToChangeIndexerFlags": "Muuta tietolähteen lippuja painamalla tästä",
    "CustomFormatsSpecificationFlag": "Lippu",
    "SelectIndexerFlags": "Valitse tietolähteen liput",
    "SetIndexerFlags": "Aseta tietolähteen liput",
    "CustomFilter": "Mukautettu suodatin",
    "LabelIsRequired": "Nimi on pakollinen",
    "ImportList": "Tuontilista",
    "CountImportListsSelected": "{selectedCount} tuontilista(a) on valittu",
    "DeleteArtistFolder": "Poista esittäjäkansio",
    "FormatAgeMinutes": "minuuttia",
    "IndexerFlags": "Hakupalvelun liput",
    "Logout": "Kirjaudu ulos",
    "NotificationsEmbySettingsSendNotifications": "Lähetä ilmoituksia",
    "NotificationsEmbySettingsSendNotificationsHelpText": "Ohjeista Embyä ilmoittamaan myös siihen kytketyille palveluille.",
    "NotificationsKodiSettingAlwaysUpdateHelpText": "Määrittää päivitetäänkö kirjasto myös videotoiston aikana.",
    "NotificationsKodiSettingsGuiNotification": "Ilmoita käyttöliittymässä",
    "NotificationsPlexSettingsAuthToken": "Todennustunniste",
    "NotificationsSettingsUpdateLibrary": "Päivitä kirjasto",
    "NotificationsSettingsUpdateMapPathsFrom": "Kohdista sijainnit lähteeseen",
    "NotificationsSettingsUpdateMapPathsTo": "Kohdista sijainnit kohteeseen",
    "Rejections": "Hylkäykset",
    "RemoveQueueItem": "Poistetaan – {sourceTitle}",
    "Uppercase": "Isot kirjaimet",
    "PreferUsenet": "Suosi Usenetiä",
    "AppUpdated": "{appName} on päivitetty",
    "InteractiveSearchModalHeader": "Manuaalihaku",
    "Lowercase": "Pienet kirjaimet",
    "NotificationsKodiSettingsDisplayTimeHelpText": "Määrittää ilmoituksen näyttöajan sekunteina.",
    "TagsSettingsSummary": "Täältä näet kaikki tunnisteet käyttökohteineen ja voit poistaa käyttämättömät tunnisteet.",
    "Tomorrow": "Huomenna",
    "DefaultCase": "Oletusarvoinen kirjainkoko",
    "DeleteArtistFolderHelpText": "Poista esittäjäkansio ja sen sisältö",
    "MonitorAllAlbums": "Kaikki albumit",
    "MonitorNewAlbums": "Uudet albumit",
    "MonitorExistingAlbums": "Olemassa olevat albumit",
    "NoLimitForAnyDuration": "Ei toistoaikojen rajoituksia",
    "SuggestTranslationChange": "Ehdota käännösmuutosta",
    "Loading": "Ladataan",
    "ApplyTagsHelpTextHowToApplyArtists": "Tunnisteisiin kohdistettavat toimenpiteet:",
    "CouldntFindAnyResultsForTerm": "Haku \"{0}\" ei tuottanut tuloksia.",
    "ImportListStatusCheckAllClientMessage": "Mitkään listat eivät ole virheiden vuoksi käytettävissä",
    "ItsEasyToAddANewArtistJustStartTypingTheNameOfTheArtistYouWantToAdd": "Uuden esittäjän lisääminen on helppoa. Aloita vain haluamasi esittäjän nimen kirjoittaminen.",
    "IndexerLongTermStatusCheckAllClientMessage": "Mikään hakupalvelu ei ole käytettävissä yli kuusi tuntia kestäneiden virheiden vuoksi.",
    "NoMinimumForAnyDuration": "Ei toistoaikojen vähimmäiskestoja",
    "RemoveQueueItemConfirmation": "Haluatko varmasti poistaa kohteen \"{sourceTitle}\" jonosta?",
    "IndexerStatusCheckSingleClientMessage": "Hakupalvelut eivät ole virheiden vuoksi käytettävissä: {0}.",
    "AutoTaggingSpecificationTag": "Tunniste",
    "DashOrSpaceDashDependingOnName": "\"Yhdysmerkki\" tai \"Välilyönti Yhdysmerkki\" nimen perusteella.",
    "DownloadClientsSettingsSummary": "Latauspalvelut, latausten käsittely ja etäsijaintien kohdistukset.",
    "IndexerSearchCheckNoAvailableIndexersMessage": "Mitkään hakua tukevat hakupalvelut eivät ole tilapäisesti käytettävissä hiljattaisten palveluvirheiden vuoksi.",
    "NotificationsEmbySettingsUpdateLibraryHelpText": "Määrittää päivitetäänkö palvelimen kirjasto tuonnin, uudelleennimeämisen tai poiston yhteydessä.",
    "NotificationsKodiSettingAlwaysUpdate": "Päivitä aina",
    "OrganizeSelectedArtists": "Järjestele valitut esittäjät",
    "MonitoredStatus": "Valvottu/tila",
    "FileNameTokens": "Tiedostonimimuuttujat",
    "FormatDateTime": "{formattedDate} {formattedTime}",
    "FormatRuntimeHours": "{hours} t",
    "FormatRuntimeMinutes": "{minutes} m",
    "GrabReleaseUnknownArtistOrAlbumMessageText": "{appName} ei tunnistanut julkaisun esittäjää ja albumia, eikä sen vuoksi voi tuoda sitä automaattisesti. Haluatko kaapata julkaisun \"{title}\"?",
    "NotificationsSettingsUpdateMapPathsToHelpText": "{serviceName}-sijainti, jonka perusteella esittäjien sijainteja muutetaan kun {serviceName} näkemä kirjastosijainti poikkeaa {appName}in sijainnista (vaatii \"Päivitä kirjasto\" -asetuksen).",
    "NotificationsKodiSettingsCleanLibraryHelpText": "Siivoa kirjasto päivityksen jälkeen.",
    "NotificationsKodiSettingsDisplayTime": "Näytä aika",
    "NotificationsKodiSettingsUpdateLibraryHelpText": "Määrittää päivitetäänkö Kodin kirjasto tuonnin ja uudelleennimeämisen yhteydessä.",
    "NotificationsPlexSettingsAuthenticateWithPlexTv": "Tunnistaudu Plexillä",
    "NotificationsSettingsUpdateMapPathsFromHelpText": "{appName}-sijainti, jonka perusteella esittäjien sijainteja muutetaan kun {serviceName} näkemä kirjastosijainti poikkeaa {appName}in sijainnista (vaatii \"Päivitä kirjasto\" -asetuksen).",
    "QualitiesHelpText": "Listalla ylempänä olevia laatuja painotetaan enemmän vaikkei niitä ole valittu. Samoissa ryhmissä olevat laadut ovat tasaveroisia. Valitse vain halutut laadut.",
    "FormatDateTimeRelative": "{relativeDay}, {formattedDate} {formattedTime}",
    "UrlBaseHelpText": "Käänteisen välityspalvelimen tukea varten. Oletusarvo on tyhjä.",
    "ImportListStatusCheckSingleClientMessage": "Listat eivät ole virheiden vuoksi käytettävissä: {0}",
    "IndexerRssHealthCheckNoAvailableIndexers": "RSS-syötteitä tukevat hakupalvelut eivät ole tilapaisesti käytettävissä hiljattaisten palveluvirheiden vuoksi.",
    "IndexerLongTermStatusCheckSingleClientMessage": "Hakupalvelut eivät ole käytettävissä yli kuusi tuntia kestäneiden virheiden vuoksi: {0}.",
    "MassSearchCancelWarning": "Tämä on mahdollista keskeyttää vain käynnistämällä {appName} uudelleen tai poistamalla kaikki hakupalvelut käytöstä.",
    "SearchForAllCutoffUnmetAlbumsConfirmationCount": "Haluatko varmasti etsiä kaikkia {totalRecords} albumia, joiden katkaisutasoa ei ole saavutettu?",
    "MonitorNoAlbums": "Ei mitään",
    "IndexerSettingsSeedRatioHelpText": "Suhde, joka torrentin tulee saavuttaa ennen sen pysäytystä. Käytä latauspalvelun oletusta jättämällä tyhjäksi. Suhteen tulisi olla ainakin 1.0 ja noudattaa hakupalvelun sääntöjä.",
    "IndexerSettingsSeedTimeHelpText": "Aika, joka torrentia tulee jakaa ennen sen pysäytystä. Käytä latauspalvelun oletusta jättämällä tyhjäksi.",
    "NotificationsKodiSettingsCleanLibrary": "Siivoa kirjasto",
    "AddNewArtistSearchForMissingAlbums": "Käynnistä puuttuvien albumien haku",
    "ConnectSettingsSummary": "Yhteydet ilmoituspalveluihin, mediapalvelimiin ja soittimiin, sekä mukautetut komentosarjat.",
    "CustomFormatsSettings": "Mukautettujen muotojen asetukset",
    "CustomFormatsSettingsSummary": "Mukautetut muodot ja niiden asetukset.",
    "Donate": "Lahjoita",
    "GeneralSettingsSummary": "Portti, SSL-salaus, käyttäjätunnus ja salasana, välityspalvelin, analytiikka ja päivitykset.",
    "QualitySettingsSummary": "Laatukoot ja nimeäminen",
    "PreferTorrent": "Suosi torrentia",
    "CountArtistsSelected": "{count} esittäjä(ä) on valittu",
    "AuthenticationRequiredWarning": "Etäkäytön estämiseksi ilman tunnistautumista {appName} vaatii nyt tunnistautumisen käyttöönoton. Paikallisilta osoitteilta se voidaan valinnaisesti poistaa käytöstä.",
    "Auto": "Automaattinen",
    "CustomFormatRequiredHelpText": "Tämän \"{0}\" -ehdon on täsmättävä mukautetun muodon käyttämiseksi. Muutoin riittää yksi \"{0}\" -vastaavuus.",
    "DeleteArtistFolderCountConfirmation": "Haluatko varmasti poistaa {count} valittua esittäjää?",
    "DeleteArtistFolderCountWithFilesConfirmation": "Haluatko varmasti poistaa {count} valittua esittäjää ja niiden kaiken sisällön?",
    "ReleaseProfile": "Julkaisuprofiili",
    "IncludeHealthWarnings": "Sisällytä kuntovaroitukset",
    "LidarrSupportsMultipleListsForImportingAlbumsAndArtistsIntoTheDatabase": "{appName} tukee useita listoja, joiden avulla esittäjiä ja albumeita voidaan tuoda tietokantaan.",
    "Priority": "Painotus",
    "AlbumsLoadError": "Virhe ladattaessa albumeita.",
    "ArtistIsUnmonitored": "Esittäjää ei valvota",
    "FormatAgeDay": "päivä",
    "FormatAgeDays": "päivää",
    "FormatAgeHour": "tunti",
    "FormatAgeHours": "tuntia",
    "FormatAgeMinute": "minuutti",
    "FormatShortTimeSpanHours": "{hours} tunti(a)",
    "FormatShortTimeSpanMinutes": "{minutes} minuutti(a)",
    "FormatShortTimeSpanSeconds": "{seconds} sekunti(a)",
    "FormatTimeSpanDays": "{days} pv {time}",
    "IndexersSettingsSummary": "Hakupalvelut ja julkaisurajoitukset.",
    "ImportListsSettingsSummary": "Sisällön tuonti muista {appName}-instansseista tai palveluista, ja poikkeuslistojen hallinta.",
    "ImportMechanismHealthCheckMessage": "Käytä valmistuneiden latausten käsittelyä",
    "KeyboardShortcuts": "Pikanäppäimet",
    "MediaManagementSettingsSummary": "Tiedostojen nimeämis- ja hallinta-asetukset, sekä kirjaston juurikansiot.",
    "MetadataSettingsArtistSummary": "Luo metatietotiedostot kun kappaleita tuodaan tai esittäjien tietoja päivitetään.",
    "MonitorFirstAlbum": "Ensimmäinen albumi",
    "MonitorFutureAlbums": "Tulevat albumit",
    "MonitorLastestAlbum": "Uusin albumi",
    "MonitorMissingAlbums": "Puuttuvat albumit",
    "ProfilesSettingsArtistSummary": "Laatu-, metatieto-, viive- ja julkaisuprofiilit.",
    "UiSettingsSummary": "Kalenterin, päiväyksen ja kellonajan, sekä kielen ja heikentyneelle värinäölle sopivan tilan asetukset.",
    "Yesterday": "Eilen",
    "AddToDownloadQueue": "Lisää latausjonoon",
    "AddedToDownloadQueue": "Lisättiin latausjonoon",
    "ShowNextAlbum": "Näytä seuraava albumi",
    "Unlimited": "Rajoittamaton",
    "ArtistIndexFooterDownloading": "Ladataan",
    "UseSsl": "Käytä SSL-salausta",
    "DeleteSelectedArtists": "Poista valitut esittäjät",
    "Links": "Linkit",
    "IndexerJackettAll": "Jackettin ei-tuettua \"all\"-päätettä käyttävät hakupalvelut: {0}.",
    "AutomaticSearch": "Automaattihaku",
    "ProxyCheckResolveIpMessage": "Määritetyn välityspalvelimen ({0}) IP-osoitteen selvitys epäonnistui.",
    "IndexerPriorityHelpText": "Hakupalvelun painotus, 1– 50 (korkein-alin). Oletusarvo on 25. Käytetään muutoin tasaveroisten julkaisujen kaappauspäätökseen. {appName} käyttää edelleen kaikkia käytössä olevia hakupalveluita RSS-synkronointiin ja hakuun.",
    "ConnectionSettingsUrlBaseHelpText": "Lisää palvelimen {connectionName} URL-osoitteeseen etuliitteen, esim. \"{url}\".",
    "DownloadClientDelugeSettingsDirectoryCompletedHelpText": "Vaihtoehtoinen sijainti, johon valmistuneet lataukset siirretään. Käytä Delugen oletusta jättämällä tyhjäksi.",
    "DownloadClientDelugeSettingsDirectoryHelpText": "Vaihtoehtoinen latausten tallennussijainti. Käytä Delugen oletusta jättämällä tyhjäksi.",
    "IndexerSettingsSeedRatio": "Jakosuhde",
    "IndexerSettingsSeedTime": "Jakoaika",
    "ArtistIsMonitored": "Esittäjää valvotaan",
    "False": "Epätosi",
    "Parse": "Jäsennä",
    "ParseModalErrorParsing": "Virhe jäsennettäessä. Yritä uudelleen.",
    "ParseModalHelpText": "Syötä julkaisun nimi yllä olevaan kenttään.",
    "ParseModalHelpTextDetails": "{appName} pyrkii jäsentämään nimen ja näyttämään sen tiedot.",
    "ParseModalUnableToParse": "Virhe jäsennettäessä nimikettä. Yritä uudelleen.",
    "Repack": "Uudelleenpaketoitu",
    "TestParsing": "Koesta jäsennys",
    "True": "Tosi",
    "Any": "Mikä tahansa",
    "BuiltIn": "Sisäänrakennettu",
    "Script": "Komentosarja",
    "DeleteSelectedCustomFormats": "Poista mukautetut muodot",
    "DeleteSelectedCustomFormatsMessageText": "Haluatko varmasti poistaa valitut {count} mukautettua muotoa?",
    "IncludeCustomFormatWhenRenaming": "Sisällytä mukautetut muodot uudelleennimettäessä",
    "IndexerSettingsApiUrl": "Rajapinnan URL",
    "IndexerSettingsApiUrlHelpText": "Älä muuta tätä, jos et tiedä mitä teet, koska rajapinta-avaimesi lähetetään kyseiselle palvelimelle.",
    "AptUpdater": "Asenna päivitys APT-työkalun avulla",
    "DockerUpdater": "Hanki päivitys päivittämällä Docker-säiliö",
    "ExternalUpdater": "{appName} on määritetty käyttämään ulkoista päivitysratkaisua.",
    "InstallLatest": "Asenna uusin",
    "OnLatestVersion": "Uusin {appName}-versio on jo asennettu",
    "PreviouslyInstalled": "Edellinen asennettu versio",
    "Shutdown": "Sammuta",
    "UpdateAppDirectlyLoadError": "{appName}ia ei voida päivittää suoraan,",
    "AddDelayProfileError": "Virhe lisättäessä viiveporofiilia. Yritä uudelleen.",
    "ImportListTagsHelpText": "Tunnisteet, joilla tältä tuontilistalta lisätyt kohteet merkitään.",
    "Min": "Pienin",
    "Preferred": "Suosittu",
    "Max": "Suurin",
    "Today": "Tänään",
    "MappedNetworkDrivesWindowsService": "Yhdistetyt verkkoasemat eivät ole käytettävissä kun sovellus suoritetaan Windows-palveluna. Saat lisätietoja UKK:sta ({url}).",
    "DownloadClientSettingsOlderPriority": "Vanhojen painotus",
    "DownloadClientSettingsPostImportCategoryHelpText": "Kategoria, jonka {appName} asettaa tuonnin jälkeen. {appName} ei poista tämän kategorian torrenteja vaikka jakaminen olisi päättynyt. Säilytä alkuperäinen kategoria jättämällä tyhjäksi.",
    "DownloadClientSettingsRecentPriority": "Uusien painotus",
    "PostImportCategory": "Tuonnin jälkeinen kategoria",
    "ShowNextAlbumHelpText": "Näytä seuraava albumi julisteen alla.",
    "DownloadClientDelugeSettingsDirectory": "Latauskansio",
    "InteractiveSearchModalHeaderTitle": "Manuaalihaku – {title}",
    "CustomFormatsSettingsTriggerInfo": "Mukautettua muotoa sovelletaan julkaisuun tai tiedostoon, kun ainakin yksi valituista ehtotyypeistä täsmää.",
    "NotificationsTelegramSettingsIncludeAppName": "Sisällytä {appName} otsikkoon",
    "DownloadClientDelugeSettingsDirectoryCompleted": "Kansio, johon valmistuneet siirretään",
    "EditSelectedCustomFormats": "Muokkaa valittuja mukautettuja muotoja",
    "Install": "Asenna",
    "SmartReplace": "Älykäs korvaus",
    "DownloadClientSettingsOlderPriorityAlbumHelpText": "Yli 14 päivää sitten julkaistujen albumien kaappauksille käytettävä painotus.",
    "DownloadClientSettingsRecentPriorityAlbumHelpText": "14 päivän sisällä julkaistujen albumien kaappauksille käytettävä painotus.",
    "InstallMajorVersionUpdate": "Asenna päivitys",
    "InstallMajorVersionUpdateMessage": "Tämä päivitys asentaa uuden pääversion, joka ei välttämättä ole yhteensopiva laitteistosi kanssa. Haluatko varmasti asentaa päivityksen?",
    "InstallMajorVersionUpdateMessageLink": "Saat lisätietoja osoitteesta [{domain}]({url}).",
    "LogSizeLimit": "Lokin kokorajoitus",
    "LogSizeLimitHelpText": "Lokitiedoston enimmäiskoko ennen pakkausta. Oletusarvo on 1 Mt.",
    "ManageCustomFormats": "Hallitse mukautettuja muotoja",
    "ManageFormats": "Hallitse muotoja",
    "NoCustomFormatsFound": "Mukautettuja muotoja ei löytynyt",
    "NotificationsTelegramSettingsIncludeAppNameHelpText": "Ilmoitukset voidaan tarvittaessa erottaa muista sovelluksista lisäämällä niiden eteen \"{appName}\".",
    "SkipFreeSpaceCheckHelpText": "Käytä, kun {appName} ei kykene tunnistamaan juurikansiosi käytettävissä olevaa vapaata tallennustilaa.",
    "CountCustomFormatsSelected": "{count} mukautettu(a) muoto(a) on valittu",
    "LastSearched": "Edellinen haku",
    "Total": "Kaikkiaan",
    "WithFiles": "Tiedostoineen",
    "BannerOptions": "Bannerinäkymän asetukset",
    "AllowFingerprintingHelpTextWarning": "Tätä varten {appName}in on luettava osia tiedostoista, joka saattaa kasvattaa levyn tai verkon kuormitusta tarkistusten aikana.",
    "EmbedCoverArtHelpText": "Sisällytä Lidarrin albumikuvitukset äänitiedostoihin kun niiden tagit tallennetaan.",
    "ForeignId": "Vieras ID",
    "MonitorAlbum": "Albumien valvonta",
    "AddNewArtist": "Lisää uusi esittäjä",
    "DownloadedWaitingToImport": "Ladattu – Odottaa tuontia",
    "ArtistProgressBarText": "{trackFileCount}/{trackCount} (kaikkiaan: {totalTrackCount}, latauksessa: {downloadingCount})",
    "DownloadedImporting": "Ladattu – Tuodaan",
    "IfYouDontAddAnImportListExclusionAndTheArtistHasAMetadataProfileOtherThanNoneThenThisAlbumMayBeReaddedDuringTheNextArtistRefresh": "Jos et lisää tuontillistapoikkeusta ja esittäjän metatietoprofiili on muu kuin \"Ei mitään\", saatetaan albumi lisätä uudelleen kun esittäjä seuraavan kerran päivitetään.",
    "MatchedToArtist": "Kohdistettu esittäjään",
    "TrackFileRenamedTooltip": "Kappaletiedosto nimettiin uudelleen",
    "TrackFileTagsUpdatedTooltip": "Kappaletiedoston tagit päivitettiin",
    "OneAlbum": "1 albumi",
    "MonitorNoNewAlbums": "Uusia albumeita ei ole",
    "NoAlbums": "Albumeita ei ole",
    "OnTrackRetag": "Kun kappaleen tagit muuttuvat",
    "DeleteFormat": "Poista muoto",
    "EmbedCoverArtInAudioFiles": "Sisällytä kuvat äänitiedostoihin",
    "OnArtistAdd": "Kun esittäjä lisätään",
    "OnArtistDelete": "Kun esittäjä poistetaan",
    "PreviewRetag": "Esikatsele tagimuutoksia",
    "AddAlbumWithTitle": "Lisää {albumTitle}",
    "AddArtistWithName": "Lisää {artistName}",
    "RetagSelectedArtists": "Päivitä valittujen esittäjien tagit",
    "TrackFileDeletedTooltip": "Kappaletiedosto poistettiin",
    "TrackFiles": "Kappaletiedostot",
    "OnAlbumDelete": "Kun albumi poistetaan",
    "DownloadPropersAndRepacksHelpTexts2": "\"Älä suosi\" käyttää Proper-/Repack-julkaisujen sijaan haluttua sanapisteytystä.",
    "EditSelectedArtists": "Muokkaa valittuja esittäjiä",
    "ICalTagsArtistHelpText": "Syöte sisältää vain vähintään yhdellä täsmäävällä tunnisteella merkityt esittäjät.",
    "MatchedToAlbums": "Täsmätty albumeihin",
    "NoTracksInThisMedium": "Kappaleita ei ole tässä muodossa",
    "ReleaseProfileTagArtistHelpText": "Julkaisuprofiileja sovelletaan esittäjiin, jotka on merkitty ainakin yhdellä täsmäävällä tunnisteella. Käytä kaikille esittäjille jättämällä tyhjäksi.",
    "TrackFileMissingTooltip": "Kappaletiedosto puuttuu",
    "TrackFilesLoadError": "Virhe ladattaessa kappaletiedostoja.",
    "AddNewAlbum": "Lisää uusi albumi",
    "AddNewAlbumSearchForNewAlbum": "Käynnistä uusien albumien haku",
    "AlbumCount": "Abumien määrä",
    "AlbumDetails": "Albumin tiedot",
    "AlbumInfo": "Albumin tiedot",
    "AnchorTooltip": "Tämä tiedosto on jo kirjastossasi julkaisussa, jota olet juuri tuomassa.",
    "ArtistMonitoring": "Esittäjän valvonta",
    "Banners": "Bannerit",
    "CountAlbums": "{albumCount} albumia",
    "DefaultDelayProfileArtist": "Tämä on oletusprofiili, joka pätee kaikkii esittäjiin, joille ei ole erikseen määritetty profiilia.",
    "DelayProfileArtistTagsHelpText": "Käytetään vähintään yhdellä täsmäävällä tunnisteella merkityille esittäjille.",
    "Disambiguation": "Yksinkertaistaminen",
    "NotificationsTagsArtistHelpText": "Ilmoita vain vähintään yhdellä täsmäävällä tunnisteella merkityistä esittäjistä.",
    "NotificationsSettingsWebhookHeaders": "Otsakkeet"
}
