{
    "Language": "언어",
    "UiLanguage": "UI 언어",
    "PosterSize": "포스터 크기",
    "SearchAll": "모두 검색",
    "SearchForMissing": "누락 된 항목 검색",
    "Actions": "동작",
    "AddListExclusion": "목록 예외 추가",
    "APIKey": "API 키",
    "ApiKeyHelpTextWarning": "적용하려면 다시 시작해야합니다.",
    "AppDataDirectory": "AppData 디렉토리",
    "ApplyTags": "태그 적용",
    "ApplyTagsHelpTextReplace": "바꾸기 : 태그를 입력 한 태그로 바꿉니다 (모든 태그를 지우려면 태그를 입력하지 않음)",
    "ArtistAlbumClickToChangeTrack": "영화를 변경하려면 클릭",
    "Authentication": "입증",
    "AuthenticationMethodHelpText": "{appName}에 접근하려면 사용자 이름과 암호가 필요합니다",
    "AutoRedownloadFailedHelpText": "다른 릴리스를 자동으로 검색하고 다운로드 시도",
    "BackupFolderHelpText": "상대 경로는 Radarr의 AppData 디렉토리에 있습니다.",
    "BackupNow": "백업 지금",
    "BackupRetentionHelpText": "보존 기간보다 오래된 자동 백업은 자동으로 정리됩니다.",
    "Backups": "백업",
    "BindAddress": "바인드 주소",
    "BindAddressHelpText": "모든 인터페이스에 유효한 IP4 주소 또는 '*'",
    "BindAddressHelpTextWarning": "적용하려면 다시 시작해야합니다.",
    "Blocklist": "블랙리스트",
    "BlocklistRelease": "블랙리스트 릴리스",
    "Branch": "분기",
    "BypassProxyForLocalAddresses": "로컬 주소 용 프록시 우회",
    "Calendar": "달력",
    "CalendarWeekColumnHeaderHelpText": "주가 활성보기 일 때 각 열 위에 표시됩니다.",
    "Cancel": "취소",
    "CancelPendingTask": "이 보류중인 작업을 취소 하시겠습니까?",
    "CertificateValidation": "인증서 검증",
    "ChangeHasNotBeenSavedYet": "변경 사항이 아직 저장되지 않았습니다.",
    "ChmodFolder": "chmod 폴더",
    "ChmodFolderHelpText": "8 진수, 미디어 폴더 및 파일로 가져 오기 / 이름 변경 중에 적용됨 (실행 비트 없음)",
    "ChmodFolderHelpTextWarning": "Radarr를 실행하는 사용자가 파일의 소유자인 경우에만 작동합니다. 다운로드 클라이언트가 권한을 올바르게 설정하는지 확인하는 것이 좋습니다.",
    "ChownGroupHelpText": "그룹 이름 또는 gid. 원격 파일 시스템에 gid를 사용하십시오.",
    "ChownGroupHelpTextWarning": "Radarr를 실행하는 사용자가 파일의 소유자인 경우에만 작동합니다. 다운로드 클라이언트가 Radarr와 동일한 그룹을 사용하는지 확인하는 것이 좋습니다.",
    "Clear": "맑은",
    "ClickToChangeQuality": "품질을 변경하려면 클릭",
    "ClientPriority": "클라이언트 우선 순위",
    "CloneIndexer": "인덱서 복제",
    "CloneProfile": "프로필 복제",
    "Columns": "기둥",
    "CompletedDownloadHandling": "완료된 다운로드 처리",
    "Component": "구성 요소",
    "Connections": "사이",
    "ConnectSettings": "연결 설정",
    "CopyUsingHardlinksHelpText": "아직 시드중인 토렌트에서 파일을 복사하려고 할 때 하드 링크 사용",
    "CopyUsingHardlinksHelpTextWarning": "간혹 파일 잠금으로 인해 시드중인 파일의 이름을 바꾸지 못할 수 있습니다. 일시적으로 시드를 비활성화하고 Radarr의 이름 바꾸기 기능을 해결 방법으로 사용할 수 있습니다.",
    "CreateEmptyArtistFolders": "빈 동영상 폴더 만들기",
    "CreateEmptyArtistFoldersHelpText": "디스크 스캔 중 누락 된 동영상 폴더 생성",
    "CreateGroup": "그룹 만들기",
    "CutoffHelpText": "이 품질에 도달하면 Radarr는 더 이상 영화를 다운로드 하지 않습니다.",
    "CutoffUnmet": "컷오프 미충족",
    "DatabaseMigration": "DB 마이그레이션",
    "DelayProfile": "지연 프로필",
    "DelayProfiles": "지연 프로필",
    "Delete": "지우다",
    "DeleteBackup": "백업 삭제",
    "DeleteBackupMessageText": "백업 '{0}'을 (를) 삭제 하시겠습니까?",
    "DeleteDelayProfile": "지연 프로필 삭제",
    "DeleteDelayProfileMessageText": "이 지연 프로필을 삭제하시겠습니까?",
    "DeleteDownloadClient": "다운로드 클라이언트 삭제",
    "DeleteDownloadClientMessageText": "다운로드 클라이언트 '{0}'을 (를) 삭제 하시겠습니까?",
    "DeleteEmptyFolders": "빈 폴더 삭제",
    "DeleteImportListExclusion": "가져오기 목록 제외 삭제",
    "DeleteImportListExclusionMessageText": "이 가져오기 목록 제외를 삭제하시겠습니까?",
    "DeleteImportListMessageText": "목록 '{0}'을 (를) 삭제 하시겠습니까?",
    "DeleteIndexer": "인덱서 삭제",
    "DeleteIndexerMessageText": "인덱서 '{0}'을 (를) 삭제 하시겠습니까?",
    "DeleteMetadataProfileMessageText": "품질 프로필 {0}을 (를) 삭제 하시겠습니까?",
    "DeleteNotification": "알림 삭제",
    "DeleteNotificationMessageText": "알림 '{0}'을 (를) 삭제 하시겠습니까?",
    "DeleteQualityProfile": "품질 프로필 삭제",
    "DeleteQualityProfileMessageText": "품질 프로필 {0}을 (를) 삭제 하시겠습니까?",
    "DeleteReleaseProfile": "지연 프로필 삭제",
    "DeleteReleaseProfileMessageText": "이 지연 프로필을 삭제 하시겠습니까?",
    "DeleteRootFolderMessageText": "인덱서 '{0}'을 (를) 삭제 하시겠습니까?",
    "DeleteSelectedTrackFiles": "선택한 동영상 파일 삭제",
    "DeleteSelectedTrackFilesMessageText": "선택한 동영상 파일을 삭제 하시겠습니까?",
    "DeleteTag": "태그 삭제",
    "DeleteTagMessageText": "'{0}'태그를 삭제 하시겠습니까?",
    "DestinationPath": "목적지 경로",
    "DetailedProgressBar": "자세한 진행률 표시 줄",
    "DetailedProgressBarHelpText": "진행률 표시 줄에 텍스트 표시",
    "DiskSpace": "디스크 공간",
    "DownloadClient": "클라이언트 다운로드",
    "DownloadClients": "클라이언트 다운로드",
    "DownloadClientSettings": "클라이언트 설정 다운로드",
    "DownloadFailedCheckDownloadClientForMoreDetails": "다운로드 실패함: 자세한 내용은 다운로드 클라이언트를 확인하십시오.",
    "DownloadFailedInterp": "다운로드 실패 : {0}",
    "Downloading": "다운로드 중",
    "DownloadPropersAndRepacksHelpTexts1": "Propers / Repacks로 자동 업그레이드할지 여부",
    "DownloadWarningCheckDownloadClientForMoreDetails": "다운로드 경고 : 자세한 내용은 다운로드 클라이언트 확인",
    "Edit": "편집하다",
    "Enable": "활성화",
    "EnableAutomaticAdd": "자동 추가 활성화",
    "EnableAutomaticSearch": "자동 검색 활성화",
    "EnableColorImpairedMode": "색 장애 모드 활성화",
    "EnableColorImpairedModeHelpText": "색상 장애가있는 사용자가 색상 코드 정보를 더 잘 구별 할 수 있도록 스타일 변경",
    "EnableCompletedDownloadHandlingHelpText": "다운로드 클라이언트에서 완료된 다운로드를 자동으로 가져 오기",
    "EnableHelpText": "이 메타 데이터 유형에 대한 메타 데이터 파일 생성 활성화",
    "EnableInteractiveSearch": "대화 형 검색 활성화",
    "EnableRSS": "RSS 활성화",
    "EnableSSL": "SSL 활성화",
    "EnableSslHelpText": " 적용하려면 관리자로 실행을 다시 시작해야합니다.",
    "Ended": "종료",
    "ErrorLoadingContents": "콘텐츠로드 오류",
    "ErrorLoadingPreviews": "미리보기를로드하는 중에 오류가 발생했습니다.",
    "Exception": "예외",
    "FileDateHelpText": "가져 오기 / 재검색시 파일 날짜 변경",
    "FileManagement": "파일 관리",
    "Filename": "파일 이름",
    "FileNames": "파일 이름",
    "FirstDayOfWeek": "주의 첫날",
    "Fixed": "결정된",
    "Folder": "폴더",
    "Folders": "폴더",
    "ForMoreInformationOnTheIndividualDownloadClientsClickOnTheInfoButtons": "개별 다운로드 클라이언트에 대한 자세한 내용을 보려면 정보 버튼을 클릭하십시오.",
    "ForMoreInformationOnTheIndividualIndexersClickOnTheInfoButtons": "개별 인덱서에 대한 자세한 내용을 보려면 정보 버튼을 클릭하십시오.",
    "ForMoreInformationOnTheIndividualListsClickOnTheInfoButtons": "개별 가져 오기 목록에 대한 자세한 내용을 보려면 정보 버튼을 클릭하십시오.",
    "GeneralSettings": "일반 설정",
    "Global": "글로벌",
    "GoToInterp": "{0}로 이동",
    "Grab": "붙잡다",
    "GrabRelease": "그랩 릴리스",
    "GrabSelected": "선택한 항목 잡아",
    "Group": "그룹",
    "HasPendingChangesNoChanges": "변경 사항 없음",
    "HasPendingChangesSaveChanges": "변경 사항을 저장하다",
    "History": "내역",
    "Host": "주최자",
    "Hostname": "호스트 이름",
    "ICalFeed": "iCal 피드",
    "ICalHttpUrlHelpText": "이 URL을 클라이언트에 복사하거나 브라우저가 webcal을 지원하는 경우 구독하려면 클릭하십시오.",
    "IconForCutoffUnmet": "Cutoff Unmet 아이콘",
    "IgnoredAddresses": "무시 된 주소",
    "IgnoredHelpText": "하나 이상의 용어가 포함 된 경우 릴리스가 거부됩니다 (대소 문자 구분 안 함).",
    "IgnoredPlaceHolder": "새로운 제한 추가",
    "IllRestartLater": "나중에 다시 시작하겠습니다",
    "ImportedTo": "수입",
    "ImportExtraFiles": "추가 파일 가져 오기",
    "IncludeUnmonitored": "모니터링되지 않는 항목 포함",
    "Indexer": "인덱서",
    "IndexerPriority": "인덱서 우선 순위",
    "Indexers": "인덱서",
    "IndexerSettings": "인덱서 설정",
    "Interval": "간격",
    "IsCutoffCutoff": "끊다",
    "IsCutoffUpgradeUntilThisQualityIsMetOrExceeded": "이 품질이 충족되거나 초과 될 때까지 업그레이드",
    "IsTagUsedCannotBeDeletedWhileInUse": "사용 중에는 삭제할 수 없습니다.",
    "LidarrSupportsAnyIndexerThatUsesTheNewznabStandardAsWellAsOtherIndexersListedBelow": "Radarr는 Newznab 표준을 사용하는 모든 인덱서와 아래 나열된 다른 인덱서를 지원합니다.",
    "Local": "현지",
    "LocalPath": "로컬 경로",
    "LocalPathHelpText": "Radarr가 원격 경로에 로컬로 액세스하는 데 사용해야하는 경로",
    "LogFiles": "로그 파일",
    "Logging": "벌채 반출",
    "LogLevel": "로그 수준",
    "LogLevelvalueTraceTraceLoggingShouldOnlyBeEnabledTemporarily": "추적 로깅은 일시적으로 만 활성화해야합니다.",
    "Logs": "로그",
    "LongDateFormat": "긴 날짜 형식",
    "ManualImport": "수동 가져 오기",
    "MarkAsFailed": "실패로 표시",
    "MarkAsFailedMessageText": "'{0}'을 (를) 실패한 것으로 표시 하시겠습니까?",
    "MaximumLimits": "최대 한도",
    "MaximumSize": "최대 크기",
    "MaximumSizeHelpText": "확보 할 릴리스의 최대 크기 (MB)입니다. 무제한으로 설정하려면 0으로 설정",
    "Mechanism": "기구",
    "MediaInfo": "미디어 정보",
    "MediaManagementSettings": "미디어 관리 설정",
    "Medium": "매질",
    "Message": "메시지",
    "MetadataSettings": "메타 데이터 설정",
    "MIA": "MIA",
    "MinimumAge": "최소 연령",
    "MinimumAgeHelpText": "유즈넷 전용 : NZB를 잡기 전 최소 연령 (분). 이를 사용하여 새 릴리스가 유즈넷 공급자에게 전파 할 시간을 제공하십시오.",
    "MinimumFreeSpace": "최소 여유 공간",
    "MinimumFreeSpaceWhenImportingHelpText": "사용 가능한 디스크 공간을 이보다 적게 남겨 둘 경우 가져 오기 방지",
    "MinimumLimits": "최소 한도",
    "Missing": "잃어버린",
    "Mode": "방법",
    "Monitored": "모니터링",
    "MoreInfo": "더 많은 정보",
    "NoLogFiles": "로그 파일 없음",
    "None": "없음",
    "NotificationTriggers": "알림 트리거",
    "NoUpdatesAreAvailable": "사용 가능한 업데이트가 없습니다.",
    "OpenBrowserOnStart": "시작시 브라우저 열기",
    "Options": "옵션",
    "Original": "실물",
    "PackageVersion": "패키지 버전",
    "PageSize": "페이지 크기",
    "PageSizeHelpText": "각 페이지에 표시 할 항목 수",
    "Password": "암호",
    "Path": "통로",
    "Permissions": "권한",
    "Port": "포트",
    "PortNumber": "포트 번호",
    "PreviewRename": "이름 변경 미리보기",
    "Profiles": "프로필",
    "Proper": "적절한",
    "PropersAndRepacks": "적절하고 재 포장",
    "Protocol": "실험 계획안",
    "ProtocolHelpText": "사용할 프로토콜을 선택하고 동일한 릴리스 중에서 선택할 때 선호하는 프로토콜을 선택합니다.",
    "Proxy": "대리",
    "ProxyBypassFilterHelpText": "','를 구분 기호로 사용하고 '*'를 사용하십시오. 하위 도메인에 대한 와일드 카드로",
    "ProxyPasswordHelpText": "필요한 경우 사용자 이름과 암호 만 입력하면됩니다. 그렇지 않으면 공백으로 두십시오.",
    "ProxyType": "프록시 유형",
    "ProxyUsernameHelpText": "필요한 경우 사용자 이름과 암호 만 입력하면됩니다. 그렇지 않으면 공백으로 두십시오.",
    "PublishedDate": "발행일",
    "Quality": "품질",
    "Real": "레알",
    "Reason": "이유",
    "RecycleBinCleanupDaysHelpText": "자동 정리를 사용하지 않으려면 0으로 설정하십시오.",
    "RecycleBinCleanupDaysHelpTextWarning": "선택한 일 수보다 오래된 휴지통에있는 파일은 자동으로 정리됩니다.",
    "RecycleBinHelpText": "영화 파일은 영구적으로 삭제되지 않고 삭제되면 여기로 이동합니다.",
    "RecyclingBin": "재활용 빈",
    "RecyclingBinCleanup": "재활용 빈 정리",
    "Redownload": "다시 다운로드",
    "Refresh": "새롭게 하다",
    "RefreshInformationAndScanDisk": "정보 새로 고침 및 디스크 스캔",
    "RefreshScan": "새로 고침 및 스캔",
    "ReleaseDate": "출시일",
    "ReleaseGroup": "릴리스 그룹",
    "ReleaseRejected": "릴리스 거부",
    "ReleaseWillBeProcessedInterp": "릴리스가 {0} 처리됩니다.",
    "Reload": "새로 고침",
    "RemotePath": "원격 경로",
    "RemotePathHelpText": "다운로드 클라이언트가 액세스하는 디렉토리의 루트 경로",
    "RemotePathMappings": "원격 경로 매핑",
    "Remove": "없애다",
    "RemoveCompletedDownloadsHelpText": "다운로드 클라이언트 기록에서 가져온 다운로드 제거",
    "RemovedFromTaskQueue": "작업 대기열에서 제거됨",
    "RemoveFailedDownloadsHelpText": "다운로드 클라이언트 기록에서 실패한 다운로드 제거",
    "RemoveFilter": "필터 제거",
    "RemoveFromBlocklist": "블랙리스트에서 제거",
    "RemoveFromDownloadClient": "다운로드 클라이언트에서 제거",
    "RemoveFromQueue": "대기열에서 제거",
    "RemoveSelected": "선택된 것을 지워 라",
    "ReplaceIllegalCharactersHelpText": "잘못된 문자를 바꿉니다. 선택하지 않으면 Radarr가 대신 제거합니다.",
    "RequiredHelpText": "릴리스에는 다음 용어 중 하나 이상이 포함되어야합니다 (대소 문자 구분 안 함).",
    "RequiresRestartToTakeEffect": "적용하려면 다시 시작해야합니다.",
    "RescanAfterRefreshHelpTextWarning": "Radarr는 '항상'으로 설정되지 않은 경우 파일 변경 사항을 자동으로 감지하지 않습니다.",
    "RescanArtistFolderAfterRefresh": "새로 고침 후 영화 폴더 다시 스캔",
    "Reset": "초기화",
    "ResetAPIKey": "API 키 재설정",
    "ResetAPIKeyMessageText": "API 키를 재설정하시겠습니까?",
    "Restart": "재시작",
    "RestartLidarr": "{appName} 다시 시작",
    "RestartNow": "지금 다시 시작",
    "Restore": "복원",
    "RestoreBackup": "백업 복원",
    "Result": "결과",
    "Retention": "보유",
    "RetentionHelpText": "Usenet 전용 : 무제한 보존을 설정하려면 0으로 설정하십시오.",
    "RetryingDownloadOn": "{1}에 {0} 다운로드 재시도",
    "RootFolder": "루트 폴더",
    "RootFolders": "루트 폴더",
    "RSSSync": "RSS 동기화",
    "RSSSyncInterval": "RSS 동기화 간격",
    "RssSyncIntervalHelpText": "간격 (분)입니다. 사용하지 않으려면 0으로 설정합니다 (모든 자동 릴리스 잡기가 중지됨).",
    "ShownAboveEachColumnWhenWeekIsTheActiveView": "주가 활성보기 일 때 각 열 위에 표시됩니다.",
    "ShowPath": "경로 표시",
    "ShowQualityProfile": "품질 프로필보기",
    "ShowQualityProfileHelpText": "포스터 아래에 품질 프로필 표시",
    "ShowRelativeDates": "상대 날짜 표시",
    "ShowRelativeDatesHelpText": "상대 (오늘 / 어제 / 기타) 또는 절대 날짜 표시",
    "ShowSearchActionHelpText": "마우스 오버시 검색 버튼 표시",
    "ShowSizeOnDisk": "디스크에 크기 표시",
    "SSLCertPassword": "SSL 인증서 비밀번호",
    "SslCertPasswordHelpText": "pfx 파일의 비밀번호",
    "SslCertPasswordHelpTextWarning": "적용하려면 다시 시작해야합니다.",
    "SSLPort": "SSL 포트",
    "SslPortHelpTextWarning": "적용하려면 다시 시작해야합니다.",
    "StandardTrackFormat": "표준 영화 형식",
    "StartTypingOrSelectAPathBelow": "입력을 시작하거나 아래 경로를 선택하세요.",
    "StartupDirectory": "시작 디렉토리",
    "Status": "상태",
    "Style": "스타일",
    "SuccessMyWorkIsDoneNoFilesToRename": "성공! 내 작업이 완료되었으며 이름을 바꿀 파일이 없습니다.",
    "SuccessMyWorkIsDoneNoFilesToRetag": "성공! 내 작업이 완료되었으며 이름을 바꿀 파일이 없습니다.",
    "TagIsNotUsedAndCanBeDeleted": "태그는 사용되지 않으며 삭제할 수 있습니다.",
    "Tags": "태그",
    "Tasks": "과제",
    "TestAllLists": "모든 목록 테스트",
    "ThisWillApplyToAllIndexersPleaseFollowTheRulesSetForthByThem": "이는 모든 인덱서에 적용됩니다. 해당 인덱서가 정한 규칙을 따르십시오.",
    "TimeFormat": "시간 형식",
    "TorrentDelay": "토렌트 지연",
    "TorrentDelayHelpText": "토렌트를 잡기 전에 대기까지 소요되는 지연 (분)",
    "UiLanguageHelpText": "Radarr가 UI에 사용할 언어",
    "UiLanguageHelpTextWarning": "브라우저 새로 고침 필요",
    "UiSettings": "UI 설정",
    "UnableToAddANewDownloadClientPleaseTryAgain": "새 다운로드 클라이언트를 추가 할 수 없습니다. 다시 시도하십시오.",
    "UnableToAddANewImportListExclusionPleaseTryAgain": "새 목록 제외를 추가 할 수 없습니다. 다시 시도하십시오.",
    "UnableToAddANewIndexerPleaseTryAgain": "새 인덱서를 추가 할 수 없습니다. 다시 시도하십시오.",
    "UnableToAddANewListPleaseTryAgain": "새 목록을 추가 할 수 없습니다. 다시 시도하십시오.",
    "UnableToAddANewMetadataProfilePleaseTryAgain": "새 품질 프로필을 추가 할 수 없습니다. 다시 시도하십시오.",
    "UnableToAddANewNotificationPleaseTryAgain": "새 알림을 추가 할 수 없습니다. 다시 시도하십시오.",
    "UnableToAddANewQualityProfilePleaseTryAgain": "새 품질 프로필을 추가 할 수 없습니다. 다시 시도하십시오.",
    "UnableToAddANewRemotePathMappingPleaseTryAgain": "새 원격 경로 매핑을 추가 할 수 없습니다. 다시 시도하십시오.",
    "UnableToAddANewRootFolderPleaseTryAgain": "새 사용자 정의 형식을 추가 할 수 없습니다. 다시 시도하십시오.",
    "UnableToLoadBackups": "백업을로드 할 수 없습니다.",
    "UnableToLoadBlocklist": "블랙리스트를로드 할 수 없습니다.",
    "UnableToLoadDelayProfiles": "지연 프로필을로드 할 수 없습니다.",
    "UnableToLoadDownloadClientOptions": "다운로드 클라이언트 옵션을로드 할 수 없습니다.",
    "UnableToLoadDownloadClients": "다운로드 클라이언트를로드 할 수 없습니다.",
    "UnableToLoadGeneralSettings": "일반 설정을로드 할 수 없습니다.",
    "UnableToLoadHistory": "기록을로드 할 수 없습니다.",
    "UnableToLoadImportListExclusions": "목록 제외를로드 할 수 없습니다.",
    "UnableToLoadIndexerOptions": "인덱서 옵션을로드 할 수 없습니다.",
    "UnableToLoadIndexers": "인덱서를로드 할 수 없습니다.",
    "UnableToLoadLists": "목록을로드 할 수 없습니다.",
    "UnableToLoadMediaManagementSettings": "미디어 관리 설정을로드 할 수 없습니다.",
    "UnableToLoadMetadata": "메타 데이터를로드 할 수 없습니다.",
    "UnableToLoadMetadataProfiles": "지연 프로필을로드 할 수 없습니다.",
    "UnableToLoadNamingSettings": "이름 지정 설정을로드 할 수 없습니다.",
    "UnableToLoadNotifications": "알림을로드 할 수 없습니다.",
    "UnableToLoadQualities": "품질을로드 할 수 없습니다.",
    "UnableToLoadQualityDefinitions": "품질 정의를로드 할 수 없습니다.",
    "UnableToLoadQualityProfiles": "품질 프로필을로드 할 수 없습니다.",
    "UnableToLoadReleaseProfiles": "지연 프로필을로드 할 수 없습니다.",
    "UnableToLoadRemotePathMappings": "원격 경로 매핑을로드 할 수 없습니다.",
    "UnableToLoadRootFolders": "루트 폴더를로드 할 수 없습니다.",
    "UnableToLoadTags": "태그를로드 할 수 없습니다.",
    "UnableToLoadTheCalendar": "달력을 불러올 수 없습니다.",
    "UnableToLoadUISettings": "UI 설정을로드 할 수 없습니다.",
    "Ungroup": "그룹 해제",
    "Unmonitored": "모니터링되지 않음",
    "UnmonitoredHelpText": "iCal 피드에 모니터링되지 않는 동영상 포함",
    "UpdateAll": "모두 업데이트",
    "UpdateAutomaticallyHelpText": "업데이트를 자동으로 다운로드하고 설치합니다. 시스템 : 업데이트에서 계속 설치할 수 있습니다.",
    "UpdateMechanismHelpText": "{appName}의 내장 업데이트 도구 또는 스크립트 사용",
    "Updates": "업데이트",
    "UpdateScriptPathHelpText": "추출 된 업데이트 패키지를 사용하고 나머지 업데이트 프로세스를 처리하는 사용자 지정 스크립트에 대한 경로",
    "UpgradeAllowedHelpText": "비활성화 된 자질은 업그레이드되지 않습니다.",
    "Uptime": "가동 시간",
    "URLBase": "URL베이스",
    "UrlBaseHelpTextWarning": "적용하려면 다시 시작해야합니다.",
    "UseHardlinksInsteadOfCopy": "복사 대신 하드 링크 사용",
    "UsenetDelay": "유즈넷 지연",
    "UsenetDelayHelpText": "Usenet에서 릴리스를 가져 오기 전에 대기하는 데 몇 분 지연",
    "UseProxy": "프록시 사용",
    "Username": "사용자 이름",
    "UsingExternalUpdateMechanismBranchToUseToUpdateLidarr": "{appName} 업데이트에 사용할 파생 버전",
    "UsingExternalUpdateMechanismBranchUsedByExternalUpdateMechanism": "외부 업데이트 메커니즘에서 사용하는 분기",
    "Version": "버전",
    "WeekColumnHeader": "주 열 헤더",
    "45MinutesFourtyFive": "60 분 : {0}",
    "60MinutesSixty": "60 분 : {0}",
    "About": "정보",
    "AddingTag": "태그 추가",
    "AgeWhenGrabbed": "연령 (잡았을 때)",
    "AlbumIsDownloadingInterp": "영화 다운로드 중-{0} % {1}",
    "AlreadyInYourLibrary": "이미 라이브러리에 있습니다.",
    "AlternateTitles": "대체 제목",
    "AlternateTitleslength1Title": "표제",
    "AlternateTitleslength1Titles": "타이틀",
    "Analytics": "분석",
    "AnalyticsEnabledHelpText": "익명의 사용 및 오류 정보를 Radarr의 서버에 보냅니다. 여기에는 브라우저에 대한 정보, 사용하는 {appName} WebUI 페이지, 오류 보고, OS 및 런타임 버전이 포함됩니다. 이 정보를 사용하여 기능 및 버그 수정의 우선 순위를 지정합니다.",
    "AnalyticsEnabledHelpTextWarning": "적용하려면 다시 시작해야합니다.",
    "ScriptPath": "스크립트 경로",
    "Search": "검색",
    "Security": "보안",
    "SendAnonymousUsageData": "익명 사용 데이터 보내기",
    "SetPermissions": "권한 설정",
    "SetPermissionsLinuxHelpText": "파일을 가져 오거나 이름을 바꿀 때 chmod를 실행해야합니까?",
    "SetPermissionsLinuxHelpTextWarning": "이러한 설정의 기능을 잘 모르겠 으면 변경하지 마십시오.",
    "Settings": "설정",
    "ShortDateFormat": "짧은 날짜 형식",
    "ShowCutoffUnmetIconHelpText": "컷오프가 충족되지 않은 경우 파일 아이콘 표시",
    "ShowDateAdded": "추가 된 날짜 표시",
    "ShowMonitored": "모니터링 표시",
    "ShowMonitoredHelpText": "포스터 아래에 모니터링 상태 표시",
    "Size": " 크기",
    "SkipFreeSpaceCheck": "여유 공간 확인 건너 뛰기",
    "SorryThatAlbumCannotBeFound": "죄송합니다. 해당 영화를 찾을 수 없습니다.",
    "SorryThatArtistCannotBeFound": "죄송합니다. 해당 영화를 찾을 수 없습니다.",
    "Source": "출처",
    "SourcePath": "소스 경로",
    "CertificateValidationHelpText": "HTTPS 인증 유효성 검사의 엄격한 방법 변경",
    "ChangeFileDate": "파일 날짜 변경",
    "Files": "파일",
    "ImportExtraFilesHelpText": "동영상 파일을 가져온 후 일치하는 추가 파일 (자막, nfo 등) 가져 오기",
    "ImportFailedInterp": "가져 오기 실패 : {0}",
    "Importing": "가져 오기",
    "IncludeUnknownArtistItemsHelpText": "대기열에 영화가없는 항목을 표시합니다. 여기에는 제거 된 영화 또는 {appName} 카테고리의 다른 항목이 포함될 수 있습니다.",
    "LaunchBrowserHelpText": " 웹 브라우저를 열고 앱 시작시 {appName} 홈페이지로 이동합니다.",
    "LidarrSupportsAnyDownloadClientThatUsesTheNewznabStandardAsWellAsOtherDownloadClientsListedBelow": "Radarr는 Newznab 표준을 사용하는 모든 다운로드 클라이언트와 아래 나열된 다른 다운로드 클라이언트를 지원합니다.",
    "MustContain": "포함해야 함",
    "MustNotContain": "포함해서는 안 됨",
    "Name": "이름",
    "NamingSettings": "이름 지정 설정",
    "New": "새로운",
    "NoBackupsAreAvailable": "사용 가능한 백업이 없습니다.",
    "NoHistory": "역사 없음",
    "NoLeaveIt": "아니, 놔둬",
    "QualityDefinitions": "품질 정의",
    "QualityProfile": "품질 프로필",
    "QualityProfiles": "품질 프로필",
    "QualitySettings": "품질 설정",
    "Queue": "열",
    "ReadTheWikiForMoreInformation": "자세한 내용은 Wiki를 참조하십시오.",
    "RemoveTagExistingTag": "기존 태그",
    "RemoveTagRemovingTag": "태그 제거",
    "RenameTracksHelpText": "Radarr는 이름 변경이 비활성화 된 경우 기존 파일 이름을 사용합니다.",
    "Reorder": "재 주문",
    "ReplaceIllegalCharacters": "잘못된 문자 교체",
    "RequiredPlaceHolder": "새로운 제한 추가",
    "ShowSearch": "검색 표시",
    "SSLCertPath": "SSL 인증서 경로",
    "SslCertPathHelpText": "pfx 파일 경로",
    "SslCertPathHelpTextWarning": "적용하려면 다시 시작해야합니다.",
    "SupportsRssvalueRSSIsNotSupportedWithThisIndexer": "이 인덱서에서는 RSS가 지원되지 않습니다.",
    "SupportsSearchvalueSearchIsNotSupportedWithThisIndexer": "이 인덱서에서는 검색이 지원되지 않습니다.",
    "SupportsSearchvalueWillBeUsedWhenAutomaticSearchesArePerformedViaTheUIOrByLidarr": "UI 또는 Radarr를 통해 자동 검색을 수행 할 때 사용됩니다.",
    "SupportsSearchvalueWillBeUsedWhenInteractiveSearchIsUsed": "대화 형 검색을 사용할 때 사용됩니다.",
    "TestAll": "모두 테스트",
    "TestAllClients": "모든 클라이언트 테스트",
    "TestAllIndexers": "모든 인덱서 테스트",
    "Torrents": "토렌트",
    "TotalFileSize": "총 파일 크기",
    "Type": "유형",
    "Usenet": "유즈넷",
    "Year": "년",
    "YesCancel": "예, 취소합니다",
    "ICalLink": "iCal 링크",
    "20MinutesTwenty": "120 분 : {0}",
    "Automatic": "자동적 인",
    "DelayingDownloadUntil": "{0}까지 {1}에 다운로드 지연",
    "Dates": "날짜",
    "Docker": "Docker",
    "Scheduled": "예정",
    "SearchSelected": "선택 검색",
    "OnGrab": "잡기",
    "OnHealthIssue": "건강 문제",
    "OnUpgrade": "업그레이드시",
    "InteractiveSearch": "대화형 검색",
    "Level": "수평",
    "NETCore": ".NET Core",
    "Track": "자취",
    "Tracks": "자취",
    "UrlBaseHelpText": "역방향 프록시 지원의 경우 기본값은 비어 있습니다.",
    "OnRename": "이름 변경시",
    "ShowUnknownArtistItems": "알 수없는 영화 항목 표시",
    "Time": "시간",
    "HostHelpText": "원격 다운로드 클라이언트에 지정한 것과 동일한 호스트",
    "ReleaseStatuses": "출시 상태",
    "RescanAfterRefreshHelpText": "영화를 새로 고친 후 영화 폴더를 다시 스캔하십시오.",
    "Activity": "활동",
    "Add": "추가",
    "AddDelayProfile": "지연 프로필 추가",
    "Added": "추가됨",
    "AddIndexer": "인덱서 추가",
    "AddNew": "새로 추가하기",
    "AddQualityProfile": "품질 프로필 추가",
    "AddRemotePathMapping": "원격 경로 매핑 추가",
    "AddRootFolder": "루트 폴더 추가",
    "AfterManualRefresh": "수동 새로 고침 후",
    "Age": "연령",
    "All": "모두",
    "AllFiles": "모든 파일",
    "Apply": "적용",
    "AudioInfo": "오디오 정보",
    "Backup": "백업",
    "BeforeUpdate": "업데이트 전",
    "Close": "닫기",
    "Connect": "연결",
    "Custom": "사용자 지정",
    "CustomFilters": "사용자 지정 필터",
    "Date": "날짜",
    "Deleted": "삭제됨",
    "Donations": "기부",
    "DoNotPrefer": "선호하지 않음",
    "DoNotUpgradeAutomatically": "자동 업그레이드 안함",
    "EditDelayProfile": "지연 프로필 편집",
    "EditImportListExclusion": "가져오기 목록 제외 삭제",
    "EditQualityProfile": "품질 프로필 편집",
    "EditRemotePathMapping": "원격 경로 매핑 편집",
    "EditRootFolder": "루트 폴더 추가",
    "Error": "오류",
    "ErrorRestoringBackup": "백업 복원 오류",
    "Events": "이벤트",
    "EventType": "이벤트 유형",
    "Filters": "필터",
    "FreeSpace": "여유 공간",
    "General": "일반",
    "Genres": "장르",
    "Grabbed": "잡았다",
    "HardlinkCopyFiles": "하드 링크 / 복사 파일",
    "HideAdvanced": "고급 숨기기",
    "Ignored": "무시 됨",
    "Import": "가져오기",
    "Info": "정보",
    "InteractiveImport": "대화형 가져오기",
    "LastDuration": "lastDuration",
    "LastExecution": "마지막 실행",
    "LastUsed": "마지막 사용",
    "LastWriteTime": "마지막 쓰기 시간",
    "Location": "위치",
    "Manual": "설명서",
    "MediaManagement": "미디어 관리",
    "Metadata": "메타 데이터",
    "MonitoredOnly": "모니터링 만",
    "MoveAutomatically": "빠른 가져오기",
    "MoveFiles": "파일 이동",
    "NextExecution": "다음 실행",
    "Ok": "확인",
    "OnlyTorrent": "토렌트 만",
    "OnlyUsenet": "유즈넷 만",
    "Organize": "구성",
    "OutputPath": "출력 경로",
    "Peers": "동료",
    "PreferAndUpgrade": "선호 및 업그레이드",
    "Presets": "사전 설정",
    "Progress": "진행",
    "QualityLimitsHelpText": "동영상 런타임에 대한 제한이 자동으로 조정됩니다.",
    "Queued": "대기 중",
    "Rating": "등급",
    "RejectionCount": "거부 횟수",
    "ReleaseTitle": "릴리스 제목",
    "Replace": "바꾸다",
    "RestartRequiredHelpTextWarning": "적용하려면 다시 시작해야합니다.",
    "RestoreBackupAdditionalInfo": "참고 : Whisparr는 복원 프로세스 중에 UI를 자동으로 다시 시작하고 다시로드합니다.",
    "Save": "저장",
    "Seeders": "시더",
    "Select...": "'선택...",
    "SelectFolder": "폴더 선택",
    "SelectQuality": "품질 선택",
    "ShowAdvanced": "고급보기",
    "SizeOnDisk": "디스크 크기",
    "SourceTitle": "소스 제목",
    "System": "시스템",
    "Test": "테스트",
    "TimeLeft": "Timeleft",
    "Title": "표제",
    "TotalSpace": "총 공간",
    "UnmappedFilesOnly": "매핑되지 않은 파일 만",
    "UnmonitoredOnly": "모니터링 만",
    "UpgradesAllowed": "허용되는 업그레이드",
    "Wanted": "구함",
    "Warn": "경고",
    "WouldYouLikeToRestoreBackup": "'{name}' 백업을 복원하시겠습니까?",
    "Renamed": "이름이 변경됨",
    "Ui": "UI",
    "Always": "항상",
    "DownloadFailed": "다운로드 실패함",
    "AddImportListExclusion": "가져오기 목록 제외 삭제",
    "Details": "세부 정보",
    "ImportListExclusions": "가져오기 목록 제외 삭제",
    "NoTagsHaveBeenAddedYet": "아직 추가 된 태그가 없습니다.",
    "EditGroups": "그룹 편집",
    "QualitiesHelpText": "목록에서 더 높은 자질이 더 선호됩니다. 같은 그룹 내의 자질은 동일합니다. 확인 된 품질 만 원합니다.",
    "DoneEditingGroups": "그룹 편집 완료",
    "CustomFormatScore": "사용자 지정 형식 점수",
    "MinimumCustomFormatScore": "최소 사용자 지정 형식 점수",
    "CloneCustomFormat": "사용자 지정 형식 복제",
    "Conditions": "조건",
    "CopyToClipboard": "클립 보드에 복사",
    "CouldntFindAnyResultsForTerm": "'{0}'에 대한 결과를 찾을 수 없습니다.",
    "CustomFormat": "사용자 정의 형식",
    "CustomFormatRequiredHelpText": "이 {0} 조건은 적용 할 맞춤 형식에 대해 일치해야합니다. 그렇지 않으면 단일 {1} 일치로 충분합니다.",
    "CustomFormatSettings": "사용자 정의 형식 설정",
    "CustomFormats": "사용자 정의 형식",
    "Customformat": "사용자 정의 형식",
    "CutoffFormatScoreHelpText": "이 사용자 지정 형식 점수에 도달하면 Radarr는 더 이상 영화를 다운로드 하지 않습니다.",
    "DeleteCustomFormat": "사용자 지정 형식 삭제",
    "DeleteCustomFormatMessageText": "인덱서 '{0}'을 (를) 삭제 하시겠습니까?",
    "DeleteFormatMessageText": "형식 태그 {0}을(를) 삭제하시겠습니까?",
    "DownloadPropersAndRepacksHelpTextWarning": "Propers / Repacks 로의 자동 업그레이드를 위해 사용자 지정 형식 사용",
    "DownloadedUnableToImportCheckLogsForDetails": "다운로드 됨-가져올 수 없음 : 자세한 내용은 로그를 확인하십시오.",
    "ExportCustomFormat": "사용자 지정 형식 내보내기",
    "FailedDownloadHandling": "실패한 다운로드 처리",
    "FailedLoadingSearchResults": "검색 결과를 불러오지 못했습니다. 다시 시도하십시오.",
    "Formats": "형식",
    "IncludeCustomFormatWhenRenamingHelpText": "{Custom Formats} 이름 변경 형식에 포함",
    "ItsEasyToAddANewArtistJustStartTypingTheNameOfTheArtistYouWantToAdd": "새 영화를 쉽게 추가할 수 있습니다. 추가하려는 영화 제목을 입력하기만 하면 됩니다.",
    "MinFormatScoreHelpText": "다운 불러올 수있는 최소 사용자 지정 형식 점수",
    "Monitor": "감시 장치",
    "NegateHelpText": "선택하면이 {0} 조건이 일치하면 맞춤 형식이 적용되지 않습니다.",
    "PreferTorrent": "토렌트 선호",
    "PreferUsenet": "유즈넷 선호",
    "UnableToLoadCustomFormats": "사용자 정의 형식을 불러올 수 없습니다.",
    "UnableToLoadInteractiveSearch": "이 영화 검색 결과를 불러올 수 없습니다. 나중에 다시 시도",
    "MaintenanceRelease": "유지 관리 출시 : 버그 수정 및 기타 개선. 자세한 내용은 Github 커밋 내역을 참조하십시오.",
    "TheArtistFolderStrongpathstrongAndAllOfItsContentWillBeDeleted": "동영상 폴더 '{0}' 및 모든 콘텐츠가 삭제됩니다.",
    "Disabled": "비활성화됨",
    "DownloadClientRootFolderHealthCheckMessage": "다운로드 클라이언트 {downloadClientName} 은(는) 루트 폴더 {rootFolderPath}에 다운로드를 저장합니다. 루트 폴더에 다운로드해서는 안됩니다.",
    "DownloadClientCheckNoneAvailableMessage": "사용 가능한 다운로드 클라이언트가 없습니다.",
    "DownloadClientStatusCheckSingleClientMessage": "실패로 인해 다운 불러올 수 없는 클라이언트 : {0}",
    "HiddenClickToShow": "숨김, 클릭하여 표시",
    "IndexerLongTermStatusCheckAllClientMessage": "6 시간 이상 오류로 인해 모든 인덱서를 사용할 수 없습니다.",
    "IndexerLongTermStatusCheckSingleClientMessage": "6 시간 이상 오류로 인해 인덱서를 사용할 수 없음 : {0}",
    "IndexerRssHealthCheckNoAvailableIndexers": "최근 인덱서 오류로 인해 모든 RSS 지원 인덱서를 일시적으로 사용할 수 없습니다.",
    "IndexerSearchCheckNoAvailableIndexersMessage": "최근 인덱서 오류로 인해 모든 검색 가능 인덱서를 일시적으로 사용할 수 없습니다.",
    "IndexerStatusCheckSingleClientMessage": "오류로 인해 인덱서를 사용할 수 없음 : {0}",
    "ProxyCheckBadRequestMessage": "프록시를 테스트하지 못했습니다. StatusCode : {0}",
    "RootFolderCheckMultipleMessage": "여러 루트 폴더가 누락 됨 : {0}",
    "RootFolderCheckSingleMessage": "누락 된 루트 폴더 : {0}",
    "IndexerSearchCheckNoInteractiveMessage": "대화형 검색이 활성화 된 상태에서 사용할 수있는 인덱서가 없습니다. Whisparr는 대화형 검색 결과를 제공하지 않습니다.",
    "IndexerStatusCheckAllClientMessage": "오류로 인해 모든 인덱서를 사용할 수 없습니다.",
    "SystemTimeCheckMessage": "시스템 시간이 1 일 이상 꺼져 있습니다. 예약 된 작업은 시간이 수정 될 때까지 올바르게 실행되지 않을 수 있습니다.",
    "AppDataLocationHealthCheckMessage": "업데이트 시 AppData 삭제를 방지하기 위해 업데이트 할 수 없습니다.",
    "DownloadClientCheckUnableToCommunicateMessage": "{0}와(과) 통신할 수 없습니다.",
    "DownloadClientStatusCheckAllClientMessage": "실패로 인해 모든 다운로드 클라이언트를 사용할 수 없습니다.",
    "ImportListStatusCheckAllClientMessage": "실패로 인해 모든 목록을 사용할 수 없습니다.",
    "ImportListStatusCheckSingleClientMessage": "실패로 인해 사용할 수없는 목록 : {0}",
    "ImportMechanismHealthCheckMessage": "완료된 다운로드 처리 활성화",
    "IndexerRssHealthCheckNoIndexers": "RSS 동기화가 활성화 된 상태에서 사용할 수있는 인덱서가 없습니다. Whisparr는 새 출시를 자동으로 가져 오지 않습니다.",
    "IndexerSearchCheckNoAutomaticMessage": "자동 검색이 활성화 된 상태에서 사용할 수있는 인덱서가 없습니다. Whisparr는 자동 검색 결과를 제공하지 않습니다.",
    "MountArtistHealthCheckMessage": "동영상 경로가 포함된 마운트는 읽기 전용으로 마운트됩니다. ",
    "ProxyCheckFailedToTestMessage": "프록시 테스트 실패 : {0}",
    "ProxyCheckResolveIpMessage": "구성된 프록시 호스트 {0}의 IP 주소를 확인하지 못했습니다.",
    "UpdateCheckStartupNotWritableMessage": "'{1}'사용자가 '{0}'시작 폴더에 쓸 수 없기 때문에 업데이트를 설치할 수 없습니다.",
    "UpdateCheckStartupTranslocationMessage": "시작 폴더 '{0}'이 (가) App Translocation 폴더에 있으므로 업데이트를 설치할 수 없습니다.",
    "UpdateCheckUINotWritableMessage": "사용자 '{1}'이 (가) UI 폴더 '{0}'에 쓸 수 없기 때문에 업데이트를 설치할 수 없습니다.",
    "DeleteRemotePathMapping": "원격 경로 매핑 편집",
    "FailedToLoadQueue": "대기열을 불러오지 못했습니다.",
    "ApplyTagsHelpTextAdd": "추가 : 기존 태그 목록에 태그를 추가합니다.",
    "ApplyTagsHelpTextRemove": "제거 : 입력한 태그를 제거합니다.",
    "BlocklistReleases": "블랙리스트 릴리스",
    "DeleteConditionMessageText": "'{0}' 태그를 삭제하시겠습니까?",
    "DeleteSelectedDownloadClients": "다운로드 클라이언트 삭제",
    "DeleteSelectedIndexers": "인덱서 삭제",
    "No": "아니",
    "NoChange": "변경 사항 없음",
    "RemovingTag": "태그 제거",
    "SetTags": "태그 설정",
    "Yes": "예",
    "QueueIsEmpty": "대기열이 비어 있습니다.",
    "RemoveSelectedItemBlocklistMessageText": "블랙리스트에서 선택한 항목을 제거 하시겠습니까?",
    "RemoveSelectedItemQueueMessageText": "대기열에서 {0} 항목 {1}을 제거하시겠습니까?",
    "RemoveSelectedItemsQueueMessageText": "대기열에서 {0} 항목 {1}을 제거하시겠습니까?",
    "ExistingTag": "기존 태그",
    "DeleteSelectedIndexersMessageText": "인덱서 '{0}'을 (를) 삭제 하시겠습니까?",
    "ApplyTagsHelpTextHowToApplyArtists": "선택한 동영상에 태그를 적용하는 방법",
    "ApplyTagsHelpTextHowToApplyDownloadClients": "선택한 동영상에 태그를 적용하는 방법",
    "ApplyTagsHelpTextHowToApplyImportLists": "선택한 동영상에 태그를 적용하는 방법",
    "DeleteSelectedDownloadClientsMessageText": "인덱서 '{0}'을 (를) 삭제 하시겠습니까?",
    "DeleteSelectedImportListsMessageText": "인덱서 '{0}'을 (를) 삭제 하시겠습니까?",
    "ApplyTagsHelpTextHowToApplyIndexers": "선택한 동영상에 태그를 적용하는 방법",
    "SomeResultsAreHiddenByTheAppliedFilter": "적용된 필터에 의해 모든 결과가 숨겨집니다.",
    "SuggestTranslationChange": "번역 변경 제안",
    "UpdateSelected": "선택한 항목 업데이트",
    "AllResultsAreHiddenByTheAppliedFilter": "적용된 필터에 의해 모든 결과가 숨겨집니다.",
    "ConnectionLost": "연결이 끊어졌습니다.",
    "ConnectionLostReconnect": "Radarr가 자동으로 연결을 시도하거나 아래에서 새로고침을 클릭할 수 있습니다.",
    "ConnectionLostToBackend": "Radarr는 백엔드와의 연결이 끊어졌으며 기능을 복원하려면 다시 로딩해야 합니다.",
    "Priority": "우선 순위",
    "NotificationStatusSingleClientHealthCheckMessage": "실패로 인해 사용할 수없는 목록 : {0}",
    "Enabled": "활성화",
    "NotificationStatusAllClientHealthCheckMessage": "실패로 인해 모든 목록을 사용할 수 없습니다.",
    "AddImportListExclusionArtistHelpText": "영화가 목록별로 {appName}에 추가되지 않도록 방지",
    "DisabledForLocalAddresses": "로컬 주소에 대해 비활성화됨",
    "Overview": "개요",
    "GrabId": "ID 잡아",
    "AddListExclusionHelpText": "영화가 목록별로 {appName}에 추가되지 않도록 방지",
    "DeleteArtistFolderHelpText": "동영상 폴더 및 내용 삭제",
    "AuthBasic": "기본 (브라우저 팝업)",
    "AuthForm": "양식 (로그인 페이지)",
    "AddAutoTagError": "새 자동 태그을 추가 할 수 없습니다. 다시 시도해주세요.",
    "AddConditionError": "새 조건을 추가 할 수 없습니다. 다시 시도해주세요.",
    "AlbumsLoadError": "백업을로드 할 수 없습니다.",
    "RenameFiles": "파일 이름 바꾸기",
    "AutoTaggingNegateHelpText": "선택하면이 {0} 조건이 일치하면 맞춤 형식이 적용되지 않습니다.",
    "Connection": "연결",
    "DeleteAutoTagHelpText": "품질 프로필 {0}을 (를) 삭제 하시겠습니까?",
    "DeleteSpecification": "알림 삭제",
    "DeleteSpecificationHelpText": "품질 프로필 {0}을 (를) 삭제 하시겠습니까?",
    "LidarrTags": "{appName} 태그",
    "AddImportListExclusionAlbumHelpText": "영화가 목록별로 {appName}에 추가되지 않도록 방지",
    "ExtraFileExtensionsHelpText": "가져올 추가 파일의 쉼표로 구분 된 목록 (.nfo는 .nfo-orig로 가져옴)",
    "ExtraFileExtensionsHelpTextsExamples": "예 : '.sub, .nfo'또는 'sub, nfo'",
    "NoLimitForAnyDuration": "런타임 제한 없음",
    "NoMinimumForAnyDuration": "런타임에 대한 최소값 없음",
    "DeleteArtistFoldersHelpText": "동영상 폴더 및 내용 삭제",
    "CustomFilter": "사용자 지정 필터",
    "IncludeHealthWarnings": "건강 경고 포함",
    "Lowercase": "소문자",
    "Uppercase": "대문자",
    "InteractiveSearchModalHeader": "대화형 검색",
    "QualitySettingsSummary": "품질 크기 및 이름 지정",
    "IndexerFlags": "인덱서 플래그",
    "Links": "연결",
    "RemoveQueueItemConfirmation": "대기열에서 {0} 항목 {1}을 제거하시겠습니까?",
    "UiSettingsSummary": "달력, 날짜 및 색상 장애 옵션",
    "ImportList": "기울기",
    "ImportLists": "기울기",
    "KeyboardShortcuts": "키보드 단축키",
    "DefaultCase": "기본 케이스",
    "IndexerPriorityHelpText": "인덱서 우선 순위는 1 (가장 높음)에서 50 (가장 낮음)까지입니다. 기본값 : 25.",
    "DownloadClientsSettingsSummary": "클라이언트 다운로드, 다운로드 처리 및 원격 경로 매핑",
    "CustomFormatsSettingsSummary": "사용자 정의 형식 및 설정",
    "AutoRedownloadFailed": "다운로드 실패함",
    "ConnectSettingsSummary": "알림, 미디어 서버 / 플레이어에 대한 연결 및 사용자 지정 스크립트",
    "CustomFormatsSettings": "사용자 정의 형식 설정",
    "GeneralSettingsSummary": "포트, SSL, 사용자 이름 / 암호, 프록시, 분석 및 업데이트",
    "MonitorNoAlbums": "없음",
    "TagsSettingsSummary": "모든 태그와 사용 방법을 확인하십시오. 사용하지 않는 태그는 제거 할 수 있습니다.",
    "Tomorrow": "내일",
    "Yesterday": "어제",
    "ArtistIndexFooterDownloading": "다운로드 중",
    "AutomaticSearch": "자동 검색",
    "ImportListsSettingsSummary": "가져오기 목록, 목록 제외",
    "AddToDownloadQueue": "다운로드 대기열에 추가됨",
    "AddedToDownloadQueue": "다운로드 대기열에 추가됨",
    "GrabReleaseUnknownArtistOrAlbumMessageText": "{appName}는 이 출시의 영화를 확인할 수 없습니다. {appName}는 이 출시를 자동으로 가져오지 못할 수 있습니다. '{0}'을(를) 잡으시겠습니까?",
    "BuiltIn": "내장",
    "DeleteSelectedCustomFormats": "사용자 지정 형식 삭제",
    "AptUpdater": "apt를 사용하여 업데이트 설치",
    "DockerUpdater": "Docker 컨테이너를 업데이트하여 업데이트를 받으십시오.",
    "ExternalUpdater": "{appName}는 외부 업데이트 메커니즘을 사용하도록 구성됩니다.",
    "OnLatestVersion": "최신 버전의 {appName}가 이미 설치되어 있습니다.",
    "Shutdown": "종료",
    "UpdateAppDirectlyLoadError": "{appName}를 직접 업데이트 할 수 없습니다.",
    "Album": "앨범",
    "AddDownloadClientImplementation": "다운로드 클라이언트 추가 - {implementationName}",
    "AddIndexerImplementation": "인덱서 추가 - {implementationName}",
    "Any": "모두",
    "AppUpdatedVersion": "{appName}이 버전 `{version}`으로 업데이트되었습니다. 최신 변경 사항을 받으려면 {appName}을 다시 로드해야 합니다",
    "AppUpdated": "{appName} 업데이트",
    "AddConnectionImplementation": "연결 추가 - {implementationName}",
    "AddConnection": "연결 추가",
    "EditConditionImplementation": "연결 추가 - {implementationName}",
    "Clone": "닫기",
    "EditDownloadClientImplementation": "다운로드 클라이언트 추가 - {implementationName}",
    "IndexerSettingsRejectBlocklistedTorrentHashes": "동기화 중 차단 목록에 있는 토렌트 해시 거부",
    "EditReleaseProfile": "지연 프로필 편집",
    "ApiKeyValidationHealthCheckMessage": "API 키를 {length}자 이상으로 업데이트하세요. 설정 또는 구성 파일을 통해 이 작업을 수행할 수 있습니다.",
    "AddConditionImplementation": "조건 추가 - {implementationName}",
    "EditIndexerImplementation": "인덱서 추가 - {implementationName}",
    "AddReleaseProfile": "지연 프로필 편집",
    "IndexerSettingsRejectBlocklistedTorrentHashesHelpText": "해시에 의해 토렌트가 차단된 경우 일부 인덱서의 RSS/검색 중에 토렌트가 제대로 거부되지 않을 수 있습니다. 이 기능을 활성화하면 토렌트를 가져온 후 클라이언트로 전송하기 전에 토렌트를 거부할 수 있습니다.",
    "Albums": "앨범",
    "EditConnectionImplementation": "연결 추가 - {implementationName}",
    "ExpandAlbumByDefaultHelpText": "앨범",
    "Season": "이유",
    "AddDelayProfileError": "새 지연 프로필을 추가할 수 없습니다. 다시 시도해주세요.",
    "AddImportListImplementation": "가져오기 목록 추가 - {implementationName}",
    "UseSsl": "SSL 사용",
    "AddAutoTag": "자동 태그 추가",
    "AddCondition": "조건 추가",
    "AddImportList": "가져오기 목록 추가",
    "UpdateAvailableHealthCheckMessage": "새 업데이트 사용 가능: {version}",
    "Today": "오늘",
    "MappedNetworkDrivesWindowsService": "Windows 서비스로 실행할 때는 매핑 된 네트워크 드라이브를 사용할 수 없습니다. 자세한 내용은 FAQ를 참조하십시오.",
    "DownloadClientSettingsRecentPriority": "클라이언트 우선 순위",
    "RemoveSelectedItem": "선택한 항목 제거",
    "FormatAgeDays": "일",
    "FormatAgeHour": "시간",
    "AuthenticationMethod": "인증 방식",
    "BlocklistAndSearch": "차단 목록 및 검색",
    "CloneCondition": "조건 복제",
    "ConditionUsingRegularExpressions": "이 조건은 정규 표현식을 사용하여 일치합니다. 문자 `\\^$.|?*+()[{`은(는) 특별한 의미가 있으며 `\\`으로 끝나야 합니다.",
    "Release": " 출시",
    "RegularExpressionsCanBeTested": "[여기]({url})에서정규식을 테스트 할 수 있습니다.",
    "RemotePathMappingsInfo": "원격 경로 매핑은 거의 필요하지 않습니다. {appName}와(과) 다운로드 클라이언트가 동일한 시스템에 있는 경우 경로를 일치시키는 것이 좋습니다. 상세 내용은 [위키]({wikiLink})를 참조하세요.",
    "ResetQualityDefinitionsMessageText": "품질 정의를 초기화하시겠습니까?",
    "ShownClickToHide": "표시됨, 숨기려면 클릭",
    "Small": "작게",
    "SmartReplace": "지능형 바꾸기",
    "Theme": "테마",
    "ThemeHelpText": "애플리케이션 UI 테마 변경, '자동' 테마는 OS 테마를 사용하여 라이트 또는 다크 모드를 설정합니다. Theme.Park에서 영감을 받음",
    "ThereWasAnErrorLoadingThisPage": "이 페이지를 로드하는 중ㅇ 오류가 발생했습니다",
    "Unlimited": "무제한",
    "UpdateFiltered": "업데이트에 필터 적용됨",
    "RemoveTagsAutomatically": "태그 자동 제거",
    "AutoRedownloadFailedFromInteractiveSearch": "상호작용 검색에서 재다운로드를 실패함",
    "ClearBlocklistMessageText": "정말로 모든 항목을 차단 목록에서 지우시겠습니까?",
    "Menu": "메뉴",
    "PasswordConfirmation": "비밀번호 확인",
    "RemoveMultipleFromDownloadClientHint": "다운로드 클라이언트에서 다운로드 및 파일을 제거합니다",
    "RemoveQueueItem": "제거 - {sourceTitle}",
    "RemoveQueueItemRemovalMethodHelpTextWarning": "'다운로드 클라이언트에서 제거'를 선택하면 다운로드 및 파일이 다운로드 클라이언트에서 제거됩니다.",
    "RemoveSelectedItems": "선택한 항목 제거",
    "Repack": "repack",
    "ReplaceWithDash": "대시로 바꾸기",
    "Required": "필수",
    "Script": "스크립트",
    "Space": "간격",
    "SupportedAutoTaggingProperties": "{appName}은(는) 자동 태그 지정 규칙에 대한 다음 속성을 지원합니다",
    "Table": "테이블",
    "ThereWasAnErrorLoadingThisItem": "이 항목을 로드하는 중에 오류가 발생했습니다",
    "ApplicationURL": "애플리케이션 URL",
    "AutoTaggingRequiredHelpText": "이 {implementationName} 조건은 자동 태그 지정 규칙이 적용되도록 일치해야 합니다. 그렇지 않으면 단일 {implementationName} 일치로 충분합니다.",
    "BlocklistMultipleOnlyHint": "대체 항목을 검색하지 않고 차단 목록에 추가",
    "ChownGroup": "chown 그룹",
    "CustomFormatsSpecificationFlag": "국기",
    "CustomFormatsSpecificationRegularExpression": "일반 표현",
    "Database": "데이터베이스",
    "DeleteSelected": "선택된 것을 삭제",
    "DownloadClientAriaSettingsDirectoryHelpText": "다운로드를 이동할 선택적 위치입니다. 기본 Aria2 위치를 사용하려면 비워두세요",
    "DownloadClientQbittorrentSettingsContentLayout": "콘텐츠 레이아웃",
    "Duration": "기간",
    "False": "거짓",
    "Dash": "대시",
    "FormatAgeHours": "시간",
    "FormatAgeMinute": "분",
    "FormatAgeMinutes": "분",
    "Install": "설치",
    "Label": "라벨",
    "Max": "최대",
    "Min": "최소",
    "Negate": "Negate",
    "NoResultsFound": "결과를 찾을 수 없습니다",
    "Period": "기간",
    "Rejections": "거부",
    "RemoveTagsAutomaticallyHelpText": "조건이 충족되지 않으면 태그를 자동으로 제거",
    "ResetQualityDefinitions": "품질 정의 초기화",
    "SelectIndexerFlags": "인덱서 플래그 선택",
    "SelectReleaseGroup": "출시 그룹 선택",
    "SetIndexerFlags": "인덱서 플래그 설정",
    "SkipRedownload": "재다운로드 건너뛰기",
    "TestParsing": "테스트 파싱",
    "ApplyChanges": "변경 사항 적용",
    "ClickToChangeIndexerFlags": "인덱서 플래그를 변경하려면 클릭",
    "CloneAutoTag": "자동 태그 복제",
    "ColonReplacement": "콜론 바꾸기",
    "CountCustomFormatsSelected": "{count}개의 사용자 정의 형식을 선택함",
    "CustomFormatsSettingsTriggerInfo": "사용자 정의 형식은 선택한 다양한 조건 유형 중 하나 이상과 일치할 경우 출시 또는 파일에 적용됩니다.",
    "CustomFormatsSpecificationRegularExpressionHelpText": "사용자 정의 형식 정규표현식은 대소문자를 구분하지 않습니다",
    "DeleteAutoTag": "자동 태그 삭제",
    "DeleteImportList": "가져오기 목록 삭제",
    "DeleteRootFolder": "루트 폴더 삭제",
    "DeleteSelectedCustomFormatsMessageText": "정말로 {count}개의 선택한 사용자 정의 형식을 삭제하시겠습니까?",
    "DoNotBlocklist": "차단 목록에 추가하지 않음",
    "DownloadClientDelugeSettingsDirectory": "다운로드 디렉토리",
    "DownloadClientDelugeSettingsDirectoryCompletedHelpText": "완료된 다운로드를 이동할 선택적 위치. 기본 Deluge 위치를 사용하려면 비워두세요",
    "DownloadClientDelugeSettingsDirectoryHelpText": "다운로드를 이동할 선택적 위치. 기본 Deluge 위치를 사용하려면 비워두세요",
    "ReleaseProfiles": "출시 프로필",
    "RemoveCompleted": "제거 완료",
    "RemoveCompletedDownloads": "완료된 다운로드 제거",
    "RemoveFailed": "제거 실패",
    "RemoveFailedDownloads": "실패한 다운로드 제거",
    "RemoveQueueItemsRemovalMethodHelpTextWarning": "'다운로드 클라이언트에서 제거'를 선택하면 다운로드 및 파일이 다운로드 클라이언트에서 제거됩니다.",
    "DoNotBlocklistHint": "차단 목록에 추가하지 않고 제거",
    "Never": "절대",
    "Loading": "로딩중",
    "Auto": "자동",
    "AutoRedownloadFailedFromInteractiveSearchHelpText": "대화형 검색에서 실패한 출시가 잡혔을 때 다른 출시를 자동으로 검색하여 다운로드 시도",
    "AutomaticAdd": "자동 추가",
    "BlocklistAndSearchHint": "차단 목록에 추가한 후 대체 항목 검색 시작",
    "ChangeCategoryHint": "다운로드 클라이언트에서 다운로드를 '가져오기 이후 카테고리'로 변경",
    "DeleteCondition": "조건 삭제",
    "DeleteRemotePathMappingMessageText": "정말로 이 원격 경로 매핑을 삭제하시겠습니까?",
    "NotificationsSettingsWebhookHeaders": "헤더",
    "RemoveDownloadsAlert": "제거 설정은 위 표의 개별 다운로드 클라이언트 설정으로 이동되었습니다.",
    "RemoveFromDownloadClientHint": "다운로드 클라이언트에서 다운로드 및 파일을 제거합니다",
    "ReplaceWithSpaceDash": "공백 대시로 바꾸기",
    "ResetDefinitionTitlesHelpText": "정의 제목과 값을 초기화하세요",
    "ResetDefinitions": "정의 초기화",
    "ResetTitles": "제목 초기화",
    "ResetTitlesHelpText": "정의 제목과 값을 초기화하세요",
    "RootFolderPath": "루트 폴더 경로",
    "SizeLimit": "크기 제한",
    "SkipFreeSpaceCheckHelpText": "{appName}이(가) 루트 폴더의 여유 공간을 감지할 수 없는 경우 사용하세요",
    "Started": "시작됨",
    "True": "참",
    "Underscore": "밑줄",
    "UserAgentProvidedByTheAppThatCalledTheAPI": "API를 호출한 앱에서 제공하는 사용자 에이전트",
    "WhatsNew": "새로운 소식?",
    "AuthenticationMethodHelpTextWarning": "인증 방식을 선택해주세요",
    "AuthenticationRequiredHelpText": "필수 인증을 요청하는 변경 사항. 위험을 이해하지 못한다면 변경하지 마세요.",
    "AuthenticationRequiredWarning": "인증 없이 원격 액세스를 방지하기 위해 {appName}은(는) 이제 인증을 활성화해야 합니다. 선택적으로 로컬 주소에서 인증을 비활성화할 수 있습니다.",
    "AutoTagging": "자동 태그 지정",
    "AutoTaggingLoadError": "자동 태그 지정을 로드할 수 없음",
    "AutoTaggingSpecificationTag": "태그",
    "AutomaticUpdatesDisabledDocker": "Docker 업데이트 메커니즘을 사용할 때는 자동 업데이트가 직접 지원되지 않습니다. {appName} 외부에서 컨테이너 이미지를 업데이트하거나 스크립트를 사용해야 합니다",
    "ChangeCategoryMultipleHint": "다운로드 클라이언트에서 다운로드를 '가져오기 이후 카테고리'로 변경",
    "ClickToChangeReleaseGroup": "출시 그룹을 변경하려면 클릭",
    "ConnectionSettingsUrlBaseHelpText": "{connectionName} url에 {url}와(과) 같은 접두사를 추가합니다",
    "DeleteSelectedImportLists": "가져오기 목록 삭제",
    "RemoveQueueItemRemovalMethod": "제거 방식",
    "ReplaceWithSpaceDashSpace": "공백 대시 공백으로 바꾸기",
    "DownloadClientDelugeSettingsDirectoryCompleted": "완료 후 이동할 디렉토리",
    "IndexerIdHelpText": "프로필이 적용되는 인덱서를 지정하세요",
    "IndexerSettingsApiUrl": "API 주소",
    "IsShowingMonitoredUnmonitorSelected": "선택 항목 모니터링 해제",
    "MinimumCustomFormatScoreHelpText": "선호하는 프로토콜의 지연을 우회하는 데 필요한 최소 사용자 정의 형식 점수",
    "NoCutoffUnmetItems": "조건 미충족 항목 없음",
    "NotificationsKodiSettingsDisplayTime": "시간 표시",
    "NotificationsPlexSettingsAuthToken": "인증 토큰",
    "External": "외부",
    "Large": "크게",
    "Logout": "로그아웃",
    "ApplicationUrlHelpText": "이 애플리케이션의 외부 URL - http(s)://, port 및 URL 기반 포함",
    "AuthenticationRequired": "인증 필수",
    "AuthenticationRequiredPasswordConfirmationHelpTextWarning": "새 비밀번호 확인",
    "AuthenticationRequiredPasswordHelpTextWarning": "새 비밀번호를 입력하세요",
    "AuthenticationRequiredUsernameHelpTextWarning": "새 사용자이름을 입력하세요",
    "BypassIfAboveCustomFormatScore": "사용자 정의 형식 점수보다 높으면 무시",
    "BypassIfAboveCustomFormatScoreHelpText": "구성된 최소 사용자 정의 형식 점수보다 출시 점수가 높을 경우 무시를 활성화합니다",
    "BypassIfHighestQuality": "최고 품질일 경우 무시",
    "BypassIfHighestQualityHelpText": "선호 프로토콜이 있는 품질 프로필에서 출시가 가장 높은 활성화 품질을 가질 때 지연을 무시합니다",
    "BlocklistAndSearchMultipleHint": "차단 목록에 추가한 후 대체 항목 검색 시작",
    "BlocklistOnly": "차단 목록만",
    "BlocklistOnlyHint": "대체 항목을 검색하지 않고 차단 목록에 추가",
    "ChangeCategory": "카테고리 변경",
    "ClearBlocklist": "차단 목록 지우기",
    "DashOrSpaceDashDependingOnName": "이름에 따라 대시 또는 띄어쓰고 대시",
    "Donate": "기부하기"
}
