{
    "Language": "Dil",
    "UiLanguage": "Arayüz Dili",
    "UnableToLoadRootFolders": "Kök klasörler yüklenemiyor",
    "UnableToLoadTheCalendar": "Takvim yüklenemiyor",
    "UnableToLoadUISettings": "UI ayarları yüklenemiyor",
    "Unmonitored": "Takip Edilmiyor",
    "UnmonitoredHelpText": "İCal akışına izlenmeyen filmleri dahil et",
    "UpdateAll": "Tümünü Güncelle",
    "UpdateAutomaticallyHelpText": "Güncelleştirmeleri otomatik olarak indirip yükleyin. Sistem: Güncellemeler'den yükleme yapmaya devam edebileceksiniz",
    "UpdateMechanismHelpText": "{appName}'ın yerleşik güncelleyicisini veya bir komut dosyasını kullanın",
    "UpdateScriptPathHelpText": "Çıkarılan bir güncelleme paketini alan ve güncelleme işleminin geri kalanını işleyen özel bir komut dosyasına giden yol",
    "UpgradeAllowedHelpText": "Devre dışı bırakılırsa nitelikler yükseltilmez",
    "Uptime": "Çalışma süresi",
    "URLBase": "URL Tabanı",
    "UrlBaseHelpText": "Ters proxy desteği için varsayılan boştur",
    "UrlBaseHelpTextWarning": "Etkili olması için yeniden başlatma gerektirir",
    "UseHardlinksInsteadOfCopy": "Kopyalama yerine Sabit Bağlantıları Kullanın",
    "Usenet": "Usenet",
    "UsenetDelay": "Usenet Gecikmesi",
    "UsenetDelayHelpText": "Usenet'ten bir yayın almadan önce beklemek için dakika cinsinden gecikme",
    "UseProxy": "Proxy kullan",
    "Username": "Kullanıcı adı",
    "UsingExternalUpdateMechanismBranchToUseToUpdateLidarr": "{appName}'ı güncellemek için kullanılacak dal",
    "UsingExternalUpdateMechanismBranchUsedByExternalUpdateMechanism": "Harici güncelleme mekanizması tarafından kullanılan dal",
    "Version": "Sürüm",
    "WeekColumnHeader": "Hafta Sütun Başlığı",
    "Year": "Yıl",
    "YesCancel": "Evet İptal",
    "45MinutesFourtyFive": "60 Dakika: {0}",
    "60MinutesSixty": "60 Dakika: {0}",
    "APIKey": "API Anahtarı",
    "About": "Hakkında",
    "AddListExclusion": "Hariç Tutma Listesine Ekle",
    "AddingTag": "Etiket ekleniyor",
    "AgeWhenGrabbed": "Yıl (alındığında)",
    "AlbumIsDownloadingInterp": "Film indiriliyor - {0}% {1}",
    "AlreadyInYourLibrary": "Kütüphanenizde mevcut",
    "AlternateTitles": "Alternatif Başlıklar",
    "AlternateTitleslength1Title": "Başlık",
    "AlternateTitleslength1Titles": "Başlıklar",
    "Analytics": "Analiz",
    "AnalyticsEnabledHelpText": "Anonim kullanım ve hata bilgilerini {appName} sunucularına gönderin. Buna, tarayıcınız, hangi {appName} WebUI sayfalarını kullandığınız, hata raporlamanın yanı sıra işletim sistemi ve çalışma zamanı sürümü hakkındaki bilgiler de dahildir. Bu bilgiyi özelliklere ve hata düzeltmelerine öncelik vermek için kullanacağız.",
    "AnalyticsEnabledHelpTextWarning": "Etkili olması için yeniden başlatma gerektirir",
    "ApiKeyHelpTextWarning": "Etkili olması için yeniden başlatma gerektirir",
    "Scheduled": "Planlı",
    "ScriptPath": "Komut Dosyası Yolu",
    "Search": "Ara",
    "SearchForMissing": "Kayıpları Ara",
    "SearchSelected": "Seçilenleri Ara",
    "Security": "Güvenlik",
    "SendAnonymousUsageData": "Anonim Kullanım Verilerini Gönderin",
    "SetPermissions": "İzinleri Ayarla",
    "SetPermissionsLinuxHelpText": "Dosyalar içe aktarıldığında / yeniden adlandırıldığında chmod çalıştırılmalı mı?",
    "SetPermissionsLinuxHelpTextWarning": "Bu ayarların ne yaptığından emin değilseniz, değiştirmeyin.",
    "Settings": "Ayarlar",
    "ShortDateFormat": "Kısa Tarih Formatı",
    "ShowCutoffUnmetIconHelpText": "Sınıra ulaşılmadığında dosyalar için simge göster",
    "ShowDateAdded": "Eklenme Tarihi Göster",
    "ShowMonitored": "Takip Edilenleri Göster",
    "ShowMonitoredHelpText": "Posterin altında takip durumu göster",
    "Size": " Ölçü",
    "SkipFreeSpaceCheck": "Boş Alan Kontrolünü Atla",
    "SorryThatAlbumCannotBeFound": "Maalesef o film bulunamıyor.",
    "SorryThatArtistCannotBeFound": "Maalesef o film bulunamıyor.",
    "Source": "Kaynak",
    "SourcePath": "Kaynak Yolu",
    "Actions": "Eylemler",
    "ArtistAlbumClickToChangeTrack": "Filmi değiştirmek için tıklayın",
    "Authentication": "Doğrulama",
    "AuthenticationMethodHelpText": "{appName}'e erişmek için Kullanıcı Adı ve Parola gereklidir",
    "AutoRedownloadFailedHelpText": "Farklı bir sürümü otomatik olarak ara ve indirmeyi dene",
    "BackupFolderHelpText": "Bağıl yollar {appName}'ın AppData dizini altında olacak",
    "BackupNow": "Şimdi Yedekle",
    "BackupRetentionHelpText": "Saklama süresinden daha eski otomatik yedeklemeler otomatik olarak temizlenecektir",
    "Backups": "Yedeklemeler",
    "BindAddress": "Bind Adresi",
    "BindAddressHelpText": "Tüm arayüzler için geçerli IP adresi, localhost veya '*'",
    "BindAddressHelpTextWarning": "Etkili olması için yeniden başlatma gerektirir",
    "Blocklist": "Engellenenler listesi",
    "BlocklistRelease": "Kara Liste Sürümü",
    "Branch": "Şube",
    "BypassProxyForLocalAddresses": "Yerel Adresler için Proxy'yi Kullanma",
    "Calendar": "Takvim",
    "CalendarWeekColumnHeaderHelpText": "Aktif görünüm hafta olduğunda her bir sütunun üzerinde gösterilir",
    "Cancel": "Vazgeç",
    "CancelPendingTask": "Bekleyen görevi iptal etmek istediğinizden emin misiniz?",
    "CertificateValidation": "Sertifika Doğrulaması",
    "CertificateValidationHelpText": "HTTPS sertifika doğrulamasının sıkılığını değiştirin. Riskleri anlamadığınız sürece değişmeyin.",
    "ChangeFileDate": "Dosya Tarihini Değiştir",
    "ChangeHasNotBeenSavedYet": "Değişiklik henüz kaydedilmedi",
    "ChmodFolder": "chmod Klasörü",
    "ChmodFolderHelpText": "Sekizli, medya klasörlerine ve dosyalara içe aktarma / yeniden adlandırma sırasında uygulanır (yürütme bitleri olmadan)",
    "ChmodFolderHelpTextWarning": "Bu yalnızca {appName} uygulamasını çalıştıran kullanıcı, dosyanın sahibiyse işe yarar. İndirme istemci izinlerinin doğruluğundan emin olmak önerilir.",
    "ChownGroupHelpText": "Grup adı veya gid. Uzak dosya sistemleri için gid kullanın.",
    "ChownGroupHelpTextWarning": "Bu yalnızca {appName} uygulamasını çalıştıran kullanıcı, dosyanın sahibiyse işe yarar. İndirme istemcisinin {appName} ile aynı grubu kullandığından emin olmak önerilir.",
    "Clear": "Temizle",
    "ClickToChangeQuality": "Kaliteyi değiştirmek için tıklayın",
    "ClientPriority": "Müşteri Önceliği",
    "CloneIndexer": "Klon İndeksleyici",
    "CloneProfile": "Klon Profili",
    "Columns": "Sütunlar",
    "CompletedDownloadHandling": "Tamamlanan İndirme İşlemleri",
    "Component": "Bileşen",
    "Connections": "Bağlantılar",
    "ConnectSettings": "Bağlantı Ayarları",
    "CopyUsingHardlinksHelpText": "Hala tohumlanmakta olan torrentlerden dosya kopyalamaya çalışırken Sabit Bağlantıları kullanın",
    "CopyUsingHardlinksHelpTextWarning": "Bazen, dosya kilitleri, başlatılan dosyaların yeniden adlandırılmasını engelleyebilir. Tohumlamayı geçici olarak devre dışı bırakabilir ve geçici olarak {appName}'ın yeniden adlandırma işlevini kullanabilirsiniz.",
    "CreateEmptyArtistFolders": "Boş film klasörleri oluşturun",
    "CreateEmptyArtistFoldersHelpText": "Disk taraması sırasında eksik film klasörleri oluşturun",
    "CreateGroup": "Grup oluştur",
    "CutoffHelpText": "Bu kaliteye ulaşıldığında {appName} artık film indirmeyecektir",
    "CutoffUnmet": "Kesinti Karşılanmayan",
    "DatabaseMigration": "DB Geçişi",
    "DelayProfile": "Gecikme Profilleri",
    "DelayProfiles": "Gecikme Profilleri",
    "Delete": "Sil",
    "DeleteBackup": "Yedeklemeyi Sil",
    "DeleteBackupMessageText": "'{name}' yedeğini silmek istediğinizden emin misiniz?",
    "DeleteDelayProfile": "Gecikme Profilini Sil",
    "DeleteDelayProfileMessageText": "Bu gecikme profilini silmek istediğinizden emin misiniz?",
    "DeleteDownloadClient": "İndirme İstemcisini Sil",
    "DeleteDownloadClientMessageText": "'{name}' indirme istemcisini silmek istediğinizden emin misiniz?",
    "DeleteEmptyFolders": "Boş klasörleri silin",
    "DeleteImportListExclusion": "İçe Aktarma Listesi Hariç Tutmasını Sil",
    "DeleteImportListExclusionMessageText": "Bu içe aktarma listesi hariç tutma işlemini silmek istediğinizden emin misiniz?",
    "DeleteImportListMessageText": "'{name}' listesini silmek istediğinizden emin misiniz?",
    "DeleteIndexer": "İndeksleyiciyi Sil",
    "DeleteIndexerMessageText": "'{name}' indeksleyicisini silmek istediğinizden emin misiniz?",
    "DeleteMetadataProfileMessageText": "Kalite profilini silmek istediğinizden emin misiniz {0}",
    "DeleteNotification": "Bildirimi Sil",
    "DeleteNotificationMessageText": "'{name}' bildirimini silmek istediğinizden emin misiniz?",
    "DeleteQualityProfile": "Kalite Profilini Sil",
    "DeleteQualityProfileMessageText": "'{name}' kalite profilini silmek istediğinizden emin misiniz?",
    "DeleteReleaseProfile": "Yayımlama Profilini Sil",
    "DeleteReleaseProfileMessageText": "Bu gecikme profilini silmek istediğinizden emin misiniz?",
    "DeleteRootFolderMessageText": "Dizin oluşturucuyu '{0}' silmek istediğinizden emin misiniz?",
    "DeleteSelectedTrackFiles": "Seçili Film Dosyalarını Sil",
    "DeleteSelectedTrackFilesMessageText": "Seçili film dosyalarını silmek istediğinizden emin misiniz?",
    "DeleteTag": "Etiketi Sil",
    "DeleteTagMessageText": "'{label}' etiketini silmek istediğinizden emin misiniz?",
    "DestinationPath": "Hedef yol",
    "DetailedProgressBar": "Ayrıntılı İlerleme Çubuğu",
    "DetailedProgressBarHelpText": "İlerleme çubuğundaki metni göster",
    "DiskSpace": "Disk Alanı",
    "DownloadClient": "İndirme İstemcisi",
    "DownloadClients": "İndirme İstemcileri",
    "DownloadClientSettings": "İndirme İstemcisi Ayarlarını",
    "DownloadFailedCheckDownloadClientForMoreDetails": "İndirme başarısız oldu: Daha fazla ayrıntı için indirme istemcisini kontrol edin",
    "DownloadFailedInterp": "İndirme başarısız oldu: {0}",
    "Downloading": "İndiriliyor",
    "DownloadPropersAndRepacksHelpTexts1": "Propers / Repacks'e otomatik olarak yükseltme yapılıp yapılmayacağı",
    "DownloadWarningCheckDownloadClientForMoreDetails": "İndirme uyarısı: Daha fazla ayrıntı için indirme istemcisini kontrol edin",
    "Edit": "Düzenle",
    "Enable": "Etkinleştir",
    "EnableAutomaticAdd": "Otomatik Eklemeyi Etkinleştir",
    "EnableAutomaticSearch": "Otomatik Aramayı Etkinleştir",
    "EnableColorImpairedMode": "Renk Bozukluğu Modunu Etkinleştir",
    "EnableColorImpairedModeHelpText": "Renk engelli kullanıcıların renkleri daha iyi ayırt edebilmelerini sağlamak için değiştirilmiş stil",
    "EnableCompletedDownloadHandlingHelpText": "Tamamlanan indirmeleri indirme istemcisinden otomatik olarak içe aktarın",
    "EnableHelpText": "Bu meta veri türü için meta veri dosyası oluşturmayı etkinleştir",
    "EnableInteractiveSearch": "Etkileşimli Aramayı Etkinleştir",
    "EnableRSS": "RSS'yi etkinleştir",
    "EnableSSL": "SSL'yi etkinleştir",
    "EnableSslHelpText": " Etkili olması için yönetici olarak yeniden çalıştırmayı gerektirir",
    "Ended": "Biten",
    "ErrorLoadingContents": "İçerik yüklenirken hata oluştu",
    "ErrorLoadingPreviews": "Önizlemeler yüklenirken hata oluştu",
    "Exception": "İstisna",
    "FileDateHelpText": "İçe aktarmada / yeniden taramada dosya tarihini değiştirin",
    "FileManagement": "Dosya Yönetimi",
    "Filename": "Dosya adı",
    "FileNames": "Dosya Adları",
    "Files": "Dosyalar",
    "FirstDayOfWeek": "Haftanın İlk Günü",
    "Fixed": "Düzeltilen",
    "Folder": "Klasör",
    "Folders": "Klasörler",
    "ForMoreInformationOnTheIndividualDownloadClientsClickOnTheInfoButtons": "Bireysel indirme istemcileri hakkında daha fazla bilgi için bilgi düğmelerine tıklayın.",
    "ForMoreInformationOnTheIndividualIndexersClickOnTheInfoButtons": "Bireysel indeksleyiciler hakkında daha fazla bilgi için bilgi düğmelerine tıklayın.",
    "ForMoreInformationOnTheIndividualListsClickOnTheInfoButtons": "Ayrı ayrı içe aktarma listeleri hakkında daha fazla bilgi için bilgi düğmelerine tıklayın.",
    "GeneralSettings": "Genel Ayarlar",
    "Global": "Küresel",
    "GoToInterp": "{0} adresine gidin",
    "Grab": "Kapmak",
    "GrabRelease": "Yayın Alma",
    "GrabSelected": "Seçilenleri Al",
    "Group": "Grup",
    "HasPendingChangesNoChanges": "Değişiklikler yok",
    "HasPendingChangesSaveChanges": "Değişiklikleri Kaydet",
    "History": "Geçmiş",
    "Host": "Sunucu",
    "HostHelpText": "Uzaktan İndirme İstemcisi için belirttiğiniz ana bilgisayar",
    "Hostname": "Hostname",
    "ICalFeed": "iCal Beslemesi",
    "ICalHttpUrlHelpText": "Bu URL'yi müşterilerinize kopyalayın veya tarayıcınız webcal'i destekliyorsa abone olmak için tıklayın",
    "ICalLink": "iCal Bağlantısı",
    "IconForCutoffUnmet": "Sınırlandırılmamış için Simge",
    "IgnoredAddresses": "Yoksayılan Adresler",
    "IgnoredHelpText": "Bir veya daha fazla terim içeriyorsa izin reddedilecektir (büyük / küçük harfe duyarlı değildir)",
    "IgnoredPlaceHolder": "Yeni kısıtlama ekle",
    "IllRestartLater": "Daha sonra yeniden başlayacağım",
    "ImportedTo": "İçeri Aktarıldı",
    "ImportExtraFiles": "Ekstra Dosyaları İçe Aktar",
    "ImportExtraFilesHelpText": "Bir film dosyasını içe aktardıktan sonra eşleşen ekstra dosyaları (altyazılar, bilgi notları vb.) İçe aktarın",
    "ImportFailedInterp": "İçe aktarma başarısız oldu: {0}",
    "Importing": "İçe Aktarma",
    "IncludeUnknownArtistItemsHelpText": "Kuyrukta film olmayan öğeleri gösterin. Bu, kaldırılan filmleri veya {appName}'ın kategorisindeki herhangi bir şeyi içerebilir",
    "IncludeUnmonitored": "Takip Edilmeyenleri Dahil Et",
    "Indexer": "İndeksleyici",
    "IndexerPriority": "İndeksleyici Önceliği",
    "Indexers": "İndeksleyiciler",
    "IndexerSettings": "İndeksleyici Ayarları",
    "InteractiveSearch": "Etkileşimli Arama",
    "Interval": "Periyot",
    "IsCutoffCutoff": "Ayırmak",
    "IsCutoffUpgradeUntilThisQualityIsMetOrExceeded": "Bu kalite karşılanana veya aşılana kadar yükseltin",
    "IsTagUsedCannotBeDeletedWhileInUse": "Kullanımdayken silinemez",
    "LaunchBrowserHelpText": " Bir web tarayıcısı açın ve uygulama başlangıcında {appName} ana sayfasına gidin.",
    "Level": "Seviye",
    "LidarrSupportsAnyDownloadClientThatUsesTheNewznabStandardAsWellAsOtherDownloadClientsListedBelow": "{appName}, Newznab standardını kullanan herhangi bir indirme istemcisinin yanı sıra aşağıda listelenen diğer indirme istemcilerini de destekler.",
    "LidarrSupportsAnyIndexerThatUsesTheNewznabStandardAsWellAsOtherIndexersListedBelow": "{appName}, Newznab standardını kullanan tüm indeksleyicileri ve aşağıda listelenen diğer indeksleyicileri destekler.",
    "LidarrTags": "{appName} Etiketleri",
    "Local": "Yerel",
    "LocalPath": "Yerel Yol",
    "LocalPathHelpText": "{appName}'ın uzak yola yerel olarak erişmek için kullanması gereken yol",
    "LogFiles": "Log Kayıtları",
    "Logging": "Loglama",
    "LogLevel": "Log Seviyesi",
    "LogLevelvalueTraceTraceLoggingShouldOnlyBeEnabledTemporarily": "İzleme günlük kaydı yalnızca geçici olarak etkinleştirilmelidir",
    "Logs": "Kayıtlar",
    "LongDateFormat": "Uzun Tarih Formatı",
    "ManualImport": "Manuel İçe Aktar",
    "MarkAsFailed": "Başarısız olarak işaretle",
    "MarkAsFailedMessageText": "'{0}' başarısız olarak işaretlemek istediğinizden emin misiniz?",
    "MaximumLimits": "Maksimum Sınırlar",
    "MaximumSize": "Maksimum Boyut",
    "MaximumSizeHelpText": "MB cinsinden alınacak bir sürüm için maksimum boyut. Sınırsız olarak ayarlamak için sıfıra ayarlayın",
    "Mechanism": "Teknik",
    "MediaInfo": "Medya bilgisi",
    "MediaManagementSettings": "Medya Yönetimi Ayarları",
    "Medium": "Orta",
    "Message": "Mesaj",
    "MetadataSettings": "Meta Veri Ayarları",
    "MIA": "MIA",
    "MinimumAge": "Minimum Geçen Süre",
    "MinimumAgeHelpText": "Yalnızca Usenet: NZB'lerin almadan önceki minimum geçen süre (dakika cinsinden). Bunu, yeni sürümlerin usenet sağlayıcınıza yayılması için zaman vermek amacıyla kullanın.",
    "MinimumFreeSpace": "Minimum Boş Alan",
    "MinimumFreeSpaceWhenImportingHelpText": "Bu miktardan daha az kullanılabilir disk alanı bırakacaksa içe aktarmayı önleyin",
    "MinimumLimits": "Minimum Limitler",
    "Missing": "Eksik",
    "Mode": "Mod",
    "Monitored": "Takip Ediliyor",
    "MoreInfo": "Daha Fazla Bilgi",
    "MustContain": "İçermeli",
    "MustNotContain": "İçermemeli",
    "NamingSettings": "Adlandırma Ayarları",
    "New": "Yeni",
    "NoBackupsAreAvailable": "Kullanılabilir yedek yok",
    "NoHistory": "Tarih yok",
    "NoLeaveIt": "Hayır, Bırak",
    "NoLogFiles": "Log kayıt dosyası henüz oluşturulmadı",
    "None": "Yok",
    "NotificationTriggers": "Bildirim Tetikleyicileri",
    "NoUpdatesAreAvailable": "Güncelleme bulunamadı",
    "OpenBrowserOnStart": "Başlangıçta tarayıcıyı aç",
    "Options": "Seçenekler",
    "Original": "Orijinal",
    "PackageVersion": "Paket Versiyonu",
    "PageSize": "Sayfa Boyutu",
    "PageSizeHelpText": "Her sayfada gösterilecek öğe sayısı",
    "Password": "Şifre",
    "Path": "Yol",
    "Permissions": "İzinler",
    "Port": "Port No",
    "PortNumber": "Port numarası",
    "PosterSize": "Poster Boyutu",
    "PreviewRename": "Yeniden Adlandır ve Önizle",
    "Profiles": "Profiller",
    "Proper": "Uygun",
    "PropersAndRepacks": "Propers ve Repacks",
    "Protocol": "Protokol",
    "ProtocolHelpText": "Hangi protokol (ler) in kullanılacağını ve başka türlü eşit sürümler arasında seçim yaparken hangisinin tercih edileceğini seçin",
    "Proxy": "Proxy",
    "ProxyBypassFilterHelpText": "Ayırıcı olarak \",\" ve \"*\" kullanın. alt alan adları için joker karakter olarak",
    "ProxyPasswordHelpText": "Gerekirse yalnızca bir kullanıcı adı ve şifre girmeniz gerekir. Aksi takdirde boş bırakın.",
    "ProxyType": "Proxy Türü",
    "ProxyUsernameHelpText": "Gerekirse yalnızca bir kullanıcı adı ve şifre girmeniz gerekir. Aksi takdirde boş bırakın.",
    "PublishedDate": "Yayınlanma Tarihi",
    "Quality": "Kalite",
    "QualityDefinitions": "Kalite Tanımları",
    "QualityProfile": "Kalite Profili",
    "QualityProfiles": "Kalite Profileri",
    "QualitySettings": "Kalite Ayarları",
    "Queue": "Kuyruk",
    "ReadTheWikiForMoreInformation": "Daha fazla bilgi için Wiki'yi okuyun",
    "Real": "Gerçek",
    "Reason": "Nedeni",
    "RecycleBinCleanupDaysHelpText": "Otomatik temizlemeyi devre dışı bırakmak için 0'a ayarlayın",
    "RecycleBinCleanupDaysHelpTextWarning": "Geri dönüşüm kutusundaki, seçilen gün sayısından daha eski olan dosyalar otomatik olarak temizlenecektir",
    "RecycleBinHelpText": "Film dosyaları, kalıcı olarak silinmek yerine silindiğinde buraya gider",
    "RecyclingBin": "Geri dönüşüm Kutusu",
    "RecyclingBinCleanup": "Geri Dönüşüm Kutusu Temizle",
    "Redownload": "Yeniden indir",
    "Refresh": "Yenile",
    "RefreshInformationAndScanDisk": "Bilgileri ve tarama diskini yenileyin",
    "RefreshScan": "Yenile ve Tara",
    "ReleaseDate": "Yayın tarihleri",
    "ReleaseGroup": "Yayımlayan Grup",
    "ReleaseRejected": "Reddedildi",
    "ReleaseStatuses": "Yayın Durumu",
    "ReleaseWillBeProcessedInterp": "İzin işlenecek {0}",
    "Reload": "Tekrar yükle",
    "RemotePath": "Uzak Yol",
    "RemotePathHelpText": "İndirme İstemcisinin eriştiği dizinin kök yolu",
    "RemotePathMappings": "Uzak Yol Eşlemeleri",
    "RemoveCompletedDownloadsHelpText": "İçe aktarılan indirmeleri indirme istemcisi geçmişinden kaldırın",
    "RemovedFromTaskQueue": "Görev kuyruğundan kaldırıldı",
    "RemoveFailedDownloadsHelpText": "Başarısız indirmeleri indirme istemcisi geçmişinden kaldırın",
    "RemoveFromBlocklist": "Kara listeden kaldır",
    "RemoveFromDownloadClient": "İndirme İstemcisinden Kaldır",
    "RemoveFromQueue": "Kuyruktan kaldır",
    "RemoveSelected": "Seçilenleri Kaldır",
    "RemoveTagExistingTag": "Mevcut etiket",
    "RemoveTagRemovingTag": "Etiket kaldırılıyor",
    "RenameTracksHelpText": "Yeniden adlandırma devre dışı bırakılırsa, {appName} mevcut dosya adını kullanacaktır",
    "Reorder": "Yeniden sırala",
    "ReplaceIllegalCharacters": "Geçersiz Karakterleri Değiştirin",
    "ReplaceIllegalCharactersHelpText": "Geçersiz karakterleri değiştirin. İşaretlenmezse bunun yerine {appName} bunları kaldıracak",
    "RequiredHelpText": "Sürüm, bu terimlerden en az birini içermelidir (büyük / küçük harfe duyarlı değildir)",
    "RequiredPlaceHolder": "Yeni kısıtlama ekle",
    "RequiresRestartToTakeEffect": "Etkili olması için yeniden başlatma gerektirir",
    "RescanAfterRefreshHelpText": "Filmi yeniledikten sonra film klasörünü yeniden tarayın",
    "RescanAfterRefreshHelpTextWarning": "{appName}, 'Her Zaman' olarak ayarlanmadığında dosyalardaki değişiklikleri otomatik olarak algılamayacaktır",
    "RescanArtistFolderAfterRefresh": "Yenilemeden Sonra Film Klasörünü Yeniden Tara",
    "Reset": "Sıfırla",
    "ResetAPIKey": "API Anahtarını Sıfırla",
    "ResetAPIKeyMessageText": "API Anahtarınızı sıfırlamak istediğinizden emin misiniz?",
    "Restart": "Tekrar başlat",
    "RestartLidarr": "{appName}'ı yeniden başlatın",
    "RestartNow": "Şimdi yeniden başlat",
    "Restore": "Onarmak",
    "RestoreBackup": "Yedeği Geri Yükle",
    "Result": "Sonuç",
    "Retention": "Saklama",
    "RetentionHelpText": "Yalnızca Usenet: Sınırsız saklamaya ayarlamak için sıfıra ayarlayın",
    "RetryingDownloadOn": "{date} tarihinde, {time} itibarıyla indirme işlemi yeniden deneniyor",
    "RootFolder": "Kök Klasör",
    "RootFolders": "Kök Klasörler",
    "RSSSync": "RSS Senkronizasyonu",
    "RSSSyncInterval": "RSS Senkronizasyon Aralığı",
    "RssSyncIntervalHelpText": "Dakika cinsinden aralık. Devre dışı bırakmak için sıfıra ayarlayın (tüm otomatik yayın almayı durduracaktır)",
    "ShownAboveEachColumnWhenWeekIsTheActiveView": "Aktif görünüm hafta olduğunda her bir sütunun üzerinde gösterilir",
    "ShowPath": "Yolu Göster",
    "ShowQualityProfile": "Kalite Profilini Göster",
    "ShowQualityProfileHelpText": "Poster altında kalite profilini göster",
    "ShowRelativeDates": "İlgili Tarihleri Göster",
    "ShowRelativeDatesHelpText": "Göreceli (Bugün/Dün/vb.) veya mutlak tarihleri göster",
    "ShowSearch": "Aramayı Göster",
    "ShowSearchActionHelpText": "Fareyle üzerine gelindiğinde arama düğmesini göster",
    "ShowSizeOnDisk": "Diskte Boyutu Göster",
    "ShowUnknownArtistItems": "Bilinmeyen Film Öğelerini Göster",
    "SSLCertPassword": "SSL Sertifika Parolası",
    "SslCertPasswordHelpText": "Pfx dosyası için şifre",
    "SslCertPasswordHelpTextWarning": "Etkili olması için yeniden başlatma gerektirir",
    "SSLCertPath": "SSL Sertifika Yolu",
    "SslCertPathHelpText": "Pfx dosyasının yolu",
    "SslCertPathHelpTextWarning": "Etkili olması için yeniden başlatma gerektirir",
    "SSLPort": "SSL Bağlantı Noktası",
    "SslPortHelpTextWarning": "Etkili olması için yeniden başlatma gerektirir",
    "StandardTrackFormat": "Standart Film Formatı",
    "StartTypingOrSelectAPathBelow": "Yazmaya başlayın veya aşağıdan bir yol seçin",
    "StartupDirectory": "Başlangıç Dizini",
    "Status": "Durum",
    "Style": "Stil",
    "SuccessMyWorkIsDoneNoFilesToRename": "Başarılı! İşim bitti, yeniden adlandırılacak dosya yok.",
    "SuccessMyWorkIsDoneNoFilesToRetag": "Başarılı! İşim bitti, yeniden adlandırılacak dosya yok.",
    "SupportsRssvalueRSSIsNotSupportedWithThisIndexer": "RSS, bu indeksleyici ile desteklenmiyor",
    "SupportsSearchvalueSearchIsNotSupportedWithThisIndexer": "Bu indeksleyici ile arama desteklenmiyor",
    "SupportsSearchvalueWillBeUsedWhenAutomaticSearchesArePerformedViaTheUIOrByLidarr": "Kullanıcı arayüzü veya {appName} tarafından otomatik aramalar yapıldığında kullanılacaktır",
    "SupportsSearchvalueWillBeUsedWhenInteractiveSearchIsUsed": "Etkileşimli arama kullanıldığında kullanılacak",
    "TagIsNotUsedAndCanBeDeleted": "Etiket kullanılmaz ve silinebilir",
    "Tags": "Etiketler",
    "Tasks": "Görevler",
    "TestAll": "Tümünü Test Et",
    "TestAllClients": "Tüm İstemcileri Test Et",
    "TestAllIndexers": "İndeksleyicileri Test Et",
    "TestAllLists": "Tüm Listeleri Test Et",
    "ThisWillApplyToAllIndexersPleaseFollowTheRulesSetForthByThem": "Bu, tüm dizin oluşturucular için geçerli olacaktır, lütfen onlar tarafından belirlenen kurallara uyun",
    "Time": "Zaman",
    "TimeFormat": "Zaman formatı",
    "TorrentDelay": "Torrent Gecikmesi",
    "TorrentDelayHelpText": "Bir torrent almadan önce beklemek için dakikalar içinde gecikme",
    "Torrents": "Torrentler",
    "TotalFileSize": "Toplam Dosya Boyutu",
    "Track": "İzleme",
    "Type": "Tür",
    "UiSettings": "Arayüz Ayarları",
    "UnableToAddANewDownloadClientPleaseTryAgain": "Yeni bir indirme istemcisi eklenemiyor, lütfen tekrar deneyin.",
    "UnableToLoadTags": "Etiketler yüklenemiyor",
    "Ungroup": "Grubu çöz",
    "ApplyTags": "Etiketleri Uygula",
    "Remove": "Kaldır",
    "SearchAll": "Tümünü ara",
    "UiLanguageHelpText": "{appName}'ın arayüz için kullanacağı dil",
    "UiLanguageHelpTextWarning": "Tarayıcının Yeniden Yüklenmesi Gerekiyor",
    "UnableToAddANewImportListExclusionPleaseTryAgain": "Yeni bir liste dışlaması eklenemiyor, lütfen tekrar deneyin.",
    "UnableToAddANewIndexerPleaseTryAgain": "Yeni bir indeksleyici eklenemiyor, lütfen tekrar deneyin.",
    "UnableToAddANewListPleaseTryAgain": "Yeni bir liste eklenemiyor, lütfen tekrar deneyin.",
    "UnableToAddANewMetadataProfilePleaseTryAgain": "Yeni bir kaliteli profil eklenemiyor, lütfen tekrar deneyin.",
    "UnableToAddANewNotificationPleaseTryAgain": "Yeni bir bildirim eklenemiyor, lütfen tekrar deneyin.",
    "UnableToAddANewQualityProfilePleaseTryAgain": "Yeni bir kaliteli profil eklenemiyor, lütfen tekrar deneyin.",
    "UnableToAddANewRemotePathMappingPleaseTryAgain": "Yeni bir uzak yol eşlemesi eklenemiyor, lütfen tekrar deneyin.",
    "UnableToAddANewRootFolderPleaseTryAgain": "Yeni bir özel biçim eklenemiyor, lütfen tekrar deneyin.",
    "UnableToLoadBackups": "Yedeklemeler yüklenemiyor",
    "UnableToLoadBlocklist": "Kara liste yüklenemiyor",
    "UnableToLoadDelayProfiles": "Gecikme Profilleri yüklenemiyor",
    "UnableToLoadDownloadClientOptions": "İndirme istemcisi seçenekleri yüklenemiyor",
    "UnableToLoadDownloadClients": "İndirme istemcileri yüklenemiyor",
    "UnableToLoadGeneralSettings": "Genel ayarlar yüklenemiyor",
    "UnableToLoadHistory": "Geçmiş yüklenemiyor",
    "UnableToLoadImportListExclusions": "Hariç Tutulanlar Listesi yüklenemiyor",
    "UnableToLoadIndexerOptions": "Dizin oluşturucu seçenekleri yüklenemiyor",
    "UnableToLoadIndexers": "İndeksleyiciler yüklenemiyor",
    "UnableToLoadLists": "Listeler yüklenemiyor",
    "UnableToLoadMediaManagementSettings": "Medya Yönetimi ayarları yüklenemiyor",
    "UnableToLoadMetadata": "Meta Veriler yüklenemiyor",
    "UnableToLoadMetadataProfiles": "Gecikme Profilleri yüklenemiyor",
    "UnableToLoadNamingSettings": "Adlandırma ayarları yüklenemiyor",
    "UnableToLoadNotifications": "Bildirimler yüklenemiyor",
    "UnableToLoadQualities": "Nitelikler yüklenemiyor",
    "UnableToLoadQualityDefinitions": "Kalite Tanımları yüklenemiyor",
    "UnableToLoadQualityProfiles": "Kalite Profilleri yüklenemiyor",
    "UnableToLoadReleaseProfiles": "Gecikme Profilleri yüklenemiyor",
    "UnableToLoadRemotePathMappings": "Uzak Yol Eşlemeleri yüklenemiyor",
    "Updates": "Güncellemeler",
    "AppDataDirectory": "Uygulama Veri Dizini",
    "20MinutesTwenty": "60 Dakika: {0}",
    "Automatic": "Otomatik",
    "DelayingDownloadUntil": "İndirme işlemi {date} tarihine, {time} tarihine kadar erteleniyor",
    "Docker": "Docker",
    "Dates": "Tarih",
    "Name": "İsim",
    "RemoveFilter": "Filtreyi kaldır",
    "OnGrab": "Alındığında",
    "OnHealthIssue": "Sağlık Sorunu Hakkında",
    "OnRename": "Yeniden Adlandırıldığında",
    "OnUpgrade": "Yükseltme sırasında",
    "Tracks": "İzleme",
    "NETCore": ".NET Çekirdeği",
    "Ok": "Tamam",
    "Test": "Test Et",
    "UnmappedFilesOnly": "Yalnızca Eşlenmemiş Dosyalar",
    "Activity": "Etkinlik",
    "Add": "Ekle",
    "AddDelayProfile": "Gecikme Profili Ekle",
    "Replace": "Değiştir",
    "RestartRequiredHelpTextWarning": "Etkili olması için yeniden başlatma gerektirir",
    "ShowAdvanced": "Gelişmiş'i Göster",
    "SizeOnDisk": "Diskteki boyut",
    "SourceTitle": "Kaynak başlığı",
    "System": "Sistem",
    "TimeLeft": "Kalan zaman",
    "Title": "Başlık",
    "TotalSpace": "Toplam alan",
    "UnmonitoredOnly": "Sadece Takip Edilmeyen",
    "UpgradesAllowed": "Yükseltmelere İzin Ver",
    "Wanted": "Arananlar",
    "Warn": "Uyar",
    "Connect": "Bildirimler",
    "Added": "Eklenme",
    "AddIndexer": "İndeksleyici Ekle",
    "AddNew": "Yeni Ekle",
    "AddQualityProfile": "Kalite Profili Ekle",
    "AddRemotePathMapping": "Uzak Yol Eşleme Ekleme",
    "AddRootFolder": "Kök Klasör Ekle",
    "AfterManualRefresh": "Manüel Yenilemeden Sonra",
    "Age": "Yıl",
    "All": "Hepsi",
    "AllFiles": "Tüm dosyalar",
    "Always": "Her zaman",
    "AudioInfo": "Ses Bilgisi",
    "BeforeUpdate": "Güncellemeden önce",
    "Close": "Kapat",
    "Custom": "Özel",
    "CustomFilters": "Özel Filtreler",
    "Date": "Tarih",
    "Deleted": "Silindi",
    "Donations": "Bağış",
    "DoNotPrefer": "Tercih etmeme",
    "DoNotUpgradeAutomatically": "Otomatik Olarak Yükseltme",
    "DownloadFailed": "Yükleme başarısız",
    "EditDelayProfile": "Gecikme Profilini Düzenle",
    "EditImportListExclusion": "Hariç Tutulanlar Listesini Düzenle",
    "EditQualityProfile": "Kalite Profilini Düzenle",
    "EditRemotePathMapping": "Uzak Yol Eşlemeyi Düzenle",
    "EditRootFolder": "Kök Klasör Ekle",
    "Error": "Hata",
    "ErrorRestoringBackup": "Yedeği geri yüklerken hata",
    "Events": "Olaylar",
    "EventType": "Etkinlik tipi",
    "Filters": "Filtreler",
    "FreeSpace": "Boş alan",
    "General": "Genel",
    "Grabbed": "Alındı",
    "HardlinkCopyFiles": "Hardlink / Dosyaları Kopyala",
    "HideAdvanced": "Gelişmiş'i Gizle",
    "Ignored": "Yok sayıldı",
    "Import": "İçe aktar",
    "InteractiveImport": "Etkileşimli İçe Aktarma",
    "Location": "Klasör Yolu",
    "Manual": "Manuel",
    "MediaManagement": "Medya Yönetimi",
    "Metadata": "Meta veri",
    "MonitoredOnly": "Sadece Takip Edilen",
    "MoveAutomatically": "Otomatik Olarak Taşı",
    "MoveFiles": "Dosyaları Taşı",
    "NextExecution": "Sonraki Yürütme",
    "NoTagsHaveBeenAddedYet": "Henüz etiket eklenmedi",
    "OnlyTorrent": "Sadece Torrent",
    "OnlyUsenet": "Sadece Usenet",
    "Organize": "Düzenle",
    "OutputPath": "İndirilen Yol",
    "Peers": "Eşler",
    "PreferAndUpgrade": "Tercih Et ve Yükselt",
    "Presets": "Ön ayarlar",
    "QualityLimitsHelpText": "Sınırlar, film çalışma süresine göre otomatik olarak ayarlanır.",
    "RejectionCount": "Reddetme Sayısı",
    "ReleaseTitle": "Yayın Başlığı",
    "Renamed": "Yeniden adlandırıldı",
    "RestoreBackupAdditionalInfo": "Not: {appName}, geri yükleme işlemi sırasında kullanıcı arayüzünü otomatik olarak yeniden başlatacak ve yeniden yükleyecektir.",
    "Save": "Kaydet",
    "Seeders": "Ekme makineleri",
    "Select...": "'Seçin ...",
    "SelectFolder": "Dosya Seç",
    "SelectQuality": "Kaliteyi Seçin",
    "WouldYouLikeToRestoreBackup": "'{name}' yedeğini geri yüklemek ister misiniz?",
    "Apply": "Uygula",
    "Backup": "Yedekler",
    "Details": "Detaylar",
    "Genres": "Türler",
    "Info": "Bilgi",
    "LastDuration": "Yürütme Süresi",
    "LastExecution": "Son Yürütme",
    "LastUsed": "Son kullanılan",
    "LastWriteTime": "Son Yazma Zamanı",
    "Progress": "İlerleme",
    "Queued": "Kuyruğa alındı",
    "Rating": "Puan",
    "Ui": "Arayüz",
    "AddImportListExclusion": "İçe Aktarma Listesi Hariç Tutmasını Sil",
    "ImportListExclusions": "İçe Aktarma Listesinden Hariç Bırakılan(lar)",
    "DoneEditingGroups": "Grupları Düzenleme Bitti",
    "QualitiesHelpText": "Listede üst sıralarda yer alan nitelikler işaretlenmese bile en çok tercih edilendir. Aynı grup içindeki nitelikler eşittir. Yalnızca kontrol edilen nitelikler aranır",
    "EditGroups": "Grupları Düzenle",
    "CustomFormatScore": "Özel Format Puanı",
    "MinimumCustomFormatScore": "Minimum Özel Format Puanı",
    "CloneCustomFormat": "Özel Formatı Klonla",
    "CopyToClipboard": "Panoya kopyala",
    "CouldntFindAnyResultsForTerm": "'{0}' için hiçbir sonuç bulunamadı",
    "CustomFormat": "Özel Format",
    "CustomFormatRequiredHelpText": "Özel biçimin uygulanabilmesi için bu {0} koşulunun eşleşmesi gerekir. Aksi takdirde tek bir {1} eşleşmesi yeterlidir.",
    "CustomFormatSettings": "Özel Biçim Ayarları",
    "CustomFormats": "Özel Formatlar",
    "Customformat": "Özel Biçimler",
    "CutoffFormatScoreHelpText": "Bu özel format puanına ulaşıldığında, {appName} artık film indirmeyecektir",
    "DeleteCustomFormat": "Özel Formatı Sil",
    "DeleteCustomFormatMessageText": "'{name}' özel formatı silmek istediğinizden emin misiniz?",
    "DeleteFormatMessageText": "{0} biçim etiketini silmek istediğinizden emin misiniz?",
    "DownloadPropersAndRepacksHelpTextWarning": "Propers / Repacks'e otomatik yükseltmeler için özel formatlar kullanın",
    "DownloadedUnableToImportCheckLogsForDetails": "İndirildi - İçe Aktarılamıyor: ayrıntılar için günlükleri kontrol edin",
    "ExportCustomFormat": "Özel Formatı Dışa Aktar",
    "FailedDownloadHandling": "Başarısız İndirme İşlemi",
    "FailedLoadingSearchResults": "Arama sonuçları yüklenemedi, lütfen tekrar deneyin.",
    "Formats": "Formatlar",
    "IncludeCustomFormatWhenRenamingHelpText": "{Özel Biçimler} yeniden adlandırma biçimine dahil et",
    "ItsEasyToAddANewArtistJustStartTypingTheNameOfTheArtistYouWantToAdd": "Yeni bir film eklemek kolaydır, eklemek istediğiniz filmin adını yazmaya başlayın",
    "MinFormatScoreHelpText": "İndirmeye izin verilen minimum özel biçim puanı",
    "Monitor": "Takip",
    "NegateHelpText": "İşaretlenirse, bu {0} koşulu eşleşirse özel biçim uygulanmaz.",
    "PreferTorrent": "Torrent'i tercih et",
    "PreferUsenet": "Usenet'i tercih et",
    "TheArtistFolderStrongpathstrongAndAllOfItsContentWillBeDeleted": "'{0}' film klasörü ve tüm içeriği silinecek.",
    "UnableToLoadCustomFormats": "Özel Biçimler yüklenemiyor",
    "UnableToLoadInteractiveSearch": "Bu film araması için sonuçlar yüklenemiyor. Daha sonra tekrar deneyin",
    "MaintenanceRelease": "Bakım Sürümü: hata düzeltmeleri ve diğer iyileştirmeler. Daha fazla ayrıntı için Github İşlem Geçmişine bakın",
    "Conditions": "Koşullar",
    "Disabled": "Devre dışı",
    "DownloadClientRootFolderHealthCheckMessage": "İndirme istemcisi {downloadClientName}, indirmeleri kök klasöre yerleştirir {rootFolderPath}. Bir kök klasöre indirmemelisiniz.",
    "DownloadClientCheckNoneAvailableMessage": "İndirme istemcisi yok",
    "DownloadClientCheckUnableToCommunicateMessage": "{0} ile iletişim kurulamıyor.",
    "ReplaceWithSpaceDashSpace": "Space Dash Space ile değiştirin",
    "ShownClickToHide": "Gösterildi, gizlemek için tıklayın",
    "DownloadClientStatusCheckAllClientMessage": "Hatalar nedeniyle tüm indirme istemcileri kullanılamıyor",
    "DownloadClientStatusCheckSingleClientMessage": "Hatalar nedeniyle indirilemeyen istemciler: {0}",
    "HiddenClickToShow": "Gizli, göstermek için tıklayın",
    "AppDataLocationHealthCheckMessage": "Güncelleme sırasında AppData'nın silinmesini önlemek için güncelleme yapılmayacaktır",
    "ColonReplacement": "Kolon Değiştirme",
    "ImportListStatusCheckAllClientMessage": "Hatalar nedeniyle tüm indeksleyiciler kullanılamıyor",
    "ImportListStatusCheckSingleClientMessage": "Hatalar nedeniyle kullanılamayan listeler: {0}",
    "ImportMechanismHealthCheckMessage": "Tamamlanan İndirme İşlemini Etkinleştir",
    "IndexerLongTermStatusCheckSingleClientMessage": "6 saatten uzun süredir yaşanan arızalar nedeniyle dizinleyiciler kullanılamıyor: {0}",
    "IndexerLongTermStatusCheckAllClientMessage": "6 saatten uzun süren arızalar nedeniyle tüm indeksleyiciler kullanılamıyor",
    "IndexerRssHealthCheckNoAvailableIndexers": "Son zamanlardaki indeksleyici hataları nedeniyle tüm rss uyumlu indeksleyiciler geçici olarak kullanılamıyor",
    "IndexerRssHealthCheckNoIndexers": "RSS senkronizasyonunun etkin olduğu indeksleyici bulunamadı, {appName} yeni yayınlar otomatik olarak almayacak",
    "IndexerSearchCheckNoAutomaticMessage": "Otomatik Arama etkinleştirildiğinde hiçbir indeksleyici kullanılamaz, {appName} herhangi bir otomatik arama sonucu sağlamayacaktır",
    "IndexerSearchCheckNoAvailableIndexersMessage": "Son zamanlardaki indeksleyici hataları nedeniyle tüm arama yeteneğine sahip indeksleyiciler geçici olarak kullanılamıyor",
    "IndexerSearchCheckNoInteractiveMessage": "Etkileşimli Arama etkinleştirildiğinde hiçbir indeksleyici kullanılamaz, {appName} herhangi bir etkileşimli arama sonucu sağlamayacaktır",
    "IndexerStatusCheckAllClientMessage": "Hatalar nedeniyle tüm indeksleyiciler kullanılamıyor",
    "IndexerStatusCheckSingleClientMessage": "Hatalar nedeniyle dizinleyiciler kullanılamıyor: {0}",
    "MountArtistHealthCheckMessage": "Bir film yolu içeren bağlama, salt okunur olarak bağlanır: ",
    "ProxyCheckBadRequestMessage": "Proxy ile test edilemedi. DurumKodu: {0}",
    "ProxyCheckFailedToTestMessage": "Proxy ile test edilemedi: {0}",
    "ProxyCheckResolveIpMessage": "{0} Yapılandırılmış Proxy Ana Bilgisayarının IP Adresi çözülemedi",
    "ReplaceWithDash": "Dash ile değiştir",
    "ReplaceWithSpaceDash": "Space Dash ile değiştirin",
    "RootFolderCheckMultipleMessage": "Birden fazla kök klasörler eksik: {0}",
    "RootFolderCheckSingleMessage": "Eksik kök klasör: {0}",
    "SystemTimeCheckMessage": "Sistem saati 1 günden fazla kapalı. Zamanlanan görevler, saat düzeltilene kadar doğru çalışmayabilir",
    "UpdateCheckStartupNotWritableMessage": "'{0}' başlangıç klasörü '{1}' kullanıcısı tarafından yazılamadığından güncelleme yüklenemiyor.",
    "UpdateCheckStartupTranslocationMessage": "Başlangıç klasörü '{0}' bir Uygulama Yer Değiştirme klasöründe olduğu için güncelleme yüklenemiyor.",
    "UpdateCheckUINotWritableMessage": "'{0}' UI klasörü '{1}' kullanıcısı tarafından yazılamadığından güncelleme yüklenemiyor.",
    "DeleteRemotePathMapping": "Uzak Yol Eşlemeyi Sil",
    "DeleteRemotePathMappingMessageText": "Bu uzak yol eşlemesini silmek istediğinizden emin misiniz?",
    "BlocklistReleaseHelpText": "{appName}'ın bu sürümü otomatik olarak tekrar yakalamasını engeller",
    "FailedToLoadQueue": "Sıra yüklenemedi",
    "ApplyTagsHelpTextAdd": "Ekle: Etiketleri mevcut etiket listesine ekleyin",
    "ApplyTagsHelpTextRemove": "Kaldır: Girilen etiketleri kaldırın",
    "ApplyTagsHelpTextReplace": "Değiştir: Etiketleri girilen etiketlerle değiştirin (tüm etiketleri kaldırmak için etiket girmeyin)",
    "RemoveSelectedItemQueueMessageText": "1 öğeyi kuyruktan kaldırmak istediğinizden emin misiniz?",
    "RemoveSelectedItemsQueueMessageText": "Sıradan {0} öğeyi {1} kaldırmak istediğinizden emin misiniz?",
    "SetTags": "Etiketleri Ayarla",
    "Yes": "Evet",
    "DeleteSelectedDownloadClients": "İndirme İstemcisini Sil",
    "DeleteSelectedIndexers": "İndeksleyicileri Sil",
    "BlocklistReleases": "Kara Liste Sürümü",
    "DeleteConditionMessageText": "'{0}' etiketini silmek istediğinizden emin misiniz?",
    "NoEventsFound": "Etkinlik bulunamadı",
    "QueueIsEmpty": "Kuyruk boş",
    "Negated": "Reddedildi",
    "Required": "Gerekli",
    "ExistingTag": "Mevcut etiket",
    "No": "Hayır",
    "NoChange": "Değişiklik yok",
    "RemoveSelectedItemBlocklistMessageText": "Kara listeden seçili öğeleri kaldırmak istediğinizden emin misiniz?",
    "RemovingTag": "Etiket kaldırılıyor",
    "ApplyTagsHelpTextHowToApplyArtists": "Seçilen filmlere etiketler nasıl uygulanır",
    "ApplyTagsHelpTextHowToApplyImportLists": "Seçilen içe aktarma listelerine etiketler nasıl uygulanır",
    "ApplyTagsHelpTextHowToApplyIndexers": "Seçilen indeksleyicilere etiketler nasıl uygulanır",
    "ApplyTagsHelpTextHowToApplyDownloadClients": "Seçilen indirme istemcilerine etiketler nasıl uygulanır",
    "NoResultsFound": "Sonuç bulunamadı",
    "SuggestTranslationChange": "Çeviri değişikliği önerin",
    "UpdateSelected": "Seçilmişleri güncelle",
    "AllResultsAreHiddenByTheAppliedFilter": "Tüm sonuçlar uygulanan filtre tarafından gizlendi",
    "SomeResultsAreHiddenByTheAppliedFilter": "Bazı sonuçlar uygulanan filtre tarafından gizlendi",
    "ConnectionLost": "Bağlantı koptu",
    "RecentChanges": "Son değişiklikler",
    "WhatsNew": "Ne var ne yok?",
    "NotificationStatusAllClientHealthCheckMessage": "Arızalar nedeniyle tüm bildirimler kullanılamıyor",
    "NotificationStatusSingleClientHealthCheckMessage": "Hatalar nedeniyle kullanılamayan listeler: {0}",
    "ConnectionLostReconnect": "{appName} otomatik bağlanmayı deneyecek veya aşağıda yeniden yükle seçeneğini işaretleyebilirsiniz.",
    "MetadataProfile": "üstveri profili",
    "Episode": "Bölüm",
    "Enabled": "Etkin",
    "Library": "kütüphane",
    "MetadataProfiles": "üstveri profili",
    "Absolute": "Mutlak",
    "AddNewArtistRootFolderHelpText": "'{0}' alt klasörü otomatik olarak oluşturulacak",
    "Priority": "Öncelik",
    "AddMetadataProfile": "üstveri profili",
    "EditMetadataProfile": "üstveri profili",
    "AddConditionImplementation": "Koşul Ekle - {implementationName}",
    "AddConnection": "Bağlantı Ekle",
    "AddAutoTag": "Otomatik Etiket Ekle",
    "AddCondition": "Koşul Ekle",
    "Release": " Yayınlandı",
    "EditConditionImplementation": "Koşulu Düzenle - {implementationName}",
    "Overview": "Genel Bakış",
    "GrabId": "ID'den Al",
    "AddIndexerImplementation": "Yeni İndeksleyici Ekle - {implementationName}",
    "DeleteArtistFolderHelpText": "Film klasörünü ve içeriğini silin",
    "DeleteAutoTagHelpText": "'{name}' etiketini otomatik silmek istediğinizden emin misiniz?",
    "DeleteSpecification": "Spesifikasyonu Sil",
    "DisabledForLocalAddresses": "Yerel Adreslerde Devre Dışı Bırak",
    "EditConnectionImplementation": "Bildirimi Düzenle - {implementationName}",
    "Negate": "Reddet",
    "OverviewOptions": "Genel Bakış Seçenekler",
    "PosterOptions": "Poster Seçenekleri",
    "Posters": "Posterler",
    "AuthForm": "Form (Giriş Sayfası)",
    "Large": "Büyük",
    "OrganizeSelectedArtists": "Seçili Filmleri Düzenleyin",
    "Table": "Tablo",
    "AddAutoTagError": "Yeni bir otomatik etiket eklenemiyor, lütfen tekrar deneyin.",
    "AddConditionError": "Yeni bir koşul eklenemiyor, lütfen tekrar deneyin.",
    "AlbumsLoadError": "Yedeklemeler yüklenemiyor",
    "AuthBasic": "Temel (Tarayıcı Açılır Penceresi)",
    "DeleteSpecificationHelpText": "'{name}' spesifikasyonunu silmek istediğinizden emin misiniz?",
    "AutoTaggingNegateHelpText": "İşaretlenirse, {implementationName} koşulu eşleştiğinde otomatik etiketleme kuralı uygulanmayacaktır.",
    "ConditionUsingRegularExpressions": "Bu koşul Normal İfadeler kullanılarak eşleşir. `\\^$.|?*+()[{` karakterlerinin özel anlamlara sahip olduğunu ve `\\` ile kaçılması gerektiğini unutmayın",
    "Connection": "Bağlantılar",
    "RenameFiles": "Yeniden Adlandır",
    "Small": "Küçük",
    "AddImportListExclusionArtistHelpText": "Listelerle filmin {appName}'a eklenmesini önleyin",
    "AddListExclusionHelpText": "Listelerle filmin {appName}'a eklenmesini önleyin",
    "EditIndexerImplementation": "Koşul Ekle - {implementationName}",
    "DeleteArtistFoldersHelpText": "Film klasörünü ve içeriğini silin",
    "AddNewArtistSearchForMissingAlbums": "Kayıp filmi aramaya başlayın",
    "AddConnectionImplementation": "Bağlantı Ekle - {implementationName}",
    "AddImportListExclusionAlbumHelpText": "Listelerle filmin {appName}'a eklenmesini önleyin",
    "ExtraFileExtensionsHelpText": "İçe aktarılacak ekstra dosyaların virgülle ayrılmış listesi (.nfo, .nfo-orig olarak içe aktarılacaktır)",
    "ExtraFileExtensionsHelpTextsExamples": "Örnekler: \".sub, .nfo\" veya \"sub, nfo\"",
    "NoLimitForAnyDuration": "Herhangi bir çalışma zamanı için sınır yok",
    "NoMinimumForAnyDuration": "Herhangi bir çalışma süresi için minimum değer yok",
    "PreferredSize": "Tercih Edilen Boyut",
    "Unlimited": "Sınırsız",
    "IncludeHealthWarnings": "Sağlık Uyarılarını Dahil Et",
    "RemoveQueueItemConfirmation": "'{sourceTitle}' dosyasını kuyruktan kaldırmak istediğinizden emin misiniz?",
    "AutoRedownloadFailed": "Başarısız İndirmeleri Yenile",
    "AddDownloadClientImplementation": "İndirme İstemcisi Ekle - {implementationName}",
    "AddImportList": "İçe Aktarım Listesi Ekle",
    "AddReleaseProfile": "Yayın Profili Ekle",
    "AddImportListImplementation": "İçe Aktarım Listesi Ekle -{implementationName}",
    "ImportLists": "Listeler",
    "EditReleaseProfile": "Yayımlama Profilini Düzenle",
    "DefaultCase": "Varsayılan Durum",
    "FileNameTokens": "Dosya Adı Belirteçleri",
    "KeyboardShortcuts": "Klavye kısayolları",
    "MonitoredStatus": "Takip Edilen/Durum",
    "Lowercase": "Küçük Harf",
    "EditDownloadClientImplementation": "İndirme İstemcisini Düzenle - {implementationName}",
    "EditImportListImplementation": "İçe Aktarma Listesini Düzenle - {implementationName}",
    "ImportList": "Listeler",
    "Uppercase": "Büyük Harf",
    "TagsSettingsSummary": "Tüm etiketleri ve nasıl kullanıldıklarını göster. Kullanılmayan etiketler kaldırılabilinir",
    "UiSettingsSummary": "Takvim, tarih ve renk körlüğü seçenekleri",
    "ConnectSettingsSummary": "Bildirimler, medya sunucularına/oynatıcılara bağlantılar ve özel komut dosyaları",
    "CustomFormatsSettings": "Özel Format Ayarları",
    "CustomFormatsSettingsSummary": "Özel Formatlar ve Ayarlar",
    "DownloadClientsSettingsSummary": "İndirme İstemcileri, indirme işlemleri ve uzaktan yol eşlemeleri",
    "GeneralSettingsSummary": "Port, SSL, kullanıcı adı/şifre, proxy, analizler ve güncellemeler",
    "ImportListsSettingsSummary": "Başka bir {appName} örneğinden veya Trakt listelerinden içe aktarın ve liste hariç tutma işlemlerini yönetin",
    "QualitySettingsSummary": "Kalite boyutları ve adlandırma",
    "ArtistIndexFooterDownloading": "İndiriliyor",
    "AutomaticSearch": "Otomatik Arama",
    "Links": "Bağlantılar",
    "AppUpdated": "{appName} Güncellendi",
    "AppUpdatedVersion": "{appName}, `{version}` sürümüne güncellendi; değişikliklerin etkin olabilmesi için {appName} uygulamasını yeniden başlatmanız gerekli",
    "ConnectionLostToBackend": "{appName}'ın arka uçla bağlantısı kesildi ve işlevselliğin geri kazanılması için yeniden yüklenmesi gerekecek.",
    "ApplyChanges": "Değişiklikleri Uygula",
    "CustomFilter": "Özel Filtre",
    "CustomFormatsSpecificationRegularExpression": "Düzenli ifade",
    "CustomFormatsSpecificationRegularExpressionHelpText": "Özel Format RegEx Büyük/Küçük Harfe Duyarsızdır",
    "AutomaticUpdatesDisabledDocker": "Docker güncelleme mekanizması kullanıldığında otomatik güncellemeler doğrudan desteklenmez. Konteyner görüntüsünü {appName} dışında güncellemeniz veya bir komut dosyası kullanmanız gerekecek",
    "ApplicationURL": "Uygulama URL'si",
    "ApplicationUrlHelpText": "Bu uygulamanın http(s)://, bağlantı noktası ve URL tabanını içeren harici URL'si",
    "AuthenticationRequiredPasswordHelpTextWarning": "Yeni şifre girin",
    "ChangeCategory": "Kategoriyi Değiştir",
    "ChangeCategoryHint": "İndirme İstemcisi'nden indirme işlemini 'İçe Aktarma Sonrası Kategorisi' olarak değiştirir",
    "Auto": "Otomatik",
    "AuthenticationRequiredPasswordConfirmationHelpTextWarning": "Yeni şifreyi onayla",
    "AuthenticationRequiredUsernameHelpTextWarning": "Yeni kullanıcı adınızı girin",
    "AuthenticationRequiredWarning": "Kimlik doğrulaması olmadan uzaktan erişimi engellemek için, {appName}'da artık kimlik doğrulamanın etkinleştirilmesini gerektiriyor. İsteğe bağlı olarak yerel adresler için kimlik doğrulamayı devre dışı bırakabilirsiniz.",
    "AutoTagging": "Otomatik Etiketleme",
    "AutoTaggingLoadError": "Otomatik etiketleme yüklenemiyor",
    "AuthenticationMethod": "Kimlik Doğrulama Yöntemi",
    "AuthenticationMethodHelpTextWarning": "Lütfen geçerli bir kimlik doğrulama yöntemi seçin",
    "AuthenticationRequired": "Kimlik Doğrulama",
    "AuthenticationRequiredHelpText": "İstekler için Kimlik doğrulamanın gereklilik ayarını değiştirin. Riskleri anlamadığınız sürece değiştirmeyin.",
    "AutoRedownloadFailedFromInteractiveSearch": "Etkileşimli Arama'dan Başarısız İndirmeleri Yenile",
    "AutoRedownloadFailedFromInteractiveSearchHelpText": "Etkileşimli aramadan başarısız bir sürüm alındığında otomatik olarak farklı bir sürümü arayın ve indirmeye çalışın",
    "AutoTaggingRequiredHelpText": "Otomatik etiketleme kuralının uygulanabilmesi için bu {implementationName} koşulunun eşleşmesi gerekir. Aksi takdirde tek bir {implementationName} eşleşmesi yeterlidir.",
    "AutomaticAdd": "Otomatik Ekle",
    "BlocklistAndSearch": "Engellenenler Listesi ve Arama",
    "BlocklistAndSearchHint": "Engellenenler listesine ekledikten sonra yenisini aramaya başlayın",
    "BlocklistAndSearchMultipleHint": "Engellenenler listesine ekledikten sonra yedekleri aramaya başlayın",
    "BlocklistMultipleOnlyHint": "Yedekleri aramadan engelleme listesi",
    "BlocklistOnly": "Yalnızca Engellenenler Listesi",
    "BlocklistOnlyHint": "Yenisini aramadan engelleme listesi",
    "ChangeCategoryMultipleHint": "İndirme istemcisinden indirmeleri 'İçe Aktarma Sonrası Kategorisi' olarak değiştirir",
    "ChownGroup": "Chown Grubu",
    "ClearBlocklist": "Engellenenler listesini temizle",
    "ClearBlocklistMessageText": "Engellenenler listesindeki tüm öğeleri temizlemek istediğinizden emin misiniz?",
    "ClickToChangeReleaseGroup": "Yayım grubunu değiştirmek için tıklayın",
    "Clone": "Klon",
    "CloneAutoTag": "Otomatik Etiketi Klonla",
    "CloneCondition": "Klon Durumu",
    "ClickToChangeIndexerFlags": "İndeksleyici bayraklarını değiştirmek için tıklayın",
    "IndexerFlags": "İndeksleyici Bayrakları",
    "ApiKeyValidationHealthCheckMessage": "Lütfen API anahtarınızı en az {length} karakter uzunluğunda olacak şekilde güncelleyin. Bunu ayarlar veya yapılandırma dosyası aracılığıyla yapabilirsiniz",
    "PreferredProtocol": "Tercih Edilen Protokol",
    "ChooseImportMethod": "İçe Aktarma Modunu Seçin",
    "MinimumCustomFormatScoreHelpText": "Tercih edilen protokolde gecikmeyi atlamak için gereken Minimum Özel Format Puanı",
    "CountDownloadClientsSelected": "{count} indirme istemcisi seçildi",
    "FormatAgeMinute": "dakika",
    "FormatAgeMinutes": "dakika",
    "MonitorNoAlbums": "Yok",
    "Tomorrow": "Yarın",
    "CountArtistsSelected": "{count} içe aktarma listesi seçildi",
    "AddToDownloadQueue": "İndirme kuyruğuna ekleyin",
    "AddedToDownloadQueue": "İndirme kuyruğuna eklendi",
    "BypassIfAboveCustomFormatScore": "Özel Format Koşullarının Üstündeyse Baypas Et",
    "BypassIfAboveCustomFormatScoreHelpText": "Sürümün puanı, yapılandırılan minimum özel format puanından yüksek olduğunda bypass'ı etkinleştirin",
    "BypassIfHighestQuality": "En Yüksek Kalitedeyse Atla",
    "BypassIfHighestQualityHelpText": "Tercih edilen protokolle kalite profilinde en yüksek etkin kaliteye sahip sürüm olduğunda gecikmeyi atlayın",
    "CustomFormatsSpecificationFlag": "Bayrak",
    "FormatAgeHours": "saat",
    "GrabReleaseUnknownArtistOrAlbumMessageText": "{appName}, bu sürümün hangi film için olduğunu belirleyemedi. {appName} bu sürümü otomatik olarak içe aktaramayabilir. '{0}' almak istiyor musunuz?",
    "Yesterday": "Dün",
    "DownloadClientDelugeSettingsDirectoryCompleted": "Tamamlandığında Dizini Taşı",
    "Dash": "Çizgi",
    "DeleteImportList": "İçe Aktarma Listesini Sil",
    "Donate": "Bağış yap",
    "DownloadClientAriaSettingsDirectoryHelpText": "İndirilenlerin yerleştirileceği isteğe bağlı konum, varsayılan Aria2 konumunu kullanmak için boş bırakın",
    "Database": "Veri tabanı",
    "DeleteRootFolder": "Kök Klasörü Sil",
    "RegularExpressionsCanBeTested": "Düzenli ifadeler [burada]({url}) test edilebilir.",
    "AutoTaggingSpecificationTag": "Etiket",
    "DoNotBlocklistHint": "Engellenenler listesine eklemeden kaldır",
    "DownloadClientDelugeSettingsDirectory": "İndirme Dizini",
    "DownloadClientDelugeSettingsDirectoryCompletedHelpText": "Tamamlanan indirmelerin taşınacağı isteğe bağlı konum; varsayılan Deluge konumunu kullanmak için boş bırakın",
    "DoNotBlocklist": "Engelleme Listesine Eklemeyin",
    "DownloadClientDelugeSettingsDirectoryHelpText": "İndirilenlerin yerleştirileceği isteğe bağlı konum; varsayılan Deluge konumunu kullanmak için boş bırakın",
    "DeleteCondition": "Koşulu Sil",
    "DeleteSelectedDownloadClientsMessageText": "Seçilen {count} indirme istemcisini silmek istediğinizden emin misiniz?",
    "DeleteSelectedImportLists": "İçe Aktarma Listelerini Sil",
    "DeleteAutoTag": "Etiketi Otomatik Sil",
    "CustomFormatsSettingsTriggerInfo": "Bir yayına veya dosyaya, seçilen farklı koşul türlerinden en az biriyle eşleştiğinde Özel Format uygulanacaktır.",
    "DeleteSelectedImportListsMessageText": "Seçilen {count} içe aktarma listesini silmek istediğinizden emin misiniz?",
    "DeleteSelectedIndexersMessageText": "Seçilen {count} indeksleyiciyi silmek istediğinizden emin misiniz?",
    "IndexerPriorityHelpText": "İndeksleyici Önceliği (En Yüksek) 1'den (En Düşük) 50'ye kadar. Varsayılan: 25'dir. Eşit olmayan yayınlar için eşitlik bozucu olarak yayınlar alınırken kullanılan {appName}, RSS Senkronizasyonu ve Arama için etkinleştirilmiş tüm indeksleyicileri kullanmaya devam edecek",
    "ConnectionSettingsUrlBaseHelpText": "{connectionName} URL'sine {url} gibi bir önek ekler",
    "Album": "Albüm",
    "DownloadClientQbittorrentSettingsContentLayout": "İçerik Düzeni",
    "EditAutoTag": "Otomatik Etiket Düzenle",
    "Duration": "Süre",
    "DownloadClientPriorityHelpText": "İstemci Önceliğini 1'den (En Yüksek) 50'ye (En Düşük) indirin. Varsayılan: 1. Aynı önceliğe sahip istemciler için Round-Robin kullanılır.",
    "DownloadClientQbittorrentSettingsContentLayoutHelpText": "qBittorrent'in yapılandırılmış içerik düzenini mi, torrentteki orijinal düzeni mi kullanacağınızı yoksa her zaman bir alt klasör oluşturup oluşturmayacağınızı (qBittorrent 4.3.2+)",
    "NotificationsKodiSettingAlwaysUpdate": "Daima Güncelle",
    "NotificationsKodiSettingAlwaysUpdateHelpText": "Bir video oynatılırken bile kitaplık güncellensin mi?",
    "NotificationsKodiSettingsCleanLibrary": "Kütüphaneyi Temizle",
    "NotificationsKodiSettingsDisplayTime": "Gösterim Süresi",
    "NotificationsKodiSettingsDisplayTimeHelpText": "Bildirimin ne kadar süreyle görüntüleneceği (Saniye cinsinden)",
    "NotificationsKodiSettingsGuiNotification": "GUI Bildirimi",
    "NotificationsKodiSettingsUpdateLibraryHelpText": "İçe Aktarma ve Yeniden Adlandırmada kitaplık güncellensin mi?",
    "IndexerDownloadClientHelpText": "Bu indeksleyiciden almak için hangi indirme istemcisinin kullanılacağını belirtin",
    "Never": "Asla",
    "HealthMessagesInfoBox": "Satırın sonundaki wiki bağlantısını (kitap simgesi) tıklayarak veya [log kayıtlarınızı]({link}) kontrol ederek bu durum kontrolü mesajlarının nedeni hakkında daha fazla bilgi bulabilirsiniz. Bu mesajları yorumlamakta zorluk yaşıyorsanız aşağıdaki bağlantılardan destek ekibimize ulaşabilirsiniz.",
    "Menu": "Menü",
    "NoImportListsFound": "İçe aktarma listesi bulunamadı",
    "EditSelectedDownloadClients": "Seçilen İndirme İstemcilerini Düzenle",
    "Implementation": "Uygula",
    "InstanceName": "Örnek isim",
    "ListRefreshInterval": "Liste Yenileme Aralığı",
    "EditSelectedIndexers": "Seçili İndeksleyicileri Düzenle",
    "ManageIndexers": "İndeksleyicileri Yönet",
    "NoHistoryBlocklist": "Geçmiş engellenenler listesi yok",
    "Label": "Etiket",
    "IndexerDownloadClientHealthCheckMessage": "Geçersiz indirme istemcilerine sahip dizinleyiciler: {0}.",
    "EnableProfile": "Profili Etkinleştir",
    "EnableRssHelpText": "{appName}, RSS Senkronizasyonu aracılığıyla düzenli periyotlarda yayın değişikliği aradığında kullanacak",
    "IgnoreDownloadHint": "{appName}'in bu indirmeyi daha fazla işlemesini durdurur",
    "IgnoreDownloads": "İndirilenleri Yoksay",
    "InstanceNameHelpText": "Sekmedeki örnek adı ve Syslog uygulaması adı için",
    "LabelIsRequired": "Etiket gerekli",
    "ManageLists": "Listeleri Yönet",
    "InvalidUILanguage": "Kullanıcı arayüzünüz geçersiz bir dile ayarlanmış, düzeltin ve ayarlarınızı kaydedin",
    "FormatAgeDay": "gün",
    "FormatDateTime": "{formattedDate} {formattedTime}",
    "FormatDateTimeRelative": "{relativeDay}, {formattedDate} {formattedTime}",
    "FormatRuntimeHours": "{hours}s",
    "FormatRuntimeMinutes": "{minutes}dk",
    "FormatShortTimeSpanHours": "{hours} saat",
    "FormatTimeSpanDays": "{days}g {time}",
    "FormatShortTimeSpanMinutes": "{minutes} dakika",
    "FormatShortTimeSpanSeconds": "{seconds} saniye",
    "NoDownloadClientsFound": "İndirme istemcisi bulunamadı",
    "ManageClients": "İstemcileri Yönet",
    "ManageDownloadClients": "İndirme İstemcilerini Yönet",
    "InfoUrl": "Bilgi URL'si",
    "IndexerSettingsRejectBlocklistedTorrentHashesHelpText": "Bir torrent hash tarafından engellenirse, bazı indeksleyiciler için RSS / Arama sırasında düzgün bir şekilde reddedilmeyebilir, bunun etkinleştirilmesi, torrent alındıktan sonra, ancak istemciye gönderilmeden önce reddedilmesine izin verecektir.",
    "EditSelectedImportLists": "Seçilen İçe Aktarma Listelerini Düzenle",
    "NoIndexersFound": "İndeksleyici bulunamadı",
    "NotificationsEmbySettingsSendNotificationsHelpText": "MediaBrowser'ın yapılandırılmış sağlayıcılara bildirim göndermesini sağlayın",
    "NotificationsEmbySettingsUpdateLibraryHelpText": "İçe Aktarma, Yeniden Adlandırma veya Silme sırasında Kitaplık Güncellensin mi?",
    "IgnoreDownload": "İndirmeyi Yoksay",
    "IgnoreDownloadsHint": "{appName}'ın bu indirmeleri daha fazla işlemesi durdurulur",
    "FormatAgeDays": "gün",
    "FormatAgeHour": "saat",
    "ManageImportLists": "İçe Aktarma Listelerini Yönet",
    "NotificationsEmbySettingsSendNotifications": "Bildirim Gönder",
    "NotificationsKodiSettingsCleanLibraryHelpText": "Güncellemeden sonra kitaplığı temizle",
    "IndexerSettingsRejectBlocklistedTorrentHashes": "Alırken Engellenen Torrent Karmalarını Reddet",
    "ThereWasAnErrorLoadingThisItem": "Bu öğe yüklenirken bir hata oluştu",
    "NotificationsPlexSettingsAuthenticateWithPlexTv": "Plex.tv ile kimlik doğrulaması yapın",
    "NotificationsSettingsUpdateLibrary": "Kitaplığı Güncelle",
    "NotificationsPlexSettingsAuthToken": "Kimlik Doğrulama Token'ı",
    "NotificationsSettingsUpdateMapPathsFromHelpText": "{appName} yolu, {serviceName} kitaplık yolu konumunu {appName}'dan farklı gördüğünde seri yollarını değiştirmek için kullanılır ('Kütüphaneyi Güncelle' gerektirir)",
    "NotificationsSettingsUpdateMapPathsTo": "Harita Yolları",
    "NotificationsSettingsUseSslHelpText": "{serviceName} hizmetine HTTP yerine HTTPS üzerinden bağlanın",
    "NotificationsSettingsUpdateMapPathsToHelpText": "{serviceName}, kitaplık yolu konumunu {appName}'den farklı gördüğünde seri yollarını değiştirmek için kullanılan {serviceName} yolu ('Kütüphaneyi Güncelle' gerektirir)",
    "PasswordConfirmation": "Şifre Tekrarı",
    "Rejections": "Reddedilenler",
    "ReleaseProfiles": "Yayımlama Profilleri",
    "SelectIndexerFlags": "İndeksleyici Bayraklarını Seçin",
    "UpdateFiltered": "Filtrelenenleri Güncelle",
    "UseSsl": "SSL kullan",
    "RemoveCompletedDownloads": "Tamamlanan İndirmeleri Kaldır",
    "RemoveDownloadsAlert": "Kaldırma ayarları, yukarıdaki tabloda bireysel İndirme İstemcisi ayarlarına taşınmıştır.",
    "ResetTitles": "Başlıkları Sıfırla",
    "Period": "Periyot",
    "RemoveMultipleFromDownloadClientHint": "İndirilenleri ve dosyaları indirme istemcisinden kaldırır",
    "RemoveQueueItemRemovalMethod": "Kaldırma Yöntemi",
    "RemoveFromDownloadClientHint": "İndirilenleri ve dosyaları indirme istemcisinden kaldırır",
    "ResetQualityDefinitionsMessageText": "Kalite tanımlarını sıfırlamak istediğinizden emin misiniz?",
    "ResetQualityDefinitions": "Kalite Tanımlarını Sıfırla",
    "RemoveQueueItem": "Kaldır - {sourceTitle}",
    "RemoveQueueItemRemovalMethodHelpTextWarning": "'İndirme İstemcisinden Kaldır', indirme işlemini ve dosyaları indirme istemcisinden kaldıracaktır.",
    "RemoveQueueItemsRemovalMethodHelpTextWarning": "'İndirme İstemcisinden Kaldır', indirilenleri ve dosyaları indirme istemcisinden kaldıracaktır.",
    "Space": "Boşluk",
    "Theme": "Tema",
    "Underscore": "Vurgula",
    "OnApplicationUpdate": "Uygulama Güncellemesinde",
    "SizeLimit": "Boyut Limiti",
    "OnHealthRestored": "Sağlığın İyileştirilmesi Hakkında",
    "RemoveTagsAutomaticallyHelpText": "Koşullar karşılanmazsa otomatik etiketlemeyi kaldırın",
    "UpdateAvailableHealthCheckMessage": "Yeni güncelleme mevcut: {version}",
    "NotificationsTelegramSettingsIncludeAppName": "{appName}'i Başlığa dahil et",
    "NotificationsTelegramSettingsIncludeAppNameHelpText": "Farklı uygulamalardan gelen bildirimleri ayırt etmek için isteğe bağlı olarak mesaj başlığının önüne {appName} ekleyin",
    "RemotePathMappingCheckImportFailed": "{appName} filmi içe aktaramadı. Ayrıntılar için günlüklerinizi kontrol edin.",
    "RemoveSelectedItem": "Seçilen Öğeyi Kaldır",
    "ResetDefinitionTitlesHelpText": "Değerlerin yanı sıra tanım başlıklarını da sıfırlayın",
    "SetIndexerFlags": "İndeksleyici Bayraklarını Ayarla",
    "SkipRedownload": "Yeniden İndirmeyi Atla",
    "SupportedAutoTaggingProperties": "{appName}, otomatik etiketleme kuralları için takip özelliklerini destekler",
    "ThemeHelpText": "Uygulama Kullanıcı Arayüzü Temasını Değiştirin, 'Otomatik' Teması, Açık veya Koyu modu ayarlamak için İşletim Sistemi Temanızı kullanacaktır. Theme.Park'tan ilham alındı",
    "ThereWasAnErrorLoadingThisPage": "Sayfa yüklenirken bir hata oluştu",
    "ResetDefinitions": "Tanımları Sıfırla",
    "RootFolderPath": "Kök Klasör Yolu",
    "RemoveCompleted": "Tamamlananları Kaldır",
    "RemoveFailed": "Başarısızları Kaldır",
    "RemoveSelectedItems": "Seçili öğeleri kaldır",
    "RemoveTagsAutomatically": "Otomatik Etiketlemeyi Kaldır",
    "Started": "Başlatıldı",
    "RemoveFailedDownloads": "Başarısız İndirmeleri Kaldır",
    "RegularExpressionsTutorialLink": "Düzenli ifadeler hakkında daha fazla ayrıntıyı [burada]({url}) bulabilirsiniz.",
    "SelectReleaseGroup": "Yayımlama Grubunu Seçin",
    "QueueFilterHasNoItems": "Seçilen kuyruk filtresinde hiç öğe bulunamadı",
    "NotificationsSettingsUpdateMapPathsFrom": "Harita Yolları",
    "PreferProtocol": "{preferredProtocol}'u tercih edin",
    "IndexerSettingsSeedTime": "Seed Süresi",
    "IndexerSettingsSeedRatio": "Seed Oranı",
    "IndexerSettingsSeedTimeHelpText": "Bir torrentin durdurulmadan önce ulaşması gereken oran, boş bırakıldığında uygulamanın varsayılanı kullanılır",
    "IndexerSettingsSeedRatioHelpText": "Bir torrentin durdurulmadan önce ulaşması gereken oran. Boş bırakılırsa indirme istemcisinin varsayılan değerini kullanır. Oran en az 1,0 olmalı ve indeksleyici kurallarına uygun olmalıdır",
    "External": "Harici",
    "InteractiveSearchModalHeaderTitle": "İnteraktif Arama - {title}",
    "MassSearchCancelWarning": "Bu, {appName} uygulamasını yeniden başlatmadan veya tüm İndeksleyiciler devre dışı bırakılmadan başlatılır ise iptal edilemez.",
    "Albums": "Albüm",
    "InteractiveSearchModalHeader": "Etkileşimli Arama",
    "NoMissingItems": "Eksik öğe yok",
    "QualityProfileIdHelpText": "Kalite Profili listesi öğeleri şu şekilde eklenecektir:",
    "ReleaseProfile": "Sürüm Profili",
    "RemotePathMappingCheckFilesGenericPermissions": "{downloadClientName} istemcisinin {path} dizininde rapor ettiği dosyaları indiriyor, ancak {appName} bu dizini göremiyor. Klasörün izinlerini ayarlamanız gerekebilir.",
    "IndexerJackettAll": "Desteklenmeyen Jackett 'hepsi' uç noktasını kullanan dizinleyiciler: {indexerNames}",
    "RootFolderPathHelpText": "Kök Klasör listesi öğeleri eklenecek",
    "SearchForAllCutoffUnmetAlbums": "Tüm Kesinti Karşılanmayan filmlerini arayın",
    "IsShowingMonitoredMonitorSelected": "Takip Edilen Seçildi",
    "RemotePathMappingCheckDownloadPermissions": "{appName}, indirilen filmin {path} yolunu görebilir ancak erişemez. Olası izin hatası.",
    "SearchForAllMissingAlbumsConfirmationCount": "{totalRecords} eksik filmin tamamını aramak istediğinizden emin misiniz?",
    "MetadataProfileIdHelpText": "Kalite Profili listesi öğeleri şu şekilde eklenecektir:",
    "DownloadClientTagHelpText": "Bu indirme istemcisini yalnızca en az bir eşleşen etikete sahip filmler için kullanın. Tüm filmlerde kullanmak için boş bırakın.",
    "IndexerTagHelpText": "Bu dizinleyiciyi yalnızca en az bir eşleşen etikete sahip filmler için kullanın. Tüm filmlerle kullanmak için boş bırakın.",
    "RemotePathMappingCheckGenericPermissions": "{downloadClientName} indirme istemcisi, indirmeleri {path} dizinine yerleştiriyor ancak {appName} bu dizini göremiyor. Klasörün izinlerini ayarlamanız gerekebilir.",
    "RemotePathMappingCheckFilesLocalWrongOSPath": "Yerel indirme istemcisi {downloadClientName}, {path} yolunda dosyalar bildirdi ancak bu geçerli bir {osName} yolu değil. İndirme istemcisi ayarlarınızı gözden geçirin.",
    "RemotePathMappingCheckRemoteDownloadClient": "Uzaktan indirme istemcisi {downloadClientName}, {path} yolunda dosyalar bildirdi ancak bu dizin mevcut görünmüyor. Muhtemelen uzak yol eşlemesi eksik.",
    "RemotePathMappingCheckFilesBadDockerPath": "Docker kullanıyorsunuz; {downloadClientName} indirme istemcisi, {path} yolunda dosyalar bildirdi ancak bu geçerli bir {osName} yolu değil. Uzak yol eşlemelerinizi gözden geçirin ve istemci ayarlarını indirin.",
    "RemotePathMappingsInfo": "Uzak Yol Eşlemeleri çok nadiren gereklidir, {appName} ve indirme istemciniz aynı sistemdeyse yollarınızı eşleştirmeniz daha iyidir. Daha fazla bilgi için [wiki]({wikiLink}) adresini ziyaret edin",
    "RecycleBinUnableToWriteHealthCheck": "Yapılandırılmış geri dönüşüm kutusu klasörüne yazılamıyor: {path}. Bu yolun mevcut olduğundan ve {appName} uygulamasını çalıştıran kullanıcı tarafından yazılabilir olduğundan emin olun",
    "DownloadClientRemovesCompletedDownloadsHealthCheckMessage": "{downloadClientName} indirme istemcisi, tamamlanan indirmeleri kaldıracak şekilde ayarlandı. Bu, indirilenlerin {appName} içe aktarılmadan önce istemcinizden kaldırılmasına neden olabilir.",
    "RemotePathMappingCheckFilesWrongOSPath": "Uzaktan indirme istemcisi {downloadClientName}, {path} yolunda dosyalar bildirdi ancak bu geçerli bir {osName} yolu değil. Uzak yol eşlemelerinizi gözden geçirin ve istemci ayarlarını indirin.",
    "DownloadClientSortingCheckMessage": "{downloadClientName} indirme istemcisinde, {appName} kategorisi için {sortingMode} sıralama etkinleştirildi. İçe aktarma sorunlarını önlemek için indirme istemcinizde sıralamayı devre dışı bırakmalısınız.",
    "RemotePathMappingCheckBadDockerPath": "Docker kullanıyorsunuz; {downloadClientName} indirme istemcisi indirmeleri {path} yoluna yerleştiriyor ancak bu geçerli bir {osName} yolu değil. Uzak yol eşlemelerinizi gözden geçirin ve istemci ayarlarını indirin.",
    "RemotePathMappingCheckDockerFolderMissing": "Docker kullanıyorsunuz; {downloadClientName} indirme istemcisi, indirilenleri {path} dizinine yerleştiriyor ancak bu dizin, kapsayıcının içinde mevcut görünmüyor. Uzak yol eşlemelerinizi ve kapsayıcı birim ayarlarınızı gözden geçirin.",
    "RemotePathMappingCheckWrongOSPath": "Uzaktan indirme istemcisi {downloadClientName}, indirmeleri {path} yoluna yerleştiriyor ancak bu geçerli bir {osName} yolu değil. Uzak yol eşlemelerinizi gözden geçirin ve istemci ayarlarını indirin.",
    "TBA": "Daha sonra duyurulacak",
    "ProfilesSettingsArtistSummary": "Kalite, Dil, Gecikme ve Yayımlama profilleri",
    "EnabledHelpText": "Yayımlama profilini etkinleştirmek için işaretleyin",
    "IndexerIdHelpText": "Profilin hangi dizinleyiciye uygulanacağını belirtin",
    "RemotePathMappingCheckFileRemoved": "Dosyanın {path} yolu işlenme sürecinin bir parçası olarak kaldırıldı.",
    "RemotePathMappingCheckLocalFolderMissing": "Uzaktan indirme istemcisi {downloadClientName}, indirmeleri {path} dizinine yerleştiriyor ancak bu dizin mevcut görünmüyor. Muhtemelen eksik veya yanlış uzak yol eşlemesi.",
    "ResetTitlesHelpText": "Değerlerin yanı sıra tanım başlıklarını da sıfırlayın",
    "SearchForAllCutoffUnmetAlbumsConfirmationCount": "{totalRecords} Karşılanmayan Kesim filmlerinin tamamını aramak istediğinizden emin misiniz?",
    "ErrorLoadingContent": "Bu içerik yüklenirken bir hata oluştu",
    "Loading": "Yükleniyor",
    "IsShowingMonitoredUnmonitorSelected": "Seçili Takipleri Kaldır",
    "RemotePathMappingCheckFolderPermissions": "{appName}, {path} indirme dizinini görebilir ancak erişemez. Olası izin hatası.",
    "ExpandAlbumByDefaultHelpText": "Albüm",
    "SearchForAllMissingAlbums": "Eksik tüm filmleri arayın",
    "UserAgentProvidedByTheAppThatCalledTheAPI": "API'yi çağıran uygulama tarafından sağlanan Kullanıcı Aracısı",
    "NoCutoffUnmetItems": "Karşılanmayan son öğe yok",
    "RemotePathMappingCheckLocalWrongOSPath": "Yerel indirme istemcisi {downloadClientName}, indirmeleri {path} yoluna yerleştiriyor ancak bu geçerli bir {osName} yolu değil. İndirme istemcisi ayarlarınızı gözden geçirin.",
    "DeleteArtistFolderCountConfirmation": "Seçilen {count} içe aktarma listesini silmek istediğinizden emin misiniz?",
    "DeleteArtistFolderCountWithFilesConfirmation": "Seçili {count} filmi ve tüm içeriklerini silmek istediğinizden emin misiniz?",
    "MassAlbumsCutoffUnmetWarning": "{totalRecords} Karşılanmayan Kesim filmlerinin tamamını aramak istediğinizden emin misiniz?",
    "False": "Pasif",
    "Parse": "Ayrıştır",
    "ParseModalErrorParsing": "Ayrıştırmada hata oluştu. Lütfen tekrar deneyin.",
    "ParseModalHelpText": "Yukarıdaki girişe bir yayın başlığı girin",
    "ParseModalHelpTextDetails": "{appName}, başlığı ayrıştırmaya ve size konuyla ilgili ayrıntıları göstermeye çalışacak",
    "ParseModalUnableToParse": "Sağlanan başlık ayrıştırılamadı, lütfen tekrar deneyin.",
    "Repack": "Yeniden paketle",
    "TestParsing": "Ayrıştırma Testi",
    "True": "Aktif",
    "BuiltIn": "Dahili",
    "Script": "Komut Dosyası",
    "Any": "Herhangi",
    "DeleteSelected": "Seçileni Sil",
    "CountCustomFormatsSelected": "{count} özel format seçildi",
    "EditSelectedCustomFormats": "Seçilen Özel Formatları Düzenle",
    "IncludeCustomFormatWhenRenaming": "Yeniden Adlandırırken Özel Formatı Dahil Et",
    "ManageCustomFormats": "Özel Formatları Yönet",
    "NoCustomFormatsFound": "Özel format bulunamadı",
    "DeleteSelectedCustomFormats": "Özel Formatı Sil",
    "DeleteSelectedCustomFormatsMessageText": "Seçilen {count} içe aktarma listesini silmek istediğinizden emin misiniz?",
    "LogSizeLimit": "Log Boyutu Sınırı",
    "LogSizeLimitHelpText": "Arşivlemeden önce MB cinsinden maksimum log dosya boyutu. Varsayılan 1 MB'tır.",
    "SkipFreeSpaceCheckHelpText": "{appName} kök klasörünüzde boş alan tespit edemediğinde bunu kullansın",
    "Logout": "Çıkış",
    "IndexerSettingsApiUrl": "API URL'si",
    "LastSearched": "Son Aranan",
    "AptUpdater": "Güncellemeyi yüklemek için apt'ı kullanın",
    "DockerUpdater": "Güncellemeyi almak için docker konteynerini güncelleyin",
    "ExternalUpdater": "{appName}, harici bir güncelleme mekanizması kullanacak şekilde yapılandırıldı",
    "InstallLatest": "En Sonu Yükle",
    "OnLatestVersion": "{appName}'ın en son sürümü kurulu",
    "PreviouslyInstalled": "Daha Önce Kurulmuş",
    "Shutdown": "Kapat",
    "UpdateAppDirectlyLoadError": "{appName} doğrudan güncellenemiyor,",
    "Install": "Kur",
    "InstallMajorVersionUpdate": "Güncellemeyi Kur",
    "InstallMajorVersionUpdateMessage": "Bu güncelleştirme yeni bir ana sürüm yükleyecek ve sisteminizle uyumlu olmayabilir. Bu güncelleştirmeyi yüklemek istediğinizden emin misiniz?",
    "InstallMajorVersionUpdateMessageLink": "Daha fazla bilgi için lütfen [{domain}]({url}) adresini kontrol edin.",
    "SmartReplace": "Akıllı Değiştir",
    "DashOrSpaceDashDependingOnName": "İsme bağlı olarak Dash veya Space Dash",
    "Discography": "diskografi",
    "UnmappedFiles": "Eşlenmemiş Klasörler",
    "Artist": "sanatçı",
    "Season": "Sezon",
    "CatalogNumber": "katalog numarası",
    "Artists": "sanatçı",
    "DownloadImported": "Yoksayılanları İndir",
    "ManageFormats": "Formatları Yönet",
    "Continuing": "Devam Ediyor",
    "AutoAdd": "Otomatik Ekle",
    "Monitoring": "Takip Durumu",
    "MonitoringOptions": "Takip Etme Seçenekleri",
    "Other": "Diğer",
    "MediaManagementSettingsSummary": "Adlandırma ve dosya yönetimi ayarları",
    "EndedOnly": "Sadece Biten",
    "IndexersSettingsSummary": "İndeksleyiciler ve indeksleyici seçenekleri",
    "ContinuingOnly": "Sadece Devam Eden",
    "IndexerSettingsApiUrlHelpText": "Ne yaptığınızı bilmiyorsanız bunu değiştirmeyin. API anahtarınız ana sunucuya gönderilecektir.",
    "ShowBanners": "Bannerları Göster",
    "UpdateMonitoring": "Takip Edilenleri Güncelle",
    "WithFiles": "Dosyalarla",
    "SearchMonitored": "Takip Edilenleri Ara",
    "SceneInformation": "Sahne Bilgileri",
    "Total": "Toplam",
    "AddDelayProfileError": "Yeni bir gecikme profili eklenemiyor, lütfen tekrar deneyin.",
    "AllExpandedCollapseAll": "Tümünü Daralt",
    "AllExpandedExpandAll": "Tümünü Genişlet",
    "EpisodeDoesNotHaveAnAbsoluteEpisodeNumber": "Bölümün kesin bir bölüm numarası yoktur",
    "ExpandOtherByDefaultHelpText": "Diğer",
    "ImportListTagsHelpText": "Etiketler listesi öğeleri eklenecek",
    "SceneNumberHasntBeenVerifiedYet": "Sahne numarası henüz doğrulanmadı",
    "StatusEndedContinuing": "Devam Ediyor",
    "Max": "Max",
    "Preferred": "Tercihli",
    "Today": "Bugün",
    "Min": "Min",
    "MappedNetworkDrivesWindowsService": "Windows Hizmeti olarak çalıştırıldığında eşlenen ağ sürücüleri kullanılamaz, daha fazla bilgi için [SSS]({url}) bölümüne bakın.",
    "DownloadClientSettingsPostImportCategoryHelpText": "{appName}'in indirmeyi içe aktardıktan sonra ayarlayacağı kategori. {appName}, seed tamamlanmış olsa bile bu kategorideki torrentleri kaldırmayacaktır. Aynı kategoriyi korumak için boş bırakın.",
    "DownloadClientSettingsRecentPriority": "Yeni Önceliği",
    "PostImportCategory": "İçe Aktarma Sonrası Kategorisi",
    "DownloadClientSettingsOlderPriority": "Eski Önceliği",
    "NotificationsSettingsWebhookHeaders": "Başlıklar"
}
