{
    "Version": "Verzija",
    "Options": "Opcije",
    "Health": "Zdravlje",
    "Result": "Rezultat",
    "Type": "Tip",
    "Yes": "Da",
    "Year": "Godina",
    "Priority": "Prioritet",
    "History": "Povijest",
    "Name": "Ime",
    "Size": "Veličina",
    "Save": "Spremi",
    "No": "Ne",
    "YesCancel": "Da, otkaži",
    "Restart": "Resetiraj",
    "System": "Sustav",
    "Source": "Izvor",
    "Status": "Status",
    "Time": "Vrijeme",
    "AppDataDirectory": "AppData direktorij",
    "AddAutoTag": "Dodaj AutoOznaku",
    "AddAutoTagError": "Neuspješno dodavanje automatske oznake, molimo pokušaj ponovno.",
    "AddCondition": "Dodaj Uvjet",
    "AddConnection": "Dodaj vezu",
    "AddDownloadClientError": "Nesupješno dodavanje klijenta za preuzimanje, molimo pokušaj ponovno.",
    "AddImportList": "Dodaj Listu Za Uvoz",
    "AddNotificationError": "Neuspješno dodavanje nove obavijesti, molimo pokušaj ponovno.",
    "AddQualityProfileError": "Neuspješno dodavanje novog profila kvalitete, molimo pokušaj ponovno.",
    "AnalyseVideoFilesHelpText": "Čitanje video informacija kao što su rezolucija, vrijeme izvođenja i kodek iz datoteka. Ovo zahtjeva da {appName} čita dijelove datoteke što može uzrokovati visoku aktivnost diska ili mreže tijekom skeniranja.",
    "AudioLanguages": "Audio Jezici",
    "AllTitles": "Svi Naslovi",
    "AddRootFolder": "Dodaj Korijensku Mapu",
    "AddNewRestriction": "Dodaj novo ograničenje",
    "Any": "BIlo koji",
    "ApiKeyValidationHealthCheckMessage": "Molimo ažuriraj svoj API ključ da ima barem {length} znakova. Ovo možeš uraditi u postavkama ili konfiguracijskoj datoteci",
    "AppUpdated": "{appName} Ažuriran",
    "ApplyChanges": "Primjeni Promjene",
    "AuthenticationMethod": "Metoda Autentikacije",
    "AuthenticationMethodHelpTextWarning": "Molimo odaberi ispravnu metodu autentikacije",
    "AuthenticationRequiredPasswordHelpTextWarning": "Unesi novu lozinku",
    "AddConditionImplementation": "Dodaj Uvjet - {implementationName}",
    "AddConnectionImplementation": "Dodaj Vezu - {implementationName}",
    "AddCustomFormatError": "Neuspješno dodavanje novog prilagođenog formata, molimo pokušaj ponovno.",
    "AddDownloadClientImplementation": "Dodaj Klijenta za Preuzimanje- {implementationName}",
    "AddImportListImplementation": "Dodaj Listu Za Uvoz - {implementationName}",
    "AddListError": "Neuspješno dodavanje nove liste, molimo pokušaj ponovno.",
    "AuthenticationRequiredPasswordConfirmationHelpTextWarning": "Potvrdi novu lozinku",
    "AddRootFolderError": "Neuspješno dodavanje korijenske mape",
    "AutoRedownloadFailed": "Ponovno preuzimanje neuspješno",
    "AutoRedownloadFailedFromInteractiveSearch": "Ponovno preuzimanje iz Interaktivne Pretrage neuspješno",
    "AddDelayProfileError": "Neuspješno dodavanje profila odgode, molimo pokušaj ponovno.",
    "AddIndexerError": "Neuspješno dodavanje novog indexera, molimo pokušaj ponovno.",
    "AddReleaseProfile": "Dodaj profil verzije",
    "AddRemotePathMapping": "Dodaj mapiranje mrežne putanje",
    "AddRemotePathMappingError": "Neuspješno dodavanje novog mapiranja mrežne putanje, molimo pokušaj ponovno.",
    "AuthenticationRequired": "Potrebna Autentikacija",
    "AuthenticationRequiredUsernameHelpTextWarning": "Unesi novo korisničko ime",
    "AddConditionError": "Neuspješno dodavanje novog uvjeta, molimo pokušaj ponovno.",
    "AddIndexerImplementation": "Dodaj Indexer - {implementationName}",
    "AuthenticationRequiredWarning": "Kako bi se spriječio udaljeni pristup bez autentikacije, {appName} sad zahtjeva da autentikacija bude omogućena. Izborno se može onemogućiti autentikacija s lokalnih adresa."
}
