{
    "DeleteConditionMessageText": "Sei sicuro di voler eliminare la condizione '{name}'?",
    "ApplyTagsHelpTextReplace": "Sostituire: Sostituisce le etichette con quelle inserite (non inserire nessuna etichette per eliminarle tutte)",
    "ApplyTagsHelpTextHowToApplyIndexers": "Come applicare etichette agli indicizzatori selezionati",
    "MoveAutomatically": "Sposta Automaticamente",
    "ApplyTagsHelpTextRemove": "Rimuovi: Rimuove le etichette inserite",
    "ApplyTagsHelpTextAdd": "Aggiungi: Aggiunge le etichette alla lista esistente di etichette",
    "DeleteCustomFormatMessageText": "Sei sicuro di voler eliminare il formato personalizzato '{name}'?",
    "DeleteSelectedDownloadClients": "Cancella i Client di Download",
    "Added": "Aggiunto",
    "AutomaticAdd": "Aggiungi Automaticamente",
    "AddNew": "Aggiungi Nuovo",
    "Add": "Aggiungi",
    "AddingTag": "Aggiungendo etichetta",
    "AutoAdd": "Aggiungi Automaticamente",
    "AirDate": "Data di Trasmissione",
    "AllTitles": "Tutti i Titoli",
    "ApiKeyValidationHealthCheckMessage": "Aggiorna la tua chiave API in modo che abbia una lunghezza di almeno {length} caratteri. Puoi farlo dalle impostazioni o dal file di configurazione",
    "Apply": "Applica",
    "ApplyChanges": "Applica Cambiamenti",
    "ApplyTags": "Applica Etichette",
    "BackupNow": "Esegui backup ora",
    "Backups": "Backup",
    "Blocklist": "Lista dei Blocchi",
    "Activity": "Attività",
    "About": "Info",
    "Actions": "Azioni",
    "AptUpdater": "Usa apt per installare l'aggiornamento",
    "Backup": "Backup",
    "ApplyTagsHelpTextHowToApplySeries": "Come applicare le etichette alle serie selezionate",
    "AddImportList": "Aggiungi lista da importare",
    "AddCondition": "Aggiungi Condizione",
    "CloneCondition": "Duplica Condizione",
    "Ended": "Finito",
    "BuiltIn": "Incluso",
    "AppDataLocationHealthCheckMessage": "L'aggiornamento non sarà possibile per evitare la cancellazione di AppData durante l'aggiornamento",
    "CountSeasons": "{count} Stagioni",
    "HideAdvanced": "Nascondi Avanzate",
    "Absolute": "Assoluto",
    "AddANewPath": "Aggiungi nuovo percorso",
    "AddConditionImplementation": "Aggiungi Condizione - {implementationName}",
    "AddConnectionImplementation": "Aggiungi Connessione - {implementationName}",
    "AddCustomFilter": "Aggiungi Filtro Personalizzato",
    "AddDownloadClientImplementation": "Aggiungi un Client di Download - {implementationName}",
    "AddExclusion": "Aggiungi Esclusione",
    "AddIndexerImplementation": "Aggiungi indicizzatore - {implementationName}",
    "AddNewSeries": "Aggiungi Nuova Serie",
    "AddNewSeriesRootFolderHelpText": "La cartella '{folder}' verrà creata automaticamente",
    "AddNewSeriesError": "Caricamento dei risultati della ricerca fallito, prova ancora.",
    "AddSeriesWithTitle": "Aggiungi {title}",
    "AddNewSeriesSearchForMissingEpisodes": "Avvia la ricerca degli episodi mancanti",
    "AddToDownloadQueue": "Aggiungi alla coda dei download",
    "AddedToDownloadQueue": "Aggiunto alla coda dei download",
    "Airs": "Trasmesso",
    "AirsTomorrowOn": "Domani alle {time} su {networkLabel}",
    "AllFiles": "Tutti i File",
    "AllSeriesInRootFolderHaveBeenImported": "Tutte le serie in {path} sono state importate",
    "Any": "Qualunque",
    "AppUpdated": "{appName} Aggiornato",
    "AppUpdatedVersion": "{appName} è stato aggiornato alla versione `{version}`, per vedere le modifiche devi ricaricare {appName} ",
    "ApplicationURL": "URL Applicazione",
    "AuthenticationMethodHelpText": "Utilizza nome utente e password per accedere a {appName}",
    "BindAddressHelpText": "Indirizzi IP validi, localhost o '*' per tutte le interfacce",
    "BeforeUpdate": "Prima dell'aggiornamento",
    "CalendarFeed": "Feed calendario {appName}",
    "CalendarOptions": "Opzioni del Calendario",
    "ChooseImportMode": "Seleziona Metodo di Importazione",
    "CollapseMultipleEpisodes": "Collassa Episodi Multipli",
    "Conditions": "Condizioni",
    "Continuing": "In Corso",
    "CountSelectedFile": "{selectedCount} file selezionati",
    "DeleteDownloadClient": "Cancella Client di Download",
    "DefaultNameCopiedProfile": "{name} - Copia",
    "DefaultNameCopiedSpecification": "{name} - Copia",
    "DeleteCustomFormat": "Cancella Formato Personalizzato",
    "DeleteEpisodeFile": "Cancella File Episodio",
    "HiddenClickToShow": "Nascosto, premi per mostrare",
    "ImportListStatusUnavailableHealthCheckMessage": "Liste non disponibili a causa di errori: {importListNames}",
    "AnalyseVideoFiles": "Analizza i file video",
    "Anime": "Anime",
    "AgeWhenGrabbed": "Età (quando recuperato)",
    "AuthenticationRequiredWarning": "Per prevenire accessi remoti non autorizzati, {appName} da ora richiede che l'autenticazione sia abilitata. Opzionalmente puoi disabilitare l'autenticazione per gli indirizzi di rete locali.",
    "AutoTagging": "Tagging Automatico",
    "BrowserReloadRequired": "Richiede il reload del Browser",
    "Calendar": "Calendario",
    "CertificateValidation": "Convalida del Certificato",
    "CertificateValidationHelpText": "Cambia quanto rigorosamente vengono validati i certificati HTTPS. Non cambiare senza conoscerne i rischi.",
    "Certification": "Certificazione",
    "ChangeFileDate": "Cambiare la Data del File",
    "ChooseAnotherFolder": "Scegli un'altra cartella",
    "ChownGroup": "Gruppo chown",
    "ChmodFolderHelpTextWarning": "Funziona solo se l'utente di {appName} è il proprietario del file. E' meglio assicurarsi che il client di download imposti i permessi correttamente.",
    "CloneAutoTag": "Copia Auto Tag",
    "Clone": "Copia",
    "CloneCustomFormat": "Copia Formato Personalizzato",
    "CloneIndexer": "Copia Indicizzatore",
    "CloneProfile": "Copia Profilo",
    "ContinuingOnly": "Solo In Corso",
    "DownloadClientCheckNoneAvailableHealthCheckMessage": "Non è disponibile nessun client di download",
    "DownloadClientStatusSingleClientHealthCheckMessage": "Client per il download non disponibili per errori: {downloadClientNames}",
    "AddAutoTag": "Aggiungi Etichetta Automatica",
    "AbsoluteEpisodeNumbers": "Numeri Episodi Assoluti",
    "Cancel": "Annulla",
    "ApplyTagsHelpTextHowToApplyDownloadClients": "Come applicare etichette ai client di download selezionati",
    "ApplyTagsHelpTextHowToApplyImportLists": "Come applicare etichette alle liste di importazione selezionate",
    "AddRootFolder": "Aggiungi Cartella Radice",
    "AbsoluteEpisodeNumber": "Numero Episodio Assoluto",
    "AddConditionError": "Non è stato possibile aggiungere una nuova condizione. Riprova.",
    "AddConnection": "Aggiungi Connessione",
    "AddAutoTagError": "Impossibile aggiungere un nuovo tag automatico, riprova.",
    "AddCustomFormat": "Aggiungi Formato Personalizzato",
    "AddDownloadClient": "Aggiungi Client di Download",
    "AddCustomFormatError": "Impossibile aggiungere un nuovo formato personalizzato, riprova.",
    "AddDownloadClientError": "Impossibile aggiungere un nuovo client di download, riprova.",
    "AddDelayProfile": "Aggiungi Profilo di Ritardo",
    "AddIndexerError": "Impossibile aggiungere un nuovo Indicizzatore, riprova.",
    "AddIndexer": "Aggiungi Indicizzatore",
    "AddList": "Aggiungi Lista",
    "AddListError": "Non riesco ad aggiungere una nuova lista, riprova.",
    "AddNewRestriction": "Aggiungi una nuova restrizione",
    "AddListExclusionError": "Non riesco ad aggiungere una nuova lista di esclusione, riprova.",
    "AddImportListExclusion": "Cancellare la lista delle esclusioni",
    "AddImportListExclusionError": "Non riesco ad aggiungere una nuova lista di esclusione, riprova.",
    "AddNotificationError": "Impossibile aggiungere una nuova notifica, riprova.",
    "AddQualityProfile": "Aggiungi un Profilo Qualità",
    "AddReleaseProfile": "Aggiungi un Profilo Release",
    "AddQualityProfileError": "Non riesco ad aggiungere un nuovo profilo di qualità, riprova.",
    "AddRemotePathMapping": "Aggiungi Mappatura di un Percorso Remoto",
    "AddRemotePathMappingError": "Non riesco ad aggiungere la mappatura di un nuovo percorso remoto, riprova.",
    "AfterManualRefresh": "Dopo l'aggiornamento manuale",
    "Analytics": "Statistiche",
    "AnimeEpisodeFormat": "Formato Episodi Anime",
    "ApplicationUrlHelpText": "L'URL esterno di questa applicazione, incluso http(s)://, porta e URL base",
    "AuthBasic": "Base (Popup del Browser)",
    "AuthForm": "Form (Pagina di Login)",
    "Authentication": "Autenticazione",
    "AuthenticationRequiredHelpText": "Cambia a quali richieste l'autenticazione verrà chiesta. Non cambiare se non comprendi i rischi.",
    "AuthenticationRequired": "Autenticazione richiesta",
    "BackupRetentionHelpText": "I backup più vecchi del periodo specificato saranno cancellati automaticamente",
    "BackupIntervalHelpText": "Intervallo fra i backup automatici",
    "BindAddress": "Indirizzo di Ascolto",
    "BackupsLoadError": "Impossibile caricare i backup",
    "ChangeFileDateHelpText": "Modifica la data dei file in importazione/rescan",
    "ChmodFolder": "Permessi Cartella",
    "ClientPriority": "Priorità Client",
    "ConnectSettings": "Impostazioni Collegamento",
    "CreateGroup": "Crea gruppo",
    "DeleteEmptyFolders": "Cancella le cartelle vuote",
    "Enabled": "Abilitato",
    "UpdateMechanismHelpText": "Usa il sistema di aggiornamento incorporato di {appName} o uno script",
    "AllResultsAreHiddenByTheAppliedFilter": "Tutti i risultati sono nascosti dal filtro applicato",
    "EditSelectedDownloadClients": "Modifica i Client di Download Selezionati",
    "EditSelectedImportLists": "Modifica le Liste di Importazione Selezionate",
    "Age": "Età",
    "All": "Tutti",
    "AudioInfo": "Informazioni Audio",
    "AudioLanguages": "Lingua Audio",
    "DeleteBackup": "Cancella Backup",
    "DownloadClientSortingHealthCheckMessage": "Il client di download {downloadClientName} ha l'ordinamento {sortingMode} abilitato per la categoria di {appName}. Dovresti disabilitare l'ordinamento nel tuo client di download per evitare problemi di importazione.",
    "EnableAutomaticSearch": "Attiva la Ricerca Automatica",
    "ImportListRootFolderMissingRootHealthCheckMessage": "Persa la cartella principale per l’importazione delle liste : {rootFolderInfo}",
    "ImportListStatusAllUnavailableHealthCheckMessage": "Tutte le liste non sono disponibili a causa di errori",
    "AppDataDirectory": "Cartella AppData",
    "BackupFolderHelpText": "I percorsi relativi saranno nella cartella AppData di {appName}",
    "AnalyticsEnabledHelpText": "Inviare informazioni anonime sull'utilizzo e sugli errori ai server di {appName}. Ciò include informazioni sul tuo browser, quali pagine dell'interfaccia di {appName} usi, la segnalazione di errori così come la versione del sistema operativo e del runtime. Utilizzeremo queste informazioni per dare priorità alle nuove funzioni e alle correzioni di bug.",
    "Connection": "Connessione",
    "Custom": "Personalizzato",
    "CustomFormatJson": "Formato Personalizzato JSON",
    "Day": "Giorno",
    "AddedDate": "Aggiunto: {date}",
    "AirsTbaOn": "Verrà trasmesso su {networkLabel}",
    "AirsTimeOn": "alle {time} su {networkLabel}",
    "AllSeriesAreHiddenByTheAppliedFilter": "Tutti i risultati sono nascosti dal filtro",
    "AlreadyInYourLibrary": "Già presente nella tua libreria",
    "CollapseAll": "Collassa tutto",
    "AlternateTitles": "Titolo alternativo",
    "Always": "Sempre",
    "AnEpisodeIsDownloading": "Un episodio è in download",
    "Connections": "Connessioni",
    "Agenda": "Agenda",
    "DelayProfileProtocol": "Protocollo: {preferredProtocol}",
    "CopyToClipboard": "Copia negli Appunti",
    "ChownGroupHelpTextWarning": "Funziona solo se l'utente di {appName} è il proprietario del file. E' meglio assicurarsi che il client di download usi lo stesso gruppo di {appName}.",
    "ClearBlocklist": "Svuota Lista dei Blocchi",
    "Date": "Data",
    "Dates": "Date",
    "DelayMinutes": "{delay} Minuti",
    "Delete": "Cancella",
    "DeleteIndexer": "Cancella Indicizzatore",
    "EnableInteractiveSearch": "Abilita la Ricerca Interattiva",
    "AuthenticationMethod": "Metodo di Autenticazione",
    "AuthenticationRequiredPasswordHelpTextWarning": "Inserisci la nuova password",
    "AuthenticationRequiredUsernameHelpTextWarning": "Inserisci username",
    "AuthenticationMethodHelpTextWarning": "Selezione un metodo di autenticazione valido",
    "CalendarLegendEpisodeMissingTooltip": "Episodio trasmesso non scaricato sul disco",
    "CalendarLegendEpisodeOnAirTooltip": "L'episodio viene trasmesso",
    "CalendarLegendEpisodeUnairedTooltip": "Episodio non ancora trasmesso",
    "CalendarLegendEpisodeUnmonitoredTooltip": "Episodio non monitorato",
    "CalendarLegendSeriesFinaleTooltip": "Finale di serie o stagione",
    "CalendarLegendSeriesPremiereTooltip": "Premiere della serie o stagione",
    "DailyEpisodeTypeFormat": "Data ({format})",
    "CalendarLegendEpisodeDownloadingTooltip": "L'episodio è in download",
    "Automatic": "Automatico",
    "CalendarLegendEpisodeDownloadedTooltip": "L'episodio è stato scaricato e salvato",
    "CheckDownloadClientForDetails": "controlla il client di download per maggiori dettagli",
    "ChmodFolderHelpText": "Octal, applicato durante l'importazione/rinomina verso cartelle e file (senza bits di esecuzione)",
    "ClearBlocklistMessageText": "Sicuro di voler cancellare la Lista dei Blocchi?",
    "AddRootFolderError": "Impossibile aggiungere cartella radice",
    "AirsDateAtTimeOn": "il {date} alle {time} su {networkLabel}",
    "AutomaticSearch": "Ricerca Automatica",
    "ClickToChangeEpisode": "Click per cambiare episodio",
    "ClickToChangeLanguage": "Click per cambiare lingua",
    "ClickToChangeQuality": "Click per cambiare qualità",
    "ClickToChangeSeries": "Click per cambiare serie",
    "Close": "Chiudi",
    "Component": "Componente",
    "ConnectionLost": "Connessione Persa",
    "ApiKey": "Chiave API",
    "CountSelectedFiles": "{selectedCount} file selezionati",
    "CountSeriesSelected": "{count} serie selezionate",
    "CustomFilters": "Filtri Personalizzati",
    "CustomFormat": "Formato Personalizzato",
    "CustomFormatScore": "Formato Personalizzato Punteggio",
    "CustomFormats": "Formati Personalizzati",
    "CustomFormatsSettingsSummary": "Formati Personalizzati Impostazioni",
    "Daily": "Giornalmente",
    "DeleteCondition": "Cancella Condizione",
    "DeleteEpisodeFromDisk": "Cancella episodio dal disco",
    "DeleteNotification": "Cancella Notifica",
    "DownloadClientCheckUnableToCommunicateWithHealthCheckMessage": "Impossibile comunicare con {downloadClientName}. {errorMessage}",
    "Connect": "Collegamento",
    "CustomFormatsSettings": "Formati Personalizzati Impostazioni",
    "Condition": "Condizione",
    "CalendarLoadError": "Impossibile caricare il calendario",
    "CancelPendingTask": "Sei sicuro di voler cancellare questa operazione in sospeso?",
    "CancelProcessing": "Annulla Elaborazione",
    "Category": "Categoria",
    "ChownGroupHelpText": "Nome del gruppo o gid. Usa gid per sistemi di file remoti.",
    "Clear": "Cancella",
    "AuthenticationRequiredPasswordConfirmationHelpTextWarning": "Conferma la nuova password",
    "ClickToChangeSeason": "Click per cambiare stagione",
    "AnalyseVideoFilesHelpText": "Estrai le informazioni video come risoluzione, durata e codec dai file. Questo richiede che {appName} legga delle parti dei file, ciò potrebbe causare un alto utilizzo del disco e della rete durante le scansioni.",
    "DownloadClientStatusAllClientHealthCheckMessage": "Nessun client di download è disponibile a causa di errori",
    "AddImportListImplementation": "Aggiungi lista di importazione - {implementationName}",
    "AddNewSeriesHelpText": "È facile aggiungere una nuova serie, basta iniziare a digitare il nome della serie che desideri aggiungere.",
    "AddNewSeriesSearchForCutoffUnmetEpisodes": "Inizia la ricerca degli episodi non soddisfatti",
    "AddListExclusionSeriesHelpText": "Impedisce che le serie vengano aggiunte a{appName} tramite liste",
    "AnimeEpisodeTypeDescription": "Episodi rilasciati utilizzando un numero di episodio assoluto",
    "AnimeEpisodeTypeFormat": "Numero assoluto dell'episodio ({format})",
    "AutoRedownloadFailed": "Download fallito",
    "AddDelayProfileError": "Impossibile aggiungere un nuovo profilo di ritardo, riprova.",
    "Cutoff": "Taglio",
    "AddListExclusion": "Aggiungi elenco esclusioni",
    "DownloadClientValidationApiKeyRequired": "API Key Richiesta",
    "Donate": "Dona",
    "DownloadClientDownloadStationValidationNoDefaultDestination": "Nessuna destinazione predefinita",
    "ImportListSettings": "Impostazioni delle Liste",
    "DownloadClientFreeboxSettingsAppId": "ID App",
    "DownloadClientFreeboxSettingsAppToken": "Token App",
    "DownloadClientPneumaticSettingsNzbFolderHelpText": "Questa cartella dovrà essere raggiungibile da XBMC",
    "DownloadClientPneumaticSettingsNzbFolder": "Cartella Nzb",
    "DownloadClientSabnzbdValidationEnableDisableDateSorting": "Disattiva ordinamento per data",
    "DownloadClientQbittorrentValidationCategoryUnsupported": "Categoria non è supportata",
    "DownloadClientValidationCategoryMissing": "Categoria non esiste",
    "DownloadClientRTorrentSettingsUrlPath": "Percorso Url",
    "Default": "Predefinito",
    "DownloadClientFreeboxSettingsApiUrl": "API URL",
    "DownloadClientQbittorrentValidationCategoryRecommended": "Categoria è raccomandata",
    "Discord": "Discord",
    "DownloadClientDownloadStationValidationFolderMissing": "Cartella non esiste",
    "DownloadClientValidationAuthenticationFailure": "Autenticazione Fallita",
    "DownloadClientDownloadStationValidationFolderMissingDetail": "La cartella '{downloadDir}' non esiste, deve essere creata manualmente all'interno della Cartella Condivisa '{sharedFolder}'.",
    "DownloadClientSabnzbdValidationUnknownVersion": "Versione sconosciuta: {rawVersion}",
    "DownloadClientValidationVerifySsl": "Verifica impostazioni SSL",
    "ChangeCategory": "Cambia Categoria",
    "DownloadClientPneumaticSettingsStrmFolder": "Cartella Strm",
    "Destination": "Destinazione",
    "DownloadClientDownloadStationValidationSharedFolderMissing": "Cartella condivisa non esiste",
    "DownloadClientQbittorrentValidationCategoryRecommendedDetail": "{appName} non tenterà di importare i download completati senza una categoria.",
    "DownloadClientValidationGroupMissing": "Gruppo non esistente",
    "DownloadWarning": "Avviso di download: {warningMessage}",
    "IndexerSettingsAdditionalParameters": "Parametri Addizionali",
    "IndexerSettingsCookie": "Cookie",
    "BlackholeWatchFolderHelpText": "Cartella da cui {appName} dovrebbe importare i download completati",
    "NotificationsEmailSettingsServer": "Server",
    "NotificationsNtfySettingsPasswordHelpText": "Password opzionale",
    "NotificationsPlexSettingsAuthenticateWithPlexTv": "Autentica con Plex.tv",
    "NotificationsPushcutSettingsNotificationName": "Nome Notifica",
    "NotificationsTraktSettingsExpires": "Scadenze",
    "NotificationsTraktSettingsAuthenticateWithTrakt": "Autentica con Trakt",
    "NotificationsValidationUnableToConnectToApi": "Impossibile connettersi alle API di {service}. Connessione al server fallita: ({responseCode}) {exceptionMessage}",
    "InteractiveImportNoFilesFound": "Nessun video trovato nella castella selezionata",
    "Or": "o",
    "ManageLists": "Gestisci Liste",
    "OriginalLanguage": "Lingua Originale",
    "OverrideGrabNoQuality": "Qualità deve essere selezionata",
    "XmlRpcPath": "Percorso XML RPC",
    "WouldYouLikeToRestoreBackup": "Vuoi ripristinare il backup '{name}'?",
    "PendingDownloadClientUnavailable": "In Attesa - Client di Download in attesa",
    "PreviouslyInstalled": "Precedentemente Installato",
    "MissingLoadError": "Errore caricando elementi mancanti",
    "MonitorSelected": "Monitora Selezionati",
    "Period": "Periodo",
    "RemoveFailedDownloads": "Rimuovi Download Falliti",
    "RemoveMultipleFromDownloadClientHint": "Rimuovi i download e i file dal client di download",
    "RemoveSelectedItemQueueMessageText": "Sei sicuro di voler rimuovere 1 elemento dalla coda?",
    "TagDetails": "Dettagli Etichetta - {label}",
    "BranchUpdate": "Branca da usare per aggiornare {appName}",
    "DefaultNotFoundMessage": "Ti devi essere perso, non c'è nulla da vedere qui.",
    "DeleteIndexerMessageText": "Sei sicuro di voler eliminare l'indicizzatore '{name}'?",
    "Socks5": "Socks5 (Supporto TOR)",
    "DeleteEpisodeFileMessage": "Sei sicuro di volere eliminare '{path}'?",
    "NotificationsKodiSettingsCleanLibraryHelpText": "Pulisci libreria dopo l'aggiornamento",
    "PreferProtocol": "Preferisci {preferredProtocol}",
    "RetryingDownloadOn": "Riprovando il download il {date} alle {time}",
    "DeleteNotificationMessageText": "Sei sicuro di voler eliminare la notifica '{name}'?",
    "RemoveCompletedDownloads": "Rimuovi Download Completati",
    "DownloadClientFloodSettingsAdditionalTags": "Tag addizionali",
    "DelayingDownloadUntil": "Ritardare il download fino al {date} alle {time}",
    "DeleteDownloadClientMessageText": "Sei sicuro di voler eliminare il client di download '{name}'?",
    "NoHistoryFound": "Nessun storico trovato",
    "OneMinute": "1 Minuto",
    "OptionalName": "Nome opzionale",
    "DeleteSelectedIndexers": "Elimina Indicizzatore/i",
    "Branch": "Branca",
    "Debug": "Debug",
    "Never": "Mai",
    "UsenetDelayTime": "Ritardo Usenet: {usenetDelay}",
    "OrganizeModalHeader": "Organizza & Rinomina",
    "Parse": "Analizza",
    "RemoveFromDownloadClient": "Rimuovi dal client di download",
    "RemoveQueueItemConfirmation": "Sei sicuro di voler rimuovere '{sourceTitle}' dalla coda?",
    "NoIndexersFound": "Nessun indicizzatore trovato",
    "DeleteImportListMessageText": "Sei sicuro di voler eliminare la lista '{name}'?",
    "DeleteDelayProfile": "Elimina Profilo di Ritardo",
    "DeleteTagMessageText": "Sei sicuro di voler eliminare l'etichetta '{label}'?",
    "MinutesSixty": "60 Minuti: {sixty}",
    "NotificationsCustomScriptSettingsName": "Script personalizzato",
    "NotificationsCustomScriptValidationFileDoesNotExist": "File non esiste",
    "Database": "Database",
    "NotificationsPushoverSettingsExpire": "Scadenza",
    "NotificationsSettingsWebhookMethod": "Metodo",
    "NotificationsSynologyValidationInvalidOs": "Deve essere un Synology",
    "NotificationsTraktSettingsRefreshToken": "Refresh Token",
    "CouldNotFindResults": "Nessun risultato trovato per '{term}'",
    "IndexerSettingsApiPath": "Percorso API",
    "AutoTaggingSpecificationMaximumYear": "Anno Massimo",
    "AutoTaggingSpecificationGenre": "Genere/i",
    "AutoTaggingSpecificationMinimumYear": "Anno Minimo",
    "AutoTaggingSpecificationOriginalLanguage": "Lingua",
    "AutoTaggingSpecificationQualityProfile": "Profilo Qualità",
    "AutoTaggingSpecificationRootFolder": "Cartella Radice",
    "AutoTaggingSpecificationStatus": "Stato",
    "CustomFormatsSpecificationLanguage": "Linguaggio",
    "CustomFormatsSpecificationMaximumSize": "Dimensione Massima",
    "CustomFormatsSpecificationMinimumSize": "Dimensione Minima",
    "DelayProfile": "Profilo di Ritardo",
    "DeleteBackupMessageText": "Sei sicuro di voler eliminare il backup '{name}'?",
    "DeleteDelayProfileMessageText": "Sei sicuro di volere eliminare questo profilo di ritardo?",
    "NotificationsTelegramSettingsSendSilentlyHelpText": "Invia il messaggio silenziosamente. L'utente riceverà una notifica senza suono",
    "NotificationsPushoverSettingsRetry": "Riprova",
    "NotificationsSettingsWebhookUrl": "URL Webhook",
    "PackageVersionInfo": "{packageVersion} di {packageAuthor}",
    "RemoveQueueItem": "Rimuovi - {sourceTitle}",
    "ParseModalErrorParsing": "Errore durante l'analisi, per favore prova di nuovo.",
    "OverrideGrabNoLanguage": "Almeno una lingua deve essere selezionata",
    "PasswordConfirmation": "Conferma Password",
    "RemoveSelectedItemsQueueMessageText": "Sei sicuro di voler rimuovere {selectedCount} elementi dalla coda?",
    "ConnectionLostToBackend": "{appName} ha perso la connessione al backend e dovrà essere ricaricato per ripristinare la funzionalità.",
    "CountIndexersSelected": "{count} indicizzatore(i) selezionato(i)",
    "CountDownloadClientsSelected": "{count} client di download selezionato/i",
    "PrioritySettings": "Priorità: {priority}",
    "OverrideAndAddToDownloadQueue": "Sovrascrivi e aggiungi alla coda di download",
    "NotificationsSettingsUseSslHelpText": "Connetti a {serviceName} tramite HTTPS indece di HTTP",
    "OrganizeRelativePaths": "Tutti i percorsi sono relativi a: `{path}`",
    "CurrentlyInstalled": "Attualmente Installato",
    "NotificationsEmailSettingsName": "Email",
    "NotificationsNtfySettingsServerUrl": "URL Server",
    "NotificationsPushoverSettingsSound": "Suono",
    "NotificationsSignalValidationSslRequired": "SSL sembra essere richiesto",
    "TorrentDelayTime": "Ritardo torrent: {torrentDelay}",
    "NotificationsTwitterSettingsMention": "Menziona",
    "NotificationsPushoverSettingsDevices": "Dispositivi",
    "NotificationsTelegramSettingsSendSilently": "Invia Silenziosamente",
    "DatabaseMigration": "Migrazione Database",
    "AutoTaggingSpecificationTag": "Etichetta",
    "CustomFormatUnknownConditionOption": "Opzione sconosciuta '{key}' per la condizione '{implementation}'",
    "CustomFormatsSpecificationResolution": "Risoluzione",
    "CustomFormatsSpecificationSource": "Fonte",
    "BlocklistAndSearch": "Lista dei Blocchi e Ricerca",
    "NotificationsEmbySettingsSendNotifications": "Invia Notifiche",
    "IndexerHDBitsSettingsMediumsHelpText": "Se non specificato, saranno utilizzate tutte le opzioni.",
    "DeleteQualityProfile": "Elimina Profilo Qualità",
    "DeleteSelectedEpisodeFiles": "Elimina i File degli Episodi Selezionati",
    "DeleteEpisodesFiles": "Elimina i File di {episodeFileCount} Episodi",
    "CustomFilter": "Filtro Personalizzato",
    "NotificationsTelegramSettingsIncludeAppName": "Includi {appName} nel Titolo",
    "IndexerHDBitsSettingsCodecsHelpText": "Se non specificato, saranno utilizzate tutte le opzioni.",
    "NotificationsGotifySettingsAppToken": "App Token",
    "InfoUrl": "URL Info",
    "ConnectionLostReconnect": "{appName} cercherà di connettersi automaticamente, oppure clicca su ricarica qui sotto.",
    "ListWillRefreshEveryInterval": "Le liste verranno aggiornate ogni {refreshInterval}",
    "NotificationsNtfySettingsServerUrlHelpText": "Lascia vuoto per usare il server pubblico {url}",
    "NotificationsTwitterSettingsMentionHelpText": "Menziona questo utente nei tweet inviati",
    "NotificationsValidationUnableToSendTestMessageApiResponse": "Impossibile inviare messaggio di prova. Risposta dalle API: {error}",
    "RemoveFromDownloadClientHint": "Rimuovi il download e i file dal client di download",
    "DayOfWeekAt": "{day} alle {time}",
    "DeleteRootFolder": "Elimina Cartella Radice",
    "DeleteRootFolderMessageText": "Sei sicuro di volere eliminare la cartella radice '{path}'?",
    "ManageIndexers": "Gestisci Indicizzatori",
    "MissingNoItems": "Nessun elemento mancante",
    "NotificationsKodiSettingsCleanLibrary": "Pulisci Libreria",
    "NotificationsNtfySettingsUsernameHelpText": "Nome utente opzionale",
    "NotificationsSettingsUpdateLibrary": "Aggiorna Libreria",
    "NotificationsSlackSettingsChannel": "Canale",
    "NotificationsSlackSettingsIcon": "Icona",
    "NotificationsTelegramSettingsBotToken": "Token Bot",
    "NotificationsTwitterSettingsAccessToken": "Access Token",
    "NotificationsTwitterSettingsConnectToTwitter": "Connetti a Twitter / X",
    "NotificationsTwitterSettingsDirectMessage": "Messaggio Diretto",
    "NotificationsValidationInvalidUsernamePassword": "Nome Utente o password non validi",
    "NotificationsValidationUnableToConnect": "Impossibile connettersi: {exceptionMessage}",
    "NotificationsValidationUnableToConnectToService": "Impossibile connettersi a {serviceName}",
    "NotificationsValidationUnableToSendTestMessage": "Impossibile inviare messaggio di prova: {exceptionMessage}",
    "ThemeHelpText": "Cambia il Tema dell'interfaccia dell’applicazione, il Tema 'Auto' userà il suo Tema di Sistema per impostare la modalità Chiara o Scura. Ispirato da Theme.Park",
    "Torrents": "Torrents",
    "Upcoming": "In arrivo",
    "DownloadClientUTorrentTorrentStateError": "uTorrent sta segnalando un errore",
    "DownloadClientValidationSslConnectFailure": "Impossibile connettersi tramite SSL",
    "ErrorLoadingContent": "Si è verificato un errore caricando questo contenuto",
    "FilterDoesNotStartWith": "non inizia con",
    "Filters": "Filtri",
    "IgnoreDownloads": "Ignora Download",
    "IndexerSettingsApiPathHelpText": "Percorso API, solitamente {url}",
    "BlackholeFolderHelpText": "Cartella nella quale {appName} salverà i file di tipo {extension}",
    "UseSeasonFolder": "Usa Cartella Stagione",
    "Monday": "Lunedì",
    "DetailedProgressBarHelpText": "Mostra testo sulla barra di avanzamento",
    "DownloadClientValidationUnknownException": "Eccezione sconosciuta: {exception}",
    "OnlyTorrent": "Solo Torrent",
    "OpenBrowserOnStart": "Apri browser all'avvio",
    "OnlyUsenet": "Solo Usenet",
    "OpenSeries": "Apri Serie",
    "Organize": "Organizza",
    "Other": "Altri",
    "Yesterday": "Ieri",
    "Paused": "In Pausa",
    "Priority": "Priorità",
    "Metadata": "Metadati",
    "Quality": "Qualità",
    "MidseasonFinale": "Finale di Metà Stagione",
    "QualityProfile": "Profilo Qualità",
    "MinimumAge": "Età Minima",
    "ShowAdvanced": "Mostra Avanzate",
    "MonitorFirstSeason": "Prima Stagione",
    "MonitoredOnly": "Solo Monitorati",
    "MoreInfo": "Ulteriori Informazioni",
    "FormatRuntimeMinutes": "{minutes}m",
    "Options": "Opzioni",
    "PartialSeason": "Stagione Parziale",
    "Port": "Porta",
    "PreferTorrent": "Preferisci Torrent",
    "Reset": "Reimposta",
    "RssIsNotSupportedWithThisIndexer": "RSS non è supportato con questo indicizzatore",
    "PublishedDate": "Data Pubblicazione",
    "SeriesDetailsGoTo": "Vai a {title}",
    "Security": "Sicurezza",
    "Settings": "Impostazioni",
    "ShowDateAdded": "Mostra Data Aggiunta",
    "Reason": "Ragione",
    "RecyclingBin": "Cestino",
    "SpecialEpisode": "Episodio Speciale",
    "Space": "Spazio",
    "SslPort": "Porta SSL",
    "StartImport": "Inizia Importazione",
    "Test": "Prova",
    "Titles": "Titoli",
    "Result": "Risultato",
    "Unavailable": "Non disponibile",
    "SearchSelected": "Ricerca Selezionate",
    "SeasonCount": "Conteggio Stagioni",
    "Season": "Stagione",
    "SeriesType": "Tipo Serie",
    "ShowNetwork": "Mostra Rete",
    "MoveSeriesFoldersMoveFiles": "Sì, Sposta i File",
    "Negated": "Negato",
    "SizeOnDisk": "Dimensione sul disco",
    "Sort": "Ordina",
    "FilterSeriesPlaceholder": "Filtra serie",
    "FormatShortTimeSpanHours": "{hours} ora/e",
    "Monitoring": "Monitorando",
    "Month": "Mese",
    "MonitoredEpisodesHelpText": "Scarica gli episodi monitorati in questa serie",
    "NoChanges": "Nessun Cambiamento",
    "NotificationsNtfyValidationAuthorizationRequired": "Autorizzazione richiesta",
    "PreferredProtocol": "Protocollo Preferito",
    "QualitiesHelpText": "Qualità più alte nella lista sono quelle preferite. Qualità all'interno dello stesso gruppo sono equivalenti. Solo le qualità selezionate saranno ricercate",
    "Real": "Reale",
    "RefreshAndScanTooltip": "Aggiorna informazioni e scansiona disco",
    "SeriesIndexFooterMissingMonitored": "Episodi Mancanti (Serie monitorate)",
    "SingleEpisode": "Episodio Singolo",
    "Shutdown": "Spegnimento",
    "Wiki": "Wiki",
    "True": "Vero",
    "WhatsNew": "Cosa c'è di nuovo?",
    "SelectQuality": "Seleziona Qualità",
    "SelectLanguages": "Seleziona Lingue",
    "TableOptions": "Opzioni Tabella",
    "Tba": "TBA",
    "TablePageSizeMinimum": "La dimensione della pagina deve essere almeno {minimumValue}",
    "Theme": "Tema",
    "Updates": "Aggiornamenti",
    "VersionNumber": "Versione {version}",
    "EditSelectedIndexers": "Modifica Indicizzatori Selezionati",
    "Example": "Esempio",
    "FilterContains": "contiene",
    "FilterDoesNotContain": "non contiene",
    "FilterIsAfter": "è dopo",
    "FilterIsBefore": "è prima",
    "FilterIs": "è",
    "FilterLessThanOrEqual": "meno o uguale di",
    "FilterNotEqual": "non uguale",
    "DownloadClientFreeboxApiError": "Le API di Freebox hanno segnalato un errore: {errorDescription}",
    "DailyEpisodeFormat": "Formato Episodi Giornalieri",
    "FileManagement": "Gestione File",
    "MissingEpisodes": "Episodi Mancanti",
    "Mode": "Modalità",
    "MonitorAllEpisodesDescription": "Monitora tutti gli episodi esclusi gli speciali",
    "MonitorAllEpisodes": "Tutti gli Episodi",
    "MonitorExistingEpisodes": "Episodi Esistenti",
    "Preferred": "Preferito",
    "Scene": "Scene",
    "SizeLimit": "Limite Dimensione",
    "Twitter": "Twitter",
    "Type": "Tipo",
    "DownloadClientNzbgetSettingsAddPausedHelpText": "Questa opzione richiede almeno la versione 16.0 di NzbGet",
    "System": "Sistema",
    "CollectionsLoadError": "Impossibile caricare le collezioni",
    "ConnectSettingsSummary": "Notifiche, connessioni a media servers/players, e script personalizzati",
    "Folders": "Cartelle",
    "PreferredSize": "Dimensione Preferita",
    "Proxy": "Proxy",
    "DownloadClientQbittorrentSettingsUseSslHelpText": "Usa una connessione sicura. Vedi Opzioni -> Web UI -> 'Usa HTTPS invece di HTTP' in qBittorrent.",
    "DownloadClientQbittorrentTorrentStateError": "qBittorrent sta segnalando un errore",
    "TimeLeft": "Tempo Rimasto",
    "Unlimited": "Illimitato",
    "Title": "Titolo",
    "Original": "Originale",
    "Path": "Percorso",
    "MaximumSize": "Dimensione Massima",
    "ProgressBarProgress": "Barra Progressi al {progress}%",
    "RootFolderSelectFreeSpace": "{freeSpace} Libero",
    "RssSync": "Sincronizza RSS",
    "SaveSettings": "Salva Impostazioni",
    "Search": "Ricerca",
    "SearchForMissing": "Ricerca dei Mancanti",
    "SearchForMonitoredEpisodes": "Ricerca degli episodi monitorati",
    "SeasonFolder": "Cartella della Stagione",
    "SeasonNumber": "Numero Stagione",
    "SelectLanguageModalTitle": "{modalTitle} - Seleziona Lingua",
    "SeriesDetailsRuntime": "{runtime} Minuti",
    "SeriesIsUnmonitored": "Serie non monitorata",
    "SeriesProgressBarText": "{episodeFileCount} / {episodeCount} (Totale: {totalEpisodeCount}, Scaricando: {downloadingCount})",
    "ShowEpisodes": "Mostra Episodi",
    "ShowEpisodeInformationHelpText": "Mostra titolo e numero dell'episodio",
    "Source": "Fonte",
    "Unknown": "Sconosciuto",
    "UseSsl": "Usa SSL",
    "DownloadClientSettingsDestinationHelpText": "Specifica manualmente la destinazione dei download, lascia vuoti per usare la predefinita",
    "DownloadClientSettingsInitialState": "Stato Iniziale",
    "Folder": "Cartella",
    "TorrentBlackholeSaveMagnetFilesReadOnly": "Solo Lettura",
    "Ui": "Interfaccia",
    "UiLanguage": "Lingua Interfaccia",
    "UiSettingsLoadError": "Impossibile caricare le impostazioni interfaccia",
    "MustNotContain": "Non Deve Contenere",
    "Network": "Rete",
    "ReadTheWikiForMoreInformation": "Leggi la Wiki per più informazioni",
    "RecentChanges": "Cambiamenti Recenti",
    "Refresh": "Aggiorna",
    "DownloadClientSettingsUseSslHelpText": "Usa connessione sicura quando connetti a {clientName}",
    "SelectEpisodes": "Seleziona Episodio/i",
    "TestAll": "Prova Tutto",
    "SelectFolder": "Seleziona Cartella",
    "DownloadStationStatusExtracting": "Estrazione: {progress}&",
    "DownloadClientQbittorrentSettingsSequentialOrder": "Ordine Sequenziale",
    "DownloadClientQbittorrentValidationCategoryAddFailureDetail": "{appName} non è stato in grado di aggiungere l'etichetta a qBittorrent.",
    "DownloadClientQbittorrentSettingsSequentialOrderHelpText": "Scarica in ordine sequenziale (qBittorrent 4.1.0+)",
    "MegabytesPerMinute": "Megabyte Per Minuto",
    "MonitorFirstSeasonDescription": "Monitora tutti gli episodi delle prima stagione. Tutte le altre stagioni saranno ignorate",
    "MustContain": "Deve Contenere",
    "PreferUsenet": "Preferisci Usenet",
    "NoChange": "Nessun Cambio",
    "RestoreBackup": "Ripristina Backup",
    "SelectAll": "Seleziona Tutto",
    "SelectSeries": "Seleziona Serie",
    "SeriesTitle": "Titolo Serie",
    "ShowPath": "Mostra Percorso",
    "Table": "Tabella",
    "TheTvdb": "TheTVDB",
    "Total": "Totale",
    "TotalFileSize": "Totale Dimensione File",
    "DownloadClientQbittorrentTorrentStateMetadata": "qBittorrent sta scaricando i metadati",
    "DownloadClientQbittorrentTorrentStateUnknown": "Stato di download sconosciuto: {state}",
    "External": "Esterno",
    "Failed": "Fallito",
    "FilterLessThan": "meno di",
    "FilterDoesNotEndWith": "non termina con",
    "FilterEqual": "uguale",
    "FormatDateTimeRelative": "{relativeDay}, {formattedDate} {formattedTime}",
    "FormatShortTimeSpanMinutes": "{minutes} minuto/i",
    "InvalidUILanguage": "L'interfaccia è impostata in una lingua non valida, correggi e salva le tue impostazioni",
    "Max": "Massimo",
    "MinutesFortyFive": "45 Minuti: {fortyFive}",
    "NoDownloadClientsFound": "Nessun client di download trovato",
    "MassSearchCancelWarning": "Questo non può essere cancellato una volta avviato senza riavviare {appName} o disattivando tutti i tuoi indicizzatori.",
    "Profiles": "Profili",
    "Qualities": "Qualità",
    "QualityProfilesLoadError": "Impossibile caricare Profili Qualità",
    "QueueLoadError": "Impossibile caricare la Coda",
    "Queued": "In Coda",
    "SaveChanges": "Salva Cambiamenti",
    "Seasons": "Stagioni",
    "Series": "Serie",
    "MonitorRecentEpisodes": "Episodi Recenti",
    "MoreDetails": "Ulteriore dettagli",
    "MonitorSpecialEpisodes": "Monitora Speciali",
    "TimeFormat": "Formato Orario",
    "UsenetDisabled": "Usenet Disabilitato",
    "Version": "Versione",
    "WithFiles": "Con i File",
    "Username": "Nome Utente",
    "YesCancel": "Sì, Cancella",
    "Yes": "Sì",
    "DownloadClientRTorrentSettingsAddStopped": "Aggiungi Fermato",
    "Restart": "Riavvia",
    "Rss": "RSS",
    "ProxyBadRequestHealthCheckMessage": "Test del proxy fallito: Status Code: {statusCode}",
    "ProxyBypassFilterHelpText": "Usa ',' come separatore, e '*.' come wildcard per i sottodomini",
    "RestartRequiredToApplyChanges": "{appName} richiede un riavvio per applicare i cambiamenti, vuoi riavviare ora?",
    "SearchMonitored": "Ricerca Monitorate",
    "SeasonDetails": "Dettagli Stagione",
    "SelectDownloadClientModalTitle": "{modalTitle} - Seleziona Client di Download",
    "SelectDropdown": "Seleziona...",
    "SeriesIsMonitored": "Serie monitorata",
    "Special": "Speciale",
    "TablePageSizeMaximum": "La dimensione della pagina non deve superare {maximumValue}",
    "TablePageSize": "Dimensione Pagina",
    "UnknownDownloadState": "Stato download sconosciuto: {state}",
    "UsenetBlackholeNzbFolder": "Cartella Nzb",
    "From": "Da",
    "QualityProfiles": "Profili Qualità",
    "RecyclingBinCleanupHelpText": "Imposta a 0 per disattivare la pulizia automatica",
    "RefreshAndScan": "Aggiorna & Scansiona",
    "HourShorthand": "h",
    "InteractiveImportNoImportMode": "Una modalità di importazione deve essere selezionata",
    "MyComputer": "Mio Computer",
    "Posters": "Locandine",
    "SeasonNumberToken": "Stagione {seasonNumber}",
    "ShowTitle": "Mostra Titolo",
    "TorrentBlackholeTorrentFolder": "Cartella Torrent",
    "UiLanguageHelpText": "Lingua che {appName} userà per l'interfaccia",
    "DownloadIgnored": "Download Ignorato",
    "CustomFormatsSpecificationMaximumSizeHelpText": "La release deve essere minore o uguale a questa dimensione",
    "CustomFormatsSpecificationMinimumSizeHelpText": "La release deve essere maggiore di questa dimensione",
    "CustomFormatsSpecificationRegularExpression": "Espressione Regolare",
    "DefaultDelayProfileSeries": "Questo è il profilo di default. Viene Applicato a tutte le serie che non hanno in profilo esplicito.",
    "DownloadClientDelugeTorrentStateError": "Deluge sta segnalando un errore",
    "DownloadClientDelugeSettingsUrlBaseHelpText": "Aggiungi un prefisso all'url del json di deluge, vedi {url}",
    "FilterEpisodesPlaceholder": "Filtra episodi per titolo o numero",
    "FilterGreaterThanOrEqual": "più grande o uguale di",
    "FilterIsNot": "non è",
    "FilterGreaterThan": "più grande di",
    "Formats": "Formati",
    "FormatRuntimeHours": "{hours}h",
    "FirstDayOfWeek": "Primo Giorno della Settimana",
    "FreeSpace": "Spazio Libero",
    "FormatDateTime": "{formattedDate} {formattedTime}",
    "FormatTimeSpanDays": "{days}d {time}",
    "MetadataSettingsSeriesImages": "Immagini della Serie",
    "MetadataSettingsSeriesMetadata": "Metadati della Serie",
    "MetadataSettingsSeasonImages": "Immagini della Stagione",
    "NotificationsEmailSettingsBccAddress": "Indirizzo/i BCC",
    "OrganizeLoadError": "Errore caricando le anteprime",
    "OrganizeSelectedSeriesModalHeader": "Organizza Serie Selezionate",
    "Today": "Oggi",
    "Specials": "Speciali",
    "NotificationsLoadError": "Impossibile caricare Notifiche",
    "SeasonPassTruncated": "Solo le ultime 25 stagione sono mostrate, vai ai dettagli per vedere tutte le stagioni",
    "SeriesCannotBeFound": "Scusa, quella serie non può essere trovata.",
    "Style": "Stile",
    "NotificationsEmailSettingsCcAddress": "Indirizzo/i CC",
    "NotificationsMailgunSettingsUseEuEndpoint": "Usa Endpoint EU",
    "Pending": "In Attesa",
    "PendingChangesStayReview": "Rimani e rivedi i cambiamenti",
    "FormatAgeDays": "giorni",
    "FormatAgeHour": "ora",
    "FormatAgeHours": "ore",
    "FormatAgeMinute": "minuto",
    "FormatAgeMinutes": "minuti",
    "FormatAgeDay": "giorno",
    "MetadataPlexSettingsSeriesPlexMatchFileHelpText": "Crea un file .plexmatch nella cartella della serie",
    "MonitorMissingEpisodes": "Episodi Mancanti",
    "New": "Nuovo",
    "NoBackupsAreAvailable": "Nessun backup disponibile",
    "MetadataSettingsEpisodeImages": "Immagini dell'Episodio",
    "PosterSize": "Dimensioni Locandina",
    "Restore": "Ripristina",
    "RestartReloadNote": "Nota: {appName} si riavvierà automaticamente e ricaricherà l'interfaccia durante il processo di ripristino.",
    "SeasonPassEpisodesDownloaded": "{episodeFileCount}/{totalEpisodeCount} episodi scaricati",
    "SelectLanguage": "Seleziona Lingua",
    "SeriesIndexFooterDownloading": "Scaricando (Uno o più episodi)",
    "SeriesTypes": "Tipi Serie",
    "SetPermissions": "Imposta Permessi",
    "StartupDirectory": "Cartella di Avvio",
    "Tomorrow": "Domani",
    "UnknownEventTooltip": "Evento sconosciuto",
    "UseProxy": "Usa Proxy",
    "InteractiveImportNoQuality": "Una qualità deve essere scelta per ogni file selezionato",
    "PortNumber": "Numero Porta",
    "MonitorAllSeasons": "Tutte le Stagioni",
    "DownloadClientValidationUnableToConnect": "Impossibile connettersi a {clientName}",
    "DownloadClientValidationVerifySslDetail": "Per favore verifica la tua configurazione SSL su entrambi {clientName} e {appName}",
    "IndexerDownloadClientHealthCheckMessage": "Indicizzatori con client di download non validi: {indexerNames}.",
    "MonitorAllSeasonsDescription": "Monitora tutte le nuove stagioni automaticamente",
    "MonitorFutureEpisodes": "Episodi Futuri",
    "No": "No",
    "MonitorLastSeason": "Ultima Stagione",
    "NoEpisodesInThisSeason": "Nessun episodio in questa stagione",
    "OrganizeModalHeaderSeason": "Organizza & Rinomina - {season}",
    "Save": "Salva",
    "More": "Altro",
    "MonitorLastSeasonDescription": "Monitora tutti gli episodi della ultima stagione",
    "RestartSonarr": "Riavvia {appName}",
    "SeasonFinale": "Finale di Stagione",
    "RestartNow": "Riavvia ora",
    "TablePageSizeHelpText": "Numero di elementi da mostrare in ogni pagina",
    "UiSettings": "Impostazioni Interfaccia",
    "TvdbId": "ID TVDB",
    "Wanted": "Ricercato",
    "CustomFormatsLoadError": "Impossibile a caricare Formati Personalizzati",
    "FilterEndsWith": "termina con",
    "MetadataSource": "Fonte Metadati",
    "Monitored": "Monitorato",
    "MoveSeriesFoldersDontMoveFiles": "No, Sposterò i File da Solo",
    "RemoveQueueItemRemovalMethod": "Metodo di Rimozione",
    "SecretToken": "Secret Token",
    "UrlBase": "Base Url",
    "NotificationsEmailSettingsFromAddress": "Dall'Indirizzo",
    "NotificationsGotifySettingsServer": "Server Gotify",
    "NotificationsGotifySettingsPriorityHelpText": "Priorità della notifica",
    "Score": "Punteggio",
    "SelectSeasonModalTitle": "{modalTitle} - Seleziona Stagione",
    "UpdateAvailableHealthCheckMessage": "Nuovo aggiornamento disponibile",
    "Permissions": "Permessi",
    "Scheduled": "Pianificato",
    "SearchAll": "Ricerca tutto",
    "VisitTheWikiForMoreDetails": "Visita la wiki per ulteriori dettagli: ",
    "Week": "Settimana",
    "DownloadClientValidationSslConnectFailureDetail": "{appName} non è in grado di connettersi a {clientName} usando SSL. Questo problema potrebbe essere legato al computer. Prova a configurare entrambi {appName} e {clientName} senza usare SSL.",
    "LogFilesLocation": "File di Log localizzati in: {location}",
    "PendingChangesMessage": "Hai dei cambiamenti non salvati, sei sicuro di volere lasciare questa pagina?",
    "NotificationsEmailSettingsUseEncryption": "Usa Crittografia",
    "DailyEpisodeTypeDescription": "Episodi rilasciati giornalmente o meno frequentemente che usano anno-mese-giorno (2023-08-04)",
    "DownloadClientQbittorrentTorrentStateMissingFiles": "qBittorrent sta segnalando dei file mancanti",
    "NoEventsFound": "Nessun evento trovato",
    "SearchIsNotSupportedWithThisIndexer": "Ricerca non supportata con questo indicizzatore",
    "SelectReleaseType": "Seleziona Tipo Release",
    "Uppercase": "Maiuscolo",
    "False": "Falso",
    "Files": "File",
    "Filter": "Filtro",
    "OverrideGrabNoEpisode": "Almeno un episodio deve essere selezionato",
    "FilterStartsWith": "inizia con",
    "FinaleTooltip": "Serie o finale di stagione",
    "QualitySettings": "Impostazioni Qualità",
    "Queue": "Coda",
    "QueueIsEmpty": "La coda è vuota",
    "QuickSearch": "Ricerca Veloce",
    "RefreshSeries": "Aggiorna Serie",
    "Year": "Anno",
    "LanguagesLoadError": "Impossibile caricare le lingue",
    "MetadataLoadError": "Impossibile caricare i Metadati",
    "MetadataSettings": "Impostazioni Metadati",
    "MetadataSettingsEpisodeMetadata": "Metadati dell'Episodio",
    "Status": "Stato",
    "DeleteQualityProfileMessageText": "Sicuro di voler cancellare il profilo di qualità '{name}'?",
    "NotificationsGotifySettingsServerHelpText": "URL server Gotify, includendo http(s):// e porta se necessario",
    "Time": "Orario",
    "Password": "Password",
    "OrganizeNothingToRename": "Successo! Il mio lavoro è finito, nessun file da rinominare.",
    "PosterOptions": "Opzioni Locandina",
    "Progress": "Progressi",
    "Protocol": "Protocollo",
    "ProxyFailedToTestHealthCheckMessage": "Test del proxy fallito: {url}",
    "ProxyType": "Tipo Proxy",
    "QualitiesLoadError": "Impossibile caricare qualità",
    "RecyclingBinCleanup": "Pulizia Cestino",
    "SelectFolderModalTitle": "{modalTitle} - Seleziona Cartella",
    "ResetTitles": "Reimposta Titoli",
    "RestartLater": "Lo riavvierò dopo",
    "RssSyncInterval": "Intervallo Sincronizzazione RSS",
    "Runtime": "Tempo di esecuzione",
    "SearchByTvdbId": "Puoi anche ricercare usando l'ID TVDB di uno show. Es. tvdb:71663",
    "SearchForMonitoredEpisodesSeason": "Ricerca degli episodi monitorati in questa stagione",
    "SelectEpisodesModalTitle": "{modalTitle} - Seleziona Episodio/i",
    "SelectSeason": "Seleziona Stagione",
    "SeriesIndexFooterMissingUnmonitored": "Episodi Mancanti (Serie non monitorate)",
    "ShowEpisodeInformation": "Mostra Informazioni Episodio",
    "Size": "Dimensione",
    "YesterdayAt": "Ieri alle {time}",
    "UnableToImportAutomatically": "Impossibile Importare Automaticamente",
    "Small": "Piccolo",
    "Socks4": "Socks4",
    "Standard": "Standard",
    "Started": "Iniziato",
    "TorrentsDisabled": "Torrent Disattivati",
    "UnsavedChanges": "Cambiamenti Non Salvati",
    "UnselectAll": "Deseleziona Tutto",
    "UpdateAll": "Aggiorna Tutto",
    "UpdateAppDirectlyLoadError": "Impossibile aggiornare {appName} direttamente,",
    "UseSeasonFolderHelpText": "Ordina episodi dentro all cartella della stagione",
    "VideoCodec": "Codec Video",
    "DownloadClientValidationCategoryMissingDetail": "La categoria che ha inserito non esiste in {clientName}. Crealo prima su {clientName}.",
    "RestrictionsLoadError": "Impossibile caricare le Restrizioni",
    "SearchFailedError": "Ricerca fallita, per favore riprova nuovamente dopo.",
    "DownloadClientDelugeValidationLabelPluginFailureDetail": "{appName} non è stato in grado di aggiungere l'etichetta a {clientName}.",
    "DownloadClientFreeboxAuthenticationError": "Autenticazione alle API di Freebox fallita. Ragione: {errorDescription}",
    "DownloadClientQbittorrentValidationCategoryUnsupportedDetail": "Categorie non supportate fino alla versione 3.3.0 di qBittorrent. Per favore aggiorna o prova con una Categoria vuota.",
    "DownloadClientSettingsInitialStateHelpText": "Stato iniziale per i torrent aggiunti a {clientName}",
    "DeleteSelectedDownloadClientsMessageText": "Sei sicuro di voler eliminare i '{count}' client di download selezionato/i?",
    "DownloadClientSettingsAddPaused": "Aggiungi In Pausa",
    "DownloadClientValidationUnableToConnectDetail": "Per favore verifica nome host e porta.",
    "FormatShortTimeSpanSeconds": "{seconds} secondo/i",
    "IgnoreDownload": "Ignora Download",
    "Implementation": "Implementazione",
    "File": "File",
    "LabelIsRequired": "Etichetta richiesta",
    "IndexerSettingsSeedRatio": "Rapporto Seed",
    "ManageClients": "Gestisci Clients",
    "ManageDownloadClients": "Gestisci Clients di Download",
    "Message": "Messaggio",
    "Min": "Min",
    "MinutesThirty": "30 Minuti: {thirty}",
    "Missing": "Mancante",
    "MonitorNewItems": "Monitora Nuovi Elementi",
    "MonitorNewSeasons": "Monitora Nuove Stagioni",
    "MonitorNewSeasonsHelpText": "Quali nuove stagioni devono essere monitorati automaticamente",
    "MonitorNoEpisodes": "Nessuno",
    "MonitorNoEpisodesDescription": "Nessun episodio sarà monitorato",
    "NotificationsDiscordSettingsAvatar": "Avatar",
    "NotificationsMailgunSettingsUseEuEndpointHelpText": "Abilita per usare l'endpoint EU di MailGun",
    "MonitorNoNewSeasonsDescription": "Non monitorare nessuna nuova stagione automaticamente",
    "MonitorPilotEpisode": "Episodio Pilota",
    "MonitorPilotEpisodeDescription": "Monitora solo il primo episodio della prima stagione",
    "MonitorSeries": "Monitora Serie",
    "MonitoredStatus": "Monitorato/Stato",
    "MoveFiles": "Sposta File",
    "Name": "Nome",
    "Negate": "Nega",
    "SubtitleLanguages": "Lingua Sottotitoli",
    "Sunday": "Domenica",
    "TableColumns": "Colonne",
    "TodayAt": "Oggi alle {time}",
    "TomorrowAt": "Domani alle {time}",
    "TotalSpace": "Totale Spazio",
    "EnableRss": "Abilita RSS",
    "DownloadFailedEpisodeTooltip": "Download dell'episodio fallito",
    "Downloading": "Scaricando",
    "Edit": "Modifica",
    "EditCustomFormat": "Modifica Formato Personalizzato",
    "Error": "Errore",
    "EpisodeDownloaded": "Episodio Scaricato",
    "ImportListsSonarrSettingsFullUrl": "URL Completo",
    "ImportListsTraktSettingsLimit": "Limite",
    "DownloadClient": "Client di Download",
    "EditConditionImplementation": "Modifica Condizione - {implementationName}",
    "EpisodeFileMissingTooltip": "File dell'episodio mancante",
    "EpisodeInfo": "Info Episodio",
    "DockerUpdater": "Aggiorna il container di docker per ricevere l'aggiornamento",
    "DownloadFailed": "Download Fallito",
    "EpisodeFileRenamedTooltip": "Episodio del file rinominato",
    "EpisodeTitleRequired": "Titolo Episodio Richiesto",
    "Existing": "Esistente",
    "Episode": "Episodio",
    "ImportSeries": "Importa Serie",
    "Donations": "Donazioni",
    "EditDelayProfile": "Modifica Profilo di Ritardo",
    "EnableInteractiveSearchHelpTextWarning": "Ricerca non supportata con questo indicizzatore",
    "EnableProfile": "Abilita Profilo",
    "Exception": "Eccezione",
    "EditGroups": "Modifica Gruppi",
    "EditDownloadClientImplementation": "Modifica Client di Download - {implementationName}",
    "EditSelectedSeries": "Modifica Serie Selezionate",
    "DotNetVersion": ".NET",
    "DiskSpace": "Spazio sul Disco",
    "EpisodeFileRenamed": "File dell'Episodio Rinominato",
    "Events": "Eventi",
    "Episodes": "Episodi",
    "NotificationsDiscordSettingsAuthor": "Autore",
    "EpisodeTitle": "Titolo Episodio",
    "Imported": "Importato",
    "EpisodeImported": "Episodio Importato",
    "EditConnectionImplementation": "Modifica Connessione - {implementationName}",
    "Enable": "Abilita",
    "EnableAutomaticAdd": "Abilita Aggiunta Automatica",
    "EnableAutomaticAddSeriesHelpText": "Aggiungi serie da questa lista a {appName} quando la sincronizzazione è effettuata tramite UI o da {appName}",
    "EditIndexerImplementation": "Modifica Indicizzatore - {implementationName}",
    "ImportListsTraktSettingsAuthenticateWithTrakt": "Autentica con Trakt",
    "ImportListsTraktSettingsGenres": "Generi",
    "ImportListsTraktSettingsListName": "Nome Lista",
    "ImportListsTraktSettingsAdditionalParameters": "Parametri Addizionali",
    "ImportListsTraktSettingsListType": "Tipo Lista",
    "ImportListsTraktSettingsRating": "Valutazione",
    "Docker": "Docker",
    "IndexerHDBitsSettingsCategories": "Categorie",
    "EditSeries": "Modifica Serie",
    "Duration": "Durata",
    "EnableCompletedDownloadHandlingHelpText": "Importa automaticamente i download completati dal client di download",
    "SeriesIndexFooterEnded": "Terminata (Tutti gli episodi scaricati)",
    "EpisodeFileDeletedTooltip": "File dell'episodio eliminato",
    "Downloaded": "Scaricato",
    "EditQualityProfile": "Modifica Profilo Qualità",
    "EditSeriesModalHeader": "Modifica - {title}",
    "EpisodeRequested": "Episodio Richiesto",
    "DownloadIgnoredEpisodeTooltip": "Download dell'Episodio Ignorato",
    "EditRestriction": "Modifica Restrizione",
    "EnableSsl": "Abilita SSL",
    "EpisodeFileDeleted": "File dell'Episodio Eliminato",
    "Importing": "Importando",
    "DownloadClientDelugeSettingsDirectory": "Cartella Download",
    "CountCustomFormatsSelected": "{count} formati personalizzati selezionati"
}
