{
    "IndexerSearchCheckNoAvailableIndexersMessage": "Alle indexeerders met zoekcapaciteit zijn tijdelijk onbeschikbaar wegens recente fouten",
    "IndexerSearchCheckNoAutomaticMessage": "Geen indexeerders beschikbaar met \"Automatisch Zoeken\" ingeschakeld, {appName} zal geen automatische zoekopdrachten uitvoeren",
    "Indexers": "Indexeerders",
    "IndexerRssHealthCheckNoIndexers": "Geen indexeerders beschikbaar met \"RSS Synchronisatie\" ingeschakeld, {appName} zal niet automatisch nieuwe uitgaves ophalen",
    "IndexerRssHealthCheckNoAvailableIndexers": "Alle RSS-capabele indexeerders zijn tijdelijk onbeschikbaar wegens recente fouten",
    "ImportTipsMessage": "Enkele tips om het importeren soepel te laten verlopen:",
    "ImportMechanismHealthCheckMessage": "Activeer Voltooide Download Afhandeling",
    "Week": "Week",
    "ImportHeader": "Importeer een bestaande georganiseerde bibliotheek om films toe te voegen aan {appName}",
    "Import": "Importeer",
    "ICalLink": "iCal Koppeling",
    "Host": "Host",
    "History": "Geschiedenis",
    "HideAdvanced": "Verberg Gevorderd",
    "Health": "Gezondheid",
    "GrabSelected": "Selectie Ophalen",
    "General": "Algemeen",
    "FreeSpace": "Vrije Ruimte",
    "Formats": "Formaten",
    "Forecast": "Verwachting",
    "Folder": "Map",
    "Filter": "Filter",
    "Files": "Bestanden",
    "FileManagement": "Bestandsbeheer",
    "FailedDownloadHandling": "Mislukte Download Afhandeling",
    "Events": "Gebeurtenissen",
    "Edit": "Bewerk",
    "Downloaded": "Gedownload",
    "DownloadClientStatusCheckSingleClientMessage": "Downloaders onbeschikbaar wegens fouten: {downloadClientNames}",
    "DownloadClientStatusCheckAllClientMessage": "Alle downloaders zijn onbeschikbaar wegens fouten",
    "DownloadClients": "Downloaders",
    "DownloadClientCheckUnableToCommunicateMessage": "Niet in staat om te communiceren met {downloadClientName}. {errorMessage}",
    "DownloadClientCheckNoneAvailableMessage": "Er is geen downloader beschikbaar",
    "DiskSpace": "Schijfruimte",
    "Discover": "Ontdekken",
    "Delete": "Verwijder",
    "DelayProfiles": "Vertragingsprofielen",
    "Day": "Dag",
    "Dates": "Datum en tijd",
    "Date": "Datum",
    "CustomFormats": "Eigen Formaten",
    "CustomFilters": "Aangepaste Filters",
    "Crew": "Filmploeg",
    "Connections": "Connecties",
    "Connect": "Connecties",
    "CompletedDownloadHandling": "Voltooide Download Afhandeling",
    "Clear": "Wis",
    "ChooseAnotherFolder": "Kies een andere map",
    "Cast": "Acteurs",
    "Calendar": "Kalender",
    "BackupNow": "Back-up nu maken",
    "Agenda": "Agenda",
    "Analytics": "Statistieken",
    "Backup": "Veiligheidskopie",
    "AppDataLocationHealthCheckMessage": "Updaten zal niet mogelijk zijn om het verwijderen van AppData te voorkomen",
    "All": "Alle",
    "AddNewTmdbIdMessage": "Je kunt ook zoeken met het TMDb id van een film. Bijv. tmdb:71663",
    "AddNewMessage": "Het is gemakkelijk om een nieuwe film toe te voegen, begin gewoon met de naam te typen van de film die je wilt toevoegen",
    "AddNew": "Nieuwe toevoegen",
    "AddExclusion": "Uitzondering Toevoegen",
    "AddMovies": "Film(s) Toevoegen",
    "Activity": "Activiteit",
    "About": "Over",
    "View": "Weergave",
    "UpdateAll": "Alles Bijwerken",
    "UnselectAll": "Alles Deselecteren",
    "Unmonitored": "Onbewaakt",
    "Titles": "Titels",
    "Tasks": "Taken",
    "System": "Systeem",
    "Style": "Stijl",
    "Status": "Status",
    "Sort": "Sorteer",
    "Settings": "Instellingen",
    "SelectAll": "Alles Selecteren",
    "Security": "Beveiliging",
    "SearchSelected": "Selectie Zoeken",
    "SearchForMissing": "Ontbrekende Zoeken",
    "SearchFiltered": "Gefilterde Zoeken",
    "SearchAll": "Alles Zoeken",
    "Search": "Zoeken",
    "Scheduled": "Gepland",
    "SaveChanges": "Wijzigingen Opslaan",
    "Restrictions": "Restricties",
    "RestoreBackup": "Veiligheidskopie Herstellen",
    "RenameFiles": "Hernoem Bestanden",
    "RemoveSelected": "Selectie Verwijderen",
    "RefreshAndScan": "Vernieuw & Scan",
    "Refresh": "Vernieuw",
    "Queue": "Wachtrij",
    "QualityProfiles": "Kwaliteitsprofielen",
    "QualityProfile": "Kwaliteitsprofiel",
    "QualityDefinitions": "Kwaliteitsdefinities",
    "Quality": "Kwaliteit",
    "Proxy": "Proxy",
    "Profiles": "Profielen",
    "PreviewRename": "Voorbeeldweergave Naamswijziging",
    "Path": "Pad",
    "Options": "Opties",
    "NoChanges": "Geen Wijzigingen",
    "NoChange": "Geen Wijziging",
    "ImportListStatusCheckSingleClientMessage": "Lijsten onbeschikbaar wegens fouten: {importListNames}",
    "ImportListStatusCheckAllClientMessage": "Alle lijsten zijn onbeschikbaar wegens fouten",
    "Movies": "Films",
    "MovieNaming": "Naamgeving",
    "MovieIndex": "Film Overzicht",
    "MovieEditor": "Film Bewerker",
    "Movie": "Film",
    "MoreInfo": "Meer Info",
    "Month": "Maand",
    "Monitor": "Bewaak",
    "Missing": "Ontbrekend",
    "MinimumAvailability": "Minimale Beschikbaarheid",
    "MinAvailability": "Min Beschikbaarheid",
    "Metadata": "Metadata",
    "MediaManagement": "Mediabeheer",
    "ManualImport": "Manuele Import",
    "Logging": "Logbeheer",
    "LogFiles": "Logbestanden",
    "ImportLists": "Lijsten",
    "ImportListExclusions": "Uitzonderingenlijst",
    "Languages": "Talen",
    "Language": "Taal",
    "ShowAdvanced": "Toon Geavanceerd",
    "RootFolderCheckSingleMessage": "Ontbrekende hoofdmap: {rootFolderPath}",
    "RssSync": "RSS Sync",
    "IndexerSearchCheckNoInteractiveMessage": "Geen indexeerders beschikbaar met \"Interactief Zoeken\" ingeschakeld, {appName} zal geen interactieve zoekopdrachten uitvoeren",
    "UpdateCheckUINotWritableMessage": "Kan de update niet installeren omdat de gebruikersinterface map '{uiFolder}' niet schrijfbaar is voor de gebruiker '{userName}'.",
    "UpdateCheckStartupTranslocationMessage": "Kan de update niet installeren omdat de map '{startupFolder}' zich in een 'App Translocation' map bevindt.",
    "UpdateCheckStartupNotWritableMessage": "Kan de update niet installeren omdat de map '{startupFolder}' niet schrijfbaar is voor de gebruiker '{userName}'.",
    "PtpOldSettingsCheckMessage": "De volgende PassThePopcorn indexeerders hebben verouderde instellingen en moeten worden bijgewerkt: {0}",
    "IndexerStatusCheckSingleClientMessage": "Indexeerders onbeschikbaar wegens fouten: {indexerNames}",
    "IndexerStatusCheckAllClientMessage": "Alle indexeerders zijn onbeschikbaar wegens fouten",
    "Updates": "Updates",
    "UnmappedFolders": "Niet-toegewezen Mappen",
    "Tags": "Tags",
    "Studio": "Studio",
    "SetTags": "Tags Toepassen",
    "RootFolders": "Hoofdmappen",
    "RootFolderCheckMultipleMessage": "Meerdere hoofdmappen ontbreken: {rootFolderPaths}",
    "RootFolder": "Hoofdmap",
    "Ui": "Gebruikersinterface",
    "RemovedMovieCheckSingleMessage": "De film {movie} is verwijderd van TMDb",
    "RemovedMovieCheckMultipleMessage": "De films {movies} zijn verwijderd van TMDb",
    "RemotePathMappings": "Externe Pad Verwijzing",
    "ReleaseBranchCheckOfficialBranchMessage": "Branch {0} is geen geldige {appName} release branch, u zult geen updates ontvangen",
    "ProxyCheckResolveIpMessage": "Achterhalen van het IP-adres voor de geconfigureerde proxy host {proxyHostName} is mislukt",
    "ProxyCheckFailedToTestMessage": "Testen van proxy is mislukt: {url}",
    "ProxyCheckBadRequestMessage": "Testen van proxy is mislukt. Statuscode: {statusCode}",
    "MountMovieHealthCheckMessage": "Een mount dat een film pad bevat is gemount als alleen-lezen: ",
    "Wanted": "Gezocht",
    "UpdateSelected": "Selectie Bijwerken",
    "UiSettingsSummary": "Kalender, datum en tijd, kleurenblindheid en taal instellingen",
    "Timeleft": "Resterende Tijd",
    "TagsSettingsSummary": "Bekijk alle tags en hun gebruik. Ongebruikte tags kunnen worden verwijderd",
    "SourceTitle": "Bron Titel",
    "SizeOnDisk": "Grootte op Schijf",
    "Size": "Grootte",
    "Runtime": "Speelduur",
    "Renamed": "Hernoemd",
    "ReleaseTitle": "Uitgave Titel",
    "ReleaseStatus": "Uitgave Status",
    "ReleaseGroup": "Uitgave Groep",
    "Ratings": "Waardering",
    "QualitySettingsSummary": "Kwaliteitsdefinities en benaming",
    "Protocol": "Protocol",
    "Progress": "Voortgang",
    "ProfilesSettingsSummary": "Kwaliteits- en vertragingsprofielen",
    "PhysicalRelease": "Fysieke Uitgave",
    "OutputPath": "Uitvoer Pad",
    "MovieTitle": "Film Titel",
    "MonitoredOnly": "Bewaakt",
    "MetadataSettingsMovieSummary": "Metadata bestanden aanmaken wanneer films worden geïmporteerd of vernieuwd",
    "MediaManagementSettingsSummary": "Naamgeving en bestandsbeheer instellingen",
    "MassMovieSearch": "Bulk Films Zoeken",
    "ImportListsSettingsSummary": "Importeer van een andere {appName} of Trakt lijst en regel lijst uitzonderingen",
    "LastWriteTime": "Laatste Modificatietijd",
    "IndexersSettingsSummary": "Indexeerders en uitgave restricties",
    "Indexer": "Indexeerder",
    "InCinemas": "In de Bioscoop",
    "Imported": "Geïmporteerd",
    "Ignored": "Genegeerde",
    "Grabbed": "Opgehaalde",
    "Genres": "Genres",
    "GeneralSettingsSummary": "Poort, SSL, gebruikersnaam/wachtwoord, proxy, statistieken en updates",
    "Filename": "Bestandsnaam",
    "Failed": "Mislukt",
    "EventType": "Gebeurtenis Type",
    "DownloadClientsSettingsSummary": "Download applicaties, download afhandeling en externe pad verwijzing",
    "DownloadClient": "Downloader",
    "DigitalRelease": "Digitale Uitgave",
    "Details": "Details",
    "Deleted": "Verwijderd",
    "CutoffUnmet": "Onbereikte Drempel",
    "CustomFormatsSettingsSummary": "Eigen Formaten en instellingen",
    "ConnectSettingsSummary": "Notificaties, connecties met media servers/spelers en scripts",
    "Collection": "Collectie",
    "Certification": "Certificatie",
    "Added": "Toegevoegd",
    "Actions": "Acties",
    "Year": "Jaar",
    "Seeders": "Seeders",
    "Peers": "Peers",
    "Warn": "Waarschuwing",
    "VideoCodec": "Video Codec",
    "Unavailable": "Onbeschikbaar",
    "Type": "Type",
    "TotalSpace": "Totale Ruimte",
    "Title": "Titel",
    "Time": "Tijd",
    "TestAll": "Test Alle",
    "Test": "Test",
    "TableColumnsHelpText": "Kies welke kolommen zichtbaar zijn en in welke volgorde",
    "TableOptions": "Tabel Opties",
    "SystemTimeHealthCheckMessage": "De systeemtijd loopt verkeerd met meer dan 1 dag. Geplande taken worden mogelijk niet goed uitgevoerd tot dit is opgelost",
    "Source": "Bron",
    "Shutdown": "Afsluiten",
    "Save": "Opslaan",
    "Restart": "Herstart",
    "RemoveRootFolder": "Verwijder hoofdmap",
    "Reload": "Herlaad",
    "RelativePath": "Relatief Pad",
    "RejectionCount": "Afwijzingsniveau",
    "Organize": "Organiseer",
    "Ok": "Ok",
    "OAuthPopupMessage": "Pop-ups worden geblokkeerd door uw browser",
    "Name": "Naam",
    "MoveFiles": "Verplaats Bestanden",
    "Monitored": "Bewaakt",
    "Message": "Bericht",
    "Location": "Locatie",
    "Level": "Niveau",
    "KeyboardShortcuts": "Sneltoetsen",
    "Info": "Info",
    "ImportExistingMovies": "Importeer Filmbestanden",
    "NoIssuesWithYourConfiguration": "Geen problemen gevonden met uw configuratie",
    "HardlinkCopyFiles": "Hardlink/Kopieer Bestanden",
    "Extension": "Extensie",
    "Error": "Fout",
    "CustomFormatScore": "Eigen Formaat Score",
    "ConnectionLost": "Verbinding Onderbroken",
    "Component": "Component",
    "TableColumns": "Kolommen",
    "Close": "Sluit",
    "Cancel": "Annuleer",
    "AudioInfo": "Audio Info",
    "Apply": "Toepassen",
    "AlternativeTitle": "Alternatieve Titel",
    "AllMoviesHiddenDueToFilter": "Alle films zijn verborgen wegens de toegepaste filter.",
    "Age": "Ouderdom",
    "AddNewMovie": "Film Toevoegen",
    "PosterSize": "Affiche Grootte",
    "Posters": "Affiches",
    "PosterOptions": "Affiche Opties",
    "UnsavedChanges": "Onopgeslagen Wijzigingen",
    "Table": "Tabel",
    "ShowTitle": "Toon Titel",
    "ShowStudio": "Toon Studio",
    "ShowSizeOnDisk": "Toon Grootte op Schijf",
    "ShowSearchHelpText": "Toon zoeken knop bij zweven",
    "ShowSearch": "Toon Zoeken",
    "ShowQualityProfile": "Toon Kwaliteitsprofielen",
    "ShowPath": "Toon Pad",
    "ShowMonitored": "Toon Gemonitorde",
    "ShowDateAdded": "Toon Datum Toegevoegd",
    "WeekColumnHeaderHelpText": "Wordt getoond boven elke kolom wanneer de actieve weergave Week is",
    "WeekColumnHeader": "Week Kolom Koptekst",
    "TimeFormat": "Tijdsformaat",
    "ShowRelativeDatesHelpText": "Toon relatieve (Vandaag/Gisteren/enz.) of absolute datums",
    "ShowRelativeDates": "Toon Relatieve Datums",
    "ShortDateFormat": "Korte Datumnotatie",
    "RemotePathMappingRemotePathHelpText": "Map dat de Downloader gebruikt",
    "RemotePath": "Extern Pad",
    "RemotePathMappingLocalPathHelpText": "Het pad dat {appName} lokaal moet gebruiken om toegang te krijgen tot het externe pad",
    "LocalPath": "Lokaal Pad",
    "RemotePathMappingHostHelpText": "Dezelfde host als gespecificeerd voor de Downloader",
    "LongDateFormat": "Lange Datumnotatie",
    "FirstDayOfWeek": "Eerste Dag van de Week",
    "EnableColorImpairedModeHelpText": "Aangepaste stijl voor gebruikers die kleurenblind zijn om gemakkelijker kleurgecodeerde informatie te onderscheiden",
    "EnableColorImpairedMode": "Schakel kleurenblindheid-modus in",
    "SelectFolder": "Selecteer Map",
    "SearchOnAdd": "Zoeken bij Toevoegen",
    "SearchMovie": "Zoek Film",
    "RecentFolders": "Recente Mappen",
    "QuickImport": "Automatisch verplaatsen",
    "PendingChangesStayReview": "Blijf en bekijk de wijzigingen",
    "PendingChangesMessage": "U heeft onopgeslagen wijzigingen, bent u zeker dat u deze pagina wilt sluiten?",
    "PendingChangesDiscardChanges": "Wijzigingen verwerpen en verdergaan",
    "OverviewOptions": "Overzicht Opties",
    "Overview": "Overzicht",
    "MonitorMovie": "Bewaak Film",
    "InteractiveImport": "Interactieve Import",
    "ExistingMovies": "Bestaande Film(s)",
    "AddRemotePathMapping": "Voeg Remote Path Mapping toe",
    "EditRemotePathMapping": "Bewerk Externe Pad Verwijzing",
    "DetailedProgressBarHelpText": "Toon tekst op voortgangsbalk",
    "DetailedProgressBar": "Gedetailleerde voortgangsbalk",
    "Interval": "Tussentijd",
    "ICalFeed": "iCal Informatiestroom",
    "Fixed": "Opgelost",
    "Automatic": "Automatisch",
    "AuthenticationMethodHelpText": "Gebruikersnaam en wachtwoord nodig voor toegang tot {appName}",
    "Authentication": "Authenticatie",
    "AppDataDirectory": "AppData map",
    "AddListExclusionMovieHelpText": "Voorkom dat film wordt toegevoegd aan {appName} door een lijst",
    "AgeWhenGrabbed": "Leeftijd (wanneer opgepakt)",
    "AnalyticsEnabledHelpText": "Stuur anonieme gebruiks- en foutinformatie naar de servers van {appName}. Dit omvat informatie over uw browser, welke {appName} WebUI pagina's u gebruikt, foutrapportage en OS en runtime versie. We zullen deze informatie gebruiken om prioriteiten te stellen voor functies en het verhelpen van fouten.",
    "AllowHardcodedSubsHelpText": "Gedetecteerde ingebrande ondertiteling zal automatisch worden gedownload",
    "AnalyseVideoFiles": "Analyseer videobestanden",
    "AlreadyInYourLibrary": "Reeds in je bibliotheek",
    "AllowHardcodedSubs": "Sta Ingebrande Ondertiteling Toe",
    "YesCancel": "Ja, Annuleren",
    "AddImportListExclusion": "Lijst uitzondering toevoegen",
    "CleanLibraryLevel": "Bibliotheek Opschonen Niveau",
    "DeleteTag": "Verwijder Tag",
    "DeleteSelectedMovieFiles": "Verwijder Geselecteerde Filmbestanden",
    "DeleteRestriction": "Verwijder Restrictie",
    "DeleteQualityProfile": "Verwijder Kwaliteitsprofiel",
    "DeleteNotification": "Verwijder Notificatie",
    "DeleteIndexer": "Verwijder Indexeerder",
    "DeleteImportListExclusion": "Verwijder van Uitzonderingenlijst",
    "DeleteFile": "Verwijder Bestand",
    "DeleteEmptyFolders": "Verwijder lege mappen",
    "DeleteDownloadClient": "Verwijder Downloader",
    "DeleteDelayProfile": "Verwijder Vertragingsprofiel",
    "DeleteCustomFormat": "Verwijder Eigen Formaat",
    "Enable": "Inschakelen",
    "EditPerson": "Bewerk Persoon",
    "EditMovie": "Bewerk Film",
    "Edition": "Editie",
    "DownloadClientSettings": "Downloader Instellingen",
    "Docker": "Docker",
    "DestinationRelativePath": "Relatieve Doelmap",
    "DestinationPath": "Doelmap",
    "DeleteEmptyFoldersHelpText": "Lege mappen verwijderen, tijdens de schijfscan en wanneer filmbestanden worden verwijderd",
    "DelayProfile": "Vertragingsprofiel",
    "DatabaseMigration": "DB Migratie",
    "UpgradeUntilMovieHelpText": "Wanneer deze kwaliteit is behaald, zal {appName} niet langer films downloaden",
    "UpgradeUntilCustomFormatScoreMovieHelpText": "Wanneer deze eigen formaat score is behaald, zal {appName} niet langer films downloaden",
    "CustomFormatsSettings": "Eigen Formaten Instellingen",
    "CreateGroup": "Groep aanmaken",
    "CreateEmptyMovieFoldersHelpText": "Film mappen aanmaken voor ontbrekende films tijdens schijfscan",
    "CreateEmptyMovieFolders": "Lege film mappen aanmaken",
    "ConnectSettings": "Connecties Instellingen",
    "Conditions": "Condities",
    "ColonReplacementFormatHelpText": "Wijzig hoe {appName} omgaat met dubbele punt vervanging",
    "ColonReplacement": "Dubbelepunt Vervanging",
    "CloneProfile": "Dupliceer Profiel",
    "CloneIndexer": "Dupliceer Indexeerder",
    "ClientPriority": "Client Prioriteit",
    "ClickToChangeQuality": "Klik om kwaliteit te wijzigen",
    "ClickToChangeLanguage": "Klik om taal te wijzigen",
    "ChangeHasNotBeenSavedYet": "Wijziging is nog niet opgeslagen",
    "ChangeFileDate": "Wijzig Bestandsdatum",
    "CertificationCountryHelpText": "Selecteer Land voor Film Certificatie",
    "CertificationCountry": "Certificatie Land",
    "CertificateValidationHelpText": "Wijzig hoe strict HTTPS certificaat validatie is. Wijzig dit niet behalve als je de risico's begrijpt.",
    "CertificateValidation": "Certificaat Validatie",
    "BypassProxyForLocalAddresses": "Omzeil Proxy voor Lokale Adressen",
    "Branch": "Branch",
    "BindAddressHelpText": "Geldig IP-adres, localhost of '*' voor alle interfaces",
    "DeleteBackup": "Verwijder Backup",
    "BackupIntervalHelpText": "Tussentijd voor automatische back-up",
    "Backups": "Veiligheidskopieën",
    "BackupRetentionHelpText": "Automatische veiligheidskopieën ouder dan de retentie periode zullen worden opgeruimd",
    "BackupFolderHelpText": "Relatieve paden zullen t.o.v. de {appName} AppData map bekeken worden",
    "AvailabilityDelayHelpText": "Hoeveelheid tijd voor of na de beschikbaarheidsdatum dat er gezocht moet worden naar een film",
    "AvailabilityDelay": "Beschikbaarheidsvertraging",
    "AutoUnmonitorPreviouslyDownloadedMoviesHelpText": "Verwijderde films zullen automatisch als onbewaakt worden gemarkeerd in {appName}",
    "AutoRedownloadFailedHelpText": "Automatisch zoeken en probeer een andere release te downloaden",
    "ICalShowAsAllDayEventsHelpText": "Gebeurtenissen zullen als hele-dag gebeurtenissen verschijnen in uw kalender",
    "ApplyTags": "Pas Tags Toe",
    "ApiKey": "API-sleutel",
    "IncludeCustomFormatWhenRenaming": "Eigen Formaat toevoegen bij het hernoemen",
    "ImportMovies": "Importeer Films",
    "Importing": "Importeren",
    "ImportExtraFilesMovieHelpText": "Importeer bijhorende extra bestanden (ondertitels, nfo, enz.) na het importeren van een film",
    "ImportExtraFiles": "Importeer Extra Bestanden",
    "ImportedTo": "Geïmporteerd Naar",
    "IllRestartLater": "Ik zal later herstarten",
    "IgnoredHelpText": "De uitgave zal worden afgekeurd als het één of meerdere van deze termen bevat (hoofdletter ongevoelig)",
    "GrabRelease": "Uitgave Ophalen",
    "Grab": "Ophalen",
    "IgnoreDeletedMovies": "Bewaak Verwijderde Films Niet Meer",
    "IgnoredAddresses": "Genegeerde Adressen",
    "ICalFeedHelpText": "Kopieer deze URL naar je cliënt(en) of klik om te abonneren als je browser Webcal ondersteunt",
    "Hostname": "Hostnaam",
    "Group": "Groep",
    "Global": "Globaal",
    "GeneralSettings": "Algemene Instellingen",
    "FollowPerson": "Volg Persoon",
    "Folders": "Mappen",
    "FileNames": "Bestandsnamen",
    "ChangeFileDateHelpText": "Pas bestandsdatum aan tijdens het importeren/herscannen",
    "Ended": "Beëindigd",
    "EnableSsl": "Activeer SSL",
    "EnableRss": "Activeer RSS Synchronisatie",
    "EnableInteractiveSearch": "Schakel interactief zoeken in",
    "EnableMetadataHelpText": "Schakel het maken van metadata bestanden in voor dit metadata type",
    "ListEnabledHelpText": "Activeer deze lijst voor gebruik in {appName}",
    "EnableCompletedDownloadHandlingHelpText": "Importeer automatisch voltooide downloads vanuit de download cliënt",
    "EnableAutomaticSearch": "Schakel automatisch zoeken in",
    "EnableAutomaticAdd": "Schakel automatisch toevoegen in",
    "EnableAutomaticAddMovieHelpText": "Indien ingeschakeld, zullen films automatisch aan {appName} worden toegevoegd vanuit deze lijst",
    "CopyUsingHardlinksHelpTextWarning": "Sporadisch kan bestandsvergrendeling het hernoemen van in gebruik zijnde bestanden blokkeren. Als noodoplossing kunt u de hernoem functie van {appName} gebruiken na het opheffen van de bestandsvergrendeling.",
    "CopyUsingHardlinksMovieHelpText": "Hardlinks stellen {appName} in staat om torrents die nog actief zijn te importeren naar de film map zonder extra schijfruimte te gebruiken of het hele bestand te kopiëren. Hardlinks werken alleen wanneer de bron en de bestemming op hetzelfde volume staan",
    "CheckForFinishedDownloadsInterval": "Controle Van Voltooide Downloads Tussentijd",
    "PreferIndexerFlags": "Verkies Indexeerder Flags",
    "PortNumber": "Poort Nummer",
    "Port": "Poort",
    "Permissions": "Permissies",
    "Password": "Wachtwoord",
    "PackageVersion": "Pakket Versie",
    "Original": "Origineel",
    "NotMonitored": "Niet Bewaakt",
    "NotAvailable": "Niet Beschikbaar",
    "NoLeaveIt": "Nee, Ongemoeid Laten",
    "New": "Nieuw",
    "NamingSettings": "Naamgeving Instellingen",
    "MustNotContain": "Mag Niet Bevatten",
    "MustContain": "Moet Bevatten",
    "MovieYear": "Film Jaar",
    "MovieIsDownloading": "Film is aan het downloaden",
    "MovieInfoLanguageHelpTextWarning": "Browser Herladen Vereist",
    "MovieID": "Film ID",
    "MovieFolderFormat": "Film Map Formaat",
    "MovieFiles": "Filmbestanden",
    "MonitoredMovieHelpText": "Download film indien beschikbaar",
    "Mode": "Modus",
    "MinimumLimits": "Minimum Limieten",
    "MinimumFreeSpace": "Minimum Vrije Ruimte",
    "MinimumAge": "Minumum Leeftijd",
    "MetadataSettings": "Metadata Instellingen",
    "MediaManagementSettings": "Mediabeheer Instellingen",
    "MediaInfo": "Media Informatie",
    "Mechanism": "Mechanisme",
    "MaximumSize": "Maximum Grootte",
    "MaximumLimits": "Maximum Limiet",
    "MarkAsFailed": "Markeer als Mislukt",
    "Logs": "Logbestanden",
    "LogLevel": "Log Niveau",
    "Local": "Lokaal",
    "ImportListSettings": "Lijst Instellingen",
    "Links": "Koppelingen",
    "IconForCutoffUnmet": "Icoon voor Onbereikte Drempel",
    "AnalyseVideoFilesHelpText": "Video informatie extraheren zoals resolutie, speelduur en codec informatie van bestanden. Dit maakt het noodzakelijk dat {appName} delen van een bestand moet inlezen dewelke hoge schijf- of netwerkactiviteit kan veroorzaken tijdens het scannen.",
    "BindAddress": "Gebonden Adres",
    "PreferIndexerFlagsHelpText": "Verkies uitgaves met speciale flags",
    "MinimumAgeHelpText": "Enkel Usenet: Minimale leeftijd in minuten voor NZB bestanden alvorens ze worden opgehaald. Gebruik dit om nieuwe uitgaves de tijd te geven om tot bij uw Usenet provider toe te komen.",
    "LanguageHelpText": "Taal voor Uitgaves",
    "IndexerSettings": "Indexeerder Instellingen",
    "IndexerFlags": "Indexeerder Flags",
    "IncludeCustomFormatWhenRenamingHelpText": "Voeg toe aan het {Eigen Formaten} hernoemingsformaat",
    "EnableSslHelpText": " Vereist herstart als administrator om in werking te treden",
    "ProtocolHelpText": "Kies welk(e) protocol(len) te gebruiken en welke de voorkeur krijgt bij het kiezen tussen anders gelijke uitgaves",
    "RecyclingBinCleanupHelpText": "Zet op 0 om automatisch opschonen uit te schakelen",
    "RecyclingBinHelpText": "Filmbestanden zullen bij verwijdering hier naartoe gaan in plaats van permanent te worden verwijderd",
    "RemoveCompletedDownloadsHelpText": "Verwijder geïmporteerde downloads uit de downloader geschiedenis",
    "RemoveHelpTextWarning": "Het verwijderen zal zowel de download als de bestanden verwijderen bij de downloader.",
    "ReplaceIllegalCharactersHelpText": "Vervang illegale karakters. Indien niet aangevinkt, zal {appName} ze in de plaats daarvan verwijderen",
    "RescanAfterRefreshHelpTextWarning": "{appName} zal niet automatisch aanpassingen aan bestanden detecteren als dit niet op 'Altijd' staat",
    "SendAnonymousUsageData": "Zend Anonieme Gebruiksdata",
    "SetPermissionsLinuxHelpText": "Moet chmod worden uitgevoerd wanneer bestanden worden geïmporteerd/hernoemd?",
    "IconForCutoffUnmetHelpText": "Toon icoon voor bestanden waarbij de drempel niet behaald werd",
    "ShowUnknownMovieItems": "Toon onbekende film items",
    "MovieCannotBeFound": "Sorry, deze film kan niet worden gevonden.",
    "StandardMovieFormat": "Standaard Film Formaat",
    "TestAllIndexers": "Test Alle Indexeerders",
    "TorrentDelayHelpText": "Wachttijd in minuten alvorens een torrent op te halen",
    "IndexersLoadError": "Indexeerders kunnen niet worden geladen",
    "NotificationsLoadError": "Notificaties kunnen niet worden geladen",
    "UnableToLoadRestrictions": "Restricties kunnen niet worden geladen",
    "UpdateAutomaticallyHelpText": "Download en installeer updates automatisch. Je zal nog steeds kunnen installeren vanuit Systeem: Updates",
    "UrlBaseHelpText": "Voor reverse proxy ondersteuning, leeg is standaard",
    "UsenetDelayHelpText": "Vertraging in minuten om te wachten voordat een uitgave wordt opgehaald van Usenet",
    "IncludeUnmonitored": "Voeg Onbewaakte Toe",
    "ListSyncLevelHelpText": "Films in de bibliotheek zullen afgehandeld worden volgens jouw selectie wanneer ze van je lijst(en) afvallen of er niet in voorkomen",
    "LaunchBrowserHelpText": " Open een web browser en navigeer naar de {appName} startpagina bij het starten van de app.",
    "MaximumSizeHelpText": "Maximale grootte in MB voor een op te halen uitgave. Zet op nul voor ongelimiteerd",
    "MIA": "MIA",
    "MinimumCustomFormatScoreHelpText": "Minimum eigen formaat score toegelaten om te downloaden",
    "MinimumFreeSpaceHelpText": "Voorkom importeren indien de resulterende schijfruimte minder is dan deze hoeveelheid",
    "MovieIsOnImportExclusionList": "Film staat op de uitzonderingenlijst voor importeren",
    "MovieTitleToExcludeHelpText": "De titel van de uit te sluiten film (kan van alles zijn)",
    "MovieYearToExcludeHelpText": "Het jaar van de uit te sluiten film",
    "NotificationTriggers": "Melding Reactiestarters",
    "OpenBrowserOnStart": "Open de browser bij het starten",
    "NoLimitForAnyRuntime": "Geen limiet voor eender welke speelduur",
    "NoMinimumForAnyRuntime": "Geen minimum voor een speelduur",
    "DotNetVersion": ".NET",
    "PreferredSize": "Gewenste Grootte",
    "ProxyPasswordHelpText": "Je moet alleen een gebruikersnaam en wachtwoord ingeven als dit vereist is, laat ze anders leeg.",
    "ProxyUsernameHelpText": "Je moet alleen een gebruikersnaam en wachtwoord ingeven als dit vereist is, laat ze anders leeg.",
    "PublishedDate": "Publicatie Datum",
    "QualitySettings": "Kwaliteitsinstellingen",
    "ReadTheWikiForMoreInformation": "Lees de Wiki voor meer informatie",
    "Real": "REAL",
    "Reason": "Reden",
    "RecyclingBinCleanupHelpTextWarning": "Bestanden in de prullenbak ouder dan het geselecteerde aantal dagen zullen automatisch opgeschoond worden",
    "RecyclingBin": "Prullenbak",
    "RecyclingBinCleanup": "Prullenbak Opruimen",
    "RefreshInformationAndScanDisk": "Informatie vernieuwen en schijf herscannen",
    "RefreshMovie": "Film vernieuwen",
    "ProxyType": "Proxy Type",
    "Proper": "PROPER",
    "ProxyBypassFilterHelpText": "Gebruik ',' als scheidingsteken en '*' als wildcard voor subdomeinen",
    "RadarrTags": "{appName} Tags",
    "ReleaseDates": "Uitgave Datums",
    "ReleaseRejected": "Uitgave Afgekeurd",
    "Remove": "Verwijder",
    "RemovedFromTaskQueue": "Verwijderd uit taken wachtrij",
    "RemoveFailedDownloadsHelpText": "Verwijder mislukte downloads uit de downloader geschiedenis",
    "RemoveFilter": "Verwijder filter",
    "RemoveFromDownloadClient": "Verwijder uit download cliënt",
    "RemoveFromQueue": "Verwijder uit wachtrij",
    "RenameMovies": "Hernoem Films",
    "RenameMoviesHelpText": "{appName} zal de bestaande bestandsnaam gebruiken als hernoemen uitgeschakeld is",
    "Reorder": "Herordenen",
    "ReplaceIllegalCharacters": "Vervang Illegale Karakters",
    "RequiredHelpText": "Deze {0} conditie moet overeenstemmen om het eigen formaat te kunnen toepassen. Anders is een enkele {1} overeenstemming voldoende.",
    "RescanAfterRefreshMovieHelpText": "De film map herscannen na het vernieuwen van de film",
    "RescanMovieFolderAfterRefresh": "De film map herscannen na vernieuwen",
    "Reset": "Reset",
    "RestartNow": "Herstart Nu",
    "RestartRadarr": "Herstart {appName}",
    "RestartRequiredHelpTextWarning": "Herstarten vereist om in werking te treden",
    "Result": "Resultaat",
    "Retention": "Retentie",
    "RetentionHelpText": "Enkel Usenet: zet op 0 voor ongelimiteerde retentie",
    "RssSyncInterval": "RSS Sync. Tussentijd",
    "ScriptPath": "Script Pad",
    "SearchForMovie": "Zoek naar film",
    "ResetAPIKey": "Reset API-sleutel",
    "SetPermissions": "Stel Machtigingen In",
    "SetPermissionsLinuxHelpTextWarning": "Als je onzeker bent over deze instellingen en hun functie, pas ze dan niet aan.",
    "ListMonitorMovieHelpText": "Of films of collecties die door deze lijst toegevoegd worden als gemonitord worden toegevoegd",
    "ICalShowAsAllDayEvents": "Weergeven als evenementen die de hele dag duren",
    "ShowMonitoredHelpText": "Toon bewakingsstatus onder de poster",
    "ShowMovieInformation": "Toon film informatie",
    "ShowMovieInformationHelpText": "Toon film genre en certificering",
    "ShowQualityProfileHelpText": "Toon kwaliteitsprofiel onder poster",
    "ShowTitleHelpText": "Toon filmtitel onder poster",
    "SkipFreeSpaceCheck": "Vrije schijfruimte controle overslaan",
    "SourcePath": "Bron Pad",
    "SourceRelativePath": "Relatief Bron Pad",
    "SslCertPassword": "SSL Certificaat Wachtwoord",
    "SslCertPath": "SSL Certificaat Pad",
    "SslPort": "SSL Poort",
    "StartupDirectory": "Opstart map",
    "SuggestTranslationChange": "Stel vertaling voor",
    "ICalTagsMoviesHelpText": "Is van toepassing op films met minstens één overeenkomende tag",
    "TestAllClients": "Test Alle Downloaders",
    "TestAllLists": "Test Alle Lijsten",
    "TMDBId": "TMDb Id",
    "TmdbIdExcludeHelpText": "De TMDb Id van de uit te sluiten film",
    "TorrentDelay": "Torrent Vertraging",
    "Torrents": "Torrents",
    "TotalFileSize": "Totale Bestandsgrootte",
    "UiSettings": "Gebruikersinterface Instellingen",
    "CustomFormatsLoadError": "Eigen formaten kunnen niet worden geladen",
    "DelayProfilesLoadError": "Vertragingsprofielen kunnen niet worden geladen",
    "ImportListExclusionsLoadError": "Uitzonderingenlijst kan niet worden geladen",
    "ImportListsLoadError": "Lijsten kunnen niet worden geladen",
    "MetadataLoadError": "Metadata kan niet worden geladen",
    "QualityDefinitionsLoadError": "Kwaliteitsdefinities kunnen niet worden geladen",
    "QualityProfilesLoadError": "Kwaliteitsprofielen kunnen niet worden geladen",
    "RemotePathMappingsLoadError": "Externe pad verwijzingen kunnen niet worden geladen",
    "TagsLoadError": "Tags kunnen niet worden geladen",
    "Ungroup": "Degroeperen",
    "ICalIncludeUnmonitoredMoviesHelpText": "Voeg onbewaakte films toe aan de iCal informatiestrrom",
    "UpdateMechanismHelpText": "Gebruik de ingebouwde updater van {appName} of een script",
    "UpdateScriptPathHelpText": "Pad naar een aangepast script dat een uitgepakt updatepakket accepteert en de rest van het updateproces afhandelt",
    "UpgradesAllowedHelpText": "Indien uitgeschakeld zullen kwaliteitsprofielen niet worden bijgewerkt",
    "Uptime": "Bedrijfstijd",
    "UrlBase": "URL Basis",
    "UseHardlinksInsteadOfCopy": "Gebruik hardlinks in plaats van kopiëren",
    "Usenet": "Usenet",
    "UsenetDelay": "Usenet Vertraging",
    "UseProxy": "Gebruik Proxy",
    "Username": "Gebruikersnaam",
    "Version": "Versie",
    "WhitelistedHardcodedSubsHelpText": "Deze ondertiteling tags zullen niet als ingebrand worden beschouwd",
    "WhitelistedSubtitleTags": "Ondertiteling tags op de witte lijst",
    "RuntimeFormat": "Speelduur Formaat",
    "WaitingToProcess": "Wachten tot Verwerking",
    "WaitingToImport": "Wachten tot Importeren",
    "UpgradeUntilThisQualityIsMetOrExceeded": "Bijwerken totdat deze kwaliteit is behaald of overschreden",
    "TagCannotBeDeletedWhileInUse": "Kan niet verwijderd worden terwijl in gebruik",
    "SubfolderWillBeCreatedAutomaticallyInterp": "'{0}' submap zal automatisch worden aangemaakt",
    "SslCertPathHelpText": "Pad naar pfx bestand",
    "SslCertPasswordHelpText": "Wachtwoord voor pfx bestand",
    "ShowYear": "Toon Jaar",
    "ShowRatings": "Toon Waarderingen",
    "ShownClickToHide": "Getoond, klik om te verbergen",
    "ShowGenres": "Toon Genres",
    "ShowCertification": "Toon Certificatie",
    "ListSearchOnAddMovieHelpText": "Zoek naar films op deze lijst na toevoeging aan de bibliotheek",
    "RssSyncIntervalHelpTextWarning": "Dit zal van toepassing zijn op alle indexeerders, gelieve de door hen opgelegde regels te volgen",
    "RssIsNotSupportedWithThisIndexer": "RSS wordt niet ondersteund door deze indexeerder",
    "RemovingTag": "Tag verwijderen",
    "Queued": "Afwachtend",
    "Pending": "In afwachting",
    "Paused": "Gepauzeerd",
    "NegateHelpText": "Indien aangevinkt, zal het eigen formaat niet worden toegepast indien deze {0} conditie overeenstemt.",
    "MoviesSelectedInterp": "{count} Film(s) geselecteerd",
    "MovieIsUnmonitored": "Film wordt niet bewaakt",
    "MovieIsMonitored": "Film wordt gemonitord",
    "MovieExcludedFromAutomaticAdd": "Film Uitgesloten Van Automatisch Toevoegen",
    "MovieAlreadyExcluded": "Film werd al Uitgesloten",
    "MarkAsFailedConfirmation": "Bent u zeker dat u '{0}' als mislukt wilt markeren?",
    "Manual": "Manueel",
    "LogLevelTraceHelpTextWarning": "Trace log niveau moet enkel tijdelijk worden gebruikt",
    "LastDuration": "Laatste Looptijd",
    "IncludeRecommendationsHelpText": "Voeg {appName} aanbevolen films toe aan ontdekken weergave",
    "IncludeRadarrRecommendations": "Voeg {appName} Aanbevelingen Toe",
    "ImportFailed": "Importeren mislukt: {sourceTitle}",
    "HiddenClickToShow": "Verborgen, klik om te tonen",
    "GrabReleaseMessageText": "{appName} was niet in staat om deze uitgave aan een film te koppelen. {appName} zal waarschijnlijk deze uitgave niet automatisch kunnen importeren. Wilt u '{0}' ophalen?",
    "MovieDetailsGoTo": "Ga naar {0}",
    "ExistingTag": "Bestaande tag",
    "ExcludeMovie": "Film Uitsluiten",
    "SearchIsNotSupportedWithThisIndexer": "Zoeken wordt niet ondersteund door deze indexeerder",
    "EnableInteractiveSearchHelpText": "Zal worden gebruikt wanneer interactief zoeken wordt gebruikt",
    "EnableAutomaticSearchHelpText": "Zal worden gebruikt wanneer automatische zoekopdrachten worden uitgevoerd via de gebruikersinterface of door {appName}",
    "DownloadWarning": "Download waarschuwing: {warningMessage}",
    "Downloading": "Downloaden",
    "DownloadFailed": "Download mislukt",
    "DeleteTagMessageText": "Weet je zeker dat je de tag '{label}' wil verwijderen?",
    "DeleteRestrictionHelpText": "Bent u zeker dat u deze restrictie wilt verwijderen?",
    "DeleteNotificationMessageText": "Weet je zeker dat je de notificatie ‘{name}’ wil verwijderen?",
    "DeleteIndexerMessageText": "Bent u zeker dat u de indexeerder '{name}' wilt verwijderen?",
    "DeleteDownloadClientMessageText": "Bent u zeker dat u de downloader '{name}' wilt verwijderen?",
    "DeleteBackupMessageText": "Bent u zeker dat u de veiligheidskopie '{name}' wilt verwijderen?",
    "Cutoff": "Drempel",
    "ClickToChangeMovie": "Klik om film te wijzigen",
    "CheckDownloadClientForDetails": "controleer downloader voor meer details",
    "CancelPendingTask": "Ben je zeker dat je deze onafgewerkte taak wil annuleren?",
    "BranchUpdateMechanism": "Gebruikte branch door extern update mechanisme",
    "BranchUpdate": "Te gebruiken branch om {appName} bij te werken",
    "BeforeUpdate": "Voor Update",
    "AddingTag": "Tag wordt toegevoegd",
    "YouCanAlsoSearch": "U kunt ook zoeken met het TMDb Id of het IMDb Id van een film. Bijv. `tmdb:71663`",
    "VisitTheWikiForMoreDetails": "Bezoek de wiki voor meer details: ",
    "Unreleased": "Niet Beschikbaar",
    "UiSettingsLoadError": "Kon gebruikersinterface instellingen niet inladen",
    "CalendarLoadError": "Kon kalender niet inladen",
    "UnableToLoadRootFolders": "Kon hoofdmappen niet inladen",
    "NamingSettingsLoadError": "Kon Naamgevingsinstellingen niet inladen",
    "UnableToLoadMovies": "Kon films niet inladen",
    "MediaManagementSettingsLoadError": "Kon Mediabeheer instellingen niet inladen",
    "ListOptionsLoadError": "Kon lijst opties niet inladen",
    "IndexerOptionsLoadError": "Kon indexeerder opties niet inladen",
    "GeneralSettingsLoadError": "Kon Algemene instellingen niet inladen",
    "DownloadClientOptionsLoadError": "Kon downloader opties niet inladen",
    "AddRemotePathMappingError": "Kon geen nieuw externe pad verwijzing toevoegen, gelieve opnieuw te proberen.",
    "AddQualityProfileError": "Kon geen nieuw kwaliteitsprofiel toevoegen, gelieve opnieuw te proberen.",
    "AddNotificationError": "Kon geen nieuwe notificatie toevoegen, gelieve opnieuw te proberen.",
    "AddListError": "Kon geen nieuwe lijst toevoegen, gelieve opnieuw te proberen.",
    "AddImportListExclusionError": "Kon geen nieuw item toevoegen aan de uitzonderingenlijst, gelieve opnieuw te proberen.",
    "AddIndexerError": "Kon geen nieuwe indexeerder toevoegen, gelieve opnieuw te proberen.",
    "AddDownloadClientError": "Kon geen nieuwe downloader toevoegen, gelieve opnieuw te proberen.",
    "AddCustomFormatError": "Kon geen nieuw eigen formaat toevoegen, gelieve opnieuw te proberen.",
    "AddConditionError": "Kon geen nieuwe conditie toevoegen, gelieve opnieuw te proberen.",
    "RegularExpressionsCanBeTested": "Reguliere expressies kunnen [hier] worden getest ({url}).",
    "SupportedCustomConditions": "{appName} ondersteunt aangepaste condities tegenover de uitgave eigenschappen hieronder.",
    "SupportedListsMovie": "{appName} ondersteunt elke RSS filmlijst, tevens ook de ander hieronder weergegeven lijsten.",
    "SupportedIndexers": "{appName} ondersteund elke indexeerder die gebruik maakt van de Newznab standaard, tevens ook de ander hieronder weergegeven indexeerders.",
    "SupportedDownloadClients": "{appName} ondersteunt veel populaire downloadprogramma's voor torrents en nieuwsgroepen.",
    "NoTagsHaveBeenAddedYet": "Er zijn nog geen tags toegevoegd",
    "MissingMonitoredAndConsideredAvailable": "Ontbrekend (Bewaakt)",
    "HaveNotAddedMovies": "U heeft nog geen films toegevoegd, wilt u eerst enkele of al uw films importeren?",
    "SupportedIndexersMoreInfo": "Voor meer informatie over de individuele indexeerders, klik op de info knoppen.",
    "SupportedListsMoreInfo": "Voor meer informatie over de individuele lijsten, klik op de info knoppen.",
    "SupportedDownloadClientsMoreInfo": "Voor meer informatie over de individuele download applicaties, klik op de info knoppen.",
    "FailedLoadingSearchResults": "Laden van zoekresultaten is mislukt, gelieve opnieuw te proberen.",
    "ExtraFileExtensionsHelpText": "Komma gescheiden lijst met extra bestanden om te importeren (.nfo zal als .nfo-orig worden geïmporteerd)",
    "CouldNotFindResults": "Kon geen resultaten vinden voor '{term}'",
    "ApplyTagsHelpTextHowToApplyMovies": "Hoe tags toe te passen op de geselecteerd films",
    "BackupsLoadError": "Kon geen veiligheidskopieën laden",
    "TagIsNotUsedAndCanBeDeleted": "Tag is niet in gebruik en kan verwijderd worden",
    "FileBrowserPlaceholderText": "Begin met typen of selecteer een pad hier beneden",
    "Restore": "Herstellen",
    "NoUpdatesAreAvailable": "Geen updates beschikbaar",
    "NoLogFiles": "Geen logbestanden",
    "NoHistory": "Geen geschiedenis",
    "NoBackupsAreAvailable": "Geen veiligheidskopieën beschikbaar",
    "MoreDetails": "Meer details",
    "MissingNotMonitored": "Ontbrekend (Onbewaakt)",
    "MinutesSixty": "60 Minuten: {sixty}",
    "MinutesNinety": "90 Minuten: {ninety}",
    "MinutesHundredTwenty": "120 Minuten: {hundredTwenty}",
    "MaintenanceRelease": "Onderhoudsuitgave: foutoplossingen en andere verbeteringen. Bekijk de GitHub Commit geschiedenis voor meer details",
    "LoadingMovieFilesFailed": "Laden van filmbestanden is mislukt",
    "LoadingMovieExtraFilesFailed": "Laden van film extra bestanden is mislukt",
    "LoadingMovieCreditsFailed": "Laden van film aftiteling mislukt",
    "LinkHere": "hier",
    "AddNewRestriction": "Voeg nieuwe restrictie toe",
    "FilterMoviePlaceholder": "Zoek films",
    "ExtraFileExtensionsHelpTextsExamples": "Voorbeelden: '.sub, .nfo' of 'sub,nfo'",
    "Excluded": "Uitgezonderd",
    "Exception": "Uitzondering",
    "ErrorLoadingContents": "Fout bij laden van inhoud",
    "DownloadedButNotMonitored": "Gedownload (Onbewaakt)",
    "DownloadedAndMonitored": "Gedownload (Bewaakt)",
    "CantFindMovie": "Waarom kan ik mijn film niet vinden?",
    "BrowserReloadRequired": "Browser Herladen Vereist",
    "UiLanguageHelpText": "Taal die {appName} zal gebruiken voor de gebruikersinterface",
    "UiLanguage": "Gebruikersinterface Taal",
    "MovieInfoLanguageHelpText": "Taal die {appName} zal gebruiken voor Film Informatie in de gebruikersinterface",
    "MovieInfoLanguage": "Film Informatie Taal",
    "ImportCustomFormat": "Importeer Eigen Formaat",
    "ExportCustomFormat": "Exporteer Eigen Formaat",
    "DownloadPropersAndRepacksHelpTextWarning": "Gebruik eigen formaat voor automatische opwaarderingen naar PROPERS/REPACKS",
    "DownloadPropersAndRepacksHelpTextCustomFormat": "Gebruik 'Geen Voorkeur' om te sorteren volgens eigen formaat score boven PROPERS/REPACKS",
    "DownloadPropersAndRepacksHelpText": "Of dat er al dan niet moet worden bijgewerkt naar PROPERS/REPACKS",
    "DownloadPropersAndRepacks": "PROPERS en REPACKS",
    "CustomFormatUnknownConditionOption": "Onbekende optie '{key}' voor conditie '{implementation}'",
    "CustomFormatUnknownCondition": "Onbekende aangepaste formaatvoorwaarde '{implementation}'.",
    "CopyToClipboard": "Kopieer naar Klembord",
    "CloneCustomFormat": "Dupliceer Eigen Formaat",
    "Priority": "Prioriteit",
    "InteractiveSearch": "Interactief Zoeken",
    "IndexerPriorityHelpText": "Indexeerder Prioriteit van 1 (Hoogste) tot 50 (Laagste). Standaard: 25. Wordt gebruikt als tiebreaker voor anderszins gelijke uitgaves, {appName} zal nog steeds alle ingeschakelde indexeerderders gebruiken voor RSS synchronisate en zoekopdrachten",
    "IndexerPriority": "Indexeerder Prioriteit",
    "Disabled": "Uitgeschakeld",
    "AutomaticSearch": "Automatisch Zoeken",
    "AddIndexer": "Voeg Indexeerder Toe",
    "ImportErrors": "Importeer Fouten",
    "KeyboardShortcutsFocusSearchBox": "Focus Zoekvak",
    "Existing": "Bestaande",
    "EditRestriction": "Bewerk Restrictie",
    "KeyboardShortcutsCloseModal": "Sluit Huidig Bericht",
    "CancelProcessing": "Annuleer Verwerking",
    "AddRestriction": "Voeg Restrictie Toe",
    "AddMovie": "Voeg Film Toe",
    "KeyboardShortcutsConfirmModal": "Accepteer Bevestigingsbericht",
    "AddDelayProfile": "Voeg vertragingsprofiel toe",
    "AddCustomFormat": "Voeg aangepast formaat toe",
    "BuiltIn": "Ingebouwd",
    "AuthBasic": "Basic (Browser Pop-up)",
    "AptUpdater": "Gebruik apt om de update te installeren",
    "Announced": "Aangekondigd",
    "Always": "Altijd",
    "AllResultsHiddenFilter": "Alle resultaten zijn verborgen door de toegepaste filter",
    "AllMoviesInPathHaveBeenImported": "Alle films in {path} zijn geïmporteerd",
    "AllFiles": "Alle bestanden",
    "AfterManualRefresh": "Na handmatig vernieuwen",
    "AddToDownloadQueue": "Toevoegen aan download wachtrij",
    "AddQualityProfile": "Kwaliteitsprofiel toevoegen",
    "AddedToDownloadQueue": "Toegevoegd aan download wachtrij",
    "AddDownloadClient": "Download Client Toevoegen",
    "Add": "Toevoegen",
    "ChmodFolderHelpTextWarning": "Dit werkt alleen als de gebruiker die {appName} draait de eigenaar is van het bestand. Het is beter om zeker te zijn dat de downloader de juiste rechten zet.",
    "KeyboardShortcutsMovieDetailsPreviousMovie": "Film Details: Vorige Film",
    "KeyboardShortcutsMovieDetailsNextMovie": "Film Details: Volgende Film",
    "MovieChat": "Film Chat",
    "MoveMovieFoldersToNewPath": "Wil je de film bestanden verplaatsen van '{0}' naar '{1}'?",
    "MoveMovieFoldersToRootFolder": "Wil je de film mappen naar '{0}' verplaatsen?",
    "Months": "Maanden",
    "MonitoredStatus": "Bewaakt/Status",
    "Monday": "Maandag",
    "Minutes": "Minuten",
    "MinimumCustomFormatScore": "Minimum Eigen Formaat Score",
    "Min": "Min",
    "MegabytesPerMinute": "Megabytes Per Minuut",
    "Medium": "Gemiddeld",
    "Max": "Max",
    "MappedNetworkDrivesWindowsService": "Toegewezen netwerkstation is niet beschikbaar wanneer Prowlarr wordt uitgevoerd als een Windows Service. Bekijk de Veelgestelde Vragen voor meer informatie",
    "ManualImportSelectQuality": " Manuele Import - Selecteer Kwaliteit",
    "ManualImportSelectLanguage": "Manuele import - Selecteer Taal",
    "ManualImportSelectMovie": "Manuele import - Selecteer Film",
    "Lowercase": "Kleine letters",
    "LookingForReleaseProfiles2": "in de plaats.",
    "LookingForReleaseProfiles1": "Op zoek naar Release Profielen? Probeer",
    "LogOnly": "Alleen Loggen",
    "ListSyncLevelHelpTextWarning": "Film bestanden zullen permanent worden verwijdert, dit kan resulteren in het wissen van uw bibliotheek als uw lijsten leeg zijn",
    "LastUsed": "Laatst Gebruikt",
    "LastExecution": "Laatste Uitvoering",
    "Large": "Groot",
    "KeepAndUnmonitorMovie": "Houd en Onbewaak Film",
    "InvalidFormat": "Ongeldig Formaat",
    "InstallLatest": "Installeer Nieuwste Versie",
    "IndexerLongTermStatusCheckSingleClientMessage": "Indexeerders zijn niet beschikbaar vanwege storingen gedurende meer dan 6 uur: {indexerNames}",
    "IndexerLongTermStatusCheckAllClientMessage": "Alle indexeerders zijn niet beschikbaar vanwege storingen gedurende meer dan 6 uur",
    "InCinemasMovieDescription": "Film is in de Bioscoop",
    "InCinemasDate": "In de Bioscoop Datum",
    "ImportRootPath": "Wijs {appName} naar de map die al je films bevat, niet een specifieke film. Bijv. {0} en niet {1}. Bijkomend moet iedere film in zijn eigen map zitten binnen de hoofdmap/bibliotheekmap.",
    "ImportIncludeQuality": "Zorg ervoor dat je bestanden de kwaliteit in hun bestandsnamen bevatten. bijv. {0}",
    "ImportNotForDownloads": "Gebruik deze importeer methode niet om downloads van je downloader te importeren. Dit is ALLEEN voor het organiseren van bestaande bibliotheken.",
    "IMDb": "IMDb",
    "Images": "Afbeeldingen",
    "HttpHttps": "HTTP(S)",
    "Hours": "Uren",
    "HomePage": "Startpagina",
    "FileNameTokens": "Bestandsnaam Tokens",
    "FeatureRequests": "Functieverzoeken",
    "ExternalUpdater": "{appName} is geconfigureerd om een extern update mechanisme te gebruiken",
    "ExcludeTitle": "{0} uitzonderen? Dit zal voorkomen dat {appName} deze automatisch toevoegt via lijst synchronisatie.",
    "ErrorRestoringBackup": "Fout bij het herstellen van de back-up",
    "Enabled": "Ingeschakeld",
    "EditQualityProfile": "Bewerk Kwaliteitsprofiel",
    "EditMovieFile": "Bewerk Filmbestand",
    "EditImportListExclusion": "Bewerk Lijst Uitzonderingen",
    "DoneEditingGroups": "Groepen Bewerken Voltooien",
    "EditGroups": "Bewerk Groepen",
    "EditDelayProfile": "Bewerk Vertraginsprofiel",
    "EditCustomFormat": "Bewerk Eigen Formaat",
    "Debug": "Fouten Opsporen",
    "Discord": "Discord",
    "CouldNotConnectSignalR": "Kan geen verbinding maken met SignalR, gebruikersinterface wordt niet bijgewerkt",
    "Donations": "Donaties",
    "DockerUpdater": "Update de docker container om de update te ontvangen",
    "DeleteMovieFolderConfirmation": "De film map '{path}' en al zijn inhoud zal worden verwijderd.",
    "DeleteSelectedMovie": "Verwijder Geselecteerde Film(s)",
    "DeleteMovieFolder": "Verwijder Film Map",
    "DeleteMovieFolderHelpText": "Verwijder de film map en zijn inhoud",
    "DeleteHeader": "Verwijder - {0}",
    "DeleteMovieFiles": "Verwijder {0} Film Bestanden",
    "DeleteMovieFilesHelpText": "Verwijder de film bestanden en film map",
    "DeletedMovieDescription": "Film was verwijdert van TMDb",
    "DefaultDelayProfileMovie": "Dit is het standaard profiel. Het wordt toegepast op alle films die geen specifiek profiel hebben.",
    "DefaultCase": "Standaard Geval",
    "Days": "Dagen",
    "CustomFormatHelpText": "{appName} scoort elke release aan de hand van de som van scores voor overeenkomende eigen formaten. Wanneer een nieuwe release de score overtreft voor eenzelfde kwaliteit, dan zal {appName} deze oppikken.",
    "CustomFormat": "Eigen Formaat",
    "Custom": "Aangepast",
    "CurrentlyInstalled": "Momenteel Geïnstalleerd",
    "ConsideredAvailable": "Beschouwd als beschikbaar",
    "Connection": "Connectie",
    "ChownGroupHelpTextWarning": "Dit werkt alleen als de gebruiker die {appName} draait de eigenaar is van het bestand. Het is beter om zeker te zijn dat de downloader dezelfde groep gebruikt als {appName}.",
    "ChownGroupHelpText": "Groep naam of gid. Gebruik gid voor externe bestandssystemen.",
    "ChmodFolderHelpText": "Octaal, toegepast tijdens importeren/hernoemen op media mappen en bestanden (zonder uitvoeringsbits)",
    "ChmodFolder": "chmod Map",
    "CertValidationNoLocal": "Uitgeschakeld voor lokale adressen",
    "CalendarOptions": "Kalender Opties",
    "AuthForm": "Formulier (inlogpagina)",
    "AddRootFolder": "Voeg Hoofdmap toe",
    "StartProcessing": "Start Verwerken",
    "StartImport": "Start Importeren",
    "SomeResultsHiddenFilter": "Sommige resultaten zijn verborgen door de aangebrachte filter",
    "Socks5": "Socks5 (Ondersteun TOR)",
    "Socks4": "Socks4",
    "Small": "Klein",
    "SelectQuality": "Selecteer Kwaliteit",
    "SelectMovie": "Selecteer Film",
    "SelectLanguage": "Selecteer Taal",
    "Seconds": "Seconden",
    "SearchMissing": "Missende zoeken",
    "SearchFailedPleaseTryAgainLater": "Zoeken mislukt, probeer het later opnieuw.",
    "SearchCutoffUnmet": "Zoek Cutoff Onbereikt",
    "Script": "Script",
    "Score": "Score",
    "KeyboardShortcutsSaveSettings": "Instellingen Opslaan",
    "Rss": "RSS",
    "RestartReloadNote": "Aantekening: {appName} zal automatisch de Ui herstarten en herladen gedurende het herstel proces.",
    "RequiredRestrictionHelpText": "De release moet tenminste één van deze termen bevatten (hoofdletter gevoelig)",
    "Required": "Benodigd",
    "ReplaceWithSpaceDashSpace": "Vervang met Spatie Streepje Spatie",
    "ReplaceWithSpaceDash": "Vervang met Spatie Streepje",
    "ReplaceWithDash": "Vervang met Streepje",
    "Replace": "Vervangen",
    "RemoveMovieAndKeepFiles": "Verwijder Film en Behoud Bestanden",
    "RemoveMovieAndDeleteFiles": "Verwijder Film en Verwijder Bestanden",
    "ReleasedMovieDescription": "Film is uitgebracht",
    "Released": "Uitgebracht",
    "RefreshLists": "Ververs Lijsten",
    "RecentChanges": "Recente wijzigingen",
    "CalendarFeed": "{appName} kalender feed",
    "QueueIsEmpty": "Wachtrij is leeg",
    "QualityProfileInUseMovieListCollection": "Kan een kwaliteitsprofiel dat aan een film, lijst, of collectie is gekoppeld niet verwijderen",
    "QualityLimitsMovieRuntimeHelpText": "Limieten zijn automatisch aangepast voor de tijdsduur van de film.",
    "QualitiesHelpText": "Kwaliteiten hoger in de lijst krijgen meer voorkeur. Kwaliteiten in dezelfde groep zijn gelijk. Enkel geselecteerde kwaliteiten zijn gewenst",
    "Qualities": "Kwaliteiten",
    "ProcessingFolders": "Mappen Verwerken",
    "PrioritySettings": "Prioriteit: {priority}",
    "PreviewRenameHelpText": "Tip: Om een hernoem voorbeeld te zien... Selecteer 'Annuleren', klik dan op een willekeurige film titel en gebruik de",
    "Presets": "Voorinstellingen",
    "PreferUsenet": "Geef Usenet Voorkeur",
    "PreferTorrent": "Geef Torrent Voorkeur",
    "Preferred": "Voorkeur gegeven",
    "PreferAndUpgrade": "Prefereer en Waardeer Op",
    "PhysicalReleaseDate": "Fysieke Release Datum",
    "KeyboardShortcutsOpenModal": "Open deze modal",
    "MoveMovieFoldersRenameFolderWarning": "Dit zal ook de naam van de film map per film formaat in instellingen wijzigen.",
    "NextExecution": "Volgende uitvoering",
    "MovieFilesTotaling": "Totaal aantal filmbestanden",
    "NoEventsFound": "Geen gebeurtenissen gevonden",
    "DoNotPrefer": "Niet De Voorkeur Geven",
    "OrganizeSelectedMovies": "Sorteer Geselecteerde Films",
    "OrganizeConfirm": "Weet je zeker dat je alle bestanden wil organiseren in de {count} geselecteerde film(s)?",
    "OnRename": "Bij hernoemen",
    "OnlyUsenet": "Alleen Usenet",
    "OnlyTorrent": "Alleen Torrent",
    "OnLatestVersion": "De nieuwste versie van {appName} is al geïnstalleerd",
    "OnHealthIssue": "Bij gezondheidsprobleem",
    "OnGrab": "Bij ophalen",
    "NoResultsFound": "Geen resultaten gevonden",
    "None": "Geen",
    "NoMoviesExist": "Geen films gevonden, om te beginnen, voeg een nieuwe film toe of importeer bestaande films.",
    "MoveMovieFoldersDontMoveFiles": " Nee, ik verplaats de bestanden zelf",
    "NoMatchFound": "Geen overeenkomst gevonden!",
    "NoListRecommendations": "Geen lijst aanbevelingen gevonden, om te beginnen, voeg een nieuwe film toe, importeer bestaande of voeg een lijst toe.",
    "NoLinks": "Geen koppelingen",
    "NoAlternativeTitles": "Geen alternatieve titels.",
    "Negate": "Negeren",
    "Negated": "Genegeerd",
    "MultiLanguage": "Meertalig",
    "MovieIsRecommend": "Film is aanbevolen gebaseerd op recentelijk toegevoegd",
    "MovieInvalidFormat": "Film: Ongeldig formaat",
    "KeyboardShortcutsMovieIndexScrollTop": "Film Index: Scroll omhoog",
    "KeyboardShortcutsMovieIndexScrollBottom": "Film Index: Scroll naar onder",
    "ListTagsHelpText": "Tags waarmee lijst items toegevoegd worden",
    "ImportLibrary": "Bibliotheek Import",
    "DoNotUpgradeAutomatically": "Niet Automatisch Upgraden",
    "TMDb": "TMDb",
    "Tomorrow": "Morgen",
    "AlternativeTitlesLoadError": "Kan alternatieve titels niet laden.",
    "UpgradesAllowed": "Upgrades toegestaan",
    "WhatsNew": "Wat is er nieuw?",
    "StartSearchForMissingMovie": "Begin met zoeken naar ontbrekende film",
    "Sunday": "zondag",
    "TagDetails": "Tagdetails - {label}",
    "TheLogLevelDefault": "Het logniveau staat standaard op 'Info' en kan worden gewijzigd in",
    "ThisCannotBeCancelled": "Eenmaal gestart kan dit niet worden geannuleerd zonder al je indexeerders uit te schakelen.",
    "Today": "Vandaag",
    "TorrentDelayTime": "Torrent-vertraging: {torrentDelay}",
    "TorrentsDisabled": "Torrents uitgeschakeld",
    "Trace": "Spoor",
    "Trailer": "Trailer",
    "Trakt": "Trakt",
    "Trigger": "In gang zetten",
    "UnableToLoadManualImportItems": "Kan items voor handmatig importeren niet laden",
    "UpdateAppDirectlyLoadError": "Kan {appName} niet rechtstreeks updaten,",
    "Unlimited": "Onbeperkt",
    "UnmappedFilesOnly": "Alleen niet-toegewezen bestanden",
    "UpgradeUntilCustomFormatScore": "Upgraden tot Score aangepast formaat",
    "UpgradeUntil": "Upgrade tot kwaliteit",
    "Uppercase": "Hoofdletters",
    "UsenetDelayTime": "Usenet-vertraging: {usenetDelay}",
    "UsenetDisabled": "Usenet uitgeschakeld",
    "Weeks": "Weken",
    "Wiki": "Wiki",
    "WouldYouLikeToRestoreBackup": "Wilt u de back-up {name} herstellen?",
    "MoveMovieFoldersMoveFiles": "Ja, verplaats de bestanden",
    "Yesterday": "Gisteren",
    "SqliteVersionCheckUpgradeRequiredMessage": "De momenteel geïnstalleerde SQLite-versie {0} wordt niet langer ondersteund. Upgrade SQLite naar minimaal versie {1}.",
    "ShowCinemaRelease": "Show Cinema-releasedatum",
    "ShowReleaseDate": "Toon releasedatum",
    "ShowReleaseDateHelpText": "Laat releasedatum zien onder poster",
    "OnMovieDelete": "Op film verwijderen",
    "OnMovieFileDelete": "Op filmbestand verwijderen",
    "OnMovieFileDeleteForUpgrade": "Op filmbestand verwijderen voor upgrade",
    "Reddit": "Reddit",
    "More": "Meer",
    "Download": "Downloaden",
    "DownloadClientRootFolderHealthCheckMessage": "Downloadclient {downloadClientName} plaatst downloads in de hoofdmap {rootFolderPath}. U mag niet naar een hoofdmap downloaden.",
    "UpdateAvailableHealthCheckMessage": "Nieuwe update is beschikbaar",
    "From": "van",
    "RemotePathMappingCheckDownloadPermissions": "{appName} kan gedownloade film {path} zien, maar niet openen.  Waarschijnlijk fout met machtigingen.",
    "RemotePathMappingCheckFileRemoved": "Bestand {path} is halverwege de verwerking verwijderd.",
    "RemotePathMappingCheckFilesBadDockerPath": "U gebruikt docker; download client {downloadClientName} gerapporteerde bestanden in {path} maar dit is geen geldig {osName} pad.  Controleer uw externe padtoewijzingen en download clientinstellingen.",
    "RemotePathMappingCheckFilesLocalWrongOSPath": "Lokale downloadclient {downloadClientName} rapporteerde bestanden in {path}, maar dit is geen geldig {osName}-pad.  Controleer de instellingen van uw downloadclient.",
    "RemotePathMappingCheckFilesWrongOSPath": "Externe downloadclient {downloadClientName} rapporteerde bestanden in {path}, maar dit is geen geldig {osName}-pad.  Controleer uw externe padtoewijzingen en download clientinstellingen.",
    "RemotePathMappingCheckFolderPermissions": "{appName} kan de downloadmap {path} zien, maar niet openen.  Waarschijnlijk fout met machtigingen.",
    "RemotePathMappingCheckImportFailed": "{appName} kan een film niet importeren.  Controleer uw logboeken voor details.",
    "RemotePathMappingCheckLocalFolderMissing": "Externe downloadclient {downloadClientName} plaatst downloads in {path}, maar deze map lijkt niet te bestaan.  Waarschijnlijk ontbrekende of onjuiste toewijzing van externe paden.",
    "RemotePathMappingCheckWrongOSPath": "Externe downloadclient {downloadClientName} plaatst downloads in {path}, maar dit is geen geldig {osName}-pad.  Controleer uw externe padtoewijzingen en download clientinstellingen.",
    "BypassDelayIfHighestQuality": "Omzeilen indien de hoogste kwaliteit",
    "RemotePathMappingCheckBadDockerPath": "U gebruikt docker; downloadclient {downloadClientName} plaatst downloads in {path} maar dit is geen geldig {osName}-pad.  Controleer uw externe padtoewijzingen en download clientinstellingen.",
    "RemotePathMappingCheckRemoteDownloadClient": "Externe downloadclient {downloadClientName} rapporteerde bestanden in {path}, maar deze map lijkt niet te bestaan.  Waarschijnlijk ontbrekende externe padtoewijzing.",
    "ImportListMissingRoot": "Ontbrekende hoofdmap voor importlijst(en): {rootFolderInfo}",
    "ImportListMultipleMissingRoots": "Er ontbreken meerdere hoofdmappen voor importlijsten: {rootFoldersInfo}",
    "NotificationTriggersHelpText": "Selecteer welke gebeurtenissen deze melding moeten activeren",
    "RemotePathMappingCheckDockerFolderMissing": "U gebruikt docker; downloadclient {downloadClientName} plaatst downloads in {path} maar deze map lijkt niet te bestaan in de container.  Controleer uw externe padtoewijzingen en instellingen voor containervolume.",
    "RemotePathMappingCheckFilesGenericPermissions": "Download client {downloadClientName} gerapporteerde bestanden in {path} maar {appName} kan deze map niet zien.  Mogelijk moet u de rechten van de map aanpassen.",
    "RemotePathMappingCheckGenericPermissions": "Downloadclient {downloadClientName} plaatst downloads in {path} maar {appName} kan deze map niet zien.  Mogelijk moet u de machtigingen van de map aanpassen.",
    "RemotePathMappingCheckLocalWrongOSPath": "Lokale downloadclient {downloadClientName} plaatst downloads in {path}, maar dit is geen geldig {osName}-pad.  Controleer de instellingen van uw downloadclient.",
    "TaskUserAgentTooltip": "User-Agent geleverd door de app die de API heeft aangeroepen",
    "Blocklist": "Blokkeerlijst",
    "BlocklistRelease": "Uitgave op blokkeerlijst zetten",
    "RemoveFromBlocklist": "Verwijder van zwarte lijst",
    "Blocklisted": "Geblokeerde lijst",
    "BlocklistReleases": "Uitgave op blokkeerlijst zetten",
    "SelectLanguages": "Selecteer talen",
    "Rating": "Score",
    "ImportList": "Lijst",
    "Filters": "Filters",
    "SelectReleaseGroup": "Selecteer Release Groep",
    "SetReleaseGroup": "Stel Release Groep in",
    "Auto": "Automatisch",
    "AnnouncedMovieDescription": "Film is aangekondigd",
    "ClickToChangeReleaseGroup": "Klik om de releasegroep te wijzigen",
    "Duration": "Duur",
    "IndexerDownloadClientHelpText": "Specificeer welke download cliënt wordt gebruikt voor deze indexer",
    "IndexerTagMovieHelpText": "Gebruik deze indexer alleen voor films met ten minste één overeenkomende tag. Laat leeg om te gebruiken met alle films.",
    "Letterboxd": "Letterboxd",
    "ManualImportSetReleaseGroup": "Handmatig importeren - Vrijgavegroep instellen",
    "Never": "Nooit",
    "OnApplicationUpdate": "Bij applicatie update",
    "OriginalLanguage": "Originele taal",
    "OriginalTitle": "Originele titel",
    "Database": "Databasis",
    "ImdbRating": "IMDb beoordeling",
    "ImdbVotes": "IMDb stemmen",
    "TmdbVotes": "TMDb stemmen",
    "TmdbRating": "TMDb-score",
    "AllCollectionsHiddenDueToFilter": "Alle films zijn verborgen wegens de toegepaste filter.",
    "RssSyncIntervalHelpText": "Tussentijd in minuten. Schakel uit met 0 (dit stopt het automatisch ophalen van uitgaves)",
    "NoCollections": "Geen films gevonden, begin door een nieuwe film toe te voegen of bestaande films te importeren",
    "Collections": "Collectie",
    "MonitorMovies": "Monitor film",
    "ApplicationURL": "Applicatie URL",
    "ApplicationUrlHelpText": "De externe URL van deze applicatie inclusief http(s)://,Port en URL base",
    "CountCollectionsSelected": "{count} Collectie(s) geselecteerd",
    "ChooseImportMode": "Kies Importmodus",
    "CollectionOptions": "Collectieopties",
    "CollectionShowDetailsHelpText": "Collectie status en details weergeven",
    "CollectionShowOverviewsHelpText": "Collectieoverzicht weergeven",
    "EditCollection": "Bewerk collectie",
    "BypassDelayIfHighestQualityHelpText": "Vertraging negeren wanneer een release de hoogst mogelijke kwaliteit heeft in het kwaliteitsprofiel van het geprefereerde protocol",
    "CollectionShowPostersHelpText": "Posters van de collectie tonen",
    "File": "Bestand",
    "DiscordUrlInSlackNotification": "U heeft een Discord notificatie ingesteld als Slack notificatie. Stel dit in als een Discord notificatie voor betere functionaliteit. De notificaties waar dit op van toepassing is zijn: {0}",
    "EditSelectedMovies": "Bewerk Geselecteerde Films",
    "IndexerJackettAll": "Indexeerders die het niet ondersteunde 'all' endpoint van Jacket gebruiken: {indexerNames}",
    "DownloadClientSortingCheckMessage": "Download cliënt {downloadClientName} heeft {sortingMode} sortering aanstaan voor {appName}'s categorie. U zou sortering uit moeten zetten in uw download cliënt om importeerproblemen te voorkomen.",
    "ApiKeyValidationHealthCheckMessage": "Maak je API sleutel alsjeblieft minimaal {length} karakters lang. Dit kan gedaan worden via de instellingen of het configuratiebestand",
    "EditMovies": "Bewerk Films",
    "ShowCinemaReleaseHelpText": "Laat releasedatum zien onder poster",
    "OnMovieAdded": "Bij toegevoegde film",
    "RemoveFailed": "Verwijderen mislukt",
    "ResetTitles": "Reset titels",
    "Theme": "Thema",
    "MovieOnly": "Alleen film",
    "RemoveCompletedDownloads": "Verwijder voltooide downloads",
    "EnableRssHelpText": "Wordt gebruikt wanneer {appName} periodiek zoekt naar uitgaven via RSS synchronisatie",
    "RemoveFailedDownloads": "Verwijder mislukte downloads",
    "ImportScriptPath": "Pad naar importeerscript",
    "ImportUsingScript": "Gebruik importeerscript",
    "ImportScriptPathHelpText": "Het pad naar het importeerscript",
    "ShowOverview": "Toon overzicht",
    "RefreshMonitoredIntervalHelpText": "Hoe vaak gemonitorde downloads ververst moeten worden vanuit downloadprogramma's, minimaal 1 minuut",
    "ResetDefinitions": "Reset definities",
    "ResetQualityDefinitions": "Reset kwaliteitsdefinities",
    "TotalMovies": "Totaal aantal films",
    "ShowCollectionDetails": "Toon collectiestatus",
    "Loading": "Laden",
    "MovieCollectionRootFolderMissingRootHealthCheckMessage": "Missende hoofdmap voor filmcollectie: {rootFolderInfo}",
    "MovieCollectionFolderMultipleMissingRootsHealthCheckMessage": "Meerdere hoofdmappen missen voor filmcollecties: {rootFoldersInfo}",
    "MovieAndCollection": "Film en Collectie",
    "PreferredProtocol": "Voorkeursprotocol",
    "InstanceName": "Naam van de instantie",
    "MonitorCollection": "Monitor Collectie",
    "OnHealthRestored": "Bij opgelost gezondheidsprobleem",
    "RemoveDownloadsAlert": "De verwijderopties zijn verplaatst naar de opties voor de individuele downloadprogramma's in de tabel hierboven.",
    "RemoveSelectedItem": "Verwijder geselecteerde item",
    "RemoveSelectedItems": "Verwijder geselecteerde items",
    "RottenTomatoesRating": "Tomato-score",
    "SearchOnAddCollectionHelpText": "Zoek naar films in deze collectie na toevoeging aan de bibliotheek",
    "ShowPosters": "Toon posters",
    "ErrorLoadingPage": "Er ging iets fout bij het laden van deze pagina",
    "UnableToLoadCollections": "Kon collecties niet laden",
    "RefreshCollections": "Ververs collecties",
    "RecycleBinUnableToWriteHealthCheck": "Kan niet schrijven naar prullenbak: {path}. Zorg dat dit pad bestaat en schrijfbaar is voor de gebruiker waaronder {appName} draait",
    "ErrorLoadingItem": "Er ging iets fout bij het laden van dit item",
    "DeleteRemotePathMapping": "Bewerk Externe Pad Verwijzing",
    "DownloadClientMovieTagHelpText": "Gebruik deze indexer alleen voor films met ten minste één overeenkomende tag. Laat leeg om te gebruiken met alle films.",
    "DeleteDelayProfileMessageText": "Weet u zeker dat u dit vertragingsprofiel wilt verwijderen?",
    "RemoveSelectedItemQueueMessageText": "Weet je zeker dat je 1 item van de wachtrij wilt verwijderen?",
    "CountIndexersSelected": "{count} Indexer(s) Geselecteerd",
    "DeleteSelectedIndexers": "Verwijder Indexeerder",
    "ResetAPIKeyMessageText": "Bent u zeker dat u uw API-sleutel wilt resetten?",
    "DeleteConditionMessageText": "Bent u zeker dat u de lijst '{name}' wilt verwijderen?",
    "DeleteCustomFormatMessageText": "Bent u zeker dat u de indexeerder '{name}' wilt verwijderen?",
    "DeleteFormatMessageText": "Weet je zeker dat je formaat tag {0} wilt verwijderen?",
    "DeleteImportListExclusionMessageText": "Bent u zeker dat u dit van de uitzonderingenlijst wilt verwijderen?",
    "RemoveSelectedItemsQueueMessageText": "Weet je zeker dat je {selectedCount} items van de wachtrij wilt verwijderen?",
    "ApplyTagsHelpTextAdd": "Toevoegen: Voeg de tags toe aan de bestaande tag lijst",
    "ApplyTagsHelpTextHowToApplyIndexers": "Hoe tags toepassen op de geselecteerde indexeerders",
    "ApplyTagsHelpTextReplace": "Vervangen: Vervang de tags met de ingevoerde tags (vul geen tags in om alle tags te wissen)",
    "ApplyTagsHelpTextRemove": "Verwijderen: Verwijder de ingevoerde tags",
    "DeleteSelectedDownloadClients": "Verwijder Downloader",
    "AllTitles": "Alle Titels",
    "ApplyTagsHelpTextHowToApplyImportLists": "Hoe tags toepassen op de geselecteerde import lijsten",
    "ApplyTagsHelpTextHowToApplyDownloadClients": "Hoe tags toepassen op de geselecteerde download clients",
    "ApplyChanges": "Pas Wijzigingen Toe",
    "CloneCondition": "Kloon Conditie",
    "AutomaticAdd": "Automatisch Toevoegen",
    "AddAutoTag": "Voeg Automatische Tag toe",
    "AddCondition": "Voeg Conditie toe",
    "AutoTagging": "Automatisch Taggen",
    "CloneAutoTag": "Kopieer Automatische Tag",
    "AddConditionImplementation": "Voeg voorwaarde toe - {implementationName}",
    "AddConnection": "Voeg connectie toe",
    "AddConnectionImplementation": "Voeg connectie toe - {implementationName}",
    "AddDownloadClientImplementation": "Voeg Downloadclient Toe - {implementationName}",
    "AddIndexerImplementation": "Indexeerder toevoegen - {implementationName}",
    "DeleteQualityProfileMessageText": "Bent u zeker dat u het kwaliteitsprofiel {name} wilt verwijderen?",
    "AppUpdated": "{appName} is geüpdatet",
    "AppUpdatedVersion": "{appName} is geüpdatet naar versie '{version}', om de laatste wijzigingen door te voeren moet je mogelijk {appName} herstarten",
    "AuthenticationRequired": "Verificatie vereist",
    "AddImportList": "Importlijst toevoegen",
    "AddImportListImplementation": "Importlijst toevoegen - {implementationName}",
    "AudioLanguages": "Audiotalen",
    "AuthenticationMethodHelpTextWarning": "Selecteer een geldige verificatie methode",
    "AuthenticationMethod": "Authenticatiemethode",
    "AuthenticationRequiredUsernameHelpTextWarning": "Voeg een nieuwe gebruikersnaam in",
    "AuthenticationRequiredPasswordConfirmationHelpTextWarning": "Bevestig het nieuwe wachtwoord",
    "AutoRedownloadFailed": "Opnieuw downloaden mislukt",
    "AutoRedownloadFailedFromInteractiveSearch": "Opnieuw downloaden mislukt vanuit interactief zoeken",
    "AutoRedownloadFailedFromInteractiveSearchHelpText": "Zoek en download automatisch een andere release als een release vanuit interactief zoeken mislukt is",
    "AuthenticationRequiredHelpText": "Pas aan welke requests verificatie nodig hebben. Pas niets aan als je de risico's niet begrijpt.",
    "AuthenticationRequiredWarning": "Om toegang zonder authenticatie te voorkomen vereist {appName} nu verificatie. Je kan dit optioneel uitschakelen voor lokale adressen.",
    "AuthenticationRequiredPasswordHelpTextWarning": "Voer een nieuw wachtwoord in",
    "AddRootFolderError": "De hoofd map kon niet toegevoegd worden",
    "FormatAgeMinutes": "minuten",
    "DelayMinutes": "{delay} minuten",
    "AutomaticUpdatesDisabledDocker": "Automatische updates zijn niet ondersteund wanneer je het docker update mechanisme gebruikt. Je dient de container image up te daten buiten {appName} om of een script te gebruiken",
    "ClearBlocklistMessageText": "Weet je zeker dat je de blokkeerlijst wil legen?",
    "ChangeCategory": "Verander categorie",
    "BlackholeFolderHelpText": "De map waarin {appName} het {extension} bestand opslaat",
    "BlackholeWatchFolderHelpText": "De map waaruit {appName} de voltooide downloads dient te importeren",
    "Category": "Categorie",
    "BlocklistLoadError": "Niet in staat om de blokkeerlijst te laden",
    "BlocklistReleaseHelpText": "Voorkom dat deze release opnieuw wordt gedownload door {appName} door een RSS lijst of een automatische zoekopdracht",
    "ChownGroup": "chown groep",
    "ReleaseProfiles": "releaseprofiel",
    "DeletedReasonUpgrade": "Bestand werd verwijderd om een upgrade te importeren",
    "OrganizeNothingToRename": "Success! Mijn werk zit erop, geen bestanden te hernoemen.",
    "Directory": "Map",
    "IncludeHealthWarnings": "Voeg Gezondheidswaarschuwingen Toe",
    "SelectDropdown": "'Selecteer...",
    "AddListExclusion": "Lijst uitzondering toevoegen",
    "DownloadClientsLoadError": "Downloaders kunnen niet worden geladen",
    "Yes": "Ja",
    "AutoTaggingSpecificationTag": "Tag",
    "EditConditionImplementation": "Voeg connectie toe - {implementationName}",
    "AutoTaggingNegateHelpText": "Als aangevinkt worden de automatisch taggen regels worden niet toegepast als {implementationName} condities overeen komen.",
    "TablePageSize": "Pagina Grootte",
    "TablePageSizeHelpText": "Aantal items om te tonen op iedere pagina",
    "CountDownloadClientsSelected": "{count} download client(s) geselecteerd",
    "DeleteAutoTagHelpText": "Bent u zeker dat u de lijst '{name}' wilt verwijderen?",
    "MoveAutomatically": "Automatisch verplaatsen",
    "NotificationsSimplepushSettingsEvent": "Evenement",
    "ConnectionLostToBackend": "Radarr heeft zijn verbinding met de backend verloren en zal moeten worden herladen om de functionaliteit te kunnen herstellen.",
    "DelayingDownloadUntil": "Vertraag download tot {0} op {1}",
    "EditIndexerImplementation": "Indexeerder toevoegen - {implementationName}",
    "FormatAgeHours": "Uren",
    "HistoryLoadError": "Kon geschiedenis niet laden",
    "NotificationStatusAllClientHealthCheckMessage": "Alle applicaties onbeschikbaar door fouten",
    "OrganizeLoadError": "Fout bij laden van voorvertoningen",
    "QualitiesLoadError": "Kon kwaliteitsprofielen niet inladen",
    "RemoveQueueItemConfirmation": "Weet je zeker dat je {0} van de wachtrij wilt verwijderen?",
    "ConnectionLostReconnect": "Radarr zal automatisch proberen te verbinden, of u kunt hieronder op herladen klikken.",
    "DeleteSpecification": "Verwijder Notificatie",
    "DeleteSpecificationHelpText": "Bent u zeker dat u de lijst '{name}' wilt verwijderen?",
    "GrabId": "ID Ophalen",
    "MustNotContainHelpText": "De uitgave zal worden afgekeurd als het één of meerdere van deze termen bevat (hoofdletter ongevoelig)",
    "EditImportListImplementation": "Importlijst toevoegen - {implementationName}",
    "EditDownloadClientImplementation": "Voeg Downloadclient toe - {implementationName}",
    "RetryingDownloadOn": "Download opnieuw proberen {0} op {1}",
    "InteractiveImportLoadError": "Kan items voor handmatig importeren niet laden",
    "DelayProfileMovieTagsHelpText": "Is van toepassing op films met minstens één overeenkomende tag",
    "BypassDelayIfAboveCustomFormatScoreMinimumScore": "Minimum Eigen Formaat Score",
    "DisabledForLocalAddresses": "Uitgeschakeld voor lokale adressen",
    "EditReleaseProfile": "Voeg Releaseprofiel toe",
    "Label": "Label",
    "QueueLoadError": "Laden van de wachtrij is mislukt",
    "InteractiveSearchModalHeader": "Interactief Zoeken",
    "MustContainHelpText": "De release moet tenminste één van deze termen bevatten (hoofdletter gevoelig)",
    "Lists": "Lijsten",
    "AddReleaseProfile": "Voeg Releaseprofiel toe",
    "AddAutoTagError": "Niet in staat een nieuw automatisch label toe te voegen, probeer het opnieuw.",
    "AutoTaggingLoadError": "Laden van automatisch taggen is mislukt",
    "No": "Nee",
    "ConditionUsingRegularExpressions": "Deze conditie toont een overeenkomst vanwege Reguliere Expressie. Merk op dat de karakters {0} een speciale betekenis hebben en met {1} moeten worden voorgegaan om hun oorspronkelijke betekenis te krijgen",
    "RestartLater": "Ik zal later herstarten",
    "AddDelayProfileError": "Mislukt om vertragingsprofiel toe te voegen, probeer het later nog eens.",
    "DeleteImportListMessageText": "Bent u zeker dat u de veiligheidskopie '{name}' wilt verwijderen?",
    "IMDbId": "TMDb Id",
    "MovieIsNotMonitored": "Film wordt gemonitord",
    "FormatAgeMinute": "minuten",
    "EditConnectionImplementation": "Voeg connectie toe - {implementationName}",
    "FormatAgeHour": "Uren",
    "DeletedReasonMovieMissingFromDisk": "{appName} kon het bestand niet vinden op de schijf dus werd het verwijderd",
    "DeleteReleaseProfile": "Verwijder Vertragingsprofiel",
    "DeleteReleaseProfileMessageText": "Bent u zeker dat u het kwaliteitsprofiel {0} wilt verwijderen",
    "DownloadClientSettingsRecentPriority": "Client Prioriteit",
    "MovieSearchResultsLoadError": "Kan resultaten voor deze filmzoekopdracht niet laden. Probeer het later nogmaals",
    "ReleaseProfilesLoadError": "Vertragingsprofielen kunnen niet worden geladen",
    "DeleteSelectedMovieFilesHelpText": "Bent u zeker dat u de geselecteerde filmbestanden wilt verwijderen?",
    "Release": "Uitgebracht",
    "ReleaseGroups": "Uitgave Groep",
    "IndexerSettingsMultiLanguageRelease": "Meertalig",
    "ShowUnknownMovieItemsHelpText": "Toon items zonder een film in de wachtrij, dit kan verwijderde films, TV series of iets anders in {appName} zijn categorie omvatten",
    "CustomFilter": "Aangepaste Filters",
    "MovieFileDeleted": "Op filmbestand verwijderen",
    "MovieFileDeletedTooltip": "Op filmbestand verwijderen",
    "DeleteMovieFolders": "Verwijder Film Map",
    "DeleteMovieFoldersHelpText": "Verwijder de film map en zijn inhoud",
    "DeleteSelectedMovies": "Verwijder Geselecteerde Filmbestanden",
    "Any": "Elke",
    "DeleteSelectedImportListExclusionsMessageText": "Bent u zeker dat u dit van de uitzonderingenlijst wilt verwijderen?",
    "ChangeCategoryMultipleHint": "Wijzigt downloads naar de 'Post-Import Categorie' van Downloadclient",
    "BlocklistOnlyHint": "Blokkeer lijst zonder te zoeken naar een vervanger",
    "BypassDelayIfAboveCustomFormatScoreHelpText": "Schakel omleiding in als de release een score heeft die hoger is dan de geconfigureerde minimale aangepaste formaatscore",
    "CustomFormatsSpecificationRegularExpressionHelpText": "Aangepaste opmaak RegEx is hoofdletterongevoelig",
    "ClearBlocklist": "Blokkeerlijst wissen",
    "CountImportListsSelected": "{count} importeer lijst(en) geselecteerd",
    "BlocklistAndSearchHint": "Een vervanger zoeken na het blokkeren",
    "BlocklistAndSearch": "Blokkeerlijst en zoeken",
    "ChangeCategoryHint": "Verandert download naar de 'Post-Import Categorie' van Downloadclient",
    "CustomFormatsSpecificationRegularExpression": "Reguliere expressie",
    "Complete": "Compleet",
    "BlackholeWatchFolder": "Bekijk map",
    "BlocklistAndSearchMultipleHint": "Zoekopdrachten voor vervangers starten na het blokkeren van de lijst",
    "AutoTaggingRequiredHelpText": "Deze {implementationName} voorwaarde moet overeenkomen om de auto tagging regel toe te passen. Anders is een enkele {implementationName} voldoende.",
    "CustomFormatJson": "Aangepast formaat JSON",
    "ClickToChangeIndexerFlags": "Klik om indexeringsvlaggen te wijzigen",
    "CustomFormatsSpecificationFlag": "Vlag",
    "BlocklistFilterHasNoItems": "Het geselecteerde bloklijstfilter bevat geen items",
    "BypassDelayIfAboveCustomFormatScore": "Omzeilen indien boven aangepaste opmaak score",
    "BlocklistMultipleOnlyHint": "Blocklist zonder te zoeken naar vervangers",
    "BlocklistOnly": "Alleen bloklijst",
    "BypassDelayIfAboveCustomFormatScoreMinimumScoreHelpText": "Minimumscore aangepast formaat vereist om vertraging voor het voorkeursprotocol te omzeilen",
    "Clone": "Kloon",
    "CustomFormatsSettingsTriggerInfo": "Een Aangepast Formaat wordt toegepast op een uitgave of bestand als het overeenkomt met ten minste één van de verschillende condities die zijn gekozen.",
    "ConnectionSettingsUrlBaseHelpText": "Voegt een voorvoegsel toe aan de {connectionName} url, zoals {url}",
    "DeleteSelectedCustomFormats": "Verwijder Eigen Formaat",
    "DownloadClientSettingsUrlBaseHelpText": "Voegt een voorvoegsel toe aan de {connectionName} url, zoals {url}",
    "ReleaseDate": "Uitgave Datums",
    "ShowDigitalRelease": "Show Cinema-releasedatum",
    "ShowDigitalReleaseHelpText": "Laat releasedatum zien onder poster",
    "ShowPhysicalRelease": "Fysieke Release Datum",
    "ShowPhysicalReleaseHelpText": "Laat releasedatum zien onder poster",
    "FolderNameTokens": "Bestandsnaam Tokens",
    "CountVotes": "{votes} Stemmen",
    "AnnouncedMovieAvailabilityDescription": "Films worden als beschikbaar getoond zodra deze zijn toegevoegd aan {appName}.",
    "Completed": "Compleet",
    "Delay": "Uitstel",
    "DownloadClientUnavailable": "Downloader is onbeschikbaar",
    "AutoTaggingSpecificationGenre": "Genre(s)",
    "AutoTaggingSpecificationMaximumYear": "Maximum Jaar",
    "AutoTaggingSpecificationMinimumYear": "Minimum Jaar",
    "AutoTaggingSpecificationOriginalLanguage": "Taal",
    "AutoTaggingSpecificationQualityProfile": "Kwaliteitsprofiel",
    "AutoTaggingSpecificationRootFolder": "Hoofdmap",
    "AutoTaggingSpecificationStatus": "Status",
    "CustomFormatsSpecificationMaximumSize": "Maximum Grootte",
    "CustomFormatsSpecificationMaximumYear": "Maximum Jaar",
    "CustomFormatsSpecificationMinimumYear": "Minimum Jaar",
    "CustomFormatsSpecificationResolution": "Resolutie",
    "CustomFormatsSpecificationSource": "Bron",
    "CustomFormatsSpecificationLanguage": "Taal",
    "Mixed": "Opgelost",
    "ImportListsTraktSettingsCertification": "Certificatie",
    "ImportListsTraktSettingsRating": "Score",
    "ImportListsTraktSettingsGenres": "Genres",
    "AddANewPath": "Voeg een nieuw pad toe",
    "AddCustomFilter": "Aangepaste Filter Toevoegen",
    "ErrorLoadingContent": "Er ging iets fout bij het laden van dit item",
    "Tba": "NNB",
    "IndexerHDBitsSettingsCategories": "Categorieën",
    "IndexerHDBitsSettingsCodecs": "Codec",
    "IndexerHDBitsSettingsMediums": "Gemiddeld",
    "IndexerSettingsCategories": "Categorieën"
}
