{
    "Activity": "Aktivita",
    "Absolute": "Celkom",
    "AddImportList": "Pridať zoznam importov",
    "AddConditionImplementation": "Pridať podmienku - {implementationName}",
    "AddConnectionImplementation": "Pridať pripojenie - {implementationName}",
    "AddImportListExclusion": "Pridať vylúčenie zoznamu importov",
    "AddDownloadClientImplementation": "Pridať klienta pre sťahovanie - {implementationName}",
    "AddImportListImplementation": "Pridať zoznam importov - {implementationName}",
    "AddReleaseProfile": "Pridať profil vydania",
    "AddRemotePathMapping": "Pridať vzdialené mapovanie ciest",
    "AddToDownloadQueue": "Pridať do fronty sťahovania",
    "AllFiles": "Všetky súbory",
    "AddAutoTag": "Pridať automatickú značku",
    "AddCondition": "Pridať podmienku",
    "AddingTag": "Pridávanie značky",
    "Add": "Pridať",
    "AgeWhenGrabbed": "Vek (po uchopení)",
    "All": "Všetko",
    "Age": "Vek",
    "About": "O",
    "Actions": "Akcie",
    "AddAutoTagError": "Nie je možné pridať novú automatickú značku, skúste to znova.",
    "AddConnection": "Pridať podmienku",
    "AddConditionError": "Nie je možné pridať novú podmienku, skúste to znova.",
    "AfterManualRefresh": "Po ručnom obnovení",
    "AllResultsAreHiddenByTheAppliedFilter": "Použitý filter skryje všetky výsledky",
    "Always": "Vždy",
    "AnalyticsEnabledHelpText": "Odosielajte anonymné informácie o používaní a chybách na servery aplikácie {appName}. Zahŕňa to informácie o vašom prehliadači, ktoré stránky webového používateľského rozhrania {appName} používate, hlásenia chýb, ako aj verziu operačného systému a spustenia. Tieto informácie použijeme na stanovenie priorít funkcií a opráv chýb.",
    "RestartRequiredHelpTextWarning": "Vyžaduje sa reštart, aby sa zmeny prejavili",
    "ApplyTagsHelpTextAdd": "Pridať: Pridať značky do existujúceho zoznamu značiek",
    "AddRootFolder": "Pridať koreňový priečinok",
    "AddedToDownloadQueue": "Pridané do fronty sťahovania",
    "Analytics": "Analytika",
    "AddIndexerImplementation": "Pridať Indexer - {implementationName}",
    "AddQualityProfile": "Pridať profil kvality",
    "Added": "Pridané",
    "AlreadyInYourLibrary": "Už vo vašej knižnici",
    "AlternateTitles": "Alternatívny názov",
    "ApplyTagsHelpTextHowToApplyDownloadClients": "Ako použiť značky na vybratých klientov na sťahovanie"
}
