{
    "BlocklistRelease": "封鎖清單版本",
    "BlocklistReleases": "封鎖清單版本",
    "ApiKeyValidationHealthCheckMessage": "請將您的API金鑰更新為至少{length}個字元長。您可以通過設定或配置文件進行此操作。",
    "AppDataLocationHealthCheckMessage": "為了避免在更新過程中刪除AppData，將無法進行更新。",
    "AddConditionError": "無法加入新的條件，請重新嘗試。",
    "Absolute": "絕對",
    "AddConditionImplementation": "新增條件 - {implementationName}",
    "AddConnection": "新增連接",
    "AddConnectionImplementation": "新增連接 - {implementationName}",
    "AddDelayProfile": "加入延遲設定",
    "AddIndexer": "新增索引",
    "AddDownloadClientImplementation": "新增下載用戶端 - {implementationName}",
    "AddIndexerImplementation": "新增索引 - {implementationName}",
    "AddImportList": "新增匯入清單",
    "AddImportListExclusion": "新增匯入排除清單",
    "AddImportListImplementation": "新增匯入清單 - {implementationName}",
    "AddListExclusion": "新增排除清單",
    "Add": "新增",
    "About": "關於",
    "Actions": "執行",
    "AddAutoTagError": "無法加入新的自動標籤，請重新嘗試。",
    "AddAutoTag": "新增自動標籤",
    "AddCondition": "新增條件",
    "AgeWhenGrabbed": "年齡（當獲取時）",
    "AppUpdated": "{appName}已更新",
    "ApplyChanges": "應用",
    "AllTitles": "所有標題",
    "ApplyTagsHelpTextHowToApplyDownloadClients": "如何將標籤套用在被選擇的下載客戶端",
    "AddRootFolderError": "無法加進根目錄",
    "ApplyTagsHelpTextAdd": "加入：將標籤加入已存在的標籤清單",
    "ApplyTagsHelpTextHowToApplyImportLists": "如何套用標籤在所選擇的輸入清單"
}
