{
    "ApplicationURL": "URL Aplikasi",
    "ApplicationUrlHelpText": "URL eksternal aplikasi termasuk http(s)://, port, dan dasar URL",
    "AddDownloadClient": "Tambahkan Klien Pengunduhan",
    "Added": "Ditambahkan",
    "AddIndexer": "Tambahkan Pengindeks",
    "Age": "Usia",
    "All": "Semua",
    "Analytics": "Analitik",
    "Apply": "Terapkan",
    "Authentication": "Autentikasi",
    "About": "Tentang",
    "Add": "Tambah",
    "AppDataDirectory": "Direktori AppData",
    "Automatic": "Otomatis",
    "AutomaticSearch": "Penelusuran Otomatis",
    "BackupNow": "Cadangkan Sekarang",
    "Cancel": "Batal",
    "ChangeHasNotBeenSavedYet": "Perubahan belum disimpan",
    "EnableInteractiveSearch": "Aktifkan Penelusuran Interaktif",
    "Ended": "Berakhir",
    "AuthenticationMethodHelpText": "Perlukan Nama Pengguna dan Sandi untuk mengakses {appName}",
    "Host": "Host",
    "Enable": "Aktif",
    "EnableRss": "Aktifkan RSS",
    "Indexer": "Pengindeks",
    "No": "Tidak",
    "Priority": "Prioritas",
    "ProxyBadRequestHealthCheckMessage": "Gagal menguji proxy. Kode Status: {statusCode}",
    "ProxyFailedToTestHealthCheckMessage": "Gagal menguji proxy: {url}",
    "Queue": "Antrean",
    "Backup": "Cadangan",
    "Backups": "Cadangan",
    "Categories": "Kategori",
    "Close": "Tutup",
    "ConnectionLost": "Koneksi Terputus",
    "Connections": "Koneksi",
    "Custom": "Khusus",
    "Dates": "Tanggal",
    "Delete": "Hapus",
    "Date": "Tanggal",
    "Disabled": "Nonaktif",
    "Docker": "Docker",
    "EnableAutomaticSearch": "Aktifkan Penelusuran Otomatis",
    "Enabled": "Aktif",
    "Hostname": "Hostname",
    "Info": "Informasi",
    "Language": "Bahasa",
    "LogFiles": "File Log",
    "NoChange": "Tidak Ada Perubahan",
    "NoChanges": "Tidak Ada Perubahan",
    "Queued": "Antrean",
    "Indexers": "Pengindeks",
    "Name": "Nama",
    "NetCore": ".NET",
    "Grabs": "Peroleh",
    "UILanguageHelpText": "Bahasa yang digunakan UI Sonarr",
    "Actions": "Tindakan",
    "AllIndexersHiddenDueToFilter": "Semua film disembunyikan karena penyaringan yang diterapkan.",
    "AnalyticsEnabledHelpText": "Kirimkan informasi penggunaan secara anonim ke server Radarr. Informasi tersebut mengandung browser kamu, halaman WebUI Radarr yang kamu gunakan, pelaporan masalah serta OS dan versi runtime. Kami akan memanfaatkan informasi ini untuk memprioritaskan fitur dan perbaikan bug.",
    "ConnectionLostReconnect": "{appName} akan mencoba untuk menghubungkan secara otomatis, atau silakan klik muat ulang di bawah.",
    "AuthBasic": "Dasar (Popup Browser)",
    "AuthForm": "Formulir (Halaman Masuk)",
    "Category": "Kategori",
    "ApplyChanges": "Terapkan Perubahan",
    "Today": "Hari Ini",
    "Yesterday": "Kemarin",
    "Search": "Cari",
    "ConnectSettings": "Pengaturan Koneksi",
    "Refresh": "Muat Ulang",
    "ConnectionLostToBackend": "Koneksi {appName} telah terputus dari backend dan perlu dimuat ulang untuk dipulihkan.",
    "Edit": "Edit",
    "Files": "File",
    "History": "Riwayat",
    "AuthenticationMethod": "Metode Autentikasi",
    "AuthenticationMethodHelpTextWarning": "Silakan pilih metode autentikasi yang sah",
    "AuthenticationRequired": "Autentikasi Diperlukan",
    "AuthenticationRequiredPasswordHelpTextWarning": "Masukkan sandi baru",
    "AuthenticationRequiredUsernameHelpTextWarning": "Masukkan nama pengguna baru",
    "AuthenticationRequiredWarning": "Untuk mencegah akses jarak jauh tanpa autentikasi, {appName} kini mewajibkan pengaktifkan autentikasi. Kamu dapat menonaktifkan autentikasi dari jaringan lokal.",
    "AuthenticationRequiredPasswordConfirmationHelpTextWarning": "Konfirmasi sandi baru",
    "days": "hari",
    "minutes": "menit",
    "Link": "Tautan",
    "Id": "ID",
    "IndexerHDBitsSettingsCodecs": "Codec",
    "ProxyValidationBadRequest": "Gagal menguji proxy. Kode Status: {statusCode}",
    "AllSearchResultsHiddenByFilter": "Seluruh hasil disembunyikan karena penyaringan yang diterapkan"
}
