{
  "20MinutesTwenty": "20 Minutes: {0}",
  "45MinutesFourtyFive": "45 Minutes: {0}",
  "60MinutesSixty": "60 Minutes: {0}",
  "APIKey": "API Key",
  "About": "About",
  "Absolute": "Absolute",
  "Actions": "Actions",
  "Activity": "Activity",
  "Add": "Add",
  "AddAlbumWithTitle": "Add {albumTitle}",
  "AddArtistWithName": "Add {artistName}",
  "AddAutoTag": "Add Auto Tag",
  "AddAutoTagError": "Unable to add a new auto tag, please try again.",
  "AddCondition": "Add Condition",
  "AddConditionError": "Unable to add a new condition, please try again.",
  "AddConditionImplementation": "Add Condition - {implementationName}",
  "AddConnection": "Add Connection",
  "AddConnectionImplementation": "Add Connection - {implementationName}",
  "AddDelayProfile": "Add Delay Profile",
  "AddDelayProfileError": "Unable to add a new delay profile, please try again.",
  "AddDownloadClientImplementation": "Add Download Client - {implementationName}",
  "AddImportList": "Add Import List",
  "AddImportListExclusion": "Add Import List Exclusion",
  "AddImportListExclusionAlbumHelpText": "Prevent album from being added to {appName} by Import lists",
  "AddImportListExclusionArtistHelpText": "Prevent artist from being added to {appName} by Import lists",
  "AddImportListImplementation": "Add Import List - {implementationName}",
  "AddIndexer": "Add Indexer",
  "AddIndexerImplementation": "Add Indexer - {implementationName}",
  "AddListExclusion": "Add List Exclusion",
  "AddListExclusionHelpText": "Prevent artists from being added to {appName} by lists",
  "AddMetadataProfile": "Add Metadata Profile",
  "AddMissing": "Add missing",
  "AddNew": "Add New",
  "AddNewAlbum": "Add New Album",
  "AddNewAlbumSearchForNewAlbum": "Start search for new album",
  "AddNewArtist": "Add New Artist",
  "AddNewArtistRootFolderHelpText": "'{folder}' subfolder will be created automatically",
  "AddNewArtistSearchForMissingAlbums": "Start search for missing albums",
  "AddNewItem": "Add New Item",
  "AddQualityProfile": "Add Quality Profile",
  "AddReleaseProfile": "Add Release Profile",
  "AddRemotePathMapping": "Add Remote Path Mapping",
  "AddRootFolder": "Add Root Folder",
  "AddToDownloadQueue": "Add to download queue",
  "Added": "Added",
  "AddedArtistSettings": "Added Artist Settings",
  "AddedToDownloadQueue": "Added to download queue",
  "AddingTag": "Adding tag",
  "AfterManualRefresh": "After Manual Refresh",
  "Age": "Age",
  "AgeWhenGrabbed": "Age (when grabbed)",
  "Album": "Album",
  "AlbumCount": "Album Count",
  "AlbumDetails": "Album Details",
  "AlbumHasNotAired": "Album has not aired",
  "AlbumInfo": "Album Info",
  "AlbumIsDownloading": "Album is downloading",
  "AlbumIsDownloadingInterp": "Album is downloading - {0}% {1}",
  "AlbumIsNotMonitored": "Album is not monitored",
  "AlbumRelease": "Album Release",
  "AlbumReleaseDate": "Album Release Date",
  "AlbumStatus": "Album Status",
  "AlbumStudio": "Album Studio",
  "AlbumStudioTracksDownloaded": "{trackFileCount}/{totalTrackCount} tracks downloaded",
  "AlbumStudioTruncated": "Only latest 20 albums are shown, go to details to see all albums",
  "AlbumTitle": "Album Title",
  "AlbumType": "Album Type",
  "Albums": "Albums",
  "AlbumsLoadError": "Unable to load albums",
  "All": "All",
  "AllAlbums": "All Albums",
  "AllAlbumsData": "Monitor all albums except specials",
  "AllArtistAlbums": "All Artist Albums",
  "AllExpandedCollapseAll": "Collapse All",
  "AllExpandedExpandAll": "Expand All",
  "AllFiles": "All Files",
  "AllMonitoringOptionHelpText": "Monitor artists and all albums for each artist included on the import list",
  "AllResultsAreHiddenByTheAppliedFilter": "All results are hidden by the applied filter",
  "AllowArtistChangeClickToChangeArtist": "Click to change artist",
  "AllowFingerprinting": "Allow Fingerprinting",
  "AllowFingerprintingHelpText": "Use fingerprinting to improve accuracy of track matching",
  "AllowFingerprintingHelpTextWarning": "This requires {appName} to read parts of the file which will slow down scans and may cause high disk or network activity.",
  "AlreadyInYourLibrary": "Already in your library",
  "AlternateTitles": "Alternate Titles",
  "AlternateTitleslength1Title": "Title",
  "AlternateTitleslength1Titles": "Titles",
  "Always": "Always",
  "Analytics": "Analytics",
  "AnalyticsEnabledHelpText": "Send anonymous usage and error information to {appName}'s servers. This includes information on your browser, which {appName} WebUI pages you use, error reporting as well as OS and runtime version. We will use this information to prioritize features and bug fixes.",
  "AnalyticsEnabledHelpTextWarning": "Requires restart to take effect",
  "AnchorTooltip": "This file is already in your library for a release you are currently importing",
  "Any": "Any",
  "AnyReleaseOkHelpText": "{appName} will automatically switch to the release best matching downloaded tracks",
  "ApiKeyHelpTextWarning": "Requires restart to take effect",
  "ApiKeyValidationHealthCheckMessage": "Please update your API key to be at least {0} characters long. You can do this via settings or the config file",
  "AppDataDirectory": "AppData Directory",
  "AppDataLocationHealthCheckMessage": "Updating will not be possible to prevent deleting AppData on Update",
  "AppUpdated": "{appName} Updated",
  "AppUpdatedVersion": "{appName} has been updated to version `{version}`, in order to get the latest changes you'll need to reload {appName}",
  "ApplicationURL": "Application URL",
  "ApplicationUrlHelpText": "This application's external URL including http(s)://, port and URL base",
  "Apply": "Apply",
  "ApplyChanges": "Apply Changes",
  "ApplyTags": "Apply Tags",
  "ApplyTagsHelpTextAdd": "Add: Add the tags the existing list of tags",
  "ApplyTagsHelpTextHowToApplyArtists": "How to apply tags to the selected artists",
  "ApplyTagsHelpTextHowToApplyDownloadClients": "How to apply tags to the selected download clients",
  "ApplyTagsHelpTextHowToApplyImportLists": "How to apply tags to the selected import lists",
  "ApplyTagsHelpTextHowToApplyIndexers": "How to apply tags to the selected indexers",
  "ApplyTagsHelpTextRemove": "Remove: Remove the entered tags",
  "ApplyTagsHelpTextReplace": "Replace: Replace the tags with the entered tags (enter no tags to clear all tags)",
  "AptUpdater": "Use apt to install the update",
  "AreYouSure": "Are you sure?",
  "Artist": "Artist",
  "ArtistAlbumClickToChangeTrack": "Click to change track",
  "ArtistClickToChangeAlbum": "Click to change album",
  "ArtistEditor": "Artist Editor",
  "ArtistFolderFormat": "Artist Folder Format",
  "ArtistIndexFooterDownloading": "Downloading",
  "ArtistIsMonitored": "Artist is monitored",
  "ArtistIsUnmonitored": "Artist is unmonitored",
  "ArtistMonitoring": "Artist Monitoring",
  "ArtistName": "Artist Name",
  "ArtistNameHelpText": "The name of the artist/album to exclude (can be anything meaningful)",
  "ArtistProgressBarText": "{trackFileCount} / {trackCount} (Total: {totalTrackCount}, Downloading: {downloadingCount})",
  "ArtistType": "Artist Type",
  "Artists": "Artists",
  "ArtistsEditRootFolderHelpText": "Moving artists to the same root folder can be used to rename artist folders to match updated name or naming format",
  "AudioInfo": "Audio Info",
  "AuthBasic": "Basic (Browser Popup)",
  "AuthForm": "Forms (Login Page)",
  "Authentication": "Authentication",
  "AuthenticationMethod": "Authentication Method",
  "AuthenticationMethodHelpText": "Require Username and Password to access {appName}",
  "AuthenticationMethodHelpTextWarning": "Please select a valid authentication method",
  "AuthenticationRequired": "Authentication Required",
  "AuthenticationRequiredHelpText": "Change which requests authentication is required for. Do not change unless you understand the risks.",
  "AuthenticationRequiredPasswordConfirmationHelpTextWarning": "Confirm new password",
  "AuthenticationRequiredPasswordHelpTextWarning": "Enter a new password",
  "AuthenticationRequiredUsernameHelpTextWarning": "Enter a new username",
  "AuthenticationRequiredWarning": "To prevent remote access without authentication, {appName} now requires authentication to be enabled. You can optionally disable authentication from local addresses.",
  "Auto": "Auto",
  "AutoAdd": "Auto Add",
  "AutoRedownloadFailed": "Redownload Failed",
  "AutoRedownloadFailedFromInteractiveSearch": "Redownload Failed from Interactive Search",
  "AutoRedownloadFailedFromInteractiveSearchHelpText": "Automatically search for and attempt to download a different release when failed release was grabbed from interactive search",
  "AutoRedownloadFailedHelpText": "Automatically search for and attempt to download a different release",
  "AutoTagging": "Auto Tagging",
  "AutoTaggingLoadError": "Unable to load auto tagging",
  "AutoTaggingNegateHelpText": "If checked, the auto tagging rule will not apply if this {implementationName} condition matches.",
  "AutoTaggingRequiredHelpText": "This {implementationName} condition must match for the auto tagging rule to apply. Otherwise a single {implementationName} match is sufficient.",
  "AutoTaggingSpecificationTag": "Tag",
  "Automatic": "Automatic",
  "AutomaticAdd": "Automatic Add",
  "AutomaticSearch": "Automatic Search",
  "AutomaticUpdatesDisabledDocker": "Automatic updates are not directly supported when using the Docker update mechanism. You will need to update the container image outside of {appName} or use a script",
  "AutomaticallySwitchRelease": "Automatically Switch Release",
  "Backup": "Backup",
  "BackupFolderHelpText": "Relative paths will be under {appName}'s AppData directory",
  "BackupIntervalHelpText": "Interval to backup the {appName} DB and settings",
  "BackupNow": "Backup Now",
  "BackupRetentionHelpText": "Automatic backups older than the retention period will be cleaned up automatically",
  "Backups": "Backups",
  "BannerOptions": "Banner Options",
  "Banners": "Banners",
  "BeforeUpdate": "Before Update",
  "BindAddress": "Bind Address",
  "BindAddressHelpText": "Valid IP address, localhost or '*' for all interfaces",
  "BindAddressHelpTextWarning": "Requires restart to take effect",
  "Blocklist": "Blocklist",
  "BlocklistAndSearch": "Blocklist and Search",
  "BlocklistAndSearchHint": "Start a search for a replacement after blocklisting",
  "BlocklistAndSearchMultipleHint": "Start searches for replacements after blocklisting",
  "BlocklistMultipleOnlyHint": "Blocklist without searching for replacements",
  "BlocklistOnly": "Blocklist Only",
  "BlocklistOnlyHint": "Blocklist without searching for a replacement",
  "BlocklistRelease": "Blocklist Release",
  "BlocklistReleaseHelpText": "Prevents {appName} from automatically grabbing these files again",
  "BlocklistReleases": "Blocklist Releases",
  "Branch": "Branch",
  "BuiltIn": "Built-In",
  "BypassIfAboveCustomFormatScore": "Bypass if Above Custom Format Score",
  "BypassIfAboveCustomFormatScoreHelpText": "Enable bypass when release has a score higher than the configured minimum custom format score",
  "BypassIfHighestQuality": "Bypass if Highest Quality",
  "BypassIfHighestQualityHelpText": "Bypass delay when release has the highest enabled quality in the quality profile with the preferred protocol",
  "BypassProxyForLocalAddresses": "Bypass Proxy for Local Addresses",
  "Calendar": "Calendar",
  "CalendarWeekColumnHeaderHelpText": "Shown above each column when week is the active view",
  "Cancel": "Cancel",
  "CancelPendingTask": "Are you sure you want to cancel this pending task?",
  "CatalogNumber": "Catalog Number",
  "CertificateValidation": "Certificate Validation",
  "CertificateValidationHelpText": "Change how strict HTTPS certification validation is. Do not change unless you understand the risks.",
  "ChangeCategory": "Change Category",
  "ChangeCategoryHint": "Changes download to the 'Post-Import Category' from Download Client",
  "ChangeCategoryMultipleHint": "Changes downloads to the 'Post-Import Category' from Download Client",
  "ChangeFileDate": "Change File Date",
  "ChangeHasNotBeenSavedYet": "Change has not been saved yet",
  "CheckDownloadClientForDetails": "check download client for more details",
  "ChmodFolder": "chmod Folder",
  "ChmodFolderHelpText": "Octal, applied during import/rename to media folders and files (without execute bits)",
  "ChmodFolderHelpTextWarning": "This only works if the user running {appName} is the owner of the file. It's better to ensure the download client sets the permissions properly.",
  "ChooseImportMethod": "Choose Import Method",
  "ChownGroup": "chown Group",
  "ChownGroupHelpText": "Group name or gid. Use gid for remote file systems.",
  "ChownGroupHelpTextWarning": "This only works if the user running {appName} is the owner of the file. It's better to ensure the download client uses the same group as {appName}.",
  "Clear": "Clear",
  "ClearBlocklist": "Clear blocklist",
  "ClearBlocklistMessageText": "Are you sure you want to clear all items from the blocklist?",
  "ClickToChangeIndexerFlags": "Click to change indexer flags",
  "ClickToChangeQuality": "Click to change quality",
  "ClickToChangeReleaseGroup": "Click to change release group",
  "ClientPriority": "Client Priority",
  "Clone": "Clone",
  "CloneAutoTag": "Clone Auto Tag",
  "CloneCondition": "Clone Condition",
  "CloneCustomFormat": "Clone Custom Format",
  "CloneIndexer": "Clone Indexer",
  "CloneProfile": "Clone Profile",
  "Close": "Close",
  "CollapseMultipleAlbums": "Collapse Multiple Albums",
  "CollapseMultipleAlbumsHelpText": "Collapse multiple albums releasing on the same day",
  "ColonReplacement": "Colon Replacement",
  "Columns": "Columns",
  "CombineWithExistingFiles": "Combine With Existing Files",
  "CompletedDownloadHandling": "Completed Download Handling",
  "Component": "Component",
  "ConditionUsingRegularExpressions": "This condition matches using Regular Expressions. Note that the characters `\\^$.|?*+()[{` have special meanings and need escaping with a `\\`",
  "Conditions": "Conditions",
  "Connect": "Connect",
  "ConnectSettings": "Connect Settings",
  "ConnectSettingsSummary": "Notifications, connections to media servers/players, and custom scripts",
  "Connection": "Connection",
  "ConnectionLost": "Connection Lost",
  "ConnectionLostReconnect": "{appName} will try to connect automatically, or you can click reload below.",
  "ConnectionLostToBackend": "{appName} has lost its connection to the backend and will need to be reloaded to restore functionality.",
  "ConnectionSettingsUrlBaseHelpText": "Adds a prefix to the {connectionName} url, such as {url}",
  "Connections": "Connections",
  "Continuing": "Continuing",
  "ContinuingAllTracksDownloaded": "Continuing (All tracks downloaded)",
  "ContinuingMoreAlbumsAreExpected": "More albums are expected",
  "ContinuingNoAdditionalAlbumsAreExpected": "No additional albums are expected",
  "ContinuingOnly": "Continuing Only",
  "CopyToClipboard": "Copy to clipboard",
  "CopyUsingHardlinksHelpText": "Hardlinks allow {appName} to import seeding torrents to the the artist folder without taking extra disk space or copying the entire contents of the file. Hardlinks will only work if the source and destination are on the same volume",
  "CopyUsingHardlinksHelpTextWarning": "Occasionally, file locks may prevent renaming files that are being seeded. You may temporarily disable seeding and use {appName}'s rename function as a work around.",
  "CouldntFindAnyResultsForTerm": "Couldn't find any results for '{0}'",
  "CountAlbums": "{albumCount} albums",
  "CountArtistsSelected": "{count} artist(s) selected",
  "CountCustomFormatsSelected": "{count} custom formats(s) selected",
  "CountDownloadClientsSelected": "{selectedCount} download client(s) selected",
  "CountImportListsSelected": "{selectedCount} import list(s) selected",
  "CountIndexersSelected": "{selectedCount} indexer(s) selected",
  "Country": "Country",
  "CreateEmptyArtistFolders": "Create empty artist folders",
  "CreateEmptyArtistFoldersHelpText": "Create missing artist folders during disk scan",
  "CreateGroup": "Create group",
  "Custom": "Custom",
  "CustomFilter": "Custom Filter",
  "CustomFilters": "Custom Filters",
  "CustomFormat": "Custom Format",
  "CustomFormatRequiredHelpText": "This {0} condition must match for the custom format to apply.  Otherwise a single {0} match is sufficient.",
  "CustomFormatScore": "Custom Format Score",
  "CustomFormatSettings": "Custom Format Settings",
  "CustomFormats": "Custom Formats",
  "CustomFormatsSettings": "Custom Formats Settings",
  "CustomFormatsSettingsSummary": "Custom Formats and Settings",
  "CustomFormatsSettingsTriggerInfo": "A Custom Format will be applied to a release or file when it matches at least one of each of the different condition types chosen.",
  "CustomFormatsSpecificationFlag": "Flag",
  "CustomFormatsSpecificationRegularExpression": "Regular Expression",
  "CustomFormatsSpecificationRegularExpressionHelpText": "Custom Format RegEx is Case Insensitive",
  "Customformat": "Custom Format",
  "CutoffFormatScoreHelpText": "Once this custom format score is reached {appName} will no longer grab album releases",
  "CutoffHelpText": "Once this quality is reached {appName} will no longer download albums",
  "CutoffUnmet": "Cutoff Unmet",
  "Dash": "Dash",
  "DashOrSpaceDashDependingOnName": "Dash or Space Dash depending on name",
  "Database": "Database",
  "DatabaseMigration": "Database Migration",
  "Date": "Date",
  "DateAdded": "Date Added",
  "Dates": "Dates",
  "Deceased": "Deceased",
  "DefaultCase": "Default Case",
  "DefaultDelayProfileArtist": "This is the default profile. It applies to all artists that don't have an explicit profile.",
  "DefaultLidarrTags": "Default {appName} Tags",
  "DefaultMetadataProfileIdHelpText": "Default Metadata Profile for artists detected in this folder",
  "DefaultMonitorOptionHelpText": "Which albums should be monitored on initial add for artists detected in this folder",
  "DefaultQualityProfileIdHelpText": "Default Quality Profile for artists detected in this folder",
  "DefaultTagsHelpText": "Default {appName} Tags for artists detected in this folder",
  "DelayProfile": "Delay Profile",
  "DelayProfileArtistTagsHelpText": "Applies to artists with at least one matching tag",
  "DelayProfiles": "Delay Profiles",
  "DelayingDownloadUntil": "Delaying download until {date} at {time}",
  "Delete": "Delete",
  "DeleteArtist": "Delete Selected Artist",
  "DeleteArtistFolder": "Delete Artist Folder",
  "DeleteArtistFolderCountConfirmation": "Are you sure you want to delete {count} selected artists?",
  "DeleteArtistFolderCountWithFilesConfirmation": "Are you sure you want to delete {count} selected artists and all contents?",
  "DeleteArtistFolderHelpText": "Delete the artist folder and its contents",
  "DeleteArtistFolders": "Delete Artist Folders",
  "DeleteArtistFoldersHelpText": "Delete the artist folders and all their contents",
  "DeleteAutoTag": "Delete Auto Tag",
  "DeleteAutoTagHelpText": "Are you sure you want to delete the auto tag '{name}'?",
  "DeleteBackup": "Delete Backup",
  "DeleteBackupMessageText": "Are you sure you want to delete the backup '{name}'?",
  "DeleteCondition": "Delete Condition",
  "DeleteConditionMessageText": "Are you sure you want to delete condition '{name}'?",
  "DeleteCustomFormat": "Delete Custom Format",
  "DeleteCustomFormatMessageText": "Are you sure you want to delete the custom format '{name}'?",
  "DeleteDelayProfile": "Delete Delay Profile",
  "DeleteDelayProfileMessageText": "Are you sure you want to delete this delay profile?",
  "DeleteDownloadClient": "Delete Download Client",
  "DeleteDownloadClientMessageText": "Are you sure you want to delete the download client '{name}'?",
  "DeleteEmptyFolders": "Delete empty folders",
  "DeleteEmptyFoldersHelpText": "Delete empty artist and album folders during disk scan and when track files are deleted",
  "DeleteFilesHelpText": "Delete the track files and artist folder",
  "DeleteFormat": "Delete Format",
  "DeleteFormatMessageText": "Are you sure you want to delete format tag '{name}'?",
  "DeleteImportList": "Delete Import List",
  "DeleteImportListExclusion": "Delete Import List Exclusion",
  "DeleteImportListExclusionMessageText": "Are you sure you want to delete this import list exclusion?",
  "DeleteImportListMessageText": "Are you sure you want to delete the list '{name}'?",
  "DeleteIndexer": "Delete Indexer",
  "DeleteIndexerMessageText": "Are you sure you want to delete the indexer '{name}'?",
  "DeleteMetadataProfile": "Delete Metadata Profile",
  "DeleteMetadataProfileMessageText": "Are you sure you want to delete the metadata profile '{name}'?",
  "DeleteNotification": "Delete Notification",
  "DeleteNotificationMessageText": "Are you sure you want to delete the notification '{name}'?",
  "DeleteQualityProfile": "Delete Quality Profile",
  "DeleteQualityProfileMessageText": "Are you sure you want to delete the quality profile '{name}'?",
  "DeleteReleaseProfile": "Delete Release Profile",
  "DeleteReleaseProfileMessageText": "Are you sure you want to delete this release profile?",
  "DeleteRemotePathMapping": "Delete Remote Path Mapping",
  "DeleteRemotePathMappingMessageText": "Are you sure you want to delete this remote path mapping?",
  "DeleteRootFolder": "Delete Root Folder",
  "DeleteRootFolderMessageText": "Are you sure you want to delete the root folder '{name}'?",
  "DeleteSelected": "Delete Selected",
  "DeleteSelectedArtists": "Delete Selected Artists",
  "DeleteSelectedCustomFormats": "Delete Custom Format(s)",
  "DeleteSelectedCustomFormatsMessageText": "Are you sure you want to delete {count} selected custom format(s)?",
  "DeleteSelectedDownloadClients": "Delete Selected Download Client(s)",
  "DeleteSelectedDownloadClientsMessageText": "Are you sure you want to delete {count} selected download client(s)?",
  "DeleteSelectedImportLists": "Delete Import List(s)",
  "DeleteSelectedImportListsMessageText": "Are you sure you want to delete {count} selected import list(s)?",
  "DeleteSelectedIndexers": "Delete Indexer(s)",
  "DeleteSelectedIndexersMessageText": "Are you sure you want to delete {count} selected indexer(s)?",
  "DeleteSelectedTrackFiles": "Delete Selected Track Files",
  "DeleteSelectedTrackFilesMessageText": "Are you sure you want to delete the selected track files?",
  "DeleteSpecification": "Delete Specification",
  "DeleteSpecificationHelpText": "Are you sure you want to delete specification '{name}'?",
  "DeleteTag": "Delete Tag",
  "DeleteTagMessageText": "Are you sure you want to delete the tag '{label}'?",
  "DeleteTrackFile": "Delete Track File",
  "DeleteTrackFileMessageText": "Are you sure you want to delete {0}?",
  "Deleted": "Deleted",
  "DestinationPath": "Destination Path",
  "DetailedProgressBar": "Detailed Progress Bar",
  "DetailedProgressBarHelpText": "Show text on progess bar",
  "Details": "Details",
  "Disabled": "Disabled",
  "DisabledForLocalAddresses": "Disabled for Local Addresses",
  "Disambiguation": "Disambiguation",
  "DiscCount": "Disc Count",
  "DiscNumber": "Disc Number",
  "Discography": "Discography",
  "DiskSpace": "Disk Space",
  "DoNotBlocklist": "Do not Blocklist",
  "DoNotBlocklistHint": "Remove without blocklisting",
  "DoNotPrefer": "Do Not Prefer",
  "DoNotUpgradeAutomatically": "Do not Upgrade Automatically",
  "Docker": "Docker",
  "DockerUpdater": "Update the docker container to receive the update",
  "Donate": "Donate",
  "Donations": "Donations",
  "DoneEditingGroups": "Done Editing Groups",
  "DownloadClient": "Download Client",
  "DownloadClientAriaSettingsDirectoryHelpText": "Optional location to put downloads in, leave blank to use the default Aria2 location",
  "DownloadClientCheckNoneAvailableMessage": "No download client is available",
  "DownloadClientCheckUnableToCommunicateMessage": "Unable to communicate with {0}.",
  "DownloadClientDelugeSettingsDirectory": "Download Directory",
  "DownloadClientDelugeSettingsDirectoryCompleted": "Move When Completed Directory",
  "DownloadClientDelugeSettingsDirectoryCompletedHelpText": "Optional location to move completed downloads to, leave blank to use the default Deluge location",
  "DownloadClientDelugeSettingsDirectoryHelpText": "Optional location to put downloads in, leave blank to use the default Deluge location",
  "DownloadClientPriorityHelpText": "Download Client Priority from 1 (Highest) to 50 (Lowest). Default: 1. Round-Robin is used for clients with the same priority.",
  "DownloadClientQbittorrentSettingsContentLayout": "Content Layout",
  "DownloadClientQbittorrentSettingsContentLayoutHelpText": "Whether to use qBittorrent's configured content layout, the original layout from the torrent or always create a subfolder (qBittorrent 4.3.2+)",
  "DownloadClientRemovesCompletedDownloadsHealthCheckMessage": "Download client {0} is set to remove completed downloads. This can result in downloads being removed from your client before {1} can import them.",
  "DownloadClientRootFolderHealthCheckMessage": "Download client {downloadClientName} places downloads in the root folder {rootFolderPath}. You should not download to a root folder.",
  "DownloadClientSettings": "Download Client Settings",
  "DownloadClientSettingsOlderPriority": "Older Priority",
  "DownloadClientSettingsOlderPriorityAlbumHelpText": "Priority to use when grabbing albums released over 14 days ago",
  "DownloadClientSettingsPostImportCategoryHelpText": "Category for {appName} to set after it has imported the download. {appName} will not remove torrents in that category even if seeding finished. Leave blank to keep same category.",
  "DownloadClientSettingsRecentPriority": "Recent Priority",
  "DownloadClientSettingsRecentPriorityAlbumHelpText": "Priority to use when grabbing albums released within the last 14 days",
  "DownloadClientSortingCheckMessage": "Download client {0} has {1} sorting enabled for {appName}'s category. You should disable sorting in your download client to avoid import issues.",
  "DownloadClientStatusCheckAllClientMessage": "All download clients are unavailable due to failures",
  "DownloadClientStatusCheckSingleClientMessage": "Download clients unavailable due to failures: {0}",
  "DownloadClientTagHelpText": "Only use this download client for artists with at least one matching tag. Leave blank to use with all artists.",
  "DownloadClients": "Download Clients",
  "DownloadClientsSettingsSummary": "Download clients, download handling and remote path mappings",
  "DownloadFailed": "Download Failed",
  "DownloadFailedCheckDownloadClientForMoreDetails": "Download failed: check download client for more details",
  "DownloadFailedInterp": "Download failed: {0}",
  "DownloadImported": "Download Imported",
  "DownloadPropersAndRepacksHelpTextWarning": "Use custom formats for automatic upgrades to Propers/Repacks",
  "DownloadPropersAndRepacksHelpTexts1": "Whether or not to automatically upgrade to Propers/Repacks",
  "DownloadPropersAndRepacksHelpTexts2": "Use 'Do not Prefer' to sort by preferred word score over propers/repacks",
  "DownloadWarning": "Download warning: {warningMessage}",
  "DownloadWarningCheckDownloadClientForMoreDetails": "Download warning: check download client for more details",
  "Downloaded": "Downloaded",
  "DownloadedImporting": "'Downloaded - Importing'",
  "DownloadedUnableToImportCheckLogsForDetails": "'Downloaded - Unable to Import: check logs for details'",
  "DownloadedWaitingToImport": "'Downloaded - Waiting to Import'",
  "Downloading": "Downloading",
  "Duration": "Duration",
  "Edit": "Edit",
  "EditArtist": "Edit Artist",
  "EditAutoTag": "Edit Auto Tag",
  "EditConditionImplementation": "Edit Condition - {implementationName}",
  "EditConnectionImplementation": "Edit Connection - {implementationName}",
  "EditDelayProfile": "Edit Delay Profile",
  "EditDownloadClientImplementation": "Edit Download Client - {implementationName}",
  "EditGroups": "Edit Groups",
  "EditImportListExclusion": "Edit Import List Exclusion",
  "EditImportListImplementation": "Edit Import List - {implementationName}",
  "EditIndexerImplementation": "Edit Indexer - {implementationName}",
  "EditMetadata": "Edit Metadata",
  "EditMetadataProfile": "Edit Metadata Profile",
  "EditQualityProfile": "Edit Quality Profile",
  "EditReleaseProfile": "Edit Release Profile",
  "EditRemotePathMapping": "Edit Remote Path Mapping",
  "EditRootFolder": "Edit Root Folder",
  "EditSelectedArtists": "Edit Selected Artists",
  "EditSelectedCustomFormats": "Edit Selected Custom Formats",
  "EditSelectedDownloadClients": "Edit Selected Download Clients",
  "EditSelectedImportLists": "Edit Selected Import Lists",
  "EditSelectedIndexers": "Edit Selected Indexers",
  "EmbedCoverArtHelpText": "Embed Lidarr album art into audio files when writing tags",
  "EmbedCoverArtInAudioFiles": "Embed Cover Art In Audio Files",
  "Enable": "Enable",
  "EnableAutomaticAdd": "Enable Automatic Add",
  "EnableAutomaticAddHelpText": "Add artist/albums to {appName} when syncs are performed via the UI or by {appName}",
  "EnableAutomaticSearch": "Enable Automatic Search",
  "EnableColorImpairedMode": "Enable Color-Impaired Mode",
  "EnableColorImpairedModeHelpText": "Altered style to allow color-impaired users to better distinguish color coded information",
  "EnableCompletedDownloadHandlingHelpText": "Automatically import completed downloads from download client",
  "EnableHelpText": "Enable metadata file creation for this metadata type",
  "EnableInteractiveSearch": "Enable Interactive Search",
  "EnableProfile": "Enable Profile",
  "EnableRSS": "Enable RSS",
  "EnableRssHelpText": "Will be used when {appName} periodically looks for releases via RSS Sync",
  "EnableSSL": "Enable SSL",
  "EnableSslHelpText": " Requires restart running as administrator to take effect",
  "Enabled": "Enabled",
  "EnabledHelpText": "Check to enable release profile",
  "Ended": "Ended",
  "EndedAllTracksDownloaded": "Ended (All tracks downloaded)",
  "EndedOnly": "Ended Only",
  "EntityName": "Entity Name",
  "Episode": "Episode",
  "EpisodeDoesNotHaveAnAbsoluteEpisodeNumber": "Episode does not have an absolute episode number",
  "Error": "Error",
  "ErrorLoadingContent": "There was an error loading this content",
  "ErrorLoadingContents": "Error loading contents",
  "ErrorLoadingPreviews": "Error loading previews",
  "ErrorRestoringBackup": "Error restoring backup",
  "EventType": "Event Type",
  "Events": "Events",
  "Exception": "Exception",
  "ExistingAlbums": "Existing Albums",
  "ExistingAlbumsData": "Monitor albums that have files or have not released yet",
  "ExistingTag": "Existing tag",
  "ExistingTagsScrubbed": "Existing tags scrubbed",
  "ExpandAlbumByDefaultHelpText": "Albums",
  "ExpandBroadcastByDefaultHelpText": "Broadcast",
  "ExpandEPByDefaultHelpText": "EPs",
  "ExpandItemsByDefault": "Expand Items by Default",
  "ExpandOtherByDefaultHelpText": "Other",
  "ExpandSingleByDefaultHelpText": "Singles",
  "ExportCustomFormat": "Export Custom Format",
  "External": "External",
  "ExternalUpdater": "{appName} is configured to use an external update mechanism",
  "ExtraFileExtensionsHelpText": "Comma separated list of extra files to import (.nfo will be imported as .nfo-orig)",
  "ExtraFileExtensionsHelpTextsExamples": "Examples: '.sub, .nfo' or 'sub,nfo'",
  "FailedDownloadHandling": "Failed Download Handling",
  "FailedLoadingSearchResults": "Failed to load search results, please try again.",
  "FailedToLoadQueue": "Failed to load Queue",
  "False": "False",
  "FileDateHelpText": "Change file date on import/rescan",
  "FileManagement": "File Management",
  "FileNameTokens": "File Name Tokens",
  "FileNames": "File Names",
  "Filename": "Filename",
  "Files": "Files",
  "FilterAlbumPlaceholder": "Filter album",
  "FilterArtistPlaceholder": "Filter artist",
  "Filters": "Filters",
  "FirstAlbum": "First Album",
  "FirstAlbumData": "Monitor the first albums. All other albums will be ignored",
  "FirstDayOfWeek": "First Day of Week",
  "Fixed": "Fixed",
  "Folder": "Folder",
  "Folders": "Folders",
  "ForMoreInformationOnTheIndividualDownloadClientsClickOnTheInfoButtons": "For more information on the individual download clients, click the more info buttons.",
  "ForMoreInformationOnTheIndividualIndexersClickOnTheInfoButtons": "For more information on the individual indexers, click on the info buttons.",
  "ForMoreInformationOnTheIndividualListsClickOnTheInfoButtons": "For more information on the individual lists, click on the info buttons.",
  "ForNewImportsOnly": "For new imports only",
  "ForeignId": "Foreign Id",
  "ForeignIdHelpText": "The Musicbrainz Id of the artist/album to exclude",
  "FormatAgeDay": "day",
  "FormatAgeDays": "days",
  "FormatAgeHour": "hour",
  "FormatAgeHours": "hours",
  "FormatAgeMinute": "minute",
  "FormatAgeMinutes": "minutes",
  "FormatDateTime": "{formattedDate} {formattedTime}",
  "FormatDateTimeRelative": "{relativeDay}, {formattedDate} {formattedTime}",
  "FormatRuntimeHours": "{hours}h",
  "FormatRuntimeMinutes": "{minutes}m",
  "FormatShortTimeSpanHours": "{hours} hour(s)",
  "FormatShortTimeSpanMinutes": "{minutes} minute(s)",
  "FormatShortTimeSpanSeconds": "{seconds} second(s)",
  "FormatTimeSpanDays": "{days}d {time}",
  "Formats": "Formats",
  "FreeSpace": "Free Space",
  "FutureAlbums": "Future Albums",
  "FutureAlbumsData": "Monitor albums that have not released yet",
  "FutureDays": "Future Days",
  "FutureDaysHelpText": "Days for iCal feed to look into the future",
  "General": "General",
  "GeneralSettings": "General Settings",
  "GeneralSettingsSummary": "Port, SSL, username/password, proxy, analytics and updates",
  "Genres": "Genres",
  "Global": "Global",
  "GoToArtistListing": "Go to artist listing",
  "GoToInterp": "Go to {0}",
  "Grab": "Grab",
  "GrabId": "Grab ID",
  "GrabRelease": "Grab Release",
  "GrabReleaseUnknownArtistOrAlbumMessageText": "{appName} was unable to determine which artist and album this release was for. {appName} may be unable to automatically import this release. Do you want to grab '{title}'?",
  "GrabSelected": "Grab Selected",
  "Grabbed": "Grabbed",
  "Group": "Group",
  "GroupInformation": "Group Information",
  "HardlinkCopyFiles": "Hardlink/Copy Files",
  "HasMonitoredAlbumsNoMonitoredAlbumsForThisArtist": "No monitored albums for this artist",
  "HasPendingChangesNoChanges": "No Changes",
  "HasPendingChangesSaveChanges": "Save Changes",
  "HealthMessagesInfoBox": "You can find more information about the cause of these health check messages by clicking the wiki link (book icon) at the end of the row, or by checking your [logs]({link}). If you have difficulty interpreting these messages then you can reach out to our support, at the links below.",
  "HiddenClickToShow": "Hidden, click to show",
  "HideAdvanced": "Hide Advanced",
  "HideAlbums": "Hide albums",
  "HideTracks": "Hide tracks",
  "History": "History",
  "Host": "Host",
  "HostHelpText": "The same host you specified for the remote Download Client",
  "Hostname": "Hostname",
  "ICalFeed": "iCal Feed",
  "ICalHttpUrlHelpText": "Copy this URL to your client(s) or click to subscribe if your browser supports webcal",
  "ICalLink": "iCal Link",
  "ICalTagsArtistHelpText": "Feed will only contain artists with at least one matching tag",
  "IconForCutoffUnmet": "Icon for Cutoff Unmet",
  "IfYouDontAddAnImportListExclusionAndTheArtistHasAMetadataProfileOtherThanNoneThenThisAlbumMayBeReaddedDuringTheNextArtistRefresh": "If you don't add an import list exclusion and the artist has a metadata profile other than 'None' then this album may be re-added during the next artist refresh.",
  "IgnoreDownload": "Ignore Download",
  "IgnoreDownloadHint": "Stops {appName} from processing this download further",
  "IgnoreDownloads": "Ignore Downloads",
  "IgnoreDownloadsHint": "Stops {appName} from processing these downloads further",
  "Ignored": "Ignored",
  "IgnoredAddresses": "Ignored Addresses",
  "IgnoredHelpText": "The release will be rejected if it contains one or more of terms (case insensitive)",
  "IgnoredPlaceHolder": "Add new restriction",
  "IllRestartLater": "I'll restart later",
  "Implementation": "Implementation",
  "Import": "Import",
  "ImportCompleteFailed": "Import Failed",
  "ImportExtraFiles": "Import Extra Files",
  "ImportExtraFilesHelpText": "Import matching extra files (subtitles, nfo, etc) after importing an track file",
  "ImportFailed": "Import Failed: {sourceTitle}",
  "ImportFailedInterp": "Import failed: {0}",
  "ImportFailures": "Import failures",
  "ImportList": "Import List",
  "ImportListExclusions": "Import List Exclusions",
  "ImportListRootFolderMissingRootHealthCheckMessage": "Missing root folder for import list(s): {0}",
  "ImportListRootFolderMultipleMissingRootsHealthCheckMessage": "Multiple root folders are missing for import lists: {0}",
  "ImportListSettings": "General Import List Settings",
  "ImportListSpecificSettings": "Import List Specific Settings",
  "ImportListStatusCheckAllClientMessage": "All lists are unavailable due to failures",
  "ImportListStatusCheckSingleClientMessage": "Lists unavailable due to failures: {0}",
  "ImportListTagsHelpText": "Tags that will be added on import from this list",
  "ImportLists": "Import Lists",
  "ImportListsSettingsSummary": "Import from another {appName} instance or Trakt lists and manage list exclusions",
  "ImportMechanismHealthCheckMessage": "Enable Completed Download Handling",
  "ImportedTo": "Imported To",
  "Importing": "Importing",
  "Inactive": "Inactive",
  "IncludeCustomFormatWhenRenaming": "Include Custom Format when Renaming",
  "IncludeCustomFormatWhenRenamingHelpText": "'Include in {Custom Formats} renaming format'",
  "IncludeHealthWarnings": "Include Health Warnings",
  "IncludeUnknownArtistItemsHelpText": "Show items without a artist in the queue, this could include removed artists, movies or anything else in {appName}'s category",
  "IncludeUnmonitored": "Include Unmonitored",
  "Indexer": "Indexer",
  "IndexerDownloadClientHealthCheckMessage": "Indexers with invalid download clients: {0}.",
  "IndexerDownloadClientHelpText": "Specify which download client is used for grabs from this indexer",
  "IndexerFlags": "Indexer Flags",
  "IndexerIdHelpText": "Specify what indexer the profile applies to",
  "IndexerIdHelpTextWarning": "Using a specific indexer with preferred words can lead to duplicate releases being grabbed",
  "IndexerJackettAll": "Indexers using the unsupported Jackett 'all' endpoint: {0}",
  "IndexerLongTermStatusCheckAllClientMessage": "All indexers are unavailable due to failures for more than 6 hours",
  "IndexerLongTermStatusCheckSingleClientMessage": "Indexers unavailable due to failures for more than 6 hours: {0}",
  "IndexerPriority": "Indexer Priority",
  "IndexerPriorityHelpText": "Indexer Priority from 1 (Highest) to 50 (Lowest). Default: 25. Used when grabbing releases as a tiebreaker for otherwise equal releases, {appName} will still use all enabled indexers for RSS Sync and Searching",
  "IndexerRssHealthCheckNoAvailableIndexers": "All rss-capable indexers are temporarily unavailable due to recent indexer errors",
  "IndexerRssHealthCheckNoIndexers": "No indexers available with RSS sync enabled, {appName} will not grab new releases automatically",
  "IndexerSearchCheckNoAutomaticMessage": "No indexers available with Automatic Search enabled, {appName} will not provide any automatic search results",
  "IndexerSearchCheckNoAvailableIndexersMessage": "All search-capable indexers are temporarily unavailable due to recent indexer errors",
  "IndexerSearchCheckNoInteractiveMessage": "No indexers available with Interactive Search enabled, {appName} will not provide any interactive search results",
  "IndexerSettings": "Indexer Settings",
  "IndexerSettingsApiUrl": "API URL",
  "IndexerSettingsApiUrlHelpText": "Do not change this unless you know what you're doing. Since your API key will be sent to that host.",
  "IndexerSettingsRejectBlocklistedTorrentHashes": "Reject Blocklisted Torrent Hashes While Grabbing",
  "IndexerSettingsRejectBlocklistedTorrentHashesHelpText": "If a torrent is blocked by hash it may not properly be rejected during RSS/Search for some indexers, enabling this will allow it to be rejected after the torrent is grabbed, but before it is sent to the client.",
  "IndexerSettingsSeedRatio": "Seed Ratio",
  "IndexerSettingsSeedRatioHelpText": "The ratio a torrent should reach before stopping, empty uses the download client's default. Ratio should be at least 1.0 and follow the indexers rules",
  "IndexerSettingsSeedTime": "Seed Time",
  "IndexerSettingsSeedTimeHelpText": "The time a torrent should be seeded before stopping, empty uses the download client's default",
  "IndexerStatusCheckAllClientMessage": "All indexers are unavailable due to failures",
  "IndexerStatusCheckSingleClientMessage": "Indexers unavailable due to failures: {0}",
  "IndexerTagHelpText": "Only use this indexer for artist with at least one matching tag. Leave blank to use with all artists.",
  "Indexers": "Indexers",
  "IndexersSettingsSummary": "Indexers and indexer options",
  "Info": "Info",
  "InfoUrl": "Info URL",
  "Install": "Install",
  "InstallLatest": "Install Latest",
  "InstallMajorVersionUpdate": "Install Update",
  "InstallMajorVersionUpdateMessage": "This update will install a new major version and may not be compatible with your system. Are you sure you want to install this update?",
  "InstallMajorVersionUpdateMessageLink": "Please check [{domain}]({url}) for more information.",
  "InstanceName": "Instance Name",
  "InstanceNameHelpText": "Instance name in tab and for Syslog app name",
  "InteractiveImport": "Interactive Import",
  "InteractiveSearch": "Interactive Search",
  "InteractiveSearchModalHeader": "Interactive Search",
  "InteractiveSearchModalHeaderTitle": "Interactive Search - {title}",
  "Interval": "Interval",
  "InvalidUILanguage": "Your UI is set to an invalid language, correct it and save your settings",
  "IsCutoffCutoff": "Cutoff",
  "IsCutoffUpgradeUntilThisQualityIsMetOrExceeded": "Upgrade until this quality is met or exceeded",
  "IsExpandedHideAlbums": "Hide albums",
  "IsExpandedHideFileInfo": "Hide file info",
  "IsExpandedHideTracks": "Hide tracks",
  "IsExpandedShowAlbums": "Show albums",
  "IsExpandedShowFileInfo": "Show file info",
  "IsExpandedShowTracks": "Show tracks",
  "IsInUseCantDeleteAMetadataProfileThatIsAttachedToAnArtistOrImportList": "Can't delete a metadata profile that is attached to an artist or import list",
  "IsInUseCantDeleteAQualityProfileThatIsAttachedToAnArtistOrImportList": "Can't delete a quality profile that is attached to an artist or import list",
  "IsShowingMonitoredMonitorSelected": "Monitor Selected",
  "IsShowingMonitoredUnmonitorSelected": "Unmonitor Selected",
  "IsTagUsedCannotBeDeletedWhileInUse": "Cannot be deleted while in use",
  "ItsEasyToAddANewArtistJustStartTypingTheNameOfTheArtistYouWantToAdd": "It's easy to add a new artist, just start typing the name of the artist you want to add.",
  "KeyboardShortcuts": "Keyboard Shortcuts",
  "Label": "Label",
  "LabelIsRequired": "Label is required",
  "Language": "Language",
  "Large": "Large",
  "LastAlbum": "Last Album",
  "LastDuration": "Last Duration",
  "LastExecution": "Last Execution",
  "LastSearched": "Last Searched",
  "LastUsed": "Last Used",
  "LastWriteTime": "Last Write Time",
  "LatestAlbum": "Latest Album",
  "LatestAlbumData": "Monitor the latest albums and future albums",
  "LaunchBrowserHelpText": " Open a web browser and navigate to {appName} homepage on app start.",
  "Level": "Level",
  "Library": "Library",
  "LidarrSupportsAnyDownloadClientThatUsesTheNewznabStandardAsWellAsOtherDownloadClientsListedBelow": "{appName} supports many popular torrent and usenet download clients.",
  "LidarrSupportsAnyIndexerThatUsesTheNewznabStandardAsWellAsOtherIndexersListedBelow": "{appName} supports any indexer that uses the Newznab standard, as well as other indexers listed below.",
  "LidarrSupportsMultipleListsForImportingAlbumsAndArtistsIntoTheDatabase": "{appName} supports multiple lists for importing Albums and Artists into the database.",
  "LidarrTags": "{appName} Tags",
  "Links": "Links",
  "ListRefreshInterval": "List Refresh Interval",
  "ListWillRefreshEveryInterp": "List will refresh every {0}",
  "Loading": "loading",
  "Local": "Local",
  "LocalPath": "Local Path",
  "LocalPathHelpText": "Path that {appName} should use to access the remote path locally",
  "Location": "Location",
  "LogFiles": "Log Files",
  "LogLevel": "Log Level",
  "LogLevelvalueTraceTraceLoggingShouldOnlyBeEnabledTemporarily": "Trace logging should only be enabled temporarily",
  "LogSizeLimit": "Log Size Limit",
  "LogSizeLimitHelpText": "Maximum log file size in MB before archiving. Default is 1MB.",
  "Logging": "Logging",
  "Logout": "Logout",
  "Logs": "Logs",
  "LongDateFormat": "Long Date Format",
  "Lowercase": "Lowercase",
  "MIA": "MIA",
  "MaintenanceRelease": "Maintenance Release: bug fixes and other improvements. See Github Commit History for more details",
  "ManageClients": "Manage Clients",
  "ManageCustomFormats": "Manage Custom Formats",
  "ManageDownloadClients": "Manage Download Clients",
  "ManageFormats": "Manage Formats",
  "ManageImportLists": "Manage Import Lists",
  "ManageIndexers": "Manage Indexers",
  "ManageLists": "Manage Lists",
  "ManageTracks": "Manage Tracks",
  "Manual": "Manual",
  "ManualDownload": "Manual Download",
  "ManualImport": "Manual Import",
  "MappedNetworkDrivesWindowsService": "Mapped network drives are not available when running as a Windows Service, see the [FAQ]({url}) for more information.",
  "MarkAsFailed": "Mark as Failed",
  "MarkAsFailedMessageText": "Are you sure you want to mark '{0}' as failed?",
  "MassAlbumsCutoffUnmetWarning": "Are you sure you want to search for all '{0}' Cutoff Unmet albums?",
  "MassSearchCancelWarning": "This cannot be cancelled once started without restarting {appName} or disabling all of your indexers.",
  "MatchedToAlbums": "Matched to Albums",
  "MatchedToArtist": "Matched to Artist",
  "Max": "Max",
  "MaximumLimits": "Maximum Limits",
  "MaximumSize": "Maximum Size",
  "MaximumSizeHelpText": "Maximum size for a release to be grabbed in MB. Set to zero to set to unlimited.",
  "Mechanism": "Mechanism",
  "MediaCount": "Media Count",
  "MediaInfo": "Media Info",
  "MediaManagement": "Media Management",
  "MediaManagementSettings": "Media Management Settings",
  "MediaManagementSettingsSummary": "Naming, file management settings and root folders",
  "Medium": "Medium",
  "MediumFormat": "Medium Format",
  "Menu": "Menu",
  "Message": "Message",
  "Metadata": "Metadata",
  "MetadataConsumers": "Metadata Consumers",
  "MetadataProfile": "Metadata Profile",
  "MetadataProfileIdHelpText": "Metadata Profile list items should be added with",
  "MetadataProfiles": "Metadata Profiles",
  "MetadataSettings": "Metadata Settings",
  "MetadataSettingsArtistSummary": "Create metadata files when tracks are imported or artist are refreshed",
  "Min": "Min",
  "MinFormatScoreHelpText": "Minimum custom format score allowed to download",
  "MinimumAge": "Minimum Age",
  "MinimumAgeHelpText": "Usenet only: Minimum age in minutes of NZBs before they are grabbed. Use this to give new releases time to propagate to your usenet provider.",
  "MinimumCustomFormatScore": "Minimum Custom Format Score",
  "MinimumCustomFormatScoreHelpText": "Minimum Custom Format Score required to bypass delay for the preferred protocol",
  "MinimumFreeSpace": "Minimum Free Space",
  "MinimumFreeSpaceWhenImportingHelpText": "Prevent import if it would leave less than this amount of disk space available",
  "MinimumLimits": "Minimum Limits",
  "Missing": "Missing",
  "MissingAlbums": "Missing Albums",
  "MissingAlbumsData": "Monitor albums that do not have files or have not released yet",
  "MissingTracks": "Missing Tracks",
  "MissingTracksArtistMonitored": "Missing Tracks (Artist monitored)",
  "MissingTracksArtistNotMonitored": "Missing Tracks (Artist not monitored)",
  "Mode": "Mode",
  "Monitor": "Monitor",
  "MonitorAlbum": "Monitor Album",
  "MonitorAlbumExistingOnlyWarning": "This is a one off adjustment of the monitored setting for each album.  Use the option under Artist/Edit to control what happens for newly added albums",
  "MonitorAllAlbums": "All Albums",
  "MonitorArtist": "Monitor Artist",
  "MonitorArtists": "Monitor Artists",
  "MonitorExistingAlbums": "Existing Albums",
  "MonitorFirstAlbum": "First Album",
  "MonitorFutureAlbums": "Future Albums",
  "MonitorLastestAlbum": "Lastest Album",
  "MonitorMissingAlbums": "Missing Albums",
  "MonitorNewAlbums": "New Albums",
  "MonitorNewItems": "Monitor New Albums",
  "MonitorNewItemsHelpText": "Which new albums should be monitored",
  "MonitorNoAlbums": "None",
  "MonitorNoNewAlbums": "No New Albums",
  "Monitored": "Monitored",
  "MonitoredHelpText": "Download monitored albums from this artist",
  "MonitoredOnly": "Monitored Only",
  "MonitoredStatus": "Monitored/Status",
  "Monitoring": "Monitoring",
  "MonitoringOptions": "Monitoring Options",
  "MonitoringOptionsHelpText": "Which albums should be monitored after the artist is added (one-time adjustment)",
  "MoreInfo": "More Info",
  "MountArtistHealthCheckMessage": "Mount containing an artist path is mounted read-only: ",
  "MoveAutomatically": "Move Automatically",
  "MoveFiles": "Move Files",
  "MultiDiscTrackFormat": "Multi Disc Track Format",
  "MusicBrainzAlbumID": "MusicBrainz Album ID",
  "MusicBrainzArtistID": "MusicBrainz Artist ID",
  "MusicBrainzRecordingID": "MusicBrainz Recording ID",
  "MusicBrainzReleaseID": "MusicBrainz Release ID",
  "MusicBrainzTrackID": "MusicBrainz Track ID",
  "MusicbrainzId": "Musicbrainz Id",
  "MustContain": "Must Contain",
  "MustNotContain": "Must Not Contain",
  "NETCore": ".NET",
  "Name": "Name",
  "NamingSettings": "Naming Settings",
  "Negate": "Negate",
  "NegateHelpText": "If checked, the custom format will not apply if this {0} condition matches.",
  "Negated": "Negated",
  "Never": "Never",
  "New": "New",
  "NewAlbums": "New Albums",
  "NextAlbum": "Next Album",
  "NextExecution": "Next Execution",
  "No": "No",
  "NoAlbums": "No albums",
  "NoBackupsAreAvailable": "No backups are available",
  "NoChange": "No Change",
  "NoCustomFormatsFound": "No custom formats found",
  "NoCutoffUnmetItems": "No cutoff unmet items",
  "NoDownloadClientsFound": "No download clients found",
  "NoEventsFound": "No events found",
  "NoHistory": "No history.",
  "NoHistoryBlocklist": "No history blocklist",
  "NoImportListsFound": "No import lists found",
  "NoIndexersFound": "No indexers found",
  "NoLeaveIt": "No, Leave It",
  "NoLimitForAnyDuration": "No limit for any duration",
  "NoLogFiles": "No log files",
  "NoMediumInformation": "No medium information is available.",
  "NoMinimumForAnyDuration": "No minimum for any duration",
  "NoMissingItems": "No missing items",
  "NoResultsFound": "No results found",
  "NoTagsHaveBeenAddedYet": "No tags have been added yet",
  "NoTracksInThisMedium": "No tracks in this medium",
  "NoUpdatesAreAvailable": "No updates are available",
  "None": "None",
  "NoneData": "No albums will be monitored",
  "NoneMonitoringOptionHelpText": "Do not monitor artists or albums",
  "NotDiscography": "Not Discography",
  "NotificationStatusAllClientHealthCheckMessage": "All notifications are unavailable due to failures",
  "NotificationStatusSingleClientHealthCheckMessage": "Notifications unavailable due to failures: {0}",
  "NotificationTriggers": "Notification Triggers",
  "NotificationsEmbySettingsSendNotifications": "Send Notifications",
  "NotificationsEmbySettingsSendNotificationsHelpText": "Have MediaBrowser send notifications to configured providers",
  "NotificationsEmbySettingsUpdateLibraryHelpText": "Update Library on Import, Rename, or Delete?",
  "NotificationsKodiSettingAlwaysUpdate": "Always Update",
  "NotificationsKodiSettingAlwaysUpdateHelpText": "Update library even when a video is playing?",
  "NotificationsKodiSettingsCleanLibrary": "Clean Library",
  "NotificationsKodiSettingsCleanLibraryHelpText": "Clean library after update",
  "NotificationsKodiSettingsDisplayTime": "Display Time",
  "NotificationsKodiSettingsDisplayTimeHelpText": "How long the notification will be displayed for (In seconds)",
  "NotificationsKodiSettingsGuiNotification": "GUI Notification",
  "NotificationsKodiSettingsUpdateLibraryHelpText": "Update library on Import & Rename?",
  "NotificationsPlexSettingsAuthToken": "Auth Token",
  "NotificationsPlexSettingsAuthenticateWithPlexTv": "Authenticate with Plex.tv",
  "NotificationsSettingsUpdateLibrary": "Update Library",
  "NotificationsSettingsUpdateMapPathsFrom": "Map Paths From",
  "NotificationsSettingsUpdateMapPathsFromHelpText": "{appName} path, used to modify series paths when {serviceName} sees library path location differently from {appName} (Requires 'Update Library')",
  "NotificationsSettingsUpdateMapPathsTo": "Map Paths To",
  "NotificationsSettingsUpdateMapPathsToHelpText": "{serviceName} path, used to modify series paths when {serviceName} sees library path location differently from {appName} (Requires 'Update Library')",
  "NotificationsSettingsUseSslHelpText": "Connect to {serviceName} over HTTPS instead of HTTP",
  "NotificationsSettingsWebhookHeaders": "Headers",
  "NotificationsTagsArtistHelpText": "Only send notifications for artists with at least one matching tag",
  "NotificationsTelegramSettingsIncludeAppName": "Include {appName} in Title",
  "NotificationsTelegramSettingsIncludeAppNameHelpText": "Optionally prefix message title with {appName} to differentiate notifications from different applications",
  "Ok": "Ok",
  "OnAlbumDelete": "On Album Delete",
  "OnApplicationUpdate": "On Application Update",
  "OnArtistAdd": "On Artist Add",
  "OnArtistDelete": "On Artist Delete",
  "OnDownloadFailure": "On Download Failure",
  "OnGrab": "On Grab",
  "OnHealthIssue": "On Health Issue",
  "OnHealthRestored": "On Health Restored",
  "OnImportFailure": "On Import Failure",
  "OnLatestVersion": "The latest version of {appName} is already installed",
  "OnReleaseImport": "On Release Import",
  "OnRename": "On Rename",
  "OnTrackRetag": "On Track Retag",
  "OnUpgrade": "On Upgrade",
  "OneAlbum": "1 album",
  "OnlyTorrent": "Only Torrent",
  "OnlyUsenet": "Only Usenet",
  "OpenBrowserOnStart": "Open browser on start",
  "Options": "Options",
  "Organize": "Organize",
  "OrganizeSelectedArtists": "Organize Selected Artists",
  "Original": "Original",
  "Other": "Other",
  "OutputPath": "Output Path",
  "Overview": "Overview",
  "OverviewOptions": "Overview Options",
  "PackageVersion": "Package Version",
  "PageSize": "Page Size",
  "PageSizeHelpText": "Number of items to show on each page",
  "Parse": "Parse",
  "ParseModalErrorParsing": "Error parsing, please try again.",
  "ParseModalHelpText": "Enter a release title in the input above",
  "ParseModalHelpTextDetails": "{appName} will attempt to parse the title and show you details about it",
  "ParseModalUnableToParse": "Unable to parse the provided title, please try again.",
  "Password": "Password",
  "PasswordConfirmation": "Password Confirmation",
  "PastDays": "Past Days",
  "PastDaysHelpText": "Days for iCal feed to look into the past",
  "Path": "Path",
  "PathHelpText": "Root Folder containing your music library",
  "PathHelpTextWarning": "This must be different to the directory where your download client puts files",
  "Paused": "Paused",
  "Peers": "Peers",
  "Pending": "Pending",
  "PendingDownloadClientUnavailable": "Pending - Download client is unavailable",
  "Period": "Period",
  "Permissions": "Permissions",
  "Playlist": "Playlist",
  "Port": "Port",
  "PortNumber": "Port Number",
  "PostImportCategory": "Post-Import Category",
  "PosterOptions": "Poster Options",
  "PosterSize": "Poster Size",
  "Posters": "Posters",
  "PreferAndUpgrade": "Prefer and Upgrade",
  "PreferProtocol": "Prefer {preferredProtocol}",
  "PreferTorrent": "Prefer Torrent",
  "PreferUsenet": "Prefer Usenet",
  "Preferred": "Preferred",
  "PreferredProtocol": "Preferred Protocol",
  "PreferredSize": "Preferred Size",
  "Presets": "Presets",
  "PreviewRename": "Preview Rename",
  "PreviewRetag": "Preview Retag",
  "PreviouslyInstalled": "Previously Installed",
  "PrimaryAlbumTypes": "Primary Album Types",
  "PrimaryTypes": "Primary Types",
  "Priority": "Priority",
  "Proceed": "Proceed",
  "Profiles": "Profiles",
  "ProfilesSettingsArtistSummary": "Quality, Metadata, Delay, and Release profiles",
  "Progress": "Progress",
  "Proper": "Proper",
  "PropersAndRepacks": "Propers and Repacks",
  "Protocol": "Protocol",
  "ProtocolHelpText": "Choose which protocol(s) to use and which one is preferred when choosing between otherwise equal releases",
  "Proxy": "Proxy",
  "ProxyBypassFilterHelpText": "Use ',' as a separator, and '*.' as a wildcard for subdomains",
  "ProxyCheckBadRequestMessage": "Failed to test proxy. StatusCode: {0}",
  "ProxyCheckFailedToTestMessage": "Failed to test proxy: {0}",
  "ProxyCheckResolveIpMessage": "Failed to resolve the IP Address for the Configured Proxy Host {0}",
  "ProxyPasswordHelpText": "You only need to enter a username and password if one is required. Leave them blank otherwise.",
  "ProxyType": "Proxy Type",
  "ProxyUsernameHelpText": "You only need to enter a username and password if one is required. Leave them blank otherwise.",
  "PublishedDate": "Published Date",
  "QualitiesHelpText": "Qualities higher in the list are more preferred even if not checked. Qualities within the same group are equal. Only checked qualities are wanted",
  "Quality": "Quality",
  "QualityDefinitions": "Quality Definitions",
  "QualityLimitsHelpText": "Limits are automatically adjusted for the album duration.",
  "QualityProfile": "Quality Profile",
  "QualityProfileIdHelpText": "Quality Profile list items should be added with",
  "QualityProfiles": "Quality Profiles",
  "QualitySettings": "Quality Settings",
  "QualitySettingsSummary": "Quality sizes and naming",
  "Queue": "Queue",
  "QueueFilterHasNoItems": "Selected queue filter has no items",
  "QueueIsEmpty": "Queue is empty",
  "Queued": "Queued",
  "RSSSync": "RSS Sync",
  "RSSSyncInterval": "RSS Sync Interval",
  "Rating": "Rating",
  "ReadTheWikiForMoreInformation": "Read the Wiki for more information",
  "Real": "Real",
  "Reason": "Reason",
  "RecentChanges": "Recent Changes",
  "RecycleBinCleanupDaysHelpText": "Set to 0 to disable automatic cleanup",
  "RecycleBinCleanupDaysHelpTextWarning": "Files in the recycle bin older than the selected number of days will be cleaned up automatically",
  "RecycleBinHelpText": "Track files will go here when deleted instead of being permanently deleted",
  "RecycleBinUnableToWriteHealthCheck": "Unable to write to configured recycling bin folder: {0}. Ensure this path exists and is writable by the user running {appName}",
  "RecyclingBin": "Recycling Bin",
  "RecyclingBinCleanup": "Recycling Bin Cleanup",
  "Redownload": "Redownload",
  "Refresh": "Refresh",
  "RefreshArtist": "Refresh Artist",
  "RefreshInformationAndScanDisk": "Refresh information and scan disk",
  "RefreshScan": "Refresh & Scan",
  "RegularExpressionsCanBeTested": "Regular expressions can be tested [here]({url}).",
  "RegularExpressionsTutorialLink": "More details on regular expressions can be found [here]({url}).",
  "RejectionCount": "Rejection Count",
  "Rejections": "Rejections",
  "Release": " Release",
  "ReleaseDate": "Release Date",
  "ReleaseGroup": "Release Group",
  "ReleaseProfile": "Release Profile",
  "ReleaseProfileTagArtistHelpText": "Release profiles will apply to artists with at least one matching tag. Leave blank to apply to all artists",
  "ReleaseProfiles": "Release Profiles",
  "ReleaseRejected": "Release Rejected",
  "ReleaseStatuses": "Release Statuses",
  "ReleaseTitle": "Release Title",
  "ReleaseWillBeProcessedInterp": "Release will be processed {0}",
  "ReleasesHelpText": "Change release for this album",
  "Reload": "Reload",
  "RemotePath": "Remote Path",
  "RemotePathHelpText": "Root path to the directory that the Download Client accesses",
  "RemotePathMappingCheckBadDockerPath": "You are using docker; download client {0} places downloads in {1} but this is not a valid {2} path.  Review your remote path mappings and download client settings.",
  "RemotePathMappingCheckDockerFolderMissing": "You are using docker; download client {0} places downloads in {1} but this directory does not appear to exist inside the container.  Review your remote path mappings and container volume settings.",
  "RemotePathMappingCheckDownloadPermissions": "{appName} can see but not access downloaded music {0}.  Likely permissions error.",
  "RemotePathMappingCheckFileRemoved": "File {0} was removed part way through processing.",
  "RemotePathMappingCheckFilesBadDockerPath": "You are using docker; download client {0} reported files in {1} but this is not a valid {2} path.  Review your remote path mappings and download client settings.",
  "RemotePathMappingCheckFilesGenericPermissions": "Download client {0} reported files in {1} but {appName} cannot see this directory.  You may need to adjust the folder's permissions.",
  "RemotePathMappingCheckFilesLocalWrongOSPath": "Local download client {0} reported files in {1} but this is not a valid {2} path.  Review your download client settings.",
  "RemotePathMappingCheckFilesWrongOSPath": "Remote download client {0} reported files in {1} but this is not a valid {2} path.  Review your remote path mappings and download client settings.",
  "RemotePathMappingCheckFolderPermissions": "{appName} can see but not access download directory {0}.  Likely permissions error.",
  "RemotePathMappingCheckGenericPermissions": "Download client {0} places downloads in {1} but {appName} cannot see this directory.  You may need to adjust the folder's permissions.",
  "RemotePathMappingCheckImportFailed": "{appName} failed to import music.  Check your logs for details.",
  "RemotePathMappingCheckLocalFolderMissing": "Remote download client {0} places downloads in {1} but this directory does not appear to exist.  Likely missing or incorrect remote path mapping.",
  "RemotePathMappingCheckLocalWrongOSPath": "Local download client {0} places downloads in {1} but this is not a valid {2} path.  Review your download client settings.",
  "RemotePathMappingCheckRemoteDownloadClient": "Remote download client {0} reported files in {1} but this directory does not appear to exist.  Likely missing remote path mapping.",
  "RemotePathMappingCheckWrongOSPath": "Remote download client {0} places downloads in {1} but this is not a valid {2} path.  Review your remote path mappings and download client settings.",
  "RemotePathMappings": "Remote Path Mappings",
  "RemotePathMappingsInfo": "Remote Path Mappings are very rarely required, if {appName} and your download client are on the same system it is better to match your paths. For more information see the [wiki]({wikiLink})",
  "Remove": "Remove",
  "RemoveCompleted": "Remove Completed",
  "RemoveCompletedDownloads": "Remove Completed Downloads",
  "RemoveCompletedDownloadsHelpText": "Remove imported downloads from download client history",
  "RemoveDownloadsAlert": "The Remove settings were moved to the individual Download Client settings in the table above.",
  "RemoveFailed": "Remove Failed",
  "RemoveFailedDownloads": "Remove Failed Downloads",
  "RemoveFailedDownloadsHelpText": "Remove failed downloads from download client history",
  "RemoveFilter": "Remove filter",
  "RemoveFromBlocklist": "Remove from blocklist",
  "RemoveFromDownloadClient": "Remove from Download Client",
  "RemoveFromDownloadClientHint": "Removes download and file(s) from download client",
  "RemoveFromQueue": "Remove from queue",
  "RemoveMultipleFromDownloadClientHint": "Removes downloads and files from download client",
  "RemoveQueueItem": "Remove - {sourceTitle}",
  "RemoveQueueItemConfirmation": "Are you sure you want to remove '{sourceTitle}' from the queue?",
  "RemoveQueueItemRemovalMethod": "Removal Method",
  "RemoveQueueItemRemovalMethodHelpTextWarning": "'Remove from Download Client' will remove the download and the file(s) from the download client.",
  "RemoveQueueItemsRemovalMethodHelpTextWarning": "'Remove from Download Client' will remove the downloads and the files from the download client.",
  "RemoveSelected": "Remove Selected",
  "RemoveSelectedItem": "Remove Selected Item",
  "RemoveSelectedItemBlocklistMessageText": "Are you sure you want to remove the selected items from the blocklist?",
  "RemoveSelectedItemQueueMessageText": "Are you sure you want to remove 1 item from the queue?",
  "RemoveSelectedItems": "Remove Selected Items",
  "RemoveSelectedItemsQueueMessageText": "Are you sure you want to remove {0} items from the queue?",
  "RemoveTagExistingTag": "Existing tag",
  "RemoveTagRemovingTag": "Removing tag",
  "RemoveTagsAutomatically": "Remove Tags Automatically",
  "RemoveTagsAutomaticallyHelpText": "Remove tags automatically if conditions are not met",
  "RemovedFromTaskQueue": "Removed from task queue",
  "RemovingTag": "Removing tag",
  "RenameFiles": "Rename Files",
  "RenameTracks": "Rename Tracks",
  "RenameTracksHelpText": "{appName} will use the existing file name if renaming is disabled",
  "Renamed": "Renamed",
  "Reorder": "Reorder",
  "Repack": "Repack",
  "Replace": "Replace",
  "ReplaceExistingFiles": "Replace Existing Files",
  "ReplaceIllegalCharacters": "Replace Illegal Characters",
  "ReplaceIllegalCharactersHelpText": "Replace illegal characters. If unchecked, {appName} will remove them instead",
  "ReplaceWithDash": "Replace with Dash",
  "ReplaceWithSpaceDash": "Replace with Space Dash",
  "ReplaceWithSpaceDashSpace": "Replace with Space Dash Space",
  "Required": "Required",
  "RequiredHelpText": "The release must contain at least one of these terms (case insensitive)",
  "RequiredPlaceHolder": "Add new restriction",
  "RequiresRestartToTakeEffect": "Requires restart to take effect",
  "RescanAfterRefreshHelpText": "Rescan the artist folder after refreshing the artist",
  "RescanAfterRefreshHelpTextWarning": "{appName} will not automatically detect changes to files when not set to 'Always",
  "RescanArtistFolderAfterRefresh": "Rescan Artist Folder after Refresh",
  "Reset": "Reset",
  "ResetAPIKey": "Reset API Key",
  "ResetAPIKeyMessageText": "Are you sure you want to reset your API Key?",
  "ResetDefinitionTitlesHelpText": "Reset definition titles as well as values",
  "ResetDefinitions": "Reset Definitions",
  "ResetQualityDefinitions": "Reset Quality Definitions",
  "ResetQualityDefinitionsMessageText": "Are you sure you want to reset quality definitions?",
  "ResetTitles": "Reset Titles",
  "ResetTitlesHelpText": "Reset definition titles as well as values",
  "Restart": "Restart",
  "RestartLidarr": "Restart {appName}",
  "RestartNow": "Restart Now",
  "RestartRequiredHelpTextWarning": "Requires restart to take effect",
  "Restore": "Restore",
  "RestoreBackup": "Restore Backup",
  "RestoreBackupAdditionalInfo": "Note: {appName} will automatically restart and reload the UI during the restore process.",
  "Result": "Result",
  "Retag": "Retag",
  "RetagSelectedArtists": "Retag Selected Artists",
  "Retagged": "Retagged",
  "Retention": "Retention",
  "RetentionHelpText": "Usenet only: Set to zero to set for unlimited retention",
  "RetryingDownloadOn": "Retrying download on {date} at {time}",
  "RootFolder": "Root Folder",
  "RootFolderCheckMultipleMessage": "Multiple root folders are missing: {0}",
  "RootFolderCheckSingleMessage": "Missing root folder: {0}",
  "RootFolderPath": "Root Folder Path",
  "RootFolderPathHelpText": "Root Folder list items will be added to",
  "RootFolders": "Root Folders",
  "RssSyncIntervalHelpText": "Interval in minutes. Set to zero to disable (this will stop all automatic release grabbing)",
  "SSLCertPassword": "SSL Cert Password",
  "SSLCertPath": "SSL Cert Path",
  "SSLPort": "SSL Port",
  "Save": "Save",
  "SceneInformation": "Scene Information",
  "SceneNumberHasntBeenVerifiedYet": "Scene number hasn't been verified yet",
  "Scheduled": "Scheduled",
  "Script": "Script",
  "ScriptPath": "Script Path",
  "ScrubAudioTagsHelpText": "Remove existing tags from files, leaving only those added by {appName}.",
  "ScrubExistingTags": "Scrub Existing Tags",
  "Search": "Search",
  "SearchAlbum": "Search Album",
  "SearchAll": "Search All",
  "SearchBoxPlaceHolder": "eg. Breaking Benjamin, lidarr:854a1807-025b-42a8-ba8c-2a39717f1d25",
  "SearchForAllCutoffUnmetAlbums": "Search for all Cutoff Unmet albums",
  "SearchForAllCutoffUnmetAlbumsConfirmationCount": "Are you sure you want to search for all {totalRecords} Cutoff Unmet albums?",
  "SearchForAllMissingAlbums": "Search for all missing albums",
  "SearchForAllMissingAlbumsConfirmationCount": "Are you sure you want to search for all {totalRecords} missing albums?",
  "SearchForMissing": "Search for Missing",
  "SearchForMonitoredAlbums": "Search for monitored albums",
  "SearchMonitored": "Search Monitored",
  "SearchSelected": "Search Selected",
  "Season": "Season",
  "SecondaryAlbumTypes": "Secondary Album Types",
  "SecondaryTypes": "Secondary Types",
  "Security": "Security",
  "Seeders": "Seeders",
  "Select...": "Select...",
  "SelectAlbum": "Select Album",
  "SelectAlbumRelease": "Select Album Release",
  "SelectArtist": "Select Artist",
  "SelectFolder": "Select Folder",
  "SelectIndexerFlags": "Select Indexer Flags",
  "SelectQuality": "Select Quality",
  "SelectReleaseGroup": "Select Release Group",
  "SelectTracks": "Select Tracks",
  "SelectedCountArtistsSelectedInterp": "{selectedCount} Artist(s) Selected",
  "SendAnonymousUsageData": "Send Anonymous Usage Data",
  "SetAppTags": "Set {appName} Tags",
  "SetIndexerFlags": "Set Indexer Flags",
  "SetPermissions": "Set Permissions",
  "SetPermissionsLinuxHelpText": "Should chmod be run when files are imported/renamed?",
  "SetPermissionsLinuxHelpTextWarning": "If you're unsure what these settings do, do not alter them.",
  "SetTags": "Set Tags",
  "Settings": "Settings",
  "ShortDateFormat": "Short Date Format",
  "ShouldMonitorExisting": "Monitor existing albums",
  "ShouldMonitorExistingHelpText": "Automatically monitor albums on this list which are already in {appName}",
  "ShouldMonitorHelpText": "Monitor artists and albums added from this list",
  "ShouldSearch": "Search for New Items",
  "ShouldSearchHelpText": "Search indexers for newly added items.  Use with caution for large lists.",
  "ShowAdvanced": "Show Advanced",
  "ShowAlbumCount": "Show Album Count",
  "ShowBanners": "Show Banners",
  "ShowBannersHelpText": "Show banners instead of names",
  "ShowCutoffUnmetIconHelpText": "Show icon for files when the cutoff hasn't been met",
  "ShowDateAdded": "Show Date Added",
  "ShowLastAlbum": "Show Last Album",
  "ShowMonitored": "Show Monitored",
  "ShowMonitoredHelpText": "Show monitored status under poster",
  "ShowName": "Show Name",
  "ShowNextAlbum": "Show Next Album",
  "ShowNextAlbumHelpText": "Show next album under poster",
  "ShowPath": "Show Path",
  "ShowQualityProfile": "Show Quality Profile",
  "ShowQualityProfileHelpText": "Show quality profile under poster",
  "ShowRelativeDates": "Show Relative Dates",
  "ShowRelativeDatesHelpText": "Show relative (Today/Yesterday/etc) or absolute dates",
  "ShowSearch": "Show Search",
  "ShowSearchActionHelpText": "Show search button on hover",
  "ShowSizeOnDisk": "Show Size on Disk",
  "ShowTitleHelpText": "Show artist name under poster",
  "ShowUnknownArtistItems": "Show Unknown Artist Items",
  "ShownAboveEachColumnWhenWeekIsTheActiveView": "Shown above each column when week is the active view",
  "ShownClickToHide": "Shown, click to hide",
  "Shutdown": "Shutdown",
  "Size": " Size",
  "SizeLimit": "Size Limit",
  "SizeOnDisk": "Size on Disk",
  "SkipFreeSpaceCheck": "Skip Free Space Check",
  "SkipFreeSpaceCheckHelpText": "Use when {appName} is unable to detect free space of your root folder",
  "SkipRedownload": "Skip Redownload",
  "SkipRedownloadHelpText": "Prevents {appName} from trying download alternative releases for the removed items",
  "Small": "Small",
  "SmartReplace": "Smart Replace",
  "SomeResultsAreHiddenByTheAppliedFilter": "Some results are hidden by the applied filter",
  "SorryThatAlbumCannotBeFound": "Sorry, that album cannot be found.",
  "SorryThatArtistCannotBeFound": "Sorry, that artist cannot be found.",
  "Source": "Source",
  "SourcePath": "Source Path",
  "SourceTitle": "Source Title",
  "Space": "Space",
  "SpecificAlbum": "Specific Album",
  "SpecificMonitoringOptionHelpText": "Monitor artists but only monitor albums explicitly included in the list",
  "SslCertPasswordHelpText": "Password for pfx file",
  "SslCertPasswordHelpTextWarning": "Requires restart to take effect",
  "SslCertPathHelpText": "Path to pfx file",
  "SslCertPathHelpTextWarning": "Requires restart to take effect",
  "SslPortHelpTextWarning": "Requires restart to take effect",
  "StandardTrackFormat": "Standard Track Format",
  "StartTypingOrSelectAPathBelow": "Start typing or select a path below",
  "Started": "Started",
  "StartupDirectory": "Startup Directory",
  "Status": "Status",
  "StatusEndedContinuing": "Continuing",
  "Style": "Style",
  "SuccessMyWorkIsDoneNoFilesToRename": "Success! My work is done, no files to rename.",
  "SuccessMyWorkIsDoneNoFilesToRetag": "Success! My work is done, no files to retag.",
  "SuggestTranslationChange": "Suggest translation change",
  "SupportedAutoTaggingProperties": "{appName} supports the follow properties for auto tagging rules",
  "SupportsRssvalueRSSIsNotSupportedWithThisIndexer": "RSS is not supported with this indexer",
  "SupportsSearchvalueSearchIsNotSupportedWithThisIndexer": "Search is not supported with this indexer",
  "SupportsSearchvalueWillBeUsedWhenAutomaticSearchesArePerformedViaTheUIOrByLidarr": "Will be used when automatic searches are performed via the UI or by {appName}",
  "SupportsSearchvalueWillBeUsedWhenInteractiveSearchIsUsed": "Will be used when interactive search is used",
  "System": "System",
  "SystemTimeCheckMessage": "System time is off by more than 1 day. Scheduled tasks may not run correctly until the time is corrected",
  "TBA": "TBA",
  "Table": "Table",
  "TagAudioFilesWithMetadata": "Tag Audio Files with Metadata",
  "TagIsNotUsedAndCanBeDeleted": "Tag is not used and can be deleted",
  "Tags": "Tags",
  "TagsSettingsSummary": "See all tags and how they are used. Unused tags can be removed",
  "Tasks": "Tasks",
  "Test": "Test",
  "TestAll": "Test All",
  "TestAllClients": "Test All Clients",
  "TestAllIndexers": "Test All Indexers",
  "TestAllLists": "Test All Lists",
  "TestParsing": "Test Parsing",
  "TheAlbumsFilesWillBeDeleted": "The album's files will be deleted.",
  "TheArtistFolderStrongpathstrongAndAllOfItsContentWillBeDeleted": "The artist folder '{0}' and all of its content will be deleted.",
  "Theme": "Theme",
  "ThemeHelpText": "Change Application UI Theme, 'Auto' Theme will use your OS Theme to set Light or Dark mode. Inspired by Theme.Park",
  "ThereWasAnErrorLoadingThisItem": "There was an error loading this item",
  "ThereWasAnErrorLoadingThisPage": "There was an error loading this page",
  "ThisWillApplyToAllIndexersPleaseFollowTheRulesSetForthByThem": "This will apply to all indexers, please follow the rules set forth by them",
  "Time": "Time",
  "TimeFormat": "Time Format",
  "TimeLeft": "Time Left",
  "Title": "Title",
  "Today": "Today",
  "Tomorrow": "Tomorrow",
  "TorrentDelay": "Torrent Delay",
  "TorrentDelayHelpText": "Delay in minutes to wait before grabbing a torrent",
  "Torrents": "Torrents",
  "Total": "Total",
  "TotalFileSize": "Total File Size",
  "TotalSpace": "Total Space",
  "TotalTrackCountTracksTotalTrackFileCountTracksWithFilesInterp": "{0} tracks total. {1} tracks with files.",
  "Track": "Track",
  "TrackArtist": "Track Artist",
  "TrackCount": "Track Count",
  "TrackDownloaded": "Track Downloaded",
  "TrackFileCounttotalTrackCountTracksDownloadedInterp": "{0}/{1} tracks downloaded",
  "TrackFileDeletedTooltip": "Track file deleted",
  "TrackFileMissingTooltip": "Track file missing",
  "TrackFileRenamedTooltip": "Track file renamed",
  "TrackFileTagsUpdatedTooltip": "Track file tags updated",
  "TrackFiles": "Track Files",
  "TrackFilesCountMessage": "No track files",
  "TrackFilesLoadError": "Unable to load track files",
  "TrackImported": "Track Imported",
  "TrackMissingFromDisk": "Track missing from disk",
  "TrackNaming": "Track Naming",
  "TrackNumber": "Track Number",
  "TrackProgress": "Track Progress",
  "TrackStatus": "Track status",
  "TrackTitle": "Track Title",
  "Tracks": "Tracks",
  "TracksLoadError": "Unable to load tracks",
  "True": "True",
  "Type": "Type",
  "URLBase": "URL Base",
  "Ui": "UI",
  "UiLanguage": "UI Language",
  "UiLanguageHelpText": "Language that {appName} will use for UI",
  "UiLanguageHelpTextWarning": "Browser Reload Required",
  "UiSettings": "UI Settings",
  "UiSettingsSummary": "Calendar, date and color impaired options",
  "UnableToAddANewDownloadClientPleaseTryAgain": "Unable to add a new download client, please try again.",
  "UnableToAddANewImportListExclusionPleaseTryAgain": "Unable to add a new import list exclusion, please try again.",
  "UnableToAddANewIndexerPleaseTryAgain": "Unable to add a new indexer, please try again.",
  "UnableToAddANewListPleaseTryAgain": "Unable to add a new list, please try again.",
  "UnableToAddANewMetadataProfilePleaseTryAgain": "Unable to add a new metadata profile, please try again.",
  "UnableToAddANewNotificationPleaseTryAgain": "Unable to add a new notification, please try again.",
  "UnableToAddANewQualityProfilePleaseTryAgain": "Unable to add a new quality profile, please try again.",
  "UnableToAddANewRemotePathMappingPleaseTryAgain": "Unable to add a new remote path mapping, please try again.",
  "UnableToAddANewRootFolderPleaseTryAgain": "Unable to add a new root folder, please try again.",
  "UnableToImportAutomatically": "Unable to Import Automatically",
  "UnableToLoadBackups": "Unable to load backups",
  "UnableToLoadBlocklist": "Unable to load blocklist",
  "UnableToLoadCustomFormats": "Unable to load custom formats",
  "UnableToLoadDelayProfiles": "Unable to load Delay Profiles",
  "UnableToLoadDownloadClientOptions": "Unable to load download client options",
  "UnableToLoadDownloadClients": "Unable to load download clients",
  "UnableToLoadGeneralSettings": "Unable to load General settings",
  "UnableToLoadHistory": "Unable to load history.",
  "UnableToLoadImportListExclusions": "Unable to load Import List Exclusions",
  "UnableToLoadIndexerOptions": "Unable to load indexer options",
  "UnableToLoadIndexers": "Unable to load Indexers",
  "UnableToLoadInteractiveSearch": "Unable to load results for this album search. Try again later",
  "UnableToLoadLists": "Unable to load Lists",
  "UnableToLoadMediaManagementSettings": "Unable to load Media Management settings",
  "UnableToLoadMetadata": "Unable to load Metadata",
  "UnableToLoadMetadataProfiles": "Unable to load Metadata Profiles",
  "UnableToLoadMetadataProviderSettings": "Unable to load Metadata Provider settings",
  "UnableToLoadNamingSettings": "Unable to load Naming settings",
  "UnableToLoadNotifications": "Unable to load Notifications",
  "UnableToLoadQualities": "Unable to load qualities",
  "UnableToLoadQualityDefinitions": "Unable to load Quality Definitions",
  "UnableToLoadQualityProfiles": "Unable to load Quality Profiles",
  "UnableToLoadReleaseProfiles": "Unable to load ReleaseProfiles",
  "UnableToLoadRemotePathMappings": "Unable to load Remote Path Mappings",
  "UnableToLoadRootFolders": "Unable to load root folders",
  "UnableToLoadTags": "Unable to load Tags",
  "UnableToLoadTheCalendar": "Unable to load the calendar",
  "UnableToLoadUISettings": "Unable to load UI settings",
  "Underscore": "Underscore",
  "Ungroup": "Ungroup",
  "Unlimited": "Unlimited",
  "UnmappedFiles": "Unmapped Files",
  "UnmappedFilesOnly": "Unmapped Files Only",
  "Unmonitored": "Unmonitored",
  "UnmonitoredHelpText": "Include unmonitored albums in the iCal feed",
  "UnmonitoredOnly": "Unmonitored Only",
  "UpdateAll": "Update All",
  "UpdateAppDirectlyLoadError": "Unable to update {appName} directly,",
  "UpdateAutomaticallyHelpText": "Automatically download and install updates. You will still be able to install from System: Updates",
  "UpdateAvailableHealthCheckMessage": "New update is available: {version}",
  "UpdateCheckStartupNotWritableMessage": "Cannot install update because startup folder '{0}' is not writable by the user '{1}'.",
  "UpdateCheckStartupTranslocationMessage": "Cannot install update because startup folder '{0}' is in an App Translocation folder.",
  "UpdateCheckUINotWritableMessage": "Cannot install update because UI folder '{0}' is not writable by the user '{1}'.",
  "UpdateFiltered": "Update Filtered",
  "UpdateMechanismHelpText": "Use {appName}'s built-in updater or a script",
  "UpdateMonitoring": "Update Monitoring",
  "UpdateScriptPathHelpText": "Path to a custom script that takes an extracted update package and handle the remainder of the update process",
  "UpdateSelected": "Update Selected",
  "Updates": "Updates",
  "UpdatingIsDisabledInsideADockerContainerUpdateTheContainerImageInstead": "Updating is disabled inside a docker container.  Update the container image instead.",
  "UpgradeAllowedHelpText": "If disabled qualities will not be upgraded",
  "UpgradesAllowed": "Upgrades Allowed",
  "Uppercase": "Uppercase",
  "Uptime": "Uptime",
  "UrlBaseHelpText": "For reverse proxy support, default is empty",
  "UrlBaseHelpTextWarning": "Requires restart to take effect",
  "UseHardlinksInsteadOfCopy": "Use Hardlinks instead of Copy",
  "UseProxy": "Use Proxy",
  "UseSsl": "Use SSL",
  "Usenet": "Usenet",
  "UsenetDelay": "Usenet Delay",
  "UsenetDelayHelpText": "Delay in minutes to wait before grabbing a release from Usenet",
  "UserAgentProvidedByTheAppThatCalledTheAPI": "User-Agent provided by the app that called the API",
  "Username": "Username",
  "UsingExternalUpdateMechanismBranchToUseToUpdateLidarr": "Branch to use to update {appName}",
  "UsingExternalUpdateMechanismBranchUsedByExternalUpdateMechanism": "Branch used by external update mechanism",
  "Version": "Version",
  "WaitingToImport": "Waiting to Import",
  "WaitingToProcess": "Waiting to Process",
  "Wanted": "Wanted",
  "Warn": "Warn",
  "WatchLibraryForChangesHelpText": "Rescan automatically when files change in a root folder",
  "WatchRootFoldersForFileChanges": "Watch Root Folders for file changes",
  "WeekColumnHeader": "Week Column Header",
  "WhatsNew": "What's New?",
  "WithFiles": "With Files",
  "WouldYouLikeToRestoreBackup": "Would you like to restore the backup '{name}'?",
  "WriteAudioTagsHelpTextWarning": "Selecting 'All files' will alter existing files when they are imported.",
  "WriteMetadataTags": "Write Metadata Tags",
  "WriteMetadataToAudioFiles": "Write Metadata to Audio Files",
  "Year": "Year",
  "Yes": "Yes",
  "YesCancel": "Yes, Cancel",
  "Yesterday": "Yesterday"
}
