{
    "Language": "Lingua",
    "UiLanguage": "Lingua della UI",
    "20MinutesTwenty": "20 Minuti: {0}",
    "AlbumHasNotAired": "Album non trasmesso",
    "45MinutesFourtyFive": "45 Minuti: {0}",
    "60MinutesSixty": "60 Minuti: {0}",
    "APIKey": "Chiavi API",
    "Absolute": "Assoluto",
    "AddMissing": "Aggiungi ai mancanti",
    "AddNewItem": "Aggiungi Nuovo Elemento",
    "AddingTag": "Aggiungendo etichetta",
    "AgeWhenGrabbed": "Età (quando recuperato)",
    "Album": "Album",
    "AlbumIsDownloading": "Album in scaricamento",
    "AlbumIsDownloadingInterp": "Album in scaricamento - {0}% {1}",
    "AlbumIsNotMonitored": "Album non monitorato",
    "AlbumStudio": "Studio Album",
    "AllAlbums": "Tutti gli album",
    "Actions": "Azioni",
    "AllAlbumsData": "Monitora tutti gli album tranne quelli speciali",
    "AllowFingerprintingHelpText": "Consenti impronte per migliorare il riconoscimento delle tracce",
    "AllowFingerprintingHelpTextWarning": "Questo richiede che {appName} legga le parti dei file e potrebbe causare un’alta attività del disco e della rete.",
    "AllArtistAlbums": "Tutti gli Artisti degli album",
    "AllExpandedCollapseAll": "Collassa tutto",
    "AllExpandedExpandAll": "Espandi tutto",
    "AllowArtistChangeClickToChangeArtist": "Clicca per cambiare l’artista",
    "AllowFingerprinting": "Consenti impronte",
    "AlreadyInYourLibrary": "Già presente nella tua libreria",
    "AlternateTitles": "Titolo alternativo",
    "AlternateTitleslength1Title": "Titolo",
    "AlternateTitleslength1Titles": "Titoli",
    "Analytics": "Statistiche",
    "Size": " Dimensioni",
    "SkipFreeSpaceCheck": "Salta controllo spazio libero",
    "ApiKeyHelpTextWarning": "Richiede il riavvio per avere effetti",
    "AppDataDirectory": "Cartella AppData",
    "ApplyTags": "Applica Etichette",
    "ApplyTagsHelpTextReplace": "Sostituire: Sostituisce le etichette con quelle inserite (non inserire nessuna etichette per eliminarle tutte)",
    "ArtistAlbumClickToChangeTrack": "Clicca per cambiare film",
    "Authentication": "Autenticazione",
    "AuthenticationMethodHelpText": "Inserisci Username e Password per accedere a {appName}",
    "AutoRedownloadFailedHelpText": "Ricerca automatica e tentativo di scaricare un'altra versione",
    "BackupFolderHelpText": "I percorsi relativi saranno nella cartella AppData di {appName}",
    "BackupNow": "Esegui backup ora",
    "BackupRetentionHelpText": "I backup più vecchi del periodo specificato saranno cancellati automaticamente",
    "Backups": "Backups",
    "BindAddress": "Indirizzo di Ascolto",
    "BindAddressHelpText": "Indirizzi IP validi, localhost o '*' per tutte le interfacce",
    "BindAddressHelpTextWarning": "Richiede il riavvio per avere effetti",
    "Blocklist": "Lista dei Blocchi",
    "BlocklistRelease": "Release in blacklist",
    "Branch": "Ramo",
    "BypassProxyForLocalAddresses": "Evita il Proxy per gli indirizzi locali",
    "CancelPendingTask": "Sei sicuro di voler cancellare questa operazione in sospeso?",
    "CertificateValidation": "Convalida del Certificato",
    "CertificateValidationHelpText": "Cambia quanto rigorosamente vengono validati i certificati HTTPS. Non cambiare senza conoscerne i rischi.",
    "ChangeFileDate": "Cambiare la Data del File",
    "ChangeHasNotBeenSavedYet": "Il cambiamento non è stato ancora salvato",
    "ChmodFolder": "Permessi Cartella",
    "ChmodFolderHelpText": "Octal, applicato durante l'importazione/rinomina verso cartelle e file (senza bits di esecuzione)",
    "ChmodFolderHelpTextWarning": "Funziona solo se l'utente di {appName} è il proprietario del file. E' meglio assicurarsi che il client di download imposti i permessi correttamente.",
    "ChownGroupHelpText": "Nome del gruppo o gid. Usa gid per sistemi di file remoti.",
    "ChownGroupHelpTextWarning": "Funziona solo se l'utente di {appName} è il proprietario del file. E' meglio assicurarsi che il client di download usi lo stesso gruppo di {appName}.",
    "ClickToChangeQuality": "Click per cambiare qualità",
    "ClientPriority": "Priorità Client",
    "CloneIndexer": "Copia Indicizzatore",
    "CloneProfile": "Copia Profilo",
    "Columns": "Colonne",
    "CompletedDownloadHandling": "Gestione dei Download Completati",
    "Component": "Componente",
    "Connections": "Connessioni",
    "ConnectSettings": "Impostazioni Collegamento",
    "CopyUsingHardlinksHelpText": "Utilizzare gli Hardlink quando si cerca di copiare file da un torrent che è ancora in fase di seeding",
    "CopyUsingHardlinksHelpTextWarning": "Occasionalmente, i blocchi dei file possono impedire la ridenominazione dei file in fase di seeding. È possibile disattivare temporaneamente il seeding e utilizzare la funzione di rinomina di {appName} per evitare il problema.",
    "CreateEmptyArtistFolders": "Crea le cartelle dei film se non esistono",
    "CreateEmptyArtistFoldersHelpText": "Crea le cartelle dei film mancanti durante la scansione del disco",
    "CreateGroup": "Crea gruppo",
    "CutoffHelpText": "Una volta raggiunta questa qualità, {appName} non scaricherà più film",
    "CutoffUnmet": "Soglia Non Raggiunta",
    "Dates": "Date",
    "DatabaseMigration": "Migrazione del DataBase",
    "DelayProfile": "Profili di Ritardo",
    "DelayProfiles": "Profili di Ritardo",
    "Delete": "Cancella",
    "DeleteBackup": "Cancella Backup",
    "DeleteBackupMessageText": "Sei sicuro di voler eliminare il backup '{name}'?",
    "DeleteDelayProfile": "Cancellare il profilo di ritardo",
    "DeleteDelayProfileMessageText": "Sei sicuro di voler cancellare questo profilo di ritardo?",
    "DeleteDownloadClient": "Cancella Client di Download",
    "DeleteDownloadClientMessageText": "Sei sicuro di voler eliminare il client di download '{name}'?",
    "DeleteEmptyFolders": "Cancellare le cartelle vuote",
    "DeleteImportListExclusion": "Cancellare la lista delle esclusioni",
    "DeleteImportListExclusionMessageText": "Sei sicuro di voler cancellare questa lista di esclusioni delle importazioni?",
    "DeleteImportListMessageText": "Sei sicuro di voler eliminare la lista '{name}'?",
    "DeleteIndexer": "Cancella Indicizzatore",
    "DeleteIndexerMessageText": "Sei sicuro di voler eliminare l'indicizzatore '{name}'?",
    "DeleteMetadataProfileMessageText": "Sicuro di voler cancellare il profilo di qualità {0}",
    "DeleteNotification": "Cancella Notifica",
    "DeleteNotificationMessageText": "Sei sicuro di voler eliminare la notifica '{name}'?",
    "DeleteQualityProfile": "Cancellare il profilo di qualità",
    "DeleteQualityProfileMessageText": "Sicuro di voler cancellare il profilo di qualità {0}",
    "DeleteReleaseProfile": "Cancellare il profilo di ritardo",
    "DeleteReleaseProfileMessageText": "Sei sicuro di voler cancellare questo profilo di ritardo?",
    "DeleteRootFolderMessageText": "Sei sicuro di voler eliminare l'indexer '{0}'?",
    "DeleteSelectedTrackFiles": "Cancellare i film selezionati",
    "DeleteSelectedTrackFilesMessageText": "Sei sicuro di voler eliminare i file del film selezionato?",
    "DeleteTag": "Cancella Tag",
    "DeleteTagMessageText": "Sei sicuro di voler eliminare il tag '{0}'?",
    "DestinationPath": "Percorso di destinazione",
    "DetailedProgressBar": "Barra di avanzamento dettagliata",
    "DetailedProgressBarHelpText": "Mostra testo sulla barra di avanzamento",
    "DiskSpace": "Spazio su Disco",
    "Docker": "Docker",
    "DownloadClient": "Client Download",
    "DownloadClients": "Client Download",
    "DownloadClientSettings": "Impostazioni del client di download",
    "DownloadFailedCheckDownloadClientForMoreDetails": "Download fallito: controllare il client di download per maggiori dettagli",
    "DownloadFailedInterp": "Download fallito: {0}",
    "Downloading": "Scaricando",
    "DownloadPropersAndRepacksHelpTexts1": "Aggiornare o meno automaticamente a Proper/Repack",
    "DownloadWarningCheckDownloadClientForMoreDetails": "Problema di download: controllare il client di download per maggiori dettagli",
    "Edit": "Modifica",
    "Enable": "Abilita",
    "EnableAutomaticAdd": "Attiva l'aggiunta automatica",
    "EnableAutomaticSearch": "Attiva la Ricerca Automatica",
    "EnableColorImpairedMode": "Abilità la modalità a colori alternati",
    "EnableColorImpairedModeHelpText": "Stile alterato per permettere agli utenti daltonici di distinguere meglio le informazioni con colori codificati",
    "EnableCompletedDownloadHandlingHelpText": "Importa automaticamente i download completati dai client di download",
    "EnableHelpText": "Abilita la creazione del file di metadati per questo tipo di metadati",
    "EnableInteractiveSearch": "Abilita la Ricerca Interattiva",
    "EnableRSS": "Abilita RSS",
    "EnableSSL": "Abilita SSL",
    "EnableSslHelpText": " Richiede il riavvio come amministratore per avere effetto",
    "Ended": "Finito",
    "ErrorLoadingContents": "Errore nel caricare i contenuti",
    "ErrorLoadingPreviews": "Errore nel caricare le anteprime",
    "Exception": "Eccezione",
    "FileDateHelpText": "Modifica la data dei file in importazione/rescan",
    "FileManagement": "Gestione dei File",
    "Filename": "Nome del File",
    "FileNames": "Nomi file",
    "Files": "File",
    "FirstDayOfWeek": "Primo giorno della settimana",
    "Fixed": "Fissato",
    "Folder": "Cartella",
    "Folders": "Cartelle",
    "ForMoreInformationOnTheIndividualDownloadClientsClickOnTheInfoButtons": "Per maggiori informazioni sui singoli Indexer clicca sul pulsante info.",
    "ForMoreInformationOnTheIndividualIndexersClickOnTheInfoButtons": "Per maggiori informazioni sui singoli Indexer clicca sul pulsante info.",
    "ForMoreInformationOnTheIndividualListsClickOnTheInfoButtons": "Per maggiori informazioni sui singoli Indexer clicca sul pulsante info.",
    "GeneralSettings": "Impostazioni Generali",
    "Global": "Globale",
    "GoToInterp": "Vai a {0}",
    "Grab": "Preleva",
    "GrabRelease": "Preleva Release",
    "GrabSelected": "Recupera selezione",
    "Group": "Gruppo",
    "HasPendingChangesNoChanges": "Nessuna Modifica",
    "HasPendingChangesSaveChanges": "Salva Modifiche",
    "History": "Storia",
    "Host": "Host",
    "HostHelpText": "Lo stesso host specificato per il client di download remoto",
    "Hostname": "Hostname",
    "ICalFeed": "Feed iCal",
    "ICalHttpUrlHelpText": "Copia questo URL sul tuo client o clicca per sottoscrivere se il tuo browser supporta Webcal",
    "ICalLink": "Link iCal",
    "IconForCutoffUnmet": "L'icona per il taglio non è soddisfatta",
    "IgnoredHelpText": "Questa release sarà respinta se contiene uno o più di questi termini (Sensibile al maiuscolo)",
    "IgnoredPlaceHolder": "Aggiungi una nuova restrizione",
    "IllRestartLater": "Riavvierò più tardi",
    "ImportedTo": "Importato verso",
    "ImportExtraFiles": "Importa file Extra",
    "ImportExtraFilesHelpText": "Importa file Extra corrispondenti (sottotitoli, nfo, ecc) dopo aver importato un film",
    "ImportFailedInterp": "Importazione fallita: {0}",
    "Importing": "Importazione",
    "IncludeUnknownArtistItemsHelpText": "Mostra le voci senza un film nella coda. Ciò potrebbe include film spostati o altro nelle categorie di {appName}",
    "IncludeUnmonitored": "Includi non Monitorati",
    "Indexer": "Indicizzatore",
    "IndexerPriority": "Priorità dell'indexer",
    "Indexers": "Indexer",
    "IndexerSettings": "Impostazioni dell'Indexer",
    "InteractiveSearch": "Ricerca interattiva",
    "Interval": "Intervallo",
    "IsCutoffCutoff": "Taglio",
    "IsCutoffUpgradeUntilThisQualityIsMetOrExceeded": "Aggiorna finchè questa qualità non è raggiunta o superata",
    "IsTagUsedCannotBeDeletedWhileInUse": "Non può essere cancellato mentre è in uso",
    "Label": "Etichetta",
    "LaunchBrowserHelpText": " Apri un browser e vai all'homepage di {appName} all'avvio dell'app.",
    "Level": "Livello",
    "LidarrSupportsAnyDownloadClientThatUsesTheNewznabStandardAsWellAsOtherDownloadClientsListedBelow": "{appName} supporta qualunque client di download che usi gli standard Newznab, cosi come gli altri client sotto.",
    "LidarrSupportsAnyIndexerThatUsesTheNewznabStandardAsWellAsOtherIndexersListedBelow": "{appName} supporta qualunque indexer che usi gli standard Newznab, cosi come gli altri Indexer sotto.",
    "LidarrTags": "Tag di {appName}",
    "Local": "Locale",
    "LocalPath": "Percorso locale",
    "LocalPathHelpText": "Percorso che {appName} dovrebbe usare per accedere localmente al percorso remoto",
    "LogFiles": "File di Log",
    "Logging": "Logging",
    "LogLevel": "Livello di Log",
    "LogLevelvalueTraceTraceLoggingShouldOnlyBeEnabledTemporarily": "Il Trace Log dovrebbe essere abilitato solo temporaneamente",
    "Logs": "Logs",
    "LongDateFormat": "Formato Data Lungo",
    "MaintenanceRelease": "Release di Manutenzione",
    "ManualImport": "Import Manuale",
    "MarkAsFailed": "Segna come fallito",
    "MarkAsFailedMessageText": "Sei sicuro di voler segnare '{0}' come fallito?",
    "MaximumLimits": "Limiti massimi",
    "MaximumSize": "Dimensione massima",
    "MaximumSizeHelpText": "La dimensione massima in MB di una release affinchè sia presa, imposta zero per illimitata",
    "Mechanism": "Meccanismo",
    "MediaInfo": "Info Media",
    "MediaManagementSettings": "Impostazione gestione Media",
    "Medium": "medio",
    "Message": "Messaggio",
    "MetadataSettings": "Impostazioni Metadati",
    "MIA": "MIA",
    "MinimumAge": "Età minima",
    "MinimumAgeHelpText": "Solo Usenet: Età minima in minuti di NZB prima di essere prelevati. Usalo per dare tempo alle nuove release di propagarsi al vostro provider usenet.",
    "MinimumFreeSpace": "Spazio libero minimo",
    "MinimumFreeSpaceWhenImportingHelpText": "Previeni l'importazione se resterebbe uno spazio libero inferiore a questo",
    "MinimumLimits": "Limiti minimi",
    "Missing": "Mancante",
    "Mode": "Modo",
    "Monitored": "Monitorato",
    "MoreInfo": "Maggiori Info",
    "MustContain": "Deve contenere",
    "MustNotContain": "Non deve contenere",
    "Name": "Nome",
    "NamingSettings": "Impostazioni di denominazione",
    "New": "Nuovo",
    "NoBackupsAreAvailable": "Nessun Backup disponibile",
    "NoHistory": "Nessuna Storia",
    "NoLeaveIt": "No, lascialo",
    "NoLogFiles": "Nessun file di log",
    "None": "Nessuna",
    "NotificationTriggers": "Selettori di notifica",
    "NoUpdatesAreAvailable": "Nessun aggiornamento disponibile",
    "Path": "Percorso",
    "Permissions": "Permessi",
    "Port": "Porta",
    "PortNumber": "Numero di porta",
    "PosterSize": "Dimensione del poster",
    "PreviewRename": "Anteprima Rinomina",
    "Profiles": "Profili",
    "Proper": "Proper",
    "PropersAndRepacks": "Propers e Repack",
    "Protocol": "Protocollo",
    "ProtocolHelpText": "Scegli che protocollo(i) usare e quale è preferito quando si deve scegliere tra release altrimenti uguali",
    "Proxy": "Proxy",
    "ProxyBypassFilterHelpText": "Usa ',' come separatore, e '*.' come jolly per i sottodomini",
    "ProxyPasswordHelpText": "Devi inserire nome utente e password solo se richiesto. Altrimenti lascia vuoto.",
    "ProxyType": "Tipo di proxy",
    "ProxyUsernameHelpText": "Devi inserire nome utente e password solo se richiesto. Altrimenti lascia vuoto.",
    "PublishedDate": "Data di pubblicazione",
    "Quality": "Qualità",
    "QualityDefinitions": "Definizioni delle Qualità",
    "QualityProfile": "Profilo di Qualità",
    "QualityProfiles": "Profili di Qualità",
    "QualitySettings": "Impostazione di Qualità",
    "Queue": "Coda",
    "ReadTheWikiForMoreInformation": "Leggi le Wiki per maggiori informazioni",
    "Real": "Reale",
    "Reason": "Ragione",
    "RecycleBinCleanupDaysHelpText": "Imposta a 0 per disabilitare la pulizia automatica",
    "RecycleBinCleanupDaysHelpTextWarning": "I file nel cestino più vecchi del numero selezionato di giorni saranno eliminati automaticamente",
    "RecycleBinHelpText": "I file dei film andranno qui quando cancellati invece che venire eliminati definitivamente",
    "RecyclingBin": "Cestino",
    "RecyclingBinCleanup": "Pulizia del cestino",
    "Redownload": "Riscarica",
    "Refresh": "Aggiorna",
    "RefreshInformationAndScanDisk": "Aggiorna le informazioni e scansiona il disco",
    "RefreshScan": "Aggiorna e Scansiona",
    "ReleaseDate": "Date di rilascio",
    "ReleaseGroup": "Gruppo Release",
    "ReleaseRejected": "Release rifiutata",
    "ReleaseStatuses": "Stato Release",
    "ReleaseWillBeProcessedInterp": "La release sarà processata {0}",
    "Reload": "Ricarica",
    "RemotePath": "Percorso remoto",
    "RemotePathHelpText": "Percorso root alla cartella a cui accede il client di download",
    "RemotePathMappings": "Collegamento Percorsi Remoti",
    "Remove": "Rimuovi",
    "RemoveCompletedDownloadsHelpText": "Rimuovi i download importati dalla storia del client di download",
    "RemovedFromTaskQueue": "Rimuovi dalla coda di lavoro",
    "RemoveFailedDownloadsHelpText": "Rimuovi i download falliti dalla storia del client di download",
    "RemoveFilter": "Rimuovi filtro",
    "RemoveFromBlocklist": "Rimuovi della blacklist",
    "RemoveFromDownloadClient": "Rimuovi dal client di download",
    "RemoveFromQueue": "Rimuovi dalla coda",
    "RemoveSelected": "Rimuovi Selezionato",
    "RemoveTagExistingTag": "Tag esistente",
    "RemoveTagRemovingTag": "Sto eliminando il tag",
    "RenameTracksHelpText": "{appName} userà i nomi dei file se rinomina è disabilitato",
    "Reorder": "Riordina",
    "ReplaceIllegalCharacters": "Sostituisci i caratteri non consentiti",
    "ReplaceIllegalCharactersHelpText": "Sostituisci i caratteri non consentiti. Se non selezionato, {appName} invece li rimuoverà",
    "RequiredHelpText": "La liberatoria deve contenere almeno uno di questi termini (senza distinzione tra maiuscole e minuscole)",
    "RequiredPlaceHolder": "Aggiungi una nuova restrizione",
    "RequiresRestartToTakeEffect": "Richiede il riavvio per avere effetti",
    "RescanAfterRefreshHelpText": "Riscansiona la cartella dopo aver ricaricato il film",
    "RescanAfterRefreshHelpTextWarning": "{appName} non identificherà in automatico i cambiamenti ai file quando non impostato a \"Sempre\"",
    "RescanArtistFolderAfterRefresh": "Riscansiona la cartella del Film dopo il refresh",
    "Reset": "Resetta",
    "ResetAPIKey": "Resetta la Chiave API",
    "RetentionHelpText": "Solo Usenet: Imposta a zero per una conservazione illimitata",
    "RetryingDownloadOn": "Riprovando il download {0} a {1}",
    "RootFolder": "Cartella Radice",
    "SSLCertPath": "Percorso Cert SSL",
    "SslCertPathHelpText": "Percorso file pfx",
    "SslCertPathHelpTextWarning": "Richiede il riavvio per avere effetti",
    "SSLPort": "Porta SSL",
    "SslPortHelpTextWarning": "Richiede il riavvio per avere effetti",
    "StandardTrackFormat": "Formato Film Standard",
    "StartTypingOrSelectAPathBelow": "Comincia a digitare o seleziona un percorso sotto",
    "StartupDirectory": "Cartella di avvio",
    "Status": "Stato",
    "Style": "Stile",
    "SuccessMyWorkIsDoneNoFilesToRename": "Successo! Il mio lavoro è finito, nessun file da rinominare.",
    "SuccessMyWorkIsDoneNoFilesToRetag": "Successo! Il mio lavoro è finito, nessun file da rinominare.",
    "SupportsRssvalueRSSIsNotSupportedWithThisIndexer": "RSS non è supportato con questo indexer",
    "SupportsSearchvalueSearchIsNotSupportedWithThisIndexer": "La ricerca non è supportata dal questo indexer",
    "SupportsSearchvalueWillBeUsedWhenAutomaticSearchesArePerformedViaTheUIOrByLidarr": "Sarà usata quando la ricerca automatica è eseguita dalla UI o da {appName}",
    "SupportsSearchvalueWillBeUsedWhenInteractiveSearchIsUsed": "Sarà usata quando la ricerca interattiva è utilizzata",
    "Tags": "Tag",
    "Tasks": "Funzioni",
    "TestAll": "Prova Tutti",
    "TestAllClients": "Testa tutti i client",
    "TestAllIndexers": "Prova tutti gli indicizzatori",
    "TestAllLists": "Testa tutte le liste",
    "ThisWillApplyToAllIndexersPleaseFollowTheRulesSetForthByThem": "Questo verrà applicato a tutti gli indexer, segui le regole impostate da loro",
    "Time": "Orario",
    "TimeFormat": "Formato orario",
    "TorrentDelay": "Ritardo del torrent",
    "TorrentDelayHelpText": "Ritardo in minuti da aspettare prima di prendere un torrent",
    "Torrents": "Torrent",
    "TotalFileSize": "Dimensione totale dei file",
    "Track": "Traccia",
    "UiLanguageHelpText": "Lingua che {appName} userà per la UI",
    "UiLanguageHelpTextWarning": "Richiede il reload del Browser",
    "UiSettings": "Impostazioni UI",
    "UnableToAddANewDownloadClientPleaseTryAgain": "Non riesco ad aggiungere un nuovo client di download, riprova.",
    "UnableToAddANewImportListExclusionPleaseTryAgain": "Non riesco ad aggiungere una nuova lista di esclusione, riprova.",
    "UnableToAddANewIndexerPleaseTryAgain": "Non riesco ad aggiungere un nuovo indexer, riprova.",
    "UnableToAddANewListPleaseTryAgain": "Non riesco ad aggiungere una nuova lista, riprova.",
    "UnableToAddANewMetadataProfilePleaseTryAgain": "Non riesco ad aggiungere un nuovo profilo di qualità, riprova.",
    "UnableToAddANewNotificationPleaseTryAgain": "Non riesco ad aggiungere una nuova notifica, riprova.",
    "UnableToAddANewQualityProfilePleaseTryAgain": "Non riesco ad aggiungere un nuovo profilo di qualità, riprova.",
    "UnableToAddANewRemotePathMappingPleaseTryAgain": "Non riesco ad aggiungere la mappatura di un nuovo percorso remoto, riprova.",
    "UnableToLoadBackups": "Non riesco a caricare i backup",
    "UnableToLoadBlocklist": "Non riesco a caricare la BlackList",
    "UnableToLoadDelayProfiles": "Non riesco a caricare i profili di ritardo",
    "UnableToLoadDownloadClientOptions": "Non riesco a caricare le opzioni del client di download",
    "UnableToLoadGeneralSettings": "Non riesco a caricare le impostazioni generali",
    "UnableToLoadHistory": "Non riesco a caricare la storia",
    "UnableToLoadImportListExclusions": "Non riesco a caricare le liste di esclusione",
    "UnableToLoadIndexerOptions": "Non riesco a caricare le opzioni dell'indexer",
    "UnableToLoadIndexers": "Non riesco a caricare l'indexer",
    "UnableToLoadLists": "Non riesco a caricare le liste",
    "UnableToLoadMediaManagementSettings": "Non riesco a caricare le impostazioni di Gestione dei Media",
    "UnableToLoadMetadata": "Non riesco a caricare i metadati",
    "UnableToLoadMetadataProfiles": "Non riesco a caricare i profili di ritardo",
    "UnableToLoadNamingSettings": "Non riesco a caricare le impostazioni di denominazione",
    "UnableToLoadNotifications": "Non riesco a caricare le notifiche",
    "UnableToLoadQualities": "Non riesco a caricare le qualità",
    "UnableToLoadQualityDefinitions": "Non riesco a caricare le definizioni della qualità",
    "UnableToLoadQualityProfiles": "Non riesco a caricare i profili della qualità",
    "UnableToLoadReleaseProfiles": "Non riesco a caricare i profili di ritardo",
    "UnableToLoadRemotePathMappings": "Non riesco a caricare le mappature del percorso remoto",
    "UnableToLoadRootFolders": "Non riesco a caricare la cartella root",
    "UnableToLoadTheCalendar": "Non riesco a caricare il calendario",
    "UnableToLoadUISettings": "Non riesco a caricare le impostazioni della UI",
    "Ungroup": "Separa",
    "Unmonitored": "Non Seguito",
    "UnmonitoredHelpText": "Includi i film non monitorati nei feed di iCal",
    "UpdateAll": "Aggiorna Tutto",
    "UpdateAutomaticallyHelpText": "Download e installazione automatica degli aggiornamenti. Sarai comunque in grado in installarli dal menu Sistema: Aggiornamenti",
    "UpdateMechanismHelpText": "Usa il sistema di aggiornamento interno di {appName} o uno script",
    "Updates": "Aggiornamenti",
    "UpdateScriptPathHelpText": "Percorso verso uno script che prende un pacchetto di aggiornamento estratto e gestisce il resto del processo di aggiornamento",
    "UpgradeAllowedHelpText": "Se disabilitato la qualità non verrà incrementata",
    "Uptime": "Tempo di attività",
    "URLBase": "URL di Base",
    "UrlBaseHelpText": "Per il supporto al reverse proxy, di default è vuoto",
    "UrlBaseHelpTextWarning": "Richiede il riavvio per avere effetti",
    "UseHardlinksInsteadOfCopy": "Usa Hardlink invece che copiare",
    "UsenetDelay": "Ritardo della Usenet",
    "UsenetDelayHelpText": "Minuti di attesa prima di prendere una release da Usenet",
    "UseProxy": "Usa Proxy",
    "Username": "Nome utente",
    "UsingExternalUpdateMechanismBranchToUseToUpdateLidarr": "Branch da utilizzare per aggiornare {appName}",
    "UsingExternalUpdateMechanismBranchUsedByExternalUpdateMechanism": "Branch utilizzato dal sistema di aggiornamento esterno",
    "Version": "Versione",
    "WeekColumnHeader": "Intestazione colonna settimana",
    "Year": "Anno",
    "YesCancel": "Si, annulla",
    "About": "Info",
    "AnalyticsEnabledHelpText": "Inviare informazioni anonime sull'utilizzo e sugli errori ai server di {appName}. Ciò include informazioni sul tuo browser, quali pagine dell'interfaccia di {appName} usi, la segnalazione di errori così come la versione del sistema operativo e del runtime. Utilizzeremo queste informazioni per dare priorità alle nuove funzioni e alle correzioni di bug.",
    "AnalyticsEnabledHelpTextWarning": "Richiede il riavvio per avere effetti",
    "Automatic": "Automatico",
    "DelayingDownloadUntil": "Ritardare il download fino al {0} a {1}",
    "Scheduled": "In Programma",
    "ScriptPath": "Percorso dello script",
    "Search": "Cerca",
    "SearchAll": "Cerca Tutto",
    "SearchForMissing": "Cerca i film mancanti",
    "SearchSelected": "Cerca il film selezionato",
    "Security": "Sicurezza",
    "SendAnonymousUsageData": "Invia dati sull'uso anonimamente",
    "SetPermissions": "Imposta permessi",
    "SetPermissionsLinuxHelpText": "Eseguire chmod quando i file sono importati/rinominati?",
    "SetPermissionsLinuxHelpTextWarning": "Se non sei sicuro di cosa facciano queste impostazioni, non cambiarle.",
    "Settings": "Impostazioni",
    "ShortDateFormat": "Formato Data Corto",
    "ShowCutoffUnmetIconHelpText": "Mostra l'icona dei file quando il taglio non è stato raggiunto",
    "ShowDateAdded": "Mostra data di aggiunta",
    "ShowMonitored": "Mostra i monitorati",
    "ShowMonitoredHelpText": "Mostra lo stato Monitorato sotto il poster",
    "SorryThatArtistCannotBeFound": "Mi spiace, impossibile trovare il film.",
    "Source": "Fonte",
    "SourcePath": "Percorso origine",
    "Calendar": "Calendario",
    "CalendarWeekColumnHeaderHelpText": "Mostra sopra ogni colonna quando la settimana è la vista attiva",
    "Cancel": "Annulla",
    "Clear": "Cancella",
    "ExpandAlbumByDefaultHelpText": "Album",
    "IgnoredAddresses": "Indirizzi ignorati",
    "NETCore": ".NET",
    "OpenBrowserOnStart": "Apri il browser all'avvio",
    "Options": "Opzioni",
    "Original": "Originale",
    "PackageVersion": "Versione del pacchetto",
    "PageSize": "Dimensione Pagina",
    "PageSizeHelpText": "Numero di voci da mostrare in ogni pagina",
    "Password": "Password",
    "ResetAPIKeyMessageText": "Sei sicuro di voler reimpostare la tua chiave API?",
    "Restart": "Riavvia",
    "RestartLidarr": "Riavvia {appName}",
    "RestartNow": "Riavvia adesso",
    "Restore": "Ripristina",
    "RestoreBackup": "Ripristina Backup",
    "Result": "Risultato",
    "Retention": "Memorizzazione",
    "RootFolders": "Cartelle Radice",
    "RSSSync": "Sync RSS",
    "RSSSyncInterval": "Intervallo di Sync RSS",
    "RssSyncIntervalHelpText": "Intervallo in minuti. Imposta zero per disabilitarlo (ciò fermerà il recupero automatico di tutte le release)",
    "ShownAboveEachColumnWhenWeekIsTheActiveView": "Mostra sopra ogni colonna quando la settimana è la vista attiva",
    "ShowPath": "Mostra percorso",
    "ShowQualityProfile": "Mostra Profilo Qualità",
    "ShowQualityProfileHelpText": "Mostra profilo qualità sotto il poster",
    "ShowRelativeDates": "Mostra date relative",
    "ShowRelativeDatesHelpText": "Mostra date relative (Oggi/Ieri/ecc) o assolute",
    "ShowSearch": "Mostra ricerca",
    "ShowSearchActionHelpText": "Mostra pulsante ricerca al passaggio",
    "ShowSizeOnDisk": "Mostra spazio su disco",
    "ShowUnknownArtistItems": "Mostra film sconosciuti",
    "SSLCertPassword": "Password Cert SSL",
    "SslCertPasswordHelpText": "Password del file pfx",
    "SslCertPasswordHelpTextWarning": "Richiede il riavvio per avere effetti",
    "TagIsNotUsedAndCanBeDeleted": "Il tag non è usato e può essere eliminato",
    "Type": "Tipo",
    "Tracks": "Traccia",
    "UnableToAddANewRootFolderPleaseTryAgain": "Non riesco ad aggiungere un nuovo formato personalizzato, riprova.",
    "UnableToLoadDownloadClients": "Non riesco a caricare i client di download",
    "UnableToLoadTags": "Non riesco a caricare i tag",
    "Usenet": "Usenet",
    "SorryThatAlbumCannotBeFound": "Mi spiace, impossibile trovare il film.",
    "ArtistClickToChangeAlbum": "Fare clic per modificare l'album",
    "Artist": "Artista",
    "Artists": "Artisti",
    "AutomaticallySwitchRelease": "Cambia automaticamente la release",
    "BackupIntervalHelpText": "Intervallo per eseguire il backup del DB {appName} e delle impostazioni",
    "RemoveCompleted": "Rimuovi completati",
    "RemoveFailed": "Rimozione fallita",
    "RemoveDownloadsAlert": "Le impostazioni per la rimozione sono stati spostati nelle impostazioni individuali dei Client di Download nella tabella sopra.",
    "OnApplicationUpdate": "All'aggiornamento dell'applicazione",
    "OnGrab": "Quando viene prelevato",
    "OnHealthIssue": "Quando c'è un problema",
    "OnRename": "Durante la rinomina",
    "OnUpgrade": "In aggiornamento",
    "UserAgentProvidedByTheAppThatCalledTheAPI": "User-Agent esposto dalla app che ha chiamato la API",
    "WriteMetadataToAudioFiles": "Scrivi i Metadati sui File Audio",
    "AddedArtistSettings": "Impostazioni dell'autore aggiunte",
    "DeleteTrackFileMessageText": "Sicuro di voler eliminare {0}?",
    "Duration": "Durata",
    "Season": "Stagione",
    "ArtistFolderFormat": "Formato Cartella Autore",
    "ArtistNameHelpText": "Il nome dell'autore/libro da escludere (può essere qualsiasi cosa significativa)",
    "AnyReleaseOkHelpText": "{appName} cambierà automaticamente all'edizione che meglio si abbina al file scaricato",
    "MetadataProfile": "profilo metadati",
    "MetadataProfiles": "profilo metadati",
    "TrackFileCounttotalTrackCountTracksDownloadedInterp": "{0}/{1} libri scaricati",
    "Activity": "Attività",
    "AddDelayProfile": "Aggiungi Profilo di Ritardo",
    "Added": "Aggiunto",
    "AddIndexer": "Aggiungi Indexer",
    "AddMetadataProfile": "profilo metadati",
    "AddNew": "Aggiungi Nuovo",
    "AddQualityProfile": "Aggiungi un Profilo Qualità",
    "AddRemotePathMapping": "Aggiungi Mappatura di un Percorso Remoto",
    "AddRootFolder": "Aggiungi Cartella Radice",
    "AfterManualRefresh": "Dopo l'aggiornamento manuale",
    "Age": "Età",
    "Albums": "Album",
    "All": "Tutti",
    "AllFiles": "Tutti i File",
    "Always": "Sempre",
    "Apply": "Applica",
    "AudioInfo": "Informazioni Audio",
    "Backup": "Backup",
    "BeforeUpdate": "Prima di aggiornare",
    "Close": "Chiudi",
    "Connect": "Collegamento",
    "Custom": "Personalizzato",
    "CustomFilters": "Filtri Personalizzati",
    "Date": "Data",
    "Deleted": "Cancellato",
    "Details": "Dettagli",
    "DoNotPrefer": "Non Preferire",
    "DoNotUpgradeAutomatically": "Non Aggiornare Automaticamente",
    "DownloadFailed": "Download fallito",
    "EditDelayProfile": "Modifica Profilo di Ritardo",
    "EditImportListExclusion": "Cancellare la lista delle esclusioni",
    "EditQualityProfile": "Modifica Profilo Qualità",
    "EditRemotePathMapping": "Modifica la Mappatura dei Percorsi Remoti",
    "EditRootFolder": "Aggiungi Cartella Radice",
    "Error": "Errore",
    "ErrorRestoringBackup": "Errore durante il ripristino del backup",
    "Events": "Eventi",
    "EventType": "Tipo di Evento",
    "Filters": "Filtri",
    "FreeSpace": "Spazio Libero",
    "General": "Generale",
    "Genres": "Generi",
    "Grabbed": "Preso",
    "HardlinkCopyFiles": "Hardlink/Copia Files",
    "HideAdvanced": "Nascondi Avanzate",
    "Ignored": "Ignorato",
    "Import": "Importa",
    "IndexerTagHelpText": "Usa questo indicizzatore per i film con almeno un tag corrispondente. Lascia in bianco per usarlo con tutti i film.",
    "InstanceNameHelpText": "Nome istanza nella scheda e per il nome dell'app nel Syslog",
    "LastDuration": "Ultima Durata",
    "LastExecution": "Ultima esecuzione",
    "LastUsed": "Ultimo uso",
    "LastWriteTime": "Orario di Ultima Scrittura",
    "Library": "Libreria",
    "Location": "Posizione",
    "Manual": "Manuale",
    "MediaManagement": "Gestione Media",
    "Metadata": "Metadata",
    "MonitoredOnly": "Solo Seguiti",
    "MoveAutomatically": "Sposta Automaticamente",
    "MoveFiles": "Sposta Files",
    "NextExecution": "Prossima esecuzione",
    "NoTagsHaveBeenAddedYet": "Nessuna etichetta è ancora stata aggiunta",
    "Ok": "Ok",
    "OnlyTorrent": "Solo Torrent",
    "OnlyUsenet": "Solo Usenet",
    "Organize": "Organizza",
    "OutputPath": "Percorso di Destinazione",
    "PreferAndUpgrade": "Preferisci e aggiorna",
    "Progress": "Avanzamento",
    "QualityLimitsHelpText": "I limiti vengono regolati automaticamente per la durata del film.",
    "Queued": "In coda",
    "Rating": "Valutazioni",
    "RejectionCount": "Rifiuta il conteggio",
    "ReleaseTitle": "Titolo Release",
    "Renamed": "Rinominato",
    "Replace": "Sostituire",
    "RestartRequiredHelpTextWarning": "Richiede il riavvio per avere effetti",
    "RestoreBackupAdditionalInfo": "Nota: {appName} si riavvierà automaticamente e ricaricherà l'interfaccia utente durante il processo di ripristino.",
    "Save": "Salva",
    "Seeders": "Seeders",
    "Select...": "'Selezionare...",
    "SelectFolder": "Seleziona cartella",
    "SelectQuality": "Seleziona qualità",
    "ShowAdvanced": "Mostra Avanzate",
    "SizeOnDisk": "Dimensione su Disco",
    "SourceTitle": "Titolo Sorgente",
    "System": "Sistema",
    "Test": "Test",
    "TimeLeft": "Tempo Rimanente",
    "Title": "Titolo",
    "TotalSpace": "Spazio Totale",
    "UnmonitoredOnly": "Solo Seguiti",
    "UpgradesAllowed": "Aggiornamenti consentiti",
    "Wanted": "Ricercato",
    "Warn": "Attenzione",
    "WouldYouLikeToRestoreBackup": "Ripristinare il backup {0}?",
    "Add": "Aggiungi",
    "UnmappedFilesOnly": "Solo file non mappati",
    "Donations": "Donazioni",
    "Peers": "Peers",
    "Ui": "Interfaccia",
    "Info": "Info",
    "InstanceName": "Nome Istanza",
    "InteractiveImport": "Importazione interattiva",
    "Presets": "Preset",
    "AddImportListExclusion": "Cancellare la lista delle esclusioni",
    "EditMetadataProfile": "profilo metadati",
    "ImportListExclusions": "Cancellare la lista delle esclusioni",
    "ArtistEditor": "Direttore Artistico",
    "CatalogNumber": "Numero Catalogo",
    "AddConnection": "Aggiungi Connessione",
    "AddReleaseProfile": "Aggiungi un Profilo Release",
    "AlbumRelease": "Pubblicazione Album",
    "AlbumReleaseDate": "Data di Pubblicazione dell'Album",
    "AlbumStatus": "Stato Album",
    "AlbumTitle": "Titolo Album",
    "AlbumType": "Tipo Album",
    "AllMonitoringOptionHelpText": "Monitora gli artisti e tutti gli album di ogni artista incluso della lista importata",
    "ApplicationURL": "URL Applicazione",
    "ApplicationUrlHelpText": "L'URL esterno di questa applicazione, incluso http(s)://, porta e URL base",
    "AreYouSure": "Sei sicuro?",
    "ArtistName": "Nome Artista",
    "ArtistType": "Tipo Artista",
    "CombineWithExistingFiles": "Combina Con i Documenti Esistenti",
    "DeleteArtist": "Cancella gli Artisti Selezionati",
    "DeleteTrackFile": "Cancella la traccia",
    "Disambiguation": "Disambiguazione",
    "Discography": "Discografia",
    "DownloadImported": "Scaricamento Importato",
    "EditArtist": "Modifica Artista",
    "EditMetadata": "Modifica Metadati",
    "EnableProfile": "Abilita Profilo",
    "DiscNumber": "Numero Disco",
    "Database": "Database",
    "EnableAutomaticAddHelpText": "Aggiungi Artista/Album a {appName} quando le sincronizzazione sono completare attraverso l'interfaccia o da {appName}",
    "ChownGroup": "Gruppo chown",
    "Continuing": "In Corso",
    "ContinuingAllTracksDownloaded": "Continuando (Tutte le tracce scaricate)",
    "ContinuingMoreAlbumsAreExpected": "Sono richiesti più Albums",
    "ContinuingNoAdditionalAlbumsAreExpected": "Non sono richiesti più Albums",
    "ContinuingOnly": "Solo In Corso",
    "Country": "Nazione",
    "DateAdded": "Aggiunto in Data",
    "DeleteFilesHelpText": "Cancella le tracce e le cartelle degli artisti",
    "DeleteImportList": "Cancella la lista di importazione",
    "DeleteRootFolder": "Cancella la cartella principale",
    "EndedAllTracksDownloaded": "Finito (tutte le tracce scaricate)",
    "EndedOnly": "Solo Finito",
    "Episode": "Episodio",
    "ExistingAlbums": "Albums esistente",
    "AnchorTooltip": "Questo documento si trova già nella tua libreria per un rilascio che stai attualmente importando",
    "Started": "Iniziato",
    "EditReleaseProfile": "Aggiungi Profilo di Pubblicazione",
    "ThemeHelpText": "Cambia il Tema dell'interfaccia dell’applicazione, il Tema 'Auto' userà il suo Tema di Sistema per impostare la modalità Chiara o Scura. Ispirato da {0}",
    "PreferredProtocol": "Protocollo Preferito",
    "QualitiesHelpText": "Le qualità più in alto nell'elenco sono più preferite. Le qualità all'interno dello stesso gruppo sono uguali. Sono richieste solo qualità controllate",
    "StatusEndedContinuing": "Continuando",
    "DoneEditingGroups": "Finito di modificare i gruppi",
    "EditGroups": "Modifica Gruppi",
    "ChooseImportMethod": "Selezionare Metodo di Importazione",
    "BypassIfHighestQuality": "Aggira se è di Qualità Massima",
    "CustomFormatScore": "Formato Personalizzato Punteggio",
    "MinimumCustomFormatScore": "Punteggio formato personalizzato minimo",
    "ClickToChangeReleaseGroup": "Clicca per cambiare gruppo di rilascio",
    "CloneCustomFormat": "Copia Formato Personalizzato",
    "Conditions": "Condizioni",
    "CopyToClipboard": "Copia negli Appunti",
    "CouldntFindAnyResultsForTerm": "Nessun risultato trovato per '{0}'",
    "CustomFormat": "Formato Personalizzato",
    "CustomFormatRequiredHelpText": "Questa {0} condizione deve soddisfare il formato personalizzato per l'applicazione. Altrimenti una sola {1} corrispondenza è sufficiente.",
    "CustomFormatSettings": "Impostazioni dei Formati Personalizzati",
    "CustomFormats": "Formati Personalizzati",
    "Customformat": "Formati Personalizzati",
    "CutoffFormatScoreHelpText": "Una volta raggiunto questo formato personalizzato, {appName} non scaricherà più i film",
    "DeleteCustomFormat": "Cancella Formato Personalizzato",
    "DeleteCustomFormatMessageText": "Sei sicuro di voler eliminare il formato personalizzato '{name}'?",
    "DeleteFormatMessageText": "Sei sicuro di voler cancellare il formato etichetta {0} ?",
    "DownloadPropersAndRepacksHelpTextWarning": "Usa i formati personalizzati per aggiornare automaticamente ai Proper/Repack",
    "DownloadedUnableToImportCheckLogsForDetails": "Scaricato - Impossibile importare: controlla i log per i dettagli",
    "ExportCustomFormat": "Esporta formato personalizzato",
    "FailedDownloadHandling": "Gestione dei Download Falliti",
    "FailedLoadingSearchResults": "Caricamento dei risultati della ricerca fallito, prova ancora.",
    "IncludeCustomFormatWhenRenamingHelpText": "Includi {Custom Formats} nel formato di rinominazione",
    "ItsEasyToAddANewArtistJustStartTypingTheNameOfTheArtistYouWantToAdd": "È facile aggiungere un nuovo film, inizia semplicemente a scrivere il titolo del film che vuoi aggiungere",
    "MinFormatScoreHelpText": "Punteggio minimo del formato personalizzato abilitato al download",
    "Monitor": "Segui",
    "NegateHelpText": "Se selezionato, il formato personalizzato non verrà applicato a questa {0} condizione.",
    "PreferTorrent": "Preferisci Torrent",
    "PreferUsenet": "Preferisci Usenet",
    "UnableToLoadCustomFormats": "Non riesco a caricare i formati personalizzati",
    "Theme": "Tema",
    "TheArtistFolderStrongpathstrongAndAllOfItsContentWillBeDeleted": "La cartella del film \"{0}\" e tutto il suo contenuto verranno eliminati.",
    "UnableToLoadInteractiveSearch": "Impossibile caricare i risultati per questa ricerca di film. Riprovare più tardi",
    "Formats": "Formati",
    "HiddenClickToShow": "Nascosto, premi per mostrare",
    "ImportListStatusCheckSingleClientMessage": "Liste non disponibili a causa di errori: {0}",
    "ImportMechanismHealthCheckMessage": "Abilita la Gestione dei Download Completati",
    "ProxyCheckResolveIpMessage": "Impossibile risolvere l'indirizzo IP per l'Host Configurato del Proxy {0}",
    "RemotePathMappingCheckWrongOSPath": "Stai utilizzando docker; Il client di download {0} mette i download in {1} ma questo non è un percorso valido {2}. Controlla la mappa dei percorsi remoti e le impostazioni del client di download.",
    "ReplaceWithDash": "Sostituisci con Dash",
    "ReplaceWithSpaceDash": "Sostituisci con Space Dash",
    "ReplaceWithSpaceDashSpace": "Sostituisci con Space Dash Space",
    "ShownClickToHide": "Visibile, clicca per nascondere",
    "RemotePathMappingCheckGenericPermissions": "Il download client {0} mette i files in {1} ma {appName} non può vedere questa directory.  Potrebbe essere necessario aggiustare i permessi della cartella.",
    "RemotePathMappingCheckImportFailed": "{appName} ha fallito nell'importare un film.  Controlla i logs per dettagli.",
    "UpdateCheckStartupNotWritableMessage": "Impossibile installare l'aggiornamento perché l'utente '{1}' non ha i permessi di scrittura per la cartella di avvio '{0}'.",
    "UpdateCheckStartupTranslocationMessage": "Impossibile installare l'aggiornamento perché la cartella '{0}' si trova in una cartella di \"App Translocation\".",
    "UpdateCheckUINotWritableMessage": "Impossibile installare l'aggiornamento perché l'utente '{1}' non ha i permessi di scrittura per la cartella dell'interfaccia '{0}'.",
    "AppDataLocationHealthCheckMessage": "L'aggiornamento non sarà possibile per evitare la cancellazione di AppData durante l'aggiornamento",
    "ColonReplacement": "Sostituzione Due Punti",
    "Disabled": "Disabilitato",
    "DownloadClientRootFolderHealthCheckMessage": "Il client di download {downloadClientName} colloca i download nella cartella radice {rootFolderPath}. Non dovresti scaricare in una cartella radice.",
    "DownloadClientCheckNoneAvailableMessage": "Non è disponibile nessun client di download",
    "DownloadClientCheckUnableToCommunicateMessage": "Impossibile comunicare con {0}.",
    "DownloadClientStatusCheckAllClientMessage": "Nessun client di download è disponibile a causa di errori",
    "DownloadClientStatusCheckSingleClientMessage": "Client per il download non disponibili per errori: {0}",
    "ImportListStatusCheckAllClientMessage": "Tutte le liste non sono disponibili a causa di errori",
    "IndexerLongTermStatusCheckAllClientMessage": "Nessun Indicizzatore è disponibile da più di 6 ore a causa di errori",
    "IndexerLongTermStatusCheckSingleClientMessage": "Alcuni Indicizzatori non sono disponibili da più di 6 ore a causa di errori: {0}",
    "IndexerRssHealthCheckNoAvailableIndexers": "Tutti gli indexer RSS sono momentaneamente disabilitati a causa di errori",
    "IndexerRssHealthCheckNoIndexers": "Non è disponibile nessun indexer con la sincronizzazione RSS attiva, {appName} non recupererà nuove release automaticamente",
    "IndexerSearchCheckNoAutomaticMessage": "Non è disponibile nessun indexer con abilitata la Ricerca Automatica, {appName} non fornirà nessun risultato tramite la ricerca automatica",
    "IndexerSearchCheckNoAvailableIndexersMessage": "Tutti gli indexer abilitati alla ricerca sono momentaneamente non disponibili a causa di errori",
    "IndexerSearchCheckNoInteractiveMessage": "Non è disponibile nessun indexer con abilitata la Ricerca Interattiva, {appName} non fornirà nessun risultato tramite la ricerca interattiva",
    "IndexerStatusCheckAllClientMessage": "Nessun Indicizzatore disponibile a causa di errori",
    "IndexerStatusCheckSingleClientMessage": "Indicizzatori non disponibili a causa di errori: {0}",
    "MountArtistHealthCheckMessage": "La destinazione contenente il percorso di un film è montata in sola lettura: ",
    "ProxyCheckFailedToTestMessage": "Test del proxy fallito: {0}",
    "ProxyCheckBadRequestMessage": "Il test del proxy è fallito. Codice Stato: {0}",
    "RemotePathMappingCheckBadDockerPath": "Stai utilizzando docker; Il client di download {0} mette i download in {1} ma questo non è un percorso valido {2}. Controlla la mappa dei percorsi remoti e le impostazioni del client di download.",
    "RemotePathMappingCheckDockerFolderMissing": "Stai utilizzando docker; il download client {0} riporta files in {1} ma questa directory non sembra esistere nel contenitore.  Controlla la mappa dei percorsi remoti e le impostazioni dei volumi del container.",
    "RemotePathMappingCheckDownloadPermissions": "{appName} può vedere ma non accedere al film scaricato {0}.  Probabilmente per un errore nei permessi.",
    "RemotePathMappingCheckFilesBadDockerPath": "Stai utilizzando docker; Il client di download {0} riporta files in {1} ma questo non è un percorso valido {2}. Controlla la mappa dei percorsi remoti e le impostazioni del client di download.",
    "RemotePathMappingCheckFilesGenericPermissions": "Il download client {0} riporta files in {1} ma {appName} non può vedere questa directory.  Potrebbe essere necessario aggiustare i permessi della cartella.",
    "RemotePathMappingCheckFilesWrongOSPath": "Stai utilizzando docker; Il client di download {0} riporta files in {1} ma questo non è un percorso valido {2}. Controlla la mappa dei percorsi remoti e le impostazioni del client di download.",
    "RemotePathMappingCheckFolderPermissions": "{appName} può vedere ma non accedere alla directory {0}.  Probabilmente per un errore nei permessi.",
    "RootFolderCheckMultipleMessage": "Ci sono più cartelle radice mancanti: {0}",
    "RootFolderCheckSingleMessage": "Cartella radice mancante: {0}",
    "SystemTimeCheckMessage": "L'orario di sistema è sbagliato di più di un giorno. Le attività pianificate potrebbero non essere eseguite correttamente fino alla correzione",
    "UpdateAvailableHealthCheckMessage": "É disponibile un nuovo aggiornamento",
    "DeleteRemotePathMapping": "Elimina la Mappatura dei Percorsi Remoti",
    "BlocklistReleaseHelpText": "Impedisci a {appName} di re-acquisire automaticamente questa versione",
    "FailedToLoadQueue": "Impossibile caricare la coda",
    "BlocklistReleases": "Blocca questa Release",
    "DeleteConditionMessageText": "Sei sicuro di voler eliminare l'etichetta '{0}'?",
    "Negated": "Negato",
    "RemoveSelectedItems": "Rimuovi elementi selezionati",
    "Required": "necessario",
    "CountIndexersSelected": "{selectedCount} indicizzatori selezionati",
    "DeleteSelectedDownloadClients": "Cancella i Client di Download Selezionati",
    "DeleteSelectedImportLists": "Cancella la lista di importazione",
    "DeleteSelectedIndexers": "Cancella Indexer",
    "ExistingTag": "Etichetta esistente",
    "No": "No",
    "NoChange": "Nessuna Modifica",
    "RemovingTag": "Sto eliminando il tag",
    "SetTags": "Imposta Etichette",
    "DownloadClientSortingCheckMessage": "Il client di download {0} ha l'ordinamento {1} abilitato per la categoria di {appName}. Dovresti disabilitare l'ordinamento nel tuo client di download per evitare problemi di importazione.",
    "QueueIsEmpty": "La coda è vuota",
    "RemoveSelectedItem": "Rimuovi elemento selezionato",
    "NoEventsFound": "Nessun evento trovato",
    "ApplyTagsHelpTextAdd": "Aggiungi: Aggiunge le etichette alla lista esistente di etichette",
    "ApplyTagsHelpTextRemove": "Rimuovi: Rimuove le etichette inserite",
    "DownloadClientTagHelpText": "Usa questo indicizzatore per i film con almeno un tag corrispondente. Lascia in bianco per usarlo con tutti i film.",
    "Yes": "Si",
    "RemoveSelectedItemQueueMessageText": "Sei sicuro di voler rimuovere {0} dalla coda?",
    "RemoveSelectedItemsQueueMessageText": "Sei sicuro di voler rimuovere {0} dalla coda?",
    "DeleteSelectedDownloadClientsMessageText": "Sei sicuro di voler eliminare l'indexer '{0}'?",
    "DeleteSelectedImportListsMessageText": "Sei sicuro di voler eliminare l'indexer '{0}'?",
    "DeleteSelectedIndexersMessageText": "Sei sicuro di voler eliminare l'indexer '{0}'?",
    "ApplyTagsHelpTextHowToApplyArtists": "Come applicare etichette agli indicizzatori selezionati",
    "ApplyTagsHelpTextHowToApplyDownloadClients": "Come applicare etichette ai client di download selezionati",
    "ApplyTagsHelpTextHowToApplyImportLists": "Come applicare etichette alle liste di importazione selezionate",
    "ApplyTagsHelpTextHowToApplyIndexers": "Come applicare etichette agli indicizzatori selezionati",
    "SomeResultsAreHiddenByTheAppliedFilter": "Tutti i risultati sono nascosti dai filtri applicati",
    "SuggestTranslationChange": "Suggerisci un cambio nella traduzione",
    "UpdateSelected": "Aggiorna i Film Selezionati",
    "AllResultsAreHiddenByTheAppliedFilter": "Tutti i risultati sono nascosti dal filtro applicato",
    "NoResultsFound": "nessun risultato trovato",
    "AutoAdd": "Aggiungi Automaticamente",
    "AutomaticAdd": "Aggiungi Automaticamente",
    "ApplyChanges": "Applica Cambiamenti",
    "ApiKeyValidationHealthCheckMessage": "Aggiorna la tua chiave API in modo che abbia una lunghezza di almeno {0} caratteri. Puoi farlo dalle impostazioni o dal file di configurazione",
    "NotificationStatusAllClientHealthCheckMessage": "Tutte le applicazioni non sono disponibili a causa di errori",
    "ImportListRootFolderMissingRootHealthCheckMessage": "Persa la cartella principale per l’importazione delle liste : {0}",
    "ImportListRootFolderMultipleMissingRootsHealthCheckMessage": "Diverse cartelle principale sono perse per l’importazione: {0}",
    "ConnectionLost": "Connessione Persa",
    "ConnectionLostReconnect": "Radarr cercherà di connettersi automaticamente, oppure clicca su ricarica qui sotto.",
    "RecentChanges": "Cambiamenti recenti",
    "WhatsNew": "Cosa c'è di nuovo?",
    "ConnectionLostToBackend": "Radarr ha perso la connessione al backend e dovrà essere ricaricato per ripristinare la funzionalità.",
    "Priority": "Priorità",
    "AddNewArtistRootFolderHelpText": "La sottocartella '{0}' verrà creata automaticamente",
    "Enabled": "Abilitato",
    "NotificationStatusSingleClientHealthCheckMessage": "Applicazioni non disponibili a causa di errori: {0}",
    "AddImportList": "Aggiungi lista da importare",
    "AddImportListExclusionArtistHelpText": "Impedire che il film venga aggiunto a {appName} dalle liste",
    "DisabledForLocalAddresses": "Disabilitato per Indirizzi Locali",
    "GrabId": "ID di Prelievo",
    "AddListExclusionHelpText": "Impedire che il film venga aggiunto a {appName} dalle liste",
    "AlbumsLoadError": "Non riesco a caricare i backup",
    "OrganizeSelectedArtists": "Organizza i film selezionati",
    "AuthBasic": "Base (Popup del Browser)",
    "AuthForm": "Form (Pagina di Login)",
    "AuthenticationRequired": "Autenticazione richiesta",
    "AuthenticationRequiredHelpText": "Cambia a quali richieste l'autenticazione verrà chiesta. Non cambiare se non comprendi i rischi.",
    "Auto": "Auto",
    "UpdateFiltered": "Aggiorna Filtrati",
    "AddAutoTagError": "Impossibile aggiungere un nuovo tag automatico, riprova.",
    "AddConditionError": "Non è stato possibile aggiungere una nuova condizione. Riprova.",
    "DeleteSpecification": "Cancella la Notifica",
    "DeleteSpecificationHelpText": "Sei sicuro di voler eliminare la condizione '{name}'?",
    "AddNewArtistSearchForMissingAlbums": "Avvia ricerca film mancanti",
    "Connection": "Connessione",
    "Large": "Grande",
    "Negate": "Negare",
    "RenameFiles": "Rinomina File",
    "AuthenticationRequiredWarning": "Per prevenire accessi remoti non autorizzati, {appName} da ora richiede che l'autenticazione sia abilitata. Opzionalmente puoi disabilitare l'autenticazione per gli indirizzi di rete locali.",
    "BypassIfHighestQualityHelpText": "Evita il ritardo quando la release ha la qualità massima abilitata nel profilo qualità con il protocollo preferito",
    "ConditionUsingRegularExpressions": "Questa condizione si applica usando espressione regolari. Nota che i caratteri {0} hanno significati speciali e devono essere evitati con un {1}",
    "DeleteArtistFolderHelpText": "Elimina la cartella del film e il suo contenuto",
    "DeleteAutoTagHelpText": "Sei sicuro di voler eliminare la condizione '{name}'?",
    "DeleteSelectedArtists": "Cancella gli Artisti Selezionati",
    "Overview": "Panoramica",
    "OverviewOptions": "Opzioni panoramiche",
    "PosterOptions": "Opzioni dei poster",
    "Posters": "Locandine",
    "Small": "Piccolo",
    "Table": "Tabella",
    "AddImportListExclusionAlbumHelpText": "Impedire che il film venga aggiunto a {appName} dalle liste",
    "ExtraFileExtensionsHelpText": "Liste di file Extra da importare separate da virgola (.nfo saranno importate come .nfo-orig)",
    "ExtraFileExtensionsHelpTextsExamples": "Esempi: '.sub, .nfo' or 'sub,nfo'",
    "NoLimitForAnyDuration": "Nessun limite di durata",
    "NoMinimumForAnyDuration": "Nessuna durata minima",
    "PreferredSize": "Dimensione preferita",
    "Unlimited": "Illimitato",
    "CloneCondition": "Duplica Condizione",
    "DeleteArtistFoldersHelpText": "Elimina la cartella del film e il suo contenuto",
    "AddCondition": "Aggiungi Condizione",
    "AppUpdated": "{appName} Aggiornato",
    "Clone": "Copia",
    "EditSelectedDownloadClients": "Modifica i Client di Download Selezionati",
    "EditSelectedImportLists": "Modifica le Liste di Importazione Selezionate",
    "DeleteCondition": "Cancella Condizione",
    "AddConnectionImplementation": "Aggiungi Connessione - {implementationName}",
    "AddConditionImplementation": "Aggiungi Condizione - {implementationName}",
    "AddDownloadClientImplementation": "Aggiungi un Client di Download - {implementationName}",
    "AddIndexerImplementation": "Aggiungi indicizzatore - {implementationName}",
    "AuthenticationMethod": "Metodo di Autenticazione",
    "AuthenticationMethodHelpTextWarning": "Selezione un metodo di autenticazione valido",
    "AuthenticationRequiredPasswordHelpTextWarning": "Inserisci la nuova password",
    "AddAutoTag": "Aggiungi Etichetta Automatica",
    "AutoTagging": "Tagging Automatico",
    "ClearBlocklist": "Svuota Lista dei Blocchi",
    "ClearBlocklistMessageText": "Sicuro di voler cancellare la Lista dei Blocchi?",
    "CloneAutoTag": "Copia Auto Tag",
    "AuthenticationRequiredUsernameHelpTextWarning": "Inserisci username",
    "AuthenticationRequiredPasswordConfirmationHelpTextWarning": "Conferma la nuova password",
    "AddImportListImplementation": "Aggiungi lista di importazione - {implementationName}",
    "AutoRedownloadFailed": "Download fallito",
    "AppUpdatedVersion": "{appName} è stato aggiornato alla versione `{version}`, per vedere le modifiche devi ricaricare {appName}",
    "EditConditionImplementation": "Aggiungi Condizione - {implementationName}",
    "EditConnectionImplementation": "Aggiungi Connessione - {implementationName}",
    "EditDownloadClientImplementation": "Aggiungi un Client di Download - {implementationName}",
    "ImportList": "importa lista",
    "ReleaseProfile": "profilo release",
    "TBA": "TBA",
    "ReleaseProfiles": "profilo release",
    "EditImportListImplementation": "Aggiungi lista di importazione - {implementationName}",
    "EditIndexerImplementation": "Aggiungi indicizzatore - {implementationName}",
    "IncludeHealthWarnings": "Includi gli avvisi di salute",
    "RemoveQueueItemConfirmation": "Sei sicuro di voler rimuovere {0} dalla coda?",
    "DefaultCase": "Caso Predefinito",
    "FileNameTokens": "Token nome file",
    "Lowercase": "Minuscolo",
    "Uppercase": "Maiuscolo",
    "ImportLists": "Liste",
    "MonitoredStatus": "Monitorato / Stato",
    "ConnectSettingsSummary": "Notifiche, collegamenti a server/riproduttori multimediali e script personalizzati",
    "CustomFormatsSettings": "Formati Personalizzati Impostazioni",
    "CustomFormatsSettingsSummary": "Formati Personalizzati Impostazioni",
    "DownloadClientsSettingsSummary": "Client di download, gestione dei download e mappatura dei percorsi remoti",
    "GeneralSettingsSummary": "Porta, SSL, Nome utente/password, proxy, statistiche e aggiornamenti",
    "QualitySettingsSummary": "Dimensioni delle qualità e denominazione",
    "TagsSettingsSummary": "Vedi tutte le etichette e come vengono utilizzate. Le etichette non utilizzate possono essere rimosse",
    "UiSettingsSummary": "Opzioni calendario, data e visione dei colori",
    "ImportListsSettingsSummary": "Liste di Importazione, esclusioni dalle liste",
    "AutomaticSearch": "Ricerca Automatica",
    "ArtistIndexFooterDownloading": "Scaricando",
    "KeyboardShortcuts": "Scorciatoie Tastiera",
    "Links": "Collegamenti",
    "RegularExpressionsCanBeTested": "Le espressioni regolari possono essere testate [qui]({url}).",
    "AddListExclusion": "Aggiungi elenco esclusioni",
    "AddToDownloadQueue": "Aggiungi alla coda di download",
    "AddedToDownloadQueue": "Aggiunto alla coda di download",
    "IndexerFlags": "Flags dell'Indicizzatore",
    "InteractiveSearchModalHeader": "Ricerca interattiva",
    "CustomFilter": "Filtri Personalizzati",
    "FormatAgeMinute": "Minuti",
    "FormatAgeMinutes": "Minuti",
    "AutoTaggingSpecificationTag": "Etichetta",
    "RemotePathMappingCheckLocalWrongOSPath": "Stai utilizzando docker; Il client di download {downloadClientName} mette i download in {path} ma questo non è un percorso valido {osName}. Controlla la mappa dei percorsi remoti e le impostazioni del client di download.",
    "FormatAgeHour": "Ore",
    "FormatAgeHours": "Ore",
    "IndexerPriorityHelpText": "Priorità dell'indexer da 1 (più alto) a 50 (più basso). Default: 25.",
    "Release": " release",
    "MonitorExistingAlbums": "Albums esistente",
    "MonitorAllAlbums": "Tutti gli album",
    "MonitorNoAlbums": "Nessuna",
    "Tomorrow": "Domani",
    "Yesterday": "Ieri",
    "GrabReleaseUnknownArtistOrAlbumMessageText": "{appName} non è stato in grado di determinare a quale film si riferisce questa release. {appName} potrebbe non essere in grado di importarla automaticamente. Vuoi catturare '{0}'?",
    "RemotePathMappingCheckFilesLocalWrongOSPath": "Stai utilizzando docker; Il client di download {downloadClientName} riporta files in {path} ma questo non è un percorso valido {osName}. Controlla la mappa dei percorsi remoti e le impostazioni del client di download.",
    "FormatShortTimeSpanSeconds": "{seconds} secondo/i",
    "NotificationsEmbySettingsSendNotifications": "Invia Notifiche",
    "Period": "Periodo",
    "SearchMonitored": "Ricerca Monitorate",
    "InteractiveSearchModalHeaderTitle": "Ricerca Interattiva - {title}",
    "Loading": "Caricamento",
    "NotificationsKodiSettingsCleanLibraryHelpText": "Pulisci libreria dopo l'aggiornamento",
    "UseSsl": "Usa SSL",
    "PastDays": "Giorni Scorsi",
    "External": "Esterno",
    "IsExpandedHideFileInfo": "Nascondi info file",
    "LabelIsRequired": "Etichetta richiesta",
    "PreferProtocol": "Preferisci {preferredProtocol}",
    "SelectedCountArtistsSelectedInterp": "{selectedCount} autore/i selezionato/i",
    "CountDownloadClientsSelected": "{selectedCount} client di download selezionato/i",
    "SearchForAllMissingAlbums": "Ricerca tutti i film mancanti",
    "NoneData": "Nessun libro sarà monitorato",
    "DeleteSelected": "Elimina Selezionati",
    "Implementation": "Implementazione",
    "SearchForMonitoredAlbums": "Ricerca libri monitorati",
    "DeleteFormat": "Elimina Formato",
    "ManageClients": "Gestisci Clients",
    "EntityName": "Nome Entità",
    "ErrorLoadingContent": "Si è verificato un errore caricando questo contenuto",
    "InvalidUILanguage": "L'interfaccia è impostata in una lingua non valida, correggi e salva le tue impostazioni",
    "IsExpandedShowFileInfo": "Mostra info file",
    "IsShowingMonitoredUnmonitorSelected": "Monitora Selezionati",
    "ManageIndexers": "Gestisci Indicizzatori",
    "ManualDownload": "Download Manuale",
    "MassSearchCancelWarning": "Questo non può essere cancellato una volta avviato senza riavviare {appName} o disattivando tutti i tuoi indicizzatori.",
    "Menu": "Menu",
    "MusicBrainzArtistID": "ID Autore MusicBrainz",
    "MusicbrainzId": "ID MusicBrainz",
    "NotificationsTelegramSettingsIncludeAppName": "Includi {appName} nel Titolo",
    "RemoveCompletedDownloads": "Rimuovi Download Completati",
    "RemoveQueueItemRemovalMethod": "Metodo di Rimozione",
    "SearchForAllCutoffUnmetAlbumsConfirmationCount": "Sei sicuro di volere cercare tutti i {totalRecords} film mancanti?",
    "SearchForAllMissingAlbumsConfirmationCount": "Sei sicuro di volere cercare tutti i {totalRecords} film mancanti?",
    "SizeLimit": "Limite Dimensione",
    "ThereWasAnErrorLoadingThisItem": "Si è verificato un errore caricando questo elemento",
    "Other": "Altri",
    "Total": "Totale",
    "MusicBrainzTrackID": "ID Libro MusicBrainz",
    "FutureDays": "Giorni Futuri",
    "Monitoring": "Monitorando",
    "InfoUrl": "URL Info",
    "BlocklistAndSearch": "Lista dei Blocchi e Ricerca",
    "ChangeCategory": "Cambia Categoria",
    "CustomFormatsSpecificationRegularExpression": "Espressione Regolare",
    "ArtistIsUnmonitored": "Autore non monitorato",
    "DeleteArtistFolderCountConfirmation": "Sei sicuro di voler eliminare {count} applicazione(i) selezionata(e)?",
    "EditSelectedIndexers": "Modifica Indicizzatori Selezionati",
    "ManageLists": "Gestisci Liste",
    "NoIndexersFound": "Nessun indicizzatore trovato",
    "FormatAgeDays": "giorni",
    "FormatAgeDay": "giorno",
    "FormatDateTime": "{formattedDate} {formattedTime}",
    "FormatRuntimeHours": "{hours}h",
    "FormatRuntimeMinutes": "{minutes}m",
    "IsShowingMonitoredMonitorSelected": "Monitora Selezionati",
    "NotificationsKodiSettingsCleanLibrary": "Pulisci Libreria",
    "NotificationsPlexSettingsAuthenticateWithPlexTv": "Autentica con Plex.tv",
    "NotificationsSettingsUpdateLibrary": "Aggiorna Libreria",
    "AutoTaggingNegateHelpText": "Se selezionato, il formato personalizzato non verrà applicato a questa {0} condizione.",
    "RemoveFromDownloadClientHint": "Rimuovi il download e i file dal client di download",
    "Donate": "Dona",
    "RemoveFailedDownloads": "Rimuovi Download Falliti",
    "ThereWasAnErrorLoadingThisPage": "Si è verificato un errore caricando questa pagina",
    "IgnoreDownload": "Ignora Download",
    "IgnoreDownloads": "Ignora Download",
    "IndexerSettingsSeedRatio": "Rapporto Seed",
    "Space": "Spazio",
    "AlbumStudioTruncated": "Solo le ultime 25 stagione sono mostrate, vai ai dettagli per vedere tutte le stagioni",
    "ExpandOtherByDefaultHelpText": "Altri",
    "Never": "Mai",
    "False": "Falso",
    "FormatDateTimeRelative": "{relativeDay}, {formattedDate} {formattedTime}",
    "FormatShortTimeSpanHours": "{hours} ora/e",
    "FormatShortTimeSpanMinutes": "{minutes} minuto/i",
    "FormatTimeSpanDays": "{days}d {time}",
    "ManageDownloadClients": "Gestisci Clients di Download",
    "MonitorNewItemsHelpText": "Quale libri nuovi dovrebbero essere monitorati",
    "NoDownloadClientsFound": "Nessun client di download trovato",
    "NoMissingItems": "Nessun elemento mancante",
    "NotificationsSettingsUseSslHelpText": "Connetti a {serviceName} tramite HTTPS indece di HTTP",
    "Parse": "Analizza",
    "ParseModalErrorParsing": "Errore durante l'analisi, per favore prova di nuovo.",
    "PasswordConfirmation": "Conferma Password",
    "RemoveMultipleFromDownloadClientHint": "Rimuovi i download e i file dal client di download",
    "RemoveQueueItem": "Rimuovi - {sourceTitle}",
    "ResetTitles": "Reimposta Titoli",
    "True": "Vero",
    "CountImportListsSelected": "{selectedCount} autore/i selezionato/i",
    "MassAlbumsCutoffUnmetWarning": "Sei sicuro di volere cercare tutti i {totalRecords} film mancanti?",
    "ArtistIsMonitored": "Autore non monitorato",
    "WithFiles": "Con i File",
    "Any": "Qualunque",
    "BuiltIn": "Incorporato",
    "Script": "Script",
    "DeleteSelectedCustomFormats": "Cancella Formato Personalizzato",
    "IncludeCustomFormatWhenRenaming": "Includi formati personalizzati quando rinomini",
    "DeleteSelectedCustomFormatsMessageText": "Sei sicuro di voler eliminare {count} applicazione(i) selezionata(e)?",
    "FilterAlbumPlaceholder": "Filtra album",
    "CountCustomFormatsSelected": "{count} formati personalizzati selezionati",
    "EditSelectedArtists": "Modifica Artisti Selezionati",
    "FilterArtistPlaceholder": "Filtra artisti",
    "FirstAlbum": "Primo Album",
    "AddNewArtist": "Aggiungi Nuovo Artista",
    "AddNewAlbum": "Aggiungi Nuovo Album",
    "CountAlbums": "{albumCount} album",
    "AlbumDetails": "Dettagli Album",
    "ArtistProgressBarText": "{trackFileCount} / {trackCount} (Totale: {totalTrackCount}, In download: {downloadingCount})",
    "AddAlbumWithTitle": "Aggiungi {albumTitle}",
    "AddArtistWithName": "Aggiungi {artistName}",
    "AddNewAlbumSearchForNewAlbum": "Inizia a cercare per il nuovo album",
    "AlbumStudioTracksDownloaded": "{trackFileCount}/{totalTrackCount} tracce scaricate",
    "DeleteArtistFolders": "Elimina Cartelle degli Artisti",
    "ExpandEPByDefaultHelpText": "EP",
    "CountArtistsSelected": "{count} artisti selezionati",
    "DeleteArtistFolder": "Elimina Cartella dell'Artista",
    "ExpandSingleByDefaultHelpText": "Singoli",
    "AlbumInfo": "Info Album",
    "DownloadClientDelugeSettingsDirectory": "Cartella Download",
    "DownloadedImporting": "'Scaricato - Importando'",
    "DownloadedWaitingToImport": "'Scaricato - In attesa di Importazione'",
    "MonitorFirstAlbum": "Primo Album",
    "IndexerSettingsApiUrl": "API URL",
    "AptUpdater": "Usa apt per installare l'aggiornamento",
    "DockerUpdater": "Aggiorna il container di docker per ricevere l'aggiornamento",
    "ExternalUpdater": "{appName} è configurato per utilizzare un meccanismo di aggiornamento esterno",
    "InstallLatest": "Installa il più recente",
    "OnLatestVersion": "L'ultima versione di {appName} è già installata",
    "PreviouslyInstalled": "Precedentemente Installato",
    "Shutdown": "Spegnimento",
    "UpdateAppDirectlyLoadError": "Impossibile aggiornare {appName} direttamente,",
    "UnmappedFiles": "Cartelle Non Mappate",
    "MissingAlbums": "Albums esistente",
    "MonitorMissingAlbums": "Albums esistente",
    "AddDelayProfileError": "Impossibile aggiungere un nuovo profilo di ritardo, riprova.",
    "Preferred": "Preferito",
    "Max": "Massimo",
    "Min": "Min",
    "Today": "Oggi",
    "MappedNetworkDrivesWindowsService": "Le unità di rete mappate non sono disponibili eseguendo come servizio di Windows. Vedere le FAQ per maggiori informazioni",
    "DownloadClientSettingsRecentPriority": "Priorità Client",
    "AutoTaggingRequiredHelpText": "Questa condizione {implementationName} deve corrispondere perché si applichi la regola di auto tagging. Altrimenti è sufficiente una singola corrispondenza {implementationName}.",
    "CheckDownloadClientForDetails": "controlla il client di download per maggiori dettagli",
    "PendingDownloadClientUnavailable": "In Attesa - Client di Download in attesa",
    "WaitingToImport": "In attesa di importazione",
    "WaitingToProcess": "In attesa di processo",
    "AutoRedownloadFailedFromInteractiveSearchHelpText": "Cerca automaticamente e tenta di scaricare una versione diversa quando il rilascio non riuscito è stato acquisito dalla ricerca interattiva",
    "AutoRedownloadFailedFromInteractiveSearch": "Riesecuzione del download non riuscita dalla ricerca interattiva",
    "AutoTaggingLoadError": "Impossibile caricare auto tagging",
    "DownloadWarning": "Avviso di download: {warningMessage}",
    "Downloaded": "Scaricato",
    "ImportFailed": "Importazione fallita: {sourceTitle}",
    "Paused": "In Pausa",
    "Pending": "In Attesa",
    "UnableToImportAutomatically": "Impossibile Importare Automaticamente"
}
