{
    "AppDataDirectory": "AppData -katalog",
    "ApplyTags": "Bruk Tags",
    "ApplyTagsHelpTextReplace": "Erstatt: Erstatt taggene med de angitte kodene (skriv inn ingen tagger for å slette alle taggene)",
    "ArtistAlbumClickToChangeTrack": "Klikk for å endre film",
    "Authentication": "Godkjenning",
    "AuthenticationMethodHelpText": "Krev brukernavn og passord for å få tilgang til {appName}",
    "AutoRedownloadFailedHelpText": "Søk etter eller prøv å laste ned en annen versjon automatisk",
    "BackupFolderHelpText": "Relative stier vil være under {appName}'s AppData -katalog",
    "BackupNow": "Sikkerhetskopier nå",
    "BackupRetentionHelpText": "Automatiske sikkerhetskopier som er eldre enn oppbevaringsperioden, blir ryddet opp automatisk",
    "Backups": "Sikkerhetskopier",
    "BindAddress": "Bind adresse",
    "BindAddressHelpText": "Gyldig IPv4 -adresse, localhost eller \"*\" for alle grensesnitt",
    "Blocklist": "Svarteliste",
    "BlocklistRelease": "Blacklist -utgivelse",
    "Branch": "Gren",
    "BypassProxyForLocalAddresses": "Omgå proxy for lokale adresser",
    "Calendar": "Kalender",
    "Cancel": "Avbryt",
    "CancelPendingTask": "Er du sikker på at du vil avbryte denne ventende oppgaven?",
    "CertificateValidation": "Sertifikatvalidering",
    "CertificateValidationHelpText": "Endre hvor streng HTTPS -sertifisering validering er",
    "ChangeFileDate": "Endre fildato",
    "ChangeHasNotBeenSavedYet": "Endringen er ikke lagret ennå",
    "ChmodFolder": "chmod mappe",
    "ChmodFolderHelpText": "Octal, brukt under import/gi nytt navn til mediemapper og filer (uten utføringsbiter)",
    "ChmodFolderHelpTextWarning": "Dette fungerer bare hvis brukeren som kjører {appName} er eieren av filen. Det er bedre å sikre at nedlastingsklienten angir tillatelsene riktig.",
    "ChownGroupHelpText": "Gruppenavn eller gid. Bruk gid for eksterne filsystemer.",
    "ChownGroupHelpTextWarning": "Dette fungerer bare hvis brukeren som kjører {appName} er eieren av filen. Det er bedre å sikre at nedlastingsklienten angir tillatelsene riktig.",
    "Clear": "Klar",
    "DeleteDelayProfileMessageText": "Er du sikker på at du vil slette denne forsinkelsesprofilen?",
    "DeleteDownloadClientMessageText": "Er du sikker på at du vil slette formattaggen {0}?",
    "DeleteImportListMessageText": "Er du sikker på at du vil slette formattaggen {0}?",
    "DeleteIndexerMessageText": "Er du sikker på at du vil slette formattaggen {0}?",
    "DeleteMetadataProfileMessageText": "Er du sikker på at du vil slette denne forsinkelsesprofilen?",
    "DeleteQualityProfileMessageText": "Er du sikker på at du vil slette denne forsinkelsesprofilen?",
    "AddListExclusion": "Legg til listeekskludering",
    "AddingTag": "Legger til tag",
    "AgeWhenGrabbed": "Alder (når den tas)",
    "AlternateTitles": "Alternativ tittel",
    "Analytics": "Analyse",
    "AnalyticsEnabledHelpText": "Send anonym bruk og feilinformasjon til Radarrs servere. Dette inkluderer informasjon om nettleseren din, hvilke {appName} WebUI -sider du bruker, feilrapportering samt OS og kjøretidsversjon. Vi vil bruke denne informasjonen til å prioritere funksjoner og feilrettinger.",
    "Automatic": "Automatisk",
    "Actions": "Handlinger",
    "DeleteBackupMessageText": "Er du sikker på at du vil slette formattaggen {0}?",
    "DeleteImportListExclusionMessageText": "Er du sikker på at du vil slette denne ekskluderingen av importlister?",
    "DeleteNotificationMessageText": "Er du sikker på at du vil slette formattaggen {0}?",
    "DeleteReleaseProfileMessageText": "Er du sikker på at du vil slette denne forsinkelsesprofilen?",
    "DeleteRootFolderMessageText": "Er du sikker på at du vil slette formattaggen {0}?",
    "DeleteTagMessageText": "Er du sikker på at du vil slette formattaggen {0}?",
    "ResetAPIKeyMessageText": "Er du sikker på at du vil tilbakestille API -nøkkelen din?",
    "ShowQualityProfile": "Legg til kvalitetsprofil",
    "UsingExternalUpdateMechanismBranchToUseToUpdateLidarr": "Gren som skal brukes til å oppdatere {appName}",
    "UsingExternalUpdateMechanismBranchUsedByExternalUpdateMechanism": "Gren brukt av ekstern oppdateringsmekanisme",
    "APIKey": "API Nøkkel",
    "About": "Om",
    "AlreadyInYourLibrary": "Allerede i biblioteket ditt",
    "QualityProfiles": "Kvaltietsprofil",
    "Refresh": "Oppdater",
    "Season": "Sesong",
    "Language": "språk",
    "Password": "Passord",
    "Queue": "Kø",
    "RootFolder": "Rotmappe",
    "Scheduled": "Planlagt",
    "Search": "Søk",
    "Torrents": "Torrents",
    "Delete": "Slett",
    "DownloadClients": "Nedlastingsklient",
    "Files": "Fil",
    "Host": "Vert",
    "ICalFeed": "iCal Feed",
    "ICalLink": "iCal Link",
    "Indexers": "Indeksere",
    "IsCutoffCutoff": "Avskjæring",
    "Label": "Merke",
    "LocalPath": "Lokal sti",
    "MetadataProfile": "metadataprofil",
    "MetadataProfiles": "metadataprofil",
    "New": "Ny",
    "RecyclingBin": "Papirkurv",
    "URLBase": "URL Base",
    "Username": "Brukernavn",
    "ClickToChangeQuality": "Klikk for å endre kvalitet",
    "ClientPriority": "Klientprioritet",
    "CloneIndexer": "Klon indekser",
    "CloneProfile": "Klon profil",
    "Columns": "Kolonner",
    "CompletedDownloadHandling": "Fullført nedlastingshåndtering",
    "Component": "Komponent",
    "Connections": "Tilkoblinger",
    "ConnectSettings": "Tilkoblingsinnstillinger",
    "Port": "Port",
    "RootFolders": "Rotmappe",
    "Settings": "Innstillinger",
    "Hostname": "Vertsnavn",
    "UpdateMechanismHelpText": "Bruk Prowlarrs innebygde oppdaterer eller et skript",
    "Updates": "Oppdater",
    "Usenet": "Usenet",
    "Enable": "Aktiver",
    "AlternateTitleslength1Title": "Tittel",
    "AlternateTitleslength1Titles": "Tittel",
    "CopyUsingHardlinksHelpText": "Bruk harde lenker ved forsøk på å kopiere filer fra torrents som fortsatt blir delt",
    "CopyUsingHardlinksHelpTextWarning": "I blant kan låste filer forhindre å endre navn på filer som blir delt. Du kan midlertidig deaktivere deling og bruke Raddars navnefunksjon for å jobbe rundt dette.",
    "DelayProfile": "Utsetningsprofil",
    "DelayProfiles": "Utsetningsprofil",
    "DownloadClient": "Nedlastingsklient",
    "Grab": "Hent",
    "Indexer": "Indekser",
    "Protocol": "Protokoll",
    "Quality": "kvalitet",
    "QualityProfile": "Kvaltietsprofil",
    "Reload": "Likemenn",
    "RemotePathMappings": "Ekstern portmapping",
    "Remove": "Slett",
    "Activity": "Aktivitet",
    "AddDelayProfile": "Legg til forsinkelsesprofil",
    "Added": "La til",
    "AddIndexer": "Legg til indekser",
    "AddMetadataProfile": "metadataprofil",
    "AddNew": "Legg til ny",
    "AddQualityProfile": "Legg til kvalitetsprofil",
    "AddRemotePathMapping": "Legg til ekstern kartlegging",
    "AddRootFolder": "Legg til rotmappe",
    "AfterManualRefresh": "Etter manuell oppdatering",
    "Age": "Alder",
    "All": "Alle",
    "AllFiles": "Alle filer",
    "Always": "Alltid",
    "Apply": "Bruk",
    "AudioInfo": "Audio Info",
    "Backup": "Sikkerhetskopiering",
    "BeforeUpdate": "Før oppdatering",
    "Close": "Lukk",
    "Connect": "Koble til",
    "Custom": "Tilpass",
    "Deleted": "Slett",
    "Details": "detaljer",
    "EditQualityProfile": "Legg til kvalitetsprofil",
    "EditRemotePathMapping": "Legg til ekstern kartlegging",
    "EditRootFolder": "Legg til rotmappe",
    "Events": "Hendelse",
    "Filters": "Filtre",
    "Info": "Info",
    "Library": "Bibliotek",
    "Metadata": "metadata",
    "Rating": "Vurdering",
    "Seeders": "Delere",
    "Title": "Tittel",
    "Ui": "Grensesnitt",
    "Add": "Legg til",
    "EditDelayProfile": "Legg til forsinkelsesprofil",
    "Peers": "Likemenn",
    "EditMetadataProfile": "metadataprofil",
    "Queued": "Kø",
    "Replace": "Erstatt",
    "ChooseImportMethod": "Velg importeringsmodus",
    "ClickToChangeReleaseGroup": "Klikk for å endre utgivelsegruppe",
    "BypassIfHighestQuality": "Omgå hvis høyeste kvalitet",
    "ApplicationURL": "Applikasjon URL",
    "ApplicationUrlHelpText": "Denne applikasjonens eksterne URL inkludert http(s)://, port og URL base",
    "DeleteCustomFormat": "Klon egendefinert format",
    "DeleteCustomFormatMessageText": "Er du sikker på at du vil slette formattaggen {0}?",
    "DeleteFormatMessageText": "Er du sikker på at du vil slette formattaggen {0}?",
    "CloneCustomFormat": "Klon egendefinert format",
    "Conditions": "Tilstander",
    "CopyToClipboard": "Kopier til utklippstavle",
    "CustomFormat": "Egendefinert format",
    "CustomFormats": "Egendefinert format",
    "Customformat": "Egendefinert format",
    "ExportCustomFormat": "Legg til egendefinert format",
    "Formats": "Format",
    "ItsEasyToAddANewArtistJustStartTypingTheNameOfTheArtistYouWantToAdd": "Det er enkelt å legge til en ny film, bare begynn å skrive navnet på filmen du vil legge til",
    "AppDataLocationHealthCheckMessage": "Oppdatering vil ikke være mulig for å forhindre sletting av AppData på oppdateringen",
    "ColonReplacement": "Kolon erstatntning",
    "Disabled": "deaktivert",
    "DeleteRemotePathMapping": "Legg til ekstern kartlegging",
    "Reset": "Tilbakestill",
    "Theme": "Tema",
    "Album": "album",
    "Discography": "diskografi",
    "Episode": "episode",
    "PreferredProtocol": "Foretrukket Protokoll",
    "Artist": "artist",
    "CatalogNumber": "katalognummer",
    "AddConnection": "Legg til tilkobling",
    "AddImportListExclusion": "Legg til importeringsliste unntak",
    "AddMissing": "Legg til manglende",
    "AddNewItem": "Legg til nytt item",
    "AddReleaseProfile": "Legg til utgivelseprofil",
    "Absolute": "Absolutt",
    "20MinutesTwenty": "20 Minutter: {0}",
    "45MinutesFourtyFive": "45 Minutter: {0}",
    "60MinutesSixty": "60 Minutter: {0}",
    "BlocklistReleaseHelpText": "Hindrer {appName} i å automatisk gripe denne utgivelsen igjen",
    "Albums": "album",
    "EditImportListExclusion": "Legg til importeringsliste unntak",
    "ImportListExclusions": "Legg til importeringsliste unntak",
    "Track": "spor",
    "BlocklistReleases": "Blacklist -utgivelse",
    "Artists": "artist",
    "DeleteConditionMessageText": "Er du sikker på at du vil slette formattaggen {0}?",
    "EditReleaseProfile": "Legg til utgivelseprofil",
    "ExpandAlbumByDefaultHelpText": "album",
    "ReleaseProfiles": "utgivelseprofil",
    "ApplyTagsHelpTextAdd": "Legg til: Legg til taggene i den eksisterende listen med tagger",
    "ApplyTagsHelpTextRemove": "Fjern: Fjern de angitte kodene",
    "RemoveSelectedItemQueueMessageText": "Er du sikker på at du vil fjerne {0} elementet {1} fra køen?",
    "RemoveSelectedItemsQueueMessageText": "Er du sikker på at du vil fjerne {0} elementet {1} fra køen?",
    "Required": "Kreve",
    "Tracks": "spor",
    "ApplyTagsHelpTextHowToApplyArtists": "Slik bruker du tagger på de valgte filmene",
    "ApplyTagsHelpTextHowToApplyImportLists": "Slik bruker du tagger på de valgte filmene",
    "ApplyTagsHelpTextHowToApplyIndexers": "Slik bruker du tagger på de valgte filmene",
    "DeleteSelectedDownloadClientsMessageText": "Er du sikker på at du vil slette formattaggen {0}?",
    "DeleteSelectedImportListsMessageText": "Er du sikker på at du vil slette formattaggen {0}?",
    "DeleteSelectedIndexersMessageText": "Er du sikker på at du vil slette formattaggen {0}?",
    "DeleteImportListExclusion": "Legg til importeringsliste unntak",
    "ApplyChanges": "Bekreft endringer",
    "ApiKeyValidationHealthCheckMessage": "Vennligst oppdater din API-nøkkel til å være minst {0} tegn lang. Du kan gjøre dette via innstillinger eller konfigurasjonsfilen",
    "ApplyTagsHelpTextHowToApplyDownloadClients": "Slik bruker du tagger på de valgte filmene",
    "AllResultsAreHiddenByTheAppliedFilter": "Alle resultatene er skjult av det anvendte filteret",
    "SomeResultsAreHiddenByTheAppliedFilter": "Alle resultatene er skjult av det anvendte filteret",
    "ConnectionLost": "Tilkobling mistet",
    "ConnectionLostReconnect": "Radarr vil forsøke å koble til automatisk, eller du kan klikke oppdater nedenfor.",
    "ConnectionLostToBackend": "Radarr har mistet tilkoblingen til baksystemet og må lastes inn på nytt for å gjenopprette funksjonalitet.",
    "ImportLists": "importeringsliste",
    "Enabled": "Aktiver",
    "Release": " utgivelse",
    "AddAlbumWithTitle": "Legg til {albumTitle}",
    "AddArtistWithName": "Legg til {artistName}",
    "Connection": "Tilkobling",
    "DeleteSpecificationHelpText": "Er du sikker på at du vil slette formattaggen {0}?",
    "AuthForm": "Skjemaer (påloggingsside)",
    "DisabledForLocalAddresses": "Deaktivert for lokale adresser",
    "RemoveQueueItemConfirmation": "Er du sikker på at du vil fjerne {0} elementet {1} fra køen?",
    "ImportList": "importeringsliste",
    "ReleaseProfile": "utgivelseprofil",
    "AddListExclusionHelpText": "Forhindre at filmen legges til i {appName} av lister",
    "Auto": "Auto",
    "AddAutoTag": "Legg til automatisk tagg",
    "BypassIfHighestQualityHelpText": "Omgåelsesforsinkelse når utgivelsen har den høyeste aktiverte kvaliteten i kvalitetsprofilen med den foretrukne protokollen",
    "Posters": "Plakater",
    "AddCondition": "Legg til betingelse",
    "AddImportListExclusionArtistHelpText": "Forhindre at filmen legges til i {appName} av lister",
    "AuthBasic": "Grunnleggende (nettleser -popup)",
    "DeleteArtistFolderCountConfirmation": "Er du sikker på at du vil slette formattaggen {0}?",
    "DeleteAutoTagHelpText": "Er du sikker på at du vil slette formattaggen {0}?",
    "AddConditionImplementation": "Legg til betingelse - {implementationName}",
    "AddAutoTagError": "Ikke mulig å legge til ny automatisk tagg, vennligst prøv igjen",
    "AddConditionError": "Ikke mulig å legge til ny betingelse, vennligst prøv igjen",
    "UnableToAddANewIndexerPleaseTryAgain": "Ikke mulig å legge til ny betingelse, vennligst prøv igjen",
    "UnableToAddANewListPleaseTryAgain": "Ikke mulig å legge til ny automatisk tagg, vennligst prøv igjen",
    "Docker": "Docker",
    "AutomaticSearch": "Automatisk Søk",
    "AutoTaggingSpecificationTag": "Merke",
    "ConnectSettingsSummary": "Varslinger, tilkoblinger til mediaservere/avspillere, og tilpassede scripts",
    "EditConnectionImplementation": "Legg til betingelse - {implementationName}",
    "EditIndexerImplementation": "Legg til betingelse - {implementationName}",
    "UnableToAddANewDownloadClientPleaseTryAgain": "Ikke mulig å legge til ny betingelse, vennligst prøv igjen",
    "UnableToAddANewNotificationPleaseTryAgain": "Ikke mulig å legge til ny betingelse, vennligst prøv igjen",
    "UnableToAddANewRootFolderPleaseTryAgain": "Ikke mulig å legge til ny automatisk tagg, vennligst prøv igjen",
    "AddConnectionImplementation": "Legg til betingelse - {implementationName}",
    "AddImportListExclusionAlbumHelpText": "Forhindre at filmen legges til i {appName} av lister",
    "EditConditionImplementation": "Legg til betingelse - {implementationName}",
    "AddToDownloadQueue": "Legg til i nedlastingskø",
    "AddedToDownloadQueue": "Lagt til i nedlastingskø",
    "AddIndexerImplementation": "Legg til betingelse - {implementationName}",
    "UnableToAddANewImportListExclusionPleaseTryAgain": "Ikke mulig å legge til ny betingelse, vennligst prøv igjen",
    "UnableToAddANewMetadataProfilePleaseTryAgain": "Ikke mulig å legge til ny betingelse, vennligst prøv igjen",
    "UnableToAddANewQualityProfilePleaseTryAgain": "Ikke mulig å legge til ny betingelse, vennligst prøv igjen",
    "BuiltIn": "Bygget inn",
    "DeleteSelectedCustomFormats": "Klon egendefinert format",
    "DeleteSelectedCustomFormatsMessageText": "Er du sikker på at du vil slette formattaggen {0}?",
    "AptUpdater": "Bruk apt til å installere oppdateringen",
    "Clone": "Lukk",
    "Reason": "Sesong",
    "AddDelayProfileError": "Ikke mulig å legge til ny betingelse, vennligst prøv igjen",
    "DownloadClientSettingsRecentPriority": "Klientprioritet",
    "AddDownloadClientImplementation": "Ny Nedlastingsklient - {implementationName}",
    "UnableToAddANewRemotePathMappingPleaseTryAgain": "Kunne ikke legge til ny ekstern stimapping, vennligst prøv igjen.",
    "RequiredPlaceHolder": "Legg til ny begrensning",
    "FailedLoadingSearchResults": "Kunne ikke laste søkeresultat, vennligst prøv igjen.",
    "AddImportListImplementation": "Legg til importliste - {implementationName}",
    "IgnoredPlaceHolder": "Legg til ny begrensning",
    "AddImportList": "Ny Importliste",
    "AddNewArtistRootFolderHelpText": "Undermappa \"{folder}\" vil bli automatisk laget",
    "CheckDownloadClientForDetails": "sjekk nedlastningsklienten for mer informasjon"
}
