{
    "Language": "Taal",
    "UiLanguage": "Gebruikersinterface Taal",
    "BindAddress": "Gebonden Adres",
    "Blocklist": "Blokkeerlijst",
    "BlocklistRelease": "Uitgave op blokkeerlijst zetten",
    "AppDataDirectory": "AppData map",
    "ApplyTags": "Pas Tags Toe",
    "ApplyTagsHelpTextReplace": "Vervangen: Vervang de tags met de ingevoerde tags (vul geen tags in om alle tags te wissen)",
    "ArtistAlbumClickToChangeTrack": "Klik om film te wijzigen",
    "BackupNow": "Back-up nu maken",
    "BackupRetentionHelpText": "Automatische veiligheidskopieën ouder dan de retentie periode zullen worden opgeruimd",
    "Backups": "Veiligheidskopieën",
    "BindAddressHelpText": "Geldig IP-adres, localhost of '*' voor alle interfaces",
    "BindAddressHelpTextWarning": "Herstarten vereist om in werking te treden",
    "Branch": "Branch",
    "BypassProxyForLocalAddresses": "Omzeil Proxy voor Lokale Adressen",
    "Calendar": "Kalender",
    "CalendarWeekColumnHeaderHelpText": "Wordt getoond boven elke kolom wanneer de actieve weergave Week is",
    "Cancel": "Annuleer",
    "CancelPendingTask": "Ben je zeker dat je deze onafgewerkte taak wil annuleren?",
    "CertificateValidation": "Certificaat Validatie",
    "CertificateValidationHelpText": "Wijzig hoe strict HTTPS certificaat validatie is. Wijzig dit niet behalve als je de risico's begrijpt.",
    "ChangeFileDate": "Wijzig Bestandsdatum",
    "ChangeHasNotBeenSavedYet": "Wijziging is nog niet opgeslagen",
    "ChmodFolder": "chmod Map",
    "ChmodFolderHelpText": "Octaal, toegepast tijdens importeren/hernoemen op media mappen en bestanden (zonder uitvoeringsbits)",
    "ChmodFolderHelpTextWarning": "Dit werkt alleen als de gebruiker die {appName} draait de eigenaar is van het bestand. Het is beter om zeker te zijn dat de downloader de juiste rechten zet.",
    "ChownGroupHelpText": "Groep naam of gid. Gebruik gid voor externe bestandssystemen.",
    "ChownGroupHelpTextWarning": "Dit werkt alleen als de gebruiker die {appName} draait de eigenaar is van het bestand. Het is beter om zeker te zijn dat de downloader dezelfde groep gebruikt als {appName}.",
    "Clear": "Wis",
    "ClickToChangeQuality": "Klik om kwaliteit te wijzigen",
    "CompletedDownloadHandling": "Voltooide Download Afhandeling",
    "Component": "Component",
    "Connections": "Connecties",
    "ConnectSettings": "Connecties Instellingen",
    "CopyUsingHardlinksHelpText": "Gebruik hardlinks bij het kopiëren van torrent bestanden die nog actief zijn",
    "CopyUsingHardlinksHelpTextWarning": "Sporadisch kan bestandsvergrendeling het hernoemen van in gebruik zijnde bestanden blokkeren. Als noodoplossing kunt u de hernoem functie van {appName} gebruiken na het opheffen van de bestandsvergrendeling.",
    "CreateEmptyArtistFolders": "Lege film mappen aanmaken",
    "DelayProfiles": "Vertragingsprofielen",
    "Delete": "Verwijder",
    "DeleteBackup": "Verwijder Backup",
    "DeleteBackupMessageText": "Bent u zeker dat u de veiligheidskopie '{name}' wilt verwijderen?",
    "DeleteDelayProfile": "Verwijder Vertragingsprofiel",
    "DeleteDelayProfileMessageText": "Weet u zeker dat u dit vertragingsprofiel wilt verwijderen?",
    "DeleteDownloadClient": "Verwijder Downloader",
    "DeleteDownloadClientMessageText": "Bent u zeker dat u de downloader '{name}' wilt verwijderen?",
    "DeleteEmptyFolders": "Verwijder lege mappen",
    "DeleteImportListExclusion": "Verwijder van Uitzonderingenlijst",
    "DeleteImportListExclusionMessageText": "Bent u zeker dat u dit van de uitzonderingenlijst wilt verwijderen?",
    "DeleteImportListMessageText": "Bent u zeker dat u de lijst '{0}' wilt verwijderen?",
    "DeleteIndexer": "Verwijder Indexeerder",
    "DeleteIndexerMessageText": "Bent u zeker dat u de indexeerder '{name}' wilt verwijderen?",
    "DeleteMetadataProfileMessageText": "Bent u zeker dat u het kwaliteitsprofiel {name} wilt verwijderen?",
    "DeleteNotification": "Verwijder Notificatie",
    "DeleteNotificationMessageText": "Weet je zeker dat je de notificatie ‘{name}’ wil verwijderen?",
    "DeleteQualityProfile": "Verwijder Kwaliteitsprofiel",
    "DestinationPath": "Doelmap",
    "DetailedProgressBar": "Gedetailleerde voortgangsbalk",
    "DownloadFailedCheckDownloadClientForMoreDetails": "Download mislukt: controleer de downloader voor meer details",
    "DownloadFailedInterp": "Download mislukt: {0}",
    "Downloading": "Downloaden",
    "DownloadPropersAndRepacksHelpTexts1": "Of dat er al dan niet moet worden bijgewerkt naar PROPERS/REPACKS",
    "DownloadWarningCheckDownloadClientForMoreDetails": "Download waarschuwing: controleer de downloader voor meer details",
    "Edit": "Bewerk",
    "Enable": "Inschakelen",
    "EnableAutomaticAdd": "Schakel automatisch toevoegen in",
    "EnableAutomaticSearch": "Schakel automatisch zoeken in",
    "EnableColorImpairedMode": "Schakel kleurenblindheid-modus in",
    "EnableColorImpairedModeHelpText": "Aangepaste stijl voor gebruikers die kleurenblind zijn om gemakkelijker kleurgecodeerde informatie te onderscheiden",
    "EnableCompletedDownloadHandlingHelpText": "Importeer automatisch voltooide downloads vanuit de download cliënt",
    "EnableHelpText": "Schakel het maken van metadata bestanden in voor dit metadata type",
    "EnableInteractiveSearch": "Schakel interactief zoeken in",
    "EnableRSS": "Activeer RSS Synchronisatie",
    "EnableSSL": "Activeer SSL",
    "EnableSslHelpText": " Vereist herstart als administrator om in werking te treden",
    "Ended": "Beëindigd",
    "ErrorLoadingContents": "Fout bij laden van inhoud",
    "ErrorLoadingPreviews": "Fout bij laden van voorvertoningen",
    "Exception": "Uitzondering",
    "FileDateHelpText": "Pas bestandsdatum aan tijdens het importeren/herscannen",
    "FileManagement": "Bestandsbeheer",
    "Filename": "Bestandsnaam",
    "FileNames": "Bestandsnamen",
    "Files": "Bestanden",
    "FirstDayOfWeek": "Eerste Dag van de Week",
    "Fixed": "Opgelost",
    "Folder": "Map",
    "Folders": "Mappen",
    "ForMoreInformationOnTheIndividualDownloadClientsClickOnTheInfoButtons": "Voor meer informatie over de individuele downloaders, klik op de info knoppen.",
    "ForMoreInformationOnTheIndividualIndexersClickOnTheInfoButtons": "Voor meer informatie over de individuele indexeerders, klik op de info knoppen.",
    "ForMoreInformationOnTheIndividualListsClickOnTheInfoButtons": "Voor meer informatie over de individuele lijsten, klik op de info knoppen.",
    "GeneralSettings": "Algemene Instellingen",
    "Global": "Globaal",
    "GoToInterp": "Ga naar {0}",
    "Grab": "Ophalen",
    "GrabRelease": "Uitgave Ophalen",
    "Group": "Groep",
    "HasPendingChangesNoChanges": "Geen Wijzigingen",
    "HasPendingChangesSaveChanges": "Wijzigingen Opslaan",
    "History": "Geschiedenis",
    "Host": "Host",
    "HostHelpText": "Dezelfde host als gespecificeerd voor de Downloader",
    "Hostname": "Hostnaam",
    "ICalFeed": "iCal Informatiestroom",
    "ICalHttpUrlHelpText": "Kopieer deze URL naar je cliënt(en) of klik om te abonneren als je browser Webcal ondersteunt",
    "ICalLink": "iCal Koppeling",
    "IconForCutoffUnmet": "Icoon voor Onbereikte Drempel",
    "IgnoredAddresses": "Genegeerde Adressen",
    "IgnoredHelpText": "De uitgave zal worden afgekeurd als het één of meerdere van deze termen bevat (hoofdletter ongevoelig)",
    "IgnoredPlaceHolder": "Voeg nieuwe beperking toe",
    "IllRestartLater": "Ik zal later herstarten",
    "ImportedTo": "Geïmporteerd Naar",
    "ImportExtraFiles": "Importeer Extra Bestanden",
    "ImportExtraFilesHelpText": "Importeer bijhorende extra bestanden (ondertitels, nfo, enz.) na het importeren van een film",
    "ImportFailedInterp": "Importeren mislukt: {0}",
    "Importing": "Importeren",
    "IncludeUnknownArtistItemsHelpText": "Toon items zonder een film in de wachtrij, dit kan verwijderde films, TV series of iets anders in {appName} zijn categorie omvatten",
    "IncludeUnmonitored": "Voeg Onbewaakte Toe",
    "Indexer": "Indexeerder",
    "IndexerPriority": "Indexeerder Prioriteit",
    "Indexers": "Indexeerders",
    "IndexerSettings": "Indexeerder Instellingen",
    "InteractiveSearch": "Interactief Zoeken",
    "Interval": "Tussentijd",
    "IsCutoffCutoff": "Drempel",
    "IsCutoffUpgradeUntilThisQualityIsMetOrExceeded": "Bijwerken totdat deze kwaliteit is behaald of overschreden",
    "Name": "Naam",
    "NamingSettings": "Naamgeving Instellingen",
    "New": "Nieuw",
    "NoBackupsAreAvailable": "Geen veiligheidskopieën beschikbaar",
    "NoHistory": "Geen geschiedenis",
    "NoLeaveIt": "Nee, Ongemoeid Laten",
    "NoLogFiles": "Geen logbestanden",
    "None": "Geen",
    "Original": "Origineel",
    "PackageVersion": "Pakket Versie",
    "PageSize": "Pagina Grootte",
    "PageSizeHelpText": "Aantal items om te tonen op iedere pagina",
    "Password": "Wachtwoord",
    "Permissions": "Permissies",
    "Port": "Poort",
    "PortNumber": "Poort Nummer",
    "PosterSize": "Affiche Grootte",
    "PreviewRename": "Voorbeeldweergave Naamswijziging",
    "Profiles": "Profielen",
    "Proper": "PROPER",
    "PropersAndRepacks": "PROPERS en REPACKS",
    "ProtocolHelpText": "Kies welk(e) protocol(len) te gebruiken en welke de voorkeur krijgt bij het kiezen tussen anders gelijke uitgaves",
    "Proxy": "Proxy",
    "ProxyBypassFilterHelpText": "Gebruik ',' als scheidingsteken en '*' als wildcard voor subdomeinen",
    "ProxyPasswordHelpText": "Je moet alleen een gebruikersnaam en wachtwoord ingeven als dit vereist is, laat ze anders leeg.",
    "ProxyType": "Proxy Type",
    "ProxyUsernameHelpText": "Je moet alleen een gebruikersnaam en wachtwoord ingeven als dit vereist is, laat ze anders leeg.",
    "PublishedDate": "Publicatie Datum",
    "Quality": "Kwaliteit",
    "QualityDefinitions": "Kwaliteitsdefinities",
    "QualityProfile": "Kwaliteitsprofiel",
    "QualityProfiles": "Kwaliteitsprofielen",
    "QualitySettings": "Kwaliteitsinstellingen",
    "Queue": "Wachtrij",
    "ReadTheWikiForMoreInformation": "Lees de Wiki voor meer informatie",
    "Real": "REAL",
    "Reason": "Reden",
    "RecycleBinCleanupDaysHelpText": "Zet op 0 om automatisch opschonen uit te schakelen",
    "RecycleBinCleanupDaysHelpTextWarning": "Bestanden in de prullenbak ouder dan het geselecteerde aantal dagen zullen automatisch opgeschoond worden",
    "RecycleBinHelpText": "Filmbestanden zullen bij verwijdering hier naartoe gaan in plaats van permanent te worden verwijderd",
    "RecyclingBin": "Prullenbak",
    "RecyclingBinCleanup": "Prullenbak Opruimen",
    "Redownload": "Opnieuw downloaden",
    "Refresh": "Vernieuw",
    "RefreshInformationAndScanDisk": "Informatie vernieuwen en schijf herscannen",
    "RefreshScan": "Vernieuw & Scan",
    "ReleaseDate": "Uitgave Datums",
    "ReleaseGroup": "Uitgave Groep",
    "ReleaseRejected": "Uitgave Afgekeurd",
    "ReleaseStatuses": "Uitgave Status",
    "ReleaseWillBeProcessedInterp": "Uitgave zal worden verwerkt {0}",
    "Reload": "Herlaad",
    "RemotePath": "Extern Pad",
    "RemotePathHelpText": "Map dat de Downloader gebruikt",
    "RemotePathMappings": "Externe Pad Verwijzing",
    "Remove": "Verwijderen",
    "RemoveCompletedDownloadsHelpText": "Verwijder geïmporteerde downloads uit de downloader geschiedenis",
    "RemovedFromTaskQueue": "Verwijderd uit taken wachtrij",
    "RemoveFailedDownloadsHelpText": "Verwijder mislukte downloads uit de downloader geschiedenis",
    "RemoveFilter": "Verwijder filter",
    "RemoveFromBlocklist": "Verwijder van zwarte lijst",
    "RemoveFromDownloadClient": "Verwijder uit download cliënt",
    "RemoveFromQueue": "Verwijder uit wachtrij",
    "RemoveSelected": "Selectie Verwijderen",
    "RemoveTagExistingTag": "Bestaande tag",
    "RemoveTagRemovingTag": "Tag verwijderen",
    "RenameTracksHelpText": "{appName} zal de bestaande bestandsnaam gebruiken als hernoemen uitgeschakeld is",
    "Reorder": "Herordenen",
    "ReplaceIllegalCharacters": "Vervang Illegale Karakters",
    "ReplaceIllegalCharactersHelpText": "Vervang illegale karakters. Indien niet aangevinkt, zal {appName} ze in de plaats daarvan verwijderen",
    "RequiredHelpText": "De release moet tenminste één van deze termen bevatten (hoofdletter gevoelig)",
    "RequiredPlaceHolder": "Voeg nieuwe beperking toe",
    "RequiresRestartToTakeEffect": "Herstarten vereist om in werking te treden",
    "RescanAfterRefreshHelpText": "De film map herscannen na het vernieuwen van de film",
    "RescanAfterRefreshHelpTextWarning": "{appName} zal niet automatisch aanpassingen aan bestanden detecteren als dit niet op 'Altijd' staat",
    "RescanArtistFolderAfterRefresh": "De film map herscannen na vernieuwen",
    "Reset": "Reset",
    "ResetAPIKey": "Reset API-sleutel",
    "ResetAPIKeyMessageText": "Bent u zeker dat u uw API-sleutel wilt resetten?",
    "Restart": "Herstart",
    "RestartLidarr": "Herstart {appName}",
    "RestartNow": "Herstart Nu",
    "Restore": "Herstellen",
    "RestoreBackup": "Veiligheidskopie Herstellen",
    "Result": "Resultaat",
    "Retention": "Retentie",
    "RetentionHelpText": "Enkel Usenet: zet op 0 voor ongelimiteerde retentie",
    "RetryingDownloadOn": "Download opnieuw proberen {0} op {1}",
    "RootFolder": "Hoofdmap",
    "RootFolders": "Hoofdmappen",
    "RSSSync": "RSS Sync.",
    "RSSSyncInterval": "RSS Sync. Tussentijd",
    "RssSyncIntervalHelpText": "Tussentijd in minuten. Schakel uit met 0 (dit stopt het automatisch ophalen van uitgaves)",
    "ShownAboveEachColumnWhenWeekIsTheActiveView": "Wordt getoond boven elke kolom wanneer de actieve weergave Week is",
    "ShowPath": "Toon Pad",
    "ShowQualityProfile": "Toon Kwaliteitsprofielen",
    "ShowQualityProfileHelpText": "Toon kwaliteitsprofiel onder poster",
    "ShowRelativeDates": "Toon Relatieve Datums",
    "ShowRelativeDatesHelpText": "Toon relatieve (Vandaag/Gisteren/enz.) of absolute datums",
    "ShowSearch": "Toon Zoeken",
    "ShowSearchActionHelpText": "Toon zoeken knop bij zweven",
    "ShowSizeOnDisk": "Toon Grootte op Schijf",
    "ShowUnknownArtistItems": "Toon onbekende film items",
    "SSLCertPassword": "SSL Certificaat Wachtwoord",
    "SslCertPasswordHelpText": "Wachtwoord voor pfx bestand",
    "SslCertPasswordHelpTextWarning": "Herstarten vereist om in werking te treden",
    "SSLCertPath": "SSL Certificaat Pad",
    "SslCertPathHelpText": "Pad naar pfx bestand",
    "SslCertPathHelpTextWarning": "Herstarten vereist om in werking te treden",
    "SSLPort": "SSL Poort",
    "SslPortHelpTextWarning": "Herstarten vereist om in werking te treden",
    "StandardTrackFormat": "Standaard Film Formaat",
    "StartTypingOrSelectAPathBelow": "Begin met typen of selecteer een pad hier beneden",
    "StartupDirectory": "Opstart map",
    "Status": "Status",
    "Style": "Stijl",
    "SuccessMyWorkIsDoneNoFilesToRename": "Success! Mijn werk zit erop, geen bestanden te hernoemen.",
    "SuccessMyWorkIsDoneNoFilesToRetag": "Success! Mijn werk zit erop, geen bestanden te hernoemen.",
    "SupportsRssvalueRSSIsNotSupportedWithThisIndexer": "RSS wordt niet ondersteund door deze indexeerder",
    "SupportsSearchvalueSearchIsNotSupportedWithThisIndexer": "Zoeken wordt niet ondersteund door deze indexeerder",
    "SupportsSearchvalueWillBeUsedWhenAutomaticSearchesArePerformedViaTheUIOrByLidarr": "Zal worden gebruikt wanneer automatische zoekopdrachten worden uitgevoerd via de gebruikersinterface of door {appName}",
    "SupportsSearchvalueWillBeUsedWhenInteractiveSearchIsUsed": "Zal worden gebruikt wanneer interactief zoeken wordt gebruikt",
    "TagIsNotUsedAndCanBeDeleted": "Tag is niet in gebruik en kan verwijderd worden",
    "Tags": "Tags",
    "Tasks": "Taken",
    "TestAll": "Test Alle",
    "TestAllClients": "Test Alle Downloaders",
    "TestAllIndexers": "Test Alle Indexeerders",
    "TestAllLists": "Test Alle Lijsten",
    "ThisWillApplyToAllIndexersPleaseFollowTheRulesSetForthByThem": "Dit zal van toepassing zijn op alle indexeerders, gelieve de door hen opgelegde regels te volgen",
    "TimeFormat": "Tijdsformaat",
    "TorrentDelay": "Torrent Vertraging",
    "TorrentDelayHelpText": "Wachttijd in minuten alvorens een torrent op te halen",
    "Torrents": "Torrents",
    "TotalFileSize": "Totale Bestandsgrootte",
    "Track": "Spoor",
    "UiLanguageHelpTextWarning": "Browser Herladen Vereist",
    "UiSettings": "Gebruikersinterface Instellingen",
    "UnableToAddANewDownloadClientPleaseTryAgain": "Kon geen nieuwe downloader toevoegen, gelieve opnieuw te proberen.",
    "UnableToAddANewImportListExclusionPleaseTryAgain": "Kon geen nieuw item toevoegen aan de uitzonderingenlijst, gelieve opnieuw te proberen.",
    "UnableToAddANewIndexerPleaseTryAgain": "Kon geen nieuwe indexeerder toevoegen, gelieve opnieuw te proberen.",
    "UnableToAddANewListPleaseTryAgain": "Kon geen nieuwe lijst toevoegen, gelieve opnieuw te proberen.",
    "UnableToAddANewMetadataProfilePleaseTryAgain": "Kon geen nieuw kwaliteitsprofiel toevoegen, gelieve opnieuw te proberen.",
    "UnableToAddANewNotificationPleaseTryAgain": "Kon geen nieuwe notificatie toevoegen, gelieve opnieuw te proberen.",
    "UnableToAddANewQualityProfilePleaseTryAgain": "Kon geen nieuw kwaliteitsprofiel toevoegen, gelieve opnieuw te proberen.",
    "UnableToAddANewRemotePathMappingPleaseTryAgain": "Kon geen nieuw externe pad verwijzing toevoegen, gelieve opnieuw te proberen.",
    "UnableToAddANewRootFolderPleaseTryAgain": "Kon geen nieuw eigen formaat toevoegen, gelieve opnieuw te proberen.",
    "UnableToLoadBackups": "Kon geen veiligheidskopieën laden",
    "UnableToLoadBlocklist": "Niet in staat om de blokkeerlijst te laden",
    "UnableToLoadDelayProfiles": "Vertragingsprofielen kunnen niet worden geladen",
    "UnableToLoadDownloadClientOptions": "Kon downloader opties niet inladen",
    "UnableToLoadDownloadClients": "Downloaders kunnen niet worden geladen",
    "UnableToLoadGeneralSettings": "Kon Algemene instellingen niet inladen",
    "UnableToLoadHistory": "Kon geschiedenis niet laden",
    "UnableToLoadImportListExclusions": "Uitzonderingenlijst kan niet worden geladen",
    "UnableToLoadIndexerOptions": "Kon indexeerder opties niet inladen",
    "UnableToLoadLists": "Lijsten kunnen niet worden geladen",
    "UnableToLoadMediaManagementSettings": "Kon Mediabeheer instellingen niet inladen",
    "UnableToLoadMetadata": "Metadata kan niet worden geladen",
    "UnableToLoadMetadataProfiles": "Vertragingsprofielen kunnen niet worden geladen",
    "UnableToLoadNamingSettings": "Kon Naamgevingsinstellingen niet inladen",
    "UnableToLoadNotifications": "Notificaties kunnen niet worden geladen",
    "UnableToLoadQualities": "Kon kwaliteitsprofielen niet inladen",
    "UnableToLoadQualityDefinitions": "Kwaliteitsdefinities kunnen niet worden geladen",
    "UnableToLoadQualityProfiles": "Kwaliteitsprofielen kunnen niet worden geladen",
    "UnableToLoadReleaseProfiles": "Vertragingsprofielen kunnen niet worden geladen",
    "UnableToLoadRemotePathMappings": "Externe pad verwijzingen kunnen niet worden geladen",
    "UnableToLoadRootFolders": "Kon hoofdmappen niet inladen",
    "UnableToLoadTags": "Tags kunnen niet worden geladen",
    "UnableToLoadTheCalendar": "Kon kalender niet inladen",
    "UnmonitoredHelpText": "Voeg onbewaakte films toe aan de iCal informatiestrrom",
    "UpdateAutomaticallyHelpText": "Download en installeer updates automatisch. Je zal nog steeds kunnen installeren vanuit Systeem: Updates",
    "UpdateMechanismHelpText": "Gebruik de ingebouwde updater van {appName} of een script",
    "45MinutesFourtyFive": "45 Minuten: {0}",
    "60MinutesSixty": "60 Minuten: {0}",
    "APIKey": "API-sleutel",
    "About": "Over",
    "AddListExclusion": "Lijst uitzondering toevoegen",
    "AgeWhenGrabbed": "Leeftijd (op moment van ophalen)",
    "AlbumIsDownloadingInterp": "Film is aan het downloaden - {0}% {1}",
    "AlreadyInYourLibrary": "Reeds in uw bibliotheek",
    "AlternateTitles": "Alternatieve Titel",
    "AlternateTitleslength1Title": "Titel",
    "AlternateTitleslength1Titles": "Titels",
    "Analytics": "Statistieken",
    "AnalyticsEnabledHelpText": "Stuur anonieme gebruiks- en foutinformatie naar de servers van {appName}. Dit omvat informatie over uw browser, welke {appName} WebUI pagina's u gebruikt, foutrapportage en OS en runtime versie. We zullen deze informatie gebruiken om prioriteiten te stellen voor functies en het verhelpen van fouten.",
    "AnalyticsEnabledHelpTextWarning": "Herstarten vereist om in werking te treden",
    "Automatic": "Automatisch",
    "DelayingDownloadUntil": "Vertraag download tot {0} op {1}",
    "DownloadClient": "Downloader",
    "Logs": "Logbestanden",
    "ScriptPath": "Script Pad",
    "Search": "Zoeken",
    "SearchAll": "Alles Zoeken",
    "SearchForMissing": "Ontbrekende Zoeken",
    "SearchSelected": "Selectie Zoeken",
    "Season": "Seizoen",
    "Security": "Beveiliging",
    "SendAnonymousUsageData": "Zend Anonieme Gebruiksdata",
    "SetPermissions": "Stel Machtigingen In",
    "SetPermissionsLinuxHelpText": "Moet chmod worden uitgevoerd wanneer bestanden worden geïmporteerd/hernoemd?",
    "SetPermissionsLinuxHelpTextWarning": "Als je onzeker bent over deze instellingen en hun functie, pas ze dan niet aan.",
    "Settings": "Instellingen",
    "ShortDateFormat": "Korte Datumnotatie",
    "ShowCutoffUnmetIconHelpText": "Toon icoon voor bestanden waarbij de drempel niet behaald werd",
    "ShowDateAdded": "Toon Datum Toegevoegd",
    "ShowMonitored": "Toon Gemonitorde",
    "ShowMonitoredHelpText": "Toon bewakingsstatus onder de poster",
    "Size": " Grootte",
    "SkipFreeSpaceCheck": "Vrije schijfruimte controle overslaan",
    "SorryThatAlbumCannotBeFound": "Sorry, deze film kan niet worden gevonden.",
    "SorryThatArtistCannotBeFound": "Sorry, deze film kan niet worden gevonden.",
    "Source": "Bron",
    "SourcePath": "Bron Pad",
    "Protocol": "Protocol",
    "NETCore": ".NET",
    "Actions": "Acties",
    "AddingTag": "Tag wordt toegevoegd",
    "ApiKeyHelpTextWarning": "Herstarten vereist om in werking te treden",
    "Authentication": "Authenticatie",
    "AuthenticationMethodHelpText": "Gebruikersnaam en wachtwoord nodig voor toegang tot {appName}",
    "AutoRedownloadFailedHelpText": "Automatisch zoeken en probeer een andere release te downloaden",
    "BackupFolderHelpText": "Relatieve paden zullen t.o.v. de {appName} AppData map bekeken worden",
    "ClientPriority": "Client Prioriteit",
    "CloneIndexer": "Dupliceer Indexeerder",
    "CloneProfile": "Dupliceer Profiel",
    "Columns": "Kolommen",
    "CreateEmptyArtistFoldersHelpText": "Film mappen aanmaken voor ontbrekende films tijdens schijfscan",
    "CreateGroup": "Groep aanmaken",
    "CutoffHelpText": "Wanneer deze kwaliteit is behaald, zal {appName} niet langer films downloaden",
    "CutoffUnmet": "Onbereikte Drempel",
    "Dates": "Datum en tijd",
    "DatabaseMigration": "DB Migratie",
    "DelayProfile": "Uitstel profiel",
    "DeleteQualityProfileMessageText": "Bent u zeker dat u het kwaliteitsprofiel {name} wilt verwijderen?",
    "DeleteReleaseProfile": "Verwijder Vertragingsprofiel",
    "DeleteReleaseProfileMessageText": "Weet u zeker dat u dit vertragingsprofiel wilt verwijderen?",
    "DeleteRootFolderMessageText": "Bent u zeker dat u de indexeerder '{0}' wilt verwijderen?",
    "DeleteSelectedTrackFiles": "Verwijder Geselecteerde Filmbestanden",
    "DeleteSelectedTrackFilesMessageText": "Bent u zeker dat u de geselecteerde filmbestanden wilt verwijderen?",
    "DeleteTag": "Verwijder Tag",
    "DeleteTagMessageText": "Weet je zeker dat je de tag '{label}' wil verwijderen?",
    "DeleteTrackFileMessageText": "Weet u zeker dat u {0} wilt verwijderen?",
    "DetailedProgressBarHelpText": "Toon tekst op voortgangsbalk",
    "DiskSpace": "Schijfruimte",
    "Docker": "Docker",
    "DownloadClients": "Downloaders",
    "DownloadClientSettings": "Downloader Instellingen",
    "GrabSelected": "Selectie Ophalen",
    "IsTagUsedCannotBeDeletedWhileInUse": "Kan niet verwijderd worden terwijl in gebruik",
    "LaunchBrowserHelpText": " Open een web browser en navigeer naar de {appName} startpagina bij het starten van de app.",
    "Level": "Niveau",
    "LidarrSupportsAnyDownloadClientThatUsesTheNewznabStandardAsWellAsOtherDownloadClientsListedBelow": "{appName} ondersteund elke downloader die gebruik maakt van de Newznab standaard, tevens ook de ander hieronder weergegeven downloaders.",
    "LidarrSupportsAnyIndexerThatUsesTheNewznabStandardAsWellAsOtherIndexersListedBelow": "{appName} ondersteund elke indexeerder die gebruik maakt van de Newznab standaard, tevens ook de ander hieronder weergegeven indexeerders.",
    "LidarrTags": "{appName} Tags",
    "Local": "Lokaal",
    "LocalPath": "Lokaal Pad",
    "LocalPathHelpText": "Het pad dat {appName} lokaal moet gebruiken om toegang te krijgen tot het externe pad",
    "LogFiles": "Logbestanden",
    "Logging": "Logbeheer",
    "LogLevel": "Log Niveau",
    "LogLevelvalueTraceTraceLoggingShouldOnlyBeEnabledTemporarily": "Trace log niveau moet enkel tijdelijk worden gebruikt",
    "LongDateFormat": "Lange Datumnotatie",
    "MaintenanceRelease": "Onderhoudsuitgave",
    "ManualImport": "Manuele Import",
    "MarkAsFailed": "Markeer als Mislukt",
    "MarkAsFailedMessageText": "Bent u zeker dat u '{0}' als mislukt wilt markeren?",
    "MaximumLimits": "Maximum Limiet",
    "MaximumSize": "Maximum Grootte",
    "MaximumSizeHelpText": "Maximale grootte in MB voor een op te halen uitgave. Zet op nul voor ongelimiteerd",
    "Mechanism": "Mechanisme",
    "MediaInfo": "Media Informatie",
    "MediaManagementSettings": "Mediabeheer Instellingen",
    "Medium": "Gemiddeld",
    "Message": "Bericht",
    "MetadataSettings": "Metadata Instellingen",
    "MIA": "MIA",
    "MinimumAge": "Minumum Leeftijd",
    "MinimumAgeHelpText": "Enkel Usenet: Minimale leeftijd in minuten voor NZB bestanden alvorens ze worden opgehaald. Gebruik dit om nieuwe uitgaves de tijd te geven om tot bij uw Usenet provider toe te komen.",
    "MinimumFreeSpace": "Minimum Vrije Ruimte",
    "MinimumFreeSpaceWhenImportingHelpText": "Voorkom importeren indien de resulterende schijfruimte minder is dan deze hoeveelheid",
    "MinimumLimits": "Minimum Limieten",
    "Missing": "Ontbrekend",
    "Mode": "Modus",
    "Monitored": "Bewaakt",
    "MoreInfo": "Meer Info",
    "MustContain": "Moet Bevatten",
    "MustNotContain": "Mag Niet Bevatten",
    "NotificationTriggers": "Melding Reactiestarters",
    "NoUpdatesAreAvailable": "Geen updates beschikbaar",
    "OpenBrowserOnStart": "Open de browser bij het starten",
    "Options": "Opties",
    "Path": "Pad",
    "Time": "Tijd",
    "Type": "Type",
    "UiLanguageHelpText": "Taal die {appName} zal gebruiken voor de gebruikersinterface",
    "UnableToLoadIndexers": "Indexeerders kunnen niet worden geladen",
    "UnableToLoadUISettings": "Kon gebruikersinterface instellingen niet inladen",
    "Ungroup": "Degroeperen",
    "Unmonitored": "Onbewaakt",
    "UpdateAll": "Alles Bijwerken",
    "Updates": "Updates",
    "UpdateScriptPathHelpText": "Pad naar een aangepast script dat een uitgepakt updatepakket accepteert en de rest van het updateproces afhandelt",
    "UpgradeAllowedHelpText": "Indien uitgeschakeld zullen kwaliteitsprofielen niet worden bijgewerkt",
    "Uptime": "Bedrijfstijd",
    "URLBase": "URL Basis",
    "UrlBaseHelpText": "Voor reverse proxy ondersteuning, leeg is standaard",
    "UrlBaseHelpTextWarning": "Herstarten vereist om in werking te treden",
    "UseHardlinksInsteadOfCopy": "Gebruik hardlinks in plaats van kopiëren",
    "Usenet": "Usenet",
    "UsenetDelay": "Usenet Vertraging",
    "UsenetDelayHelpText": "Vertraging in minuten om te wachten voordat een uitgave wordt opgehaald van Usenet",
    "UseProxy": "Gebruik Proxy",
    "UserAgentProvidedByTheAppThatCalledTheAPI": "User-Agent geleverd door de app die de API heeft aangeroepen",
    "Username": "Gebruikersnaam",
    "UsingExternalUpdateMechanismBranchToUseToUpdateLidarr": "Te gebruiken branch om {appName} bij te werken",
    "UsingExternalUpdateMechanismBranchUsedByExternalUpdateMechanism": "Gebruikte branch door extern update mechanisme",
    "Version": "Versie",
    "WeekColumnHeader": "Week Kolom Koptekst",
    "Year": "Jaar",
    "YesCancel": "Ja, Annuleren",
    "20MinutesTwenty": "20 Minuten: {0}",
    "Label": "Label",
    "Scheduled": "Gepland",
    "AddMissing": "Voeg ontbrekende toe",
    "Duration": "Duur",
    "OnApplicationUpdate": "Bij applicatie update",
    "OnHealthIssue": "Bij Gezondheidsprobleem",
    "OnRename": "Bij Hernoemen",
    "OnUpgrade": "Bij Opwaarderen",
    "Tracks": "Spoor",
    "OnGrab": "Bij Ophalen",
    "AddedArtistSettings": "Auteur instellingen toegevoegd",
    "Activity": "Activiteit",
    "Add": "Toevoegen",
    "AddDelayProfile": "Voeg vertragingsprofiel toe",
    "Added": "Toegevoegd",
    "AddIndexer": "Voeg Indexeerder Toe",
    "AddNew": "Nieuwe toevoegen",
    "AddQualityProfile": "Kwaliteitsprofiel toevoegen",
    "AddRemotePathMapping": "Voeg Externe Pad Verwijzing Toe",
    "AfterManualRefresh": "Na handmatig verversen",
    "Age": "Ouderdom",
    "All": "Alle",
    "AllFiles": "Alle bestanden",
    "Always": "Altijd",
    "ApplicationURL": "Applicatie URL",
    "ApplicationUrlHelpText": "De externe URL van deze applicatie inclusief http(s)://,Port en URL base",
    "Apply": "Toepassen",
    "AudioInfo": "Audio Info",
    "Backup": "Veiligheidskopie",
    "BeforeUpdate": "Voor de update",
    "Close": "Sluit",
    "Connect": "Connecties",
    "Custom": "Aangepast",
    "CustomFilters": "Aangepaste Filters",
    "Date": "Datum",
    "Donations": "Donaties",
    "DoNotPrefer": "Niet De Voorkeur Geven",
    "DoNotUpgradeAutomatically": "Niet Automatisch Upgraden",
    "EditDelayProfile": "Bewerk Vertraginsprofiel",
    "EditImportListExclusion": "Verwijder van Uitzonderingenlijst",
    "EditQualityProfile": "Bewerk Kwaliteitsprofiel",
    "EditRemotePathMapping": "Bewerk Externe Pad Verwijzing",
    "EditRootFolder": "Voeg hoofdmap toe",
    "Error": "Fout",
    "ErrorRestoringBackup": "Fout bij het herstellen van de back-up",
    "Events": "Gebeurtenissen",
    "EventType": "Gebeurtenis Type",
    "Filters": "Filters",
    "FreeSpace": "Vrije Ruimte",
    "General": "Algemeen",
    "Genres": "Genres",
    "Grabbed": "Opgehaalde",
    "HardlinkCopyFiles": "Hardlink/Kopieer Bestanden",
    "HideAdvanced": "Verberg Gevorderd",
    "Ignored": "Genegeerde",
    "Import": "Importeer",
    "IndexerTagHelpText": "Gebruik deze indexer alleen voor films met ten minste één overeenkomende tag. Laat leeg om te gebruiken met alle films.",
    "LastDuration": "Laatste Looptijd",
    "LastExecution": "Laatste Uitvoering",
    "LastUsed": "Laatst Gebruikt",
    "LastWriteTime": "Laatste Modificatietijd",
    "Library": "Bibliotheek",
    "Location": "Locatie",
    "Manual": "Manueel",
    "MediaManagement": "Mediabeheer",
    "Metadata": "Metadata",
    "MonitoredOnly": "Bewaakt",
    "MoveAutomatically": "Automatisch verplaatsen",
    "MoveFiles": "Verplaats Bestanden",
    "NextExecution": "Volgende uitvoering",
    "NoTagsHaveBeenAddedYet": "Er zijn nog geen tags toegevoegd",
    "Ok": "Ok",
    "OnlyTorrent": "Alleen Torrent",
    "OnlyUsenet": "Alleen Usenet",
    "Organize": "Organiseer",
    "OutputPath": "Uitvoer Pad",
    "Peers": "Peers",
    "PreferAndUpgrade": "Prefereer en Waardeer Op",
    "Presets": "Voorinstellingen",
    "QualityLimitsHelpText": "Limieten zijn automatisch aangepast voor de tijdsduur van de film.",
    "Queued": "Afwachtend",
    "Rating": "Score",
    "RejectionCount": "Afwijzingsniveau",
    "ReleaseTitle": "Uitgave Titel",
    "Replace": "Vervang",
    "RestartRequiredHelpTextWarning": "Herstarten vereist om in werking te treden",
    "RestoreBackupAdditionalInfo": "Aantekening: {appName} zal automatisch de Ui herstarten en herladen gedurende het herstel proces.",
    "Save": "Opslaan",
    "Seeders": "Seeders",
    "Select...": "'Selecteer...",
    "SelectFolder": "Selecteer Map",
    "SelectQuality": "Selecteer Kwaliteit",
    "ShowAdvanced": "Toon Geavanceerd",
    "SizeOnDisk": "Grootte op Schijf",
    "SourceTitle": "Bron Titel",
    "System": "Systeem",
    "Test": "Test",
    "TimeLeft": "Resterende Tijd",
    "Title": "Titel",
    "UnmappedFilesOnly": "Alleen niet-toegewezen bestanden",
    "UnmonitoredOnly": "Bewaakt",
    "UpgradesAllowed": "Upgrades toegestaan",
    "Wanted": "Gezocht",
    "Warn": "Waarschuwing",
    "WouldYouLikeToRestoreBackup": "Wilt u de back-up {name} herstellen?",
    "AddRootFolder": "Voeg hoofdmap toe",
    "Info": "Info",
    "Never": "Nooit",
    "Deleted": "Verwijderd",
    "Details": "Details",
    "DownloadFailed": "Download mislukt",
    "Progress": "Voortgang",
    "AddImportListExclusion": "Importlijst uitzondering toevoegen",
    "IndexerDownloadClientHelpText": "Specificeer welke download cliënt wordt gebruikt voor deze indexer",
    "InteractiveImport": "Interactieve Import",
    "ImportListExclusions": "Verwijder van Uitzonderingenlijst",
    "Renamed": "Hernoemd",
    "TotalSpace": "Totale Ruimte",
    "Ui": "Gebruikersinterface",
    "Absolute": "Absoluut",
    "AddMetadataProfile": "Metadata profiel toevoegen",
    "AllExpandedCollapseAll": "Klap alles in",
    "AllExpandedExpandAll": "Klap alles uit",
    "AddNewItem": "Voeg nieuwe toe",
    "MetadataProfile": "Metadata profiel toevoegen",
    "QualitiesHelpText": "Kwaliteiten hoger in de lijst krijgen meer voorkeur. Kwaliteiten in dezelfde groep zijn gelijk. Enkel geselecteerde kwaliteiten zijn gewenst",
    "Database": "Databasis",
    "AllowArtistChangeClickToChangeArtist": "Klik om auteur aan te passen",
    "DoneEditingGroups": "Groepen Bewerken Voltooien",
    "EditGroups": "Bewerk Groepen",
    "EditMetadataProfile": "Metadata profiel toevoegen",
    "SelectReleaseGroup": "Selecteer Release Groep",
    "ChooseImportMethod": "Kies Importmodus",
    "BypassIfHighestQuality": "Omzeilen indien de hoogste kwaliteit",
    "CustomFormatScore": "Eigen Formaat Score",
    "MetadataProfiles": "Metadata profiel toevoegen",
    "MinimumCustomFormatScore": "Minimum Eigen Formaat Score",
    "AddConnection": "Voeg connectie toe",
    "ClickToChangeReleaseGroup": "Klik om de releasegroep te wijzigen",
    "CloneCustomFormat": "Dupliceer Eigen Formaat",
    "Conditions": "Condities",
    "CopyToClipboard": "Kopieer naar Klembord",
    "CouldntFindAnyResultsForTerm": "Kon geen resultaten vinden voor '{0}'",
    "CustomFormat": "Eigen Formaat",
    "CustomFormatRequiredHelpText": "Deze {0} conditie moet overeenstemmen om het eigen formaat te kunnen toepassen. Anders is een enkele {1} overeenstemming voldoende.",
    "CustomFormatSettings": "Eigen Formaten Instellingen",
    "CustomFormats": "Eigen Formaten",
    "Customformat": "Eigen Formaat",
    "CutoffFormatScoreHelpText": "Wanneer deze eigen formaat score is behaald, zal {appName} niet langer films downloaden",
    "DeleteCustomFormat": "Verwijder Eigen Formaat",
    "DeleteCustomFormatMessageText": "Bent u zeker dat u de indexeerder '{0}' wilt verwijderen?",
    "DeleteFormatMessageText": "Weet je zeker dat je formaat tag {0} wilt verwijderen?",
    "DownloadPropersAndRepacksHelpTextWarning": "Gebruik eigen formaat voor automatische opwaarderingen naar PROPERS/REPACKS",
    "DownloadedUnableToImportCheckLogsForDetails": "Gedownload - Kan niet importeren: controleer de logboeken voor details",
    "ExportCustomFormat": "Exporteer Eigen Formaat",
    "FailedDownloadHandling": "Mislukte Download Afhandeling",
    "FailedLoadingSearchResults": "Laden van zoekresultaten is mislukt, gelieve opnieuw te proberen.",
    "Formats": "Formaten",
    "IncludeCustomFormatWhenRenamingHelpText": "Voeg toe aan het {Eigen Formaten} hernoemingsformaat",
    "ItsEasyToAddANewArtistJustStartTypingTheNameOfTheArtistYouWantToAdd": "Het is gemakkelijk om een nieuwe film toe te voegen, begin gewoon met de naam te typen van de film die je wilt toevoegen",
    "MinFormatScoreHelpText": "Minimum eigen formaat score toegelaten om te downloaden",
    "Monitor": "Bewaak",
    "NegateHelpText": "Indien aangevinkt, zal het eigen formaat niet worden toegepast indien deze {0} conditie overeenstemt.",
    "PreferTorrent": "Geef Torrent Voorkeur",
    "PreferUsenet": "Geef Usenet Voorkeur",
    "UnableToLoadCustomFormats": "Eigen formaten kunnen niet worden geladen",
    "UnableToLoadInteractiveSearch": "Kan resultaten voor deze filmzoekopdracht niet laden. Probeer het later nogmaals",
    "TheArtistFolderStrongpathstrongAndAllOfItsContentWillBeDeleted": "De film map '{0}' en al zijn inhoud zal worden verwijdert.",
    "Disabled": "Uitgeschakeld",
    "DownloadClientCheckNoneAvailableMessage": "Er is geen downloader beschikbaar",
    "HiddenClickToShow": "Verborgen, klik om te tonen",
    "ImportMechanismHealthCheckMessage": "Activeer Voltooide Download Afhandeling",
    "IndexerLongTermStatusCheckAllClientMessage": "Alle indexeerders zijn niet beschikbaar vanwege storingen gedurende meer dan 6 uur",
    "IndexerLongTermStatusCheckSingleClientMessage": "Indexeerders zijn niet beschikbaar vanwege storingen gedurende meer dan 6 uur: {0}",
    "IndexerRssHealthCheckNoAvailableIndexers": "Alle RSS-capabele indexeerders zijn tijdelijk onbeschikbaar wegens recente fouten",
    "IndexerSearchCheckNoAutomaticMessage": "Geen indexeerders beschikbaar met \"Automatisch Zoeken\" ingeschakeld, {appName} zal geen automatische zoekopdrachten uitvoeren",
    "IndexerSearchCheckNoAvailableIndexersMessage": "Alle indexeerders met zoekcapaciteit zijn tijdelijk onbeschikbaar wegens recente fouten",
    "IndexerSearchCheckNoInteractiveMessage": "Geen indexeerders beschikbaar met \"Interactief Zoeken\" ingeschakeld, {appName} zal geen interactieve zoekopdrachten uitvoeren",
    "IndexerStatusCheckAllClientMessage": "Alle indexeerders zijn onbeschikbaar wegens fouten",
    "ProxyCheckResolveIpMessage": "Achterhalen van het IP-adres voor de geconfigureerde proxy host {0} is mislukt",
    "RemotePathMappingCheckBadDockerPath": "U gebruikt docker; downloadclient {0} plaatst downloads in {1} maar dit is geen geldig {2}-pad.  Controleer uw externe padtoewijzingen en download clientinstellingen.",
    "ShownClickToHide": "Getoond, klik om te verbergen",
    "DownloadClientRootFolderHealthCheckMessage": "Downloadclient {downloadClientName} plaatst downloads in de hoofdmap {rootFolderPath}. U mag niet naar een hoofdmap downloaden.",
    "DownloadClientCheckUnableToCommunicateMessage": "Niet in staat om te communiceren met {0}.",
    "DownloadClientStatusCheckSingleClientMessage": "Downloaders onbeschikbaar wegens fouten: {0}",
    "IndexerRssHealthCheckNoIndexers": "Geen indexeerders beschikbaar met \"RSS Synchronisatie\" ingeschakeld, {appName} zal niet automatisch nieuwe uitgaves ophalen",
    "IndexerStatusCheckSingleClientMessage": "Indexeerders onbeschikbaar wegens fouten: {0}",
    "RemotePathMappingCheckFilesLocalWrongOSPath": "Lokale downloadclient {0} rapporteerde bestanden in {1}, maar dit is geen geldig {2}-pad.  Controleer de instellingen van uw downloadclient.",
    "Album": "Album",
    "AppDataLocationHealthCheckMessage": "Updaten zal niet mogelijk zijn om het verwijderen van AppData te voorkomen",
    "ColonReplacement": "Dubbelepunt Vervanging",
    "DownloadClientStatusCheckAllClientMessage": "Alle downloaders zijn onbeschikbaar wegens fouten",
    "ImportListStatusCheckAllClientMessage": "Alle lijsten zijn onbeschikbaar wegens fouten",
    "ImportListStatusCheckSingleClientMessage": "Lijsten onbeschikbaar wegens fouten: {0}",
    "MountArtistHealthCheckMessage": "Een mount dat een film pad bevat is gemount als alleen-lezen: ",
    "ProxyCheckBadRequestMessage": "Testen van proxy is mislukt. Statuscode: {0}",
    "ProxyCheckFailedToTestMessage": "Testen van proxy is mislukt: {0}",
    "RemotePathMappingCheckDownloadPermissions": "{appName} kan gedownloade film {0} zien, maar niet openen.  Waarschijnlijk fout met machtigingen.",
    "RemotePathMappingCheckFileRemoved": "Bestand {0} is halverwege de verwerking verwijderd.",
    "RemotePathMappingCheckDockerFolderMissing": "U gebruikt docker; downloadclient {0} plaatst downloads in {1} maar deze map lijkt niet te bestaan in de container.  Controleer uw externe padtoewijzingen en instellingen voor containervolume.",
    "RemotePathMappingCheckFilesGenericPermissions": "Download client {0} gerapporteerde bestanden in {1} maar {appName} kan deze map niet zien.  Mogelijk moet u de rechten van de map aanpassen.",
    "RemotePathMappingCheckFilesBadDockerPath": "U gebruikt docker; download client {0} gerapporteerde bestanden in {1} maar dit is geen geldig {2} pad.  Controleer uw externe padtoewijzingen en download clientinstellingen.",
    "RemotePathMappingCheckFilesWrongOSPath": "Externe downloadclient {0} rapporteerde bestanden in {1}, maar dit is geen geldig {2}-pad.  Controleer uw externe padtoewijzingen en download clientinstellingen.",
    "RemotePathMappingCheckFolderPermissions": "{appName} kan de downloadmap {0} zien, maar niet openen.  Waarschijnlijk fout met machtigingen.",
    "RemotePathMappingCheckGenericPermissions": "Downloadclient {0} plaatst downloads in {1} maar {appName} kan deze map niet zien.  Mogelijk moet u de machtigingen van de map aanpassen.",
    "RemotePathMappingCheckImportFailed": "{appName} kan een film niet importeren.  Controleer uw logboeken voor details.",
    "RemotePathMappingCheckLocalFolderMissing": "Externe downloadclient {0} plaatst downloads in {1}, maar deze map lijkt niet te bestaan.  Waarschijnlijk ontbrekende of onjuiste toewijzing van externe paden.",
    "RemotePathMappingCheckLocalWrongOSPath": "Lokale downloadclient {0} plaatst downloads in {1}, maar dit is geen geldig {2}-pad.  Controleer de instellingen van uw downloadclient.",
    "RemotePathMappingCheckRemoteDownloadClient": "Externe downloadclient {0} rapporteerde bestanden in {1}, maar deze map lijkt niet te bestaan.  Waarschijnlijk ontbrekende externe padtoewijzing.",
    "RemotePathMappingCheckWrongOSPath": "Externe downloadclient {0} plaatst downloads in {1}, maar dit is geen geldig {2}-pad.  Controleer uw externe padtoewijzingen en download clientinstellingen.",
    "ReplaceWithDash": "Vervang met Streepje",
    "ReplaceWithSpaceDash": "Vervang met Spatie Streepje",
    "ReplaceWithSpaceDashSpace": "Vervang met Spatie Streepje Spatie",
    "RootFolderCheckMultipleMessage": "Meerdere hoofdmappen ontbreken: {0}",
    "RootFolderCheckSingleMessage": "Ontbrekende hoofdmap: {0}",
    "SystemTimeCheckMessage": "De systeemtijd loopt verkeerd met meer dan 1 dag. Geplande taken worden mogelijk niet goed uitgevoerd tot dit is opgelost",
    "UpdateAvailableHealthCheckMessage": "Nieuwe update is beschikbaar",
    "UpdateCheckStartupNotWritableMessage": "Kan de update niet installeren omdat de map '{0}' niet schrijfbaar is voor de gebruiker '{1}'.",
    "UpdateCheckStartupTranslocationMessage": "Kan de update niet installeren omdat de map '{0}' zich in een 'App Translocation' map bevindt.",
    "UpdateCheckUINotWritableMessage": "Kan de update niet installeren omdat de UI map '{0}' niet schrijfbaar is voor de gebruiker '{1}'.",
    "ApiKeyValidationHealthCheckMessage": "Maak je API sleutel alsjeblieft minimaal {0} karakters lang. Dit kan gedaan worden via de instellingen of het configuratiebestand",
    "IndexerJackettAll": "Indexeerders die het niet ondersteunde 'all' endpoint van Jacket gebruiken: {0}",
    "OnHealthRestored": "Bij opgelost gezondheidsprobleem",
    "RemoveDownloadsAlert": "De verwijderopties zijn verplaatst naar de opties voor de individuele downloadprogramma's in de tabel hierboven.",
    "RemoveFailed": "Verwijderen mislukt",
    "ResetDefinitions": "Reset definities",
    "ResetTitles": "Reset titels",
    "ThereWasAnErrorLoadingThisItem": "Er ging iets fout bij het laden van dit item",
    "ThereWasAnErrorLoadingThisPage": "Er ging iets fout bij het laden van deze pagina",
    "InstanceName": "Naam van de instantie",
    "PreferredProtocol": "Voorkeursprotocol",
    "Albums": "album",
    "ExpandAlbumByDefaultHelpText": "album",
    "RecycleBinUnableToWriteHealthCheck": "Kan niet schrijven naar prullenbak: {0}. Zorg dat dit pad bestaat en schrijfbaar is voor de gebruiker waaronder {appName} draait",
    "DeleteRemotePathMapping": "Bewerk Externe Pad Verwijzing",
    "EnableRssHelpText": "Wordt gebruikt wanneer {appName} periodiek zoekt naar uitgaven via RSS synchronisatie",
    "Theme": "Thema",
    "Loading": "Laden",
    "BlocklistReleaseHelpText": "Voorkom dat {appName} deze release nogmaals automatisch ophaalt",
    "FailedToLoadQueue": "Laden van de wachtrij is mislukt",
    "Required": "Benodigd",
    "ResetQualityDefinitions": "Reset kwaliteitsdefinities",
    "ApplyTagsHelpTextAdd": "Toevoegen: Voeg de tags toe aan de bestaande tag lijst",
    "ApplyTagsHelpTextRemove": "Verwijderen: Verwijder de ingevoerde tags",
    "BlocklistReleases": "Uitgave op blokkeerlijst zetten",
    "CountIndexersSelected": "{0} Indexer(s) Geselecteerd",
    "DeleteConditionMessageText": "Bent u zeker dat u de lijst '{0}' wilt verwijderen?",
    "DeleteSelectedDownloadClients": "Verwijder Downloader",
    "DeleteSelectedIndexers": "Verwijder Indexeerder",
    "ExistingTag": "Bestaande tag",
    "No": "Nee",
    "Negated": "Genegeerd",
    "NoChange": "Geen Wijziging",
    "RemoveSelectedItems": "Verwijder geselecteerde items",
    "RemovingTag": "Tag verwijderen",
    "SetTags": "Tags Toepassen",
    "Yes": "Ja",
    "DownloadClientSortingCheckMessage": "Download cliënt {0} heeft {1} sortering aanstaan voor {appName}'s categorie. U zou sortering uit moeten zetten in uw download cliënt om importeerproblemen te voorkomen.",
    "NoEventsFound": "Geen gebeurtenissen gevonden",
    "RemoveSelectedItem": "Verwijder geselecteerde item",
    "DownloadClientTagHelpText": "Gebruik deze indexer alleen voor films met ten minste één overeenkomende tag. Laat leeg om te gebruiken met alle films.",
    "QueueIsEmpty": "Wachtrij is leeg",
    "RemoveSelectedItemQueueMessageText": "Weet je zeker dat je 1 item van de wachtrij wilt verwijderen?",
    "RemoveSelectedItemsQueueMessageText": "Weet je zeker dat je {0} van de wachtrij wilt verwijderen?",
    "DeleteSelectedDownloadClientsMessageText": "Bent u zeker dat u de indexeerder '{0}' wilt verwijderen?",
    "DeleteSelectedImportListsMessageText": "Bent u zeker dat u de indexeerder '{0}' wilt verwijderen?",
    "ApplyTagsHelpTextHowToApplyArtists": "Hoe tags toe te passen op de geselecteerd films",
    "ApplyTagsHelpTextHowToApplyImportLists": "Hoe tags toepassen op de geselecteerde import lijsten",
    "ApplyTagsHelpTextHowToApplyIndexers": "Hoe tags toepassen op de geselecteerde indexeerders",
    "DeleteSelectedIndexersMessageText": "Bent u zeker dat u de indexeerder '{0}' wilt verwijderen?",
    "RemoveCompletedDownloads": "Verwijder voltooide downloads",
    "RemoveFailedDownloads": "Verwijder mislukte downloads",
    "ApplyChanges": "Pas Wijzigingen Toe",
    "AutoAdd": "Automatisch Toevoegen",
    "AutomaticAdd": "Automatisch Toevoegen",
    "ApplyTagsHelpTextHowToApplyDownloadClients": "Hoe tags toepassen op de geselecteerde download clients",
    "SomeResultsAreHiddenByTheAppliedFilter": "Sommige resultaten zijn verborgen door de aangebrachte filter",
    "SuggestTranslationChange": "Stel vertaling voor",
    "CountDownloadClientsSelected": "{count} download client(s) geselecteerd",
    "UpdateSelected": "Selectie Bijwerken",
    "AllResultsAreHiddenByTheAppliedFilter": "Alle resultaten zijn verborgen door de toegepaste filter",
    "NoResultsFound": "Geen resultaten gevonden",
    "ImportListRootFolderMissingRootHealthCheckMessage": "Ontbrekende hoofdmap voor importlijst(en): {0}",
    "ImportListRootFolderMultipleMissingRootsHealthCheckMessage": "Er ontbreken meerdere hoofdmappen voor importlijsten: {0}",
    "ConnectionLost": "Verbinding Onderbroken",
    "ConnectionLostReconnect": "Radarr zal automatisch proberen te verbinden, of u kunt hieronder op herladen klikken.",
    "ConnectionLostToBackend": "Radarr heeft zijn verbinding met de backend verloren en zal moeten worden herladen om de functionaliteit te kunnen herstellen.",
    "RecentChanges": "Recente wijzigingen",
    "CloneCondition": "Kloon Conditie",
    "Enabled": "Ingeschakeld",
    "Priority": "Prioriteit",
    "WhatsNew": "Wat is er nieuw?",
    "AddNewArtistRootFolderHelpText": "'{0}' submap zal automatisch worden aangemaakt",
    "NotificationStatusSingleClientHealthCheckMessage": "Applicaties onbeschikbaar door fouten",
    "NotificationStatusAllClientHealthCheckMessage": "Alle applicaties onbeschikbaar door fouten",
    "ErrorLoadingContent": "Er ging iets fout bij het laden van dit item",
    "AddConditionImplementation": "Voeg voorwaarde toe - {implementationName}",
    "AddConnectionImplementation": "Voeg connectie toe - {implementationName}",
    "AddDownloadClientImplementation": "Voeg Downloadclient Toe - {implementationName}",
    "AddIndexerImplementation": "Indexeerder toevoegen - {implementationName}",
    "AppUpdated": "{appName} is geüpdatet",
    "AppUpdatedVersion": "{appName} is geüpdatet naar versie '{version}', om de laatste wijzigingen door te voeren moet je mogelijk {appName} herstarten",
    "AuthenticationRequired": "Verificatie vereist",
    "AddImportList": "Importlijst toevoegen",
    "AuthenticationMethod": "Authenticatiemethode",
    "AuthenticationMethodHelpTextWarning": "Selecteer een geldige verificatie methode",
    "AddImportListImplementation": "Importlijst toevoegen - {implementationName}",
    "EditImportListImplementation": "Importlijst toevoegen - {implementationName}",
    "EditIndexerImplementation": "Indexeerder toevoegen - {implementationName}",
    "ReleaseProfile": "releaseprofiel",
    "Small": "Klein",
    "AuthenticationRequiredHelpText": "Pas aan welke requests verificatie nodig hebben. Pas niets aan als je de risico's niet begrijpt.",
    "AuthenticationRequiredPasswordHelpTextWarning": "Voer een nieuw wachtwoord in",
    "AddImportListExclusionArtistHelpText": "Voorkom toevoegen van series aan {appName} door lijsten",
    "ReleaseProfiles": "releaseprofiel",
    "EditDownloadClientImplementation": "Voeg Downloadclient toe - {implementationName}",
    "EditReleaseProfile": "Voeg Releaseprofiel toe",
    "Episode": "aflevering",
    "ExtraFileExtensionsHelpText": "Komma gescheiden lijst met extra bestanden om te importeren (.nfo zal als .nfo-orig worden geïmporteerd)",
    "ExtraFileExtensionsHelpTextsExamples": "Voorbeelden: '.sub, .nfo' of 'sub,nfo'",
    "GrabId": "ID Ophalen",
    "ImportList": "importlijst",
    "Large": "Groot",
    "Negate": "Negeren",
    "NoLimitForAnyDuration": "Geen limiet voor eender welke speelduur",
    "NoMinimumForAnyDuration": "Geen minimum voor een speelduur",
    "OrganizeSelectedArtists": "Sorteer Geselecteerde Films",
    "Overview": "Overzicht",
    "OverviewOptions": "Overzicht Opties",
    "PreferredSize": "Gewenste Grootte",
    "RenameFiles": "Hernoem Bestanden",
    "Unlimited": "Onbeperkt",
    "ImportLists": "importlijst",
    "DisabledForLocalAddresses": "Uitgeschakeld voor lokale adressen",
    "TBA": "NNB",
    "PosterOptions": "Affiche Opties",
    "Posters": "Affiches",
    "Table": "Tabel",
    "AddImportListExclusionAlbumHelpText": "Voorkom toevoegen van series aan {appName} door lijsten",
    "EditConditionImplementation": "Voeg connectie toe - {implementationName}",
    "EditConnectionImplementation": "Voeg connectie toe - {implementationName}",
    "AlbumsLoadError": "Kon geen veiligheidskopieën laden",
    "AuthForm": "Formulier (inlogpagina)",
    "AuthenticationRequiredPasswordConfirmationHelpTextWarning": "Bevestig het nieuwe wachtwoord",
    "AuthenticationRequiredUsernameHelpTextWarning": "Voeg een nieuwe gebruikersnaam in",
    "AuthenticationRequiredWarning": "Om toegang zonder authenticatie te voorkomen vereist {appName} nu verificatie. Je kan dit optioneel uitschakelen voor lokale adressen.",
    "AutoTagging": "Automatisch Taggen",
    "AutoTaggingLoadError": "Laden van automatisch taggen is mislukt",
    "AutoTaggingNegateHelpText": "Als aangevinkt worden de automatisch taggen regels worden niet toegepast als {implementationName} condities overeen komen.",
    "BypassIfHighestQualityHelpText": "Vertraging negeren wanneer een release de hoogst mogelijke kwaliteit heeft in het kwaliteitsprofiel van het geprefereerde protocol",
    "CloneAutoTag": "Kopieer Automatische Tag",
    "ConditionUsingRegularExpressions": "Deze conditie toont een overeenkomst vanwege Reguliere Expressie. Merk op dat de karakters {0} een speciale betekenis hebben en met {1} moeten worden voorgegaan om hun oorspronkelijke betekenis te krijgen",
    "Connection": "Connectie",
    "DeleteArtistFolderHelpText": "Verwijder de film map en zijn inhoud",
    "DeleteAutoTagHelpText": "Bent u zeker dat u de lijst '{name}' wilt verwijderen?",
    "DeleteSpecification": "Verwijder Notificatie",
    "DeleteSpecificationHelpText": "Bent u zeker dat u de lijst '{name}' wilt verwijderen?",
    "AddListExclusionHelpText": "Voorkom toevoegen van series aan {appName} door lijsten",
    "AddReleaseProfile": "Voeg Releaseprofiel toe",
    "Auto": "Automatisch",
    "AddAutoTag": "Voeg Automatische Tag toe",
    "AddAutoTagError": "Niet in staat een nieuw automatisch label toe te voegen, probeer het opnieuw.",
    "AddCondition": "Voeg Conditie toe",
    "AddConditionError": "Kon geen nieuwe conditie toevoegen, gelieve opnieuw te proberen.",
    "AddNewArtistSearchForMissingAlbums": "Begin met zoeken naar ontbrekende film",
    "AuthBasic": "Basic (Browser Pop-up)",
    "DeleteArtistFoldersHelpText": "Verwijder de film map en zijn inhoud",
    "AutoRedownloadFailed": "Opnieuw downloaden mislukt",
    "AutoRedownloadFailedFromInteractiveSearch": "Opnieuw downloaden mislukt vanuit interactief zoeken",
    "AutoRedownloadFailedFromInteractiveSearchHelpText": "Zoek en download automatisch een andere release als een release vanuit interactief zoeken mislukt is",
    "RemoveQueueItemConfirmation": "Weet je zeker dat je {0} van de wachtrij wilt verwijderen?",
    "IncludeHealthWarnings": "Voeg Gezondheidswaarschuwingen Toe",
    "DefaultCase": "Standaard Geval",
    "FileNameTokens": "Bestandsnaam Tokens",
    "Uppercase": "Hoofdletters",
    "KeyboardShortcuts": "Sneltoetsen",
    "Links": "Koppelingen",
    "Lowercase": "Kleine letters",
    "MonitoredStatus": "Bewaakt/Status",
    "ConnectSettingsSummary": "Notificaties, connecties met media servers/spelers en scripts",
    "CustomFormatsSettings": "Eigen Formaten Instellingen",
    "DownloadClientsSettingsSummary": "Download applicaties, download afhandeling en externe pad verwijzing",
    "GeneralSettingsSummary": "Poort, SSL, gebruikersnaam/wachtwoord, proxy, statistieken en updates",
    "ImportListsSettingsSummary": "Importeer van een andere {appName} of Trakt lijst en regel lijst uitzonderingen",
    "TagsSettingsSummary": "Bekijk alle tags en hun gebruik. Ongebruikte tags kunnen worden verwijderd",
    "UiSettingsSummary": "Kalender, datum en tijd, kleurenblindheid en taal instellingen",
    "CustomFormatsSettingsSummary": "Eigen Formaten en instellingen",
    "QualitySettingsSummary": "Kwaliteitsdefinities en benaming",
    "ArtistIndexFooterDownloading": "Downloaden",
    "AutomaticSearch": "Automatisch Zoeken",
    "FormatAgeMinutes": "minuten",
    "ClearBlocklistMessageText": "Weet je zeker dat je de blokkeerlijst wil legen?",
    "ChangeCategory": "Verander categorie",
    "RegularExpressionsCanBeTested": "Reguliere expressies kunnen [hier] worden getest ({url}).",
    "AutomaticUpdatesDisabledDocker": "Automatische updates zijn niet ondersteund wanneer je het docker update mechanisme gebruikt. Je dient de container image up te daten buiten {appName} om of een script te gebruiken",
    "ChownGroup": "chown groep",
    "AddAlbumWithTitle": "Toevoegen",
    "AutoTaggingSpecificationTag": "Tag",
    "IndexerFlags": "Indexeerder Flags",
    "InteractiveSearchModalHeader": "Interactief Zoeken",
    "CatalogNumber": "catalogusnummer",
    "Artist": "artiest",
    "CustomFilter": "Aangepaste Filters",
    "Discography": "discografie",
    "FormatAgeHour": "Uren",
    "FormatAgeHours": "Uren",
    "FormatAgeMinute": "minuten",
    "GrabReleaseUnknownArtistOrAlbumMessageText": "{appName} was niet in staat om deze uitgave aan een film te koppelen. {appName} zal waarschijnlijk deze uitgave niet automatisch kunnen importeren. Wilt u '{0}' ophalen?",
    "IndexerPriorityHelpText": "Indexeerder Prioriteit van 1 (Hoogste) tot 50 (Laagste). Standaard: 25. Wordt gebruikt als tiebreaker voor anderszins gelijke uitgaves, {appName} zal nog steeds alle ingeschakelde indexeerderders gebruiken voor RSS synchronisate en zoekopdrachten",
    "MonitorNoAlbums": "Geen",
    "Release": " Uitgebracht",
    "Yesterday": "Gisteren",
    "AddToDownloadQueue": "Toevoegen aan download wachtrij",
    "AddedToDownloadQueue": "Toegevoegd aan download wachtrij",
    "Artists": "artiest",
    "Tomorrow": "Morgen",
    "Any": "Elke",
    "BuiltIn": "Ingebouwd",
    "Script": "Script",
    "ClickToChangeIndexerFlags": "Klik om indexeringsvlaggen te wijzigen",
    "BlocklistAndSearch": "Blokkeerlijst en zoeken",
    "ChangeCategoryMultipleHint": "Wijzigt downloads naar de 'Post-Import Categorie' van Downloadclient",
    "ConnectionSettingsUrlBaseHelpText": "Voegt een voorvoegsel toe aan de {connectionName} url, zoals {url}",
    "CustomFormatsSpecificationFlag": "Vlag",
    "AutoTaggingRequiredHelpText": "Deze {implementationName} voorwaarde moet overeenkomen om de auto tagging regel toe te passen. Anders is een enkele {implementationName} voldoende.",
    "BlocklistAndSearchHint": "Een vervanger zoeken na het blokkeren",
    "BlocklistAndSearchMultipleHint": "Zoekopdrachten voor vervangers starten na het blokkeren van de lijst",
    "BlocklistOnlyHint": "Blokkeer lijst zonder te zoeken naar een vervanger",
    "BlocklistMultipleOnlyHint": "Blocklist zonder te zoeken naar vervangers",
    "BlocklistOnly": "Alleen bloklijst",
    "ChangeCategoryHint": "Verandert download naar de 'Post-Import Categorie' van Downloadclient",
    "ClearBlocklist": "Blokkeerlijst wissen",
    "Clone": "Kloon",
    "CustomFormatsSpecificationRegularExpression": "Reguliere expressie",
    "CustomFormatsSpecificationRegularExpressionHelpText": "Aangepaste opmaak RegEx is hoofdletterongevoelig",
    "CustomFormatsSettingsTriggerInfo": "Een Aangepast Formaat wordt toegepast op een uitgave of bestand als het overeenkomt met ten minste één van de verschillende condities die zijn gekozen.",
    "DeleteSelectedCustomFormats": "Verwijder Eigen Formaat",
    "IncludeCustomFormatWhenRenaming": "Eigen Formaat toevoegen bij het hernoemen",
    "CountArtistsSelected": "{count} importeer lijst(en) geselecteerd",
    "BypassIfAboveCustomFormatScore": "Omzeilen indien boven aangepaste opmaak score",
    "BypassIfAboveCustomFormatScoreHelpText": "Schakel omleiding in als de release een score heeft die hoger is dan de geconfigureerde minimale aangepaste formaatscore",
    "MinimumCustomFormatScoreHelpText": "Minimumscore aangepast formaat vereist om vertraging voor het voorkeursprotocol te omzeilen",
    "AptUpdater": "Gebruik apt om de update te installeren",
    "DockerUpdater": "Update de docker container om de update te ontvangen",
    "InstallLatest": "Installeer Nieuwste Versie",
    "OnLatestVersion": "De nieuwste versie van {appName} is al geïnstalleerd",
    "Shutdown": "Afsluiten",
    "ExternalUpdater": "{appName} is geconfigureerd om een extern update mechanisme te gebruiken",
    "UpdateAppDirectlyLoadError": "Kan {appName} niet rechtstreeks updaten,",
    "UnmappedFiles": "Niet-toegewezen Mappen",
    "AddDelayProfileError": "Mislukt om vertragingsprofiel toe te voegen, probeer het later nog eens.",
    "Max": "Max",
    "Today": "Vandaag",
    "Min": "Min",
    "Preferred": "Voorkeur gegeven",
    "MappedNetworkDrivesWindowsService": "Toegewezen netwerkstation is niet beschikbaar wanneer Prowlarr wordt uitgevoerd als een Windows Service. Bekijk de Veelgestelde Vragen voor meer informatie",
    "DownloadClientSettingsRecentPriority": "Client Prioriteit",
    "AddArtistWithName": "{artistName} toevoegen",
    "AddNewArtist": "Voeg nieuwe artiest toe",
    "AddNewAlbum": "Voeg nieuw album toe",
    "AddNewAlbumSearchForNewAlbum": "Start zoektoch voor een nieuw album",
    "DownloadWarning": "Download waarschuwing: {warningMessage}",
    "Downloaded": "Gedownload",
    "Pending": "In afwachting",
    "WaitingToProcess": "Wachten tot Verwerking",
    "CheckDownloadClientForDetails": "controleer downloader voor meer details",
    "ImportFailed": "Importeren mislukt: {sourceTitle}",
    "Paused": "Gepauzeerd",
    "WaitingToImport": "Wachten tot Importeren"
}
