{
    "Language": "Idioma",
    "UiLanguage": "Idioma da interface",
    "20MinutesTwenty": "20 minutos: {0}",
    "Blocklist": "Lista de bloqueio",
    "45MinutesFourtyFive": "45 minutos: {0}",
    "YesCancel": "Sim, Cancelar",
    "Actions": "Ações",
    "About": "Sobre",
    "60MinutesSixty": "60 minutos: {0}",
    "Absolute": "Absoluto",
    "Time": "Tempo",
    "AddingTag": "Adicionar etiqueta",
    "Component": "Componente",
    "Level": "Nível",
    "Artist": "Artista",
    "ArtistAlbumClickToChangeTrack": "Clique para mudar a faixa",
    "ArtistEditor": "Editor de artistas",
    "ArtistFolderFormat": "Formato da pasta do artista",
    "ArtistNameHelpText": "O nome do artista/álbum a excluir (pode ser qualquer coisa significativa)",
    "Artists": "Artistas",
    "Authentication": "Autenticação",
    "AuthenticationMethodHelpText": "Exigir nome de usuário e senha para acessar o {appName}",
    "AddListExclusion": "Adicionar exclusão à lista",
    "AlbumHasNotAired": "O álbum não foi lançado",
    "AlbumIsDownloading": "O álbum está baixando",
    "AppDataDirectory": "Diretório AppData",
    "AddMissing": "Adicionar ausentes",
    "AddNewItem": "Adicionar Novo Item",
    "AgeWhenGrabbed": "Tempo de vida (quando obtido)",
    "Album": "Álbum",
    "ApplyTags": "Aplicar etiquetas",
    "AlbumIsDownloadingInterp": "O álbum está baixando: {0}% {1}",
    "AlbumIsNotMonitored": "O álbum não está sendo monitorado",
    "AlbumStudio": "Album Studio",
    "AllAlbums": "Todos os álbuns",
    "AllAlbumsData": "Monitorar todos os álbuns, exceto os especiais",
    "AllArtistAlbums": "Todos os álbuns do artista",
    "AllExpandedCollapseAll": "Recolher tudo",
    "AllExpandedExpandAll": "Expandir tudo",
    "AllowArtistChangeClickToChangeArtist": "Clique para alterar o artista",
    "AllowFingerprinting": "Permitir impressão digital",
    "AllowFingerprintingHelpText": "Usar a impressão digital para melhorar a precisão da correspondência de faixas",
    "AllowFingerprintingHelpTextWarning": "Isto exige que o {appName} leia partes do arquivo, o que pode reduzir a velocidade das verificações e gerar maior atividade na rede ou no disco.",
    "AlreadyInYourLibrary": "Já está na sua biblioteca",
    "AlternateTitles": "Títulos alternativos",
    "AlternateTitleslength1Title": "Título",
    "AlternateTitleslength1Titles": "Títulos",
    "Analytics": "Análises",
    "AnalyticsEnabledHelpText": "Envie informações anônimas de uso e erro para os servidores do {appName}. Isso inclui informações sobre seu navegador, quais páginas da interface Web do {appName} você usa, relatórios de erros, a versão do sistema operacional e do tempo de execução. Usaremos essas informações para priorizar recursos e correções de bugs.",
    "AnalyticsEnabledHelpTextWarning": "Requer reinício para ter efeito",
    "AnchorTooltip": "Este arquivo já está na sua biblioteca em um lançamento que está sendo importado no momento",
    "AnyReleaseOkHelpText": "O {appName} alternará automaticamente para o lançamento que melhor corresponde às faixas baixadas",
    "ApiKeyHelpTextWarning": "Requer reinício para ter efeito",
    "ArtistClickToChangeAlbum": "Clique para mudar o álbum",
    "APIKey": "Chave da API",
    "AutoRedownloadFailedHelpText": "Procurar e tentar baixar automaticamente um lançamento diferente",
    "BackupFolderHelpText": "Os caminhos relativos estarão no diretório AppData do {appName}",
    "BackupIntervalHelpText": "Intervalo para fazer backup do banco de dados e configurações do {appName}",
    "Automatic": "Automático",
    "AutomaticallySwitchRelease": "Trocar automaticamente de lançamento",
    "BackupNow": "Fazer backup agora",
    "RemotePathHelpText": "Caminho raiz para o diretório que o cliente de download acessa",
    "CertificateValidationHelpText": "Alterar a rigidez da validação da certificação HTTPS. Não mude a menos que você entenda os riscos.",
    "BackupRetentionHelpText": "Backups automáticos anteriores ao período de retenção serão excluídos automaticamente",
    "Backups": "Backups",
    "BindAddress": "Vincular endereço",
    "BindAddressHelpText": "Endereço IP válido, localhost ou '*' para todas as interfaces",
    "BindAddressHelpTextWarning": "Requer reiniciar para ter efeito",
    "BlocklistRelease": "Lançamento na lista de bloqueio",
    "Branch": "Ramificação",
    "BypassProxyForLocalAddresses": "Ignorar proxy para endereços locais",
    "Calendar": "Calendário",
    "CalendarWeekColumnHeaderHelpText": "Mostrar acima de cada coluna quando a semana está na exibição ativa",
    "Cancel": "Cancelar",
    "CancelPendingTask": "Tem certeza de que deseja cancelar esta tarefa pendente?",
    "CatalogNumber": "Número do Catálogo",
    "CertificateValidation": "Validação de certificado",
    "ChangeFileDate": "Alterar data do arquivo",
    "ChangeHasNotBeenSavedYet": "A alteração ainda não foi salva",
    "ChmodFolder": "Fazer chmod na pasta",
    "UiLanguageHelpTextWarning": "É necessário recarregar o navegador",
    "UiSettings": "Configurações da interface",
    "UnableToAddANewDownloadClientPleaseTryAgain": "Não foi possível adicionar um novo cliente de download. Tente novamente.",
    "UnableToAddANewImportListExclusionPleaseTryAgain": "Não foi possível adicionar uma nova exclusão da lista de importação. Tente novamente.",
    "UnableToAddANewIndexerPleaseTryAgain": "Não foi possível adicionar um novo indexador. Tente novamente.",
    "UnableToAddANewListPleaseTryAgain": "Não foi possível adicionar uma nova lista. Tente novamente.",
    "UnableToAddANewMetadataProfilePleaseTryAgain": "Não foi possível adicionar um novo perfil de metadados, tente novamente.",
    "UnableToAddANewNotificationPleaseTryAgain": "Não foi possível adicionar uma nova notificação. Tente novamente.",
    "UnableToAddANewQualityProfilePleaseTryAgain": "Não foi possível adicionar um novo perfil de qualidade. Tente novamente.",
    "UnableToAddANewRemotePathMappingPleaseTryAgain": "Não foi possível adicionar um novo mapeamento de caminho remoto. Tente novamente.",
    "UnableToAddANewRootFolderPleaseTryAgain": "Não foi possível adicionar uma nova pasta raiz, tente novamente.",
    "UnableToLoadBackups": "Não foi possível carregar os backups",
    "UnableToLoadBlocklist": "Não foi possível carregar a lista de bloqueio",
    "UnableToLoadDelayProfiles": "Não foi possível carregar os perfis de atraso",
    "UnableToLoadDownloadClientOptions": "Não foi possível carregar as opções do cliente de download",
    "UnableToLoadDownloadClients": "Não foi possível carregar os clientes de download",
    "UnableToLoadGeneralSettings": "Não foi possível carregar as configurações gerais",
    "UnableToLoadHistory": "Não foi possível carregar o histórico.",
    "UnableToLoadImportListExclusions": "Não foi possível carregar Importar exclusões de lista",
    "UnableToLoadIndexerOptions": "Não foi possível carregar as opções do indexador",
    "UnableToLoadMediaManagementSettings": "Não foi possível carregar as configurações de gerenciamento de mídia",
    "UnableToLoadMetadata": "Não foi possível carregar os metadados",
    "UnableToLoadMetadataProfiles": "Não foi possível carregar os perfis de metadados",
    "UnableToLoadMetadataProviderSettings": "Não foi possível carregar as configurações do provedor de metadados",
    "UnableToLoadNamingSettings": "Não foi possível carregar as configurações de nomenclatura",
    "UnableToLoadNotifications": "Não foi possível carregar as notificações",
    "UnableToLoadQualities": "Não foi possível carregar as qualidades",
    "UnableToLoadQualityDefinitions": "Não foi possível carregar as definições de qualidade",
    "UnableToLoadQualityProfiles": "Não foi possível carregar os perfis de qualidade",
    "UnableToLoadReleaseProfiles": "Não foi possível carregar os perfis de lançamento",
    "UnableToLoadRemotePathMappings": "Não foi possível carregar os mapeamentos de caminho remoto",
    "UnableToLoadRootFolders": "Não foi possível carregar as pastas raiz",
    "UnableToLoadTags": "Não foi possível carregar as tags",
    "UnableToLoadTheCalendar": "Não foi possível carregar o calendário",
    "UnableToLoadUISettings": "Não foi possível carregar as configurações da interface",
    "Unmonitored": "Não monitorado",
    "UnmonitoredHelpText": "Incluir filmes não monitorados no feed do iCal",
    "UpdateAll": "Atualizar Tudo",
    "UpdateAutomaticallyHelpText": "Baixe e instale atualizações automaticamente. Você ainda poderá instalar a partir do Sistema: Atualizações",
    "UpdateMechanismHelpText": "Usar o atualizador integrado do {appName} ou um script",
    "Updates": "Atualizações",
    "UpdateScriptPathHelpText": "Caminho para um script personalizado que usa um pacote de atualização extraído e lida com o restante do processo de atualização",
    "UpdatingIsDisabledInsideADockerContainerUpdateTheContainerImageInstead": "A atualização está desabilitada no contêiner do Docker. Atualize a imagem do contêiner.",
    "Uptime": "Tempo de atividade",
    "URLBase": "URL base",
    "UrlBaseHelpText": "Para suporte a proxy reverso, o padrão é vazio",
    "UrlBaseHelpTextWarning": "Requer reiniciar para ter efeito",
    "UseHardlinksInsteadOfCopy": "Usar links rígidos ao invés de Copiar",
    "Usenet": "Usenet",
    "UsenetDelay": "Atraso da Usenet",
    "UsenetDelayHelpText": "Atraso em minutos para esperar antes de pegar um lançamento da Usenet",
    "UseProxy": "Usar Proxy",
    "UserAgentProvidedByTheAppThatCalledTheAPI": "User-Agent fornecido pelo aplicativo que chamou a API",
    "Username": "Nome do usuário",
    "UsingExternalUpdateMechanismBranchToUseToUpdateLidarr": "Ramificação para atualizar o {appName}",
    "UsingExternalUpdateMechanismBranchUsedByExternalUpdateMechanism": "Ramificação usada pelo mecanismo externo de atualização",
    "Version": "Versão",
    "WatchLibraryForChangesHelpText": "Verificar novamente quando houver alteração em arquivos de uma pasta raiz",
    "WatchRootFoldersForFileChanges": "Monitorar alterações nas pastas raiz",
    "WeekColumnHeader": "Cabeçalho da Coluna da Semana",
    "WriteAudioTagsHelpTextWarning": "Selecionar \"Todos os arquivos\" alterará os arquivos existentes quando forem importados.",
    "WriteMetadataToAudioFiles": "Gravar metadados em arquivos de áudio",
    "Year": "Ano",
    "ChmodFolderHelpText": "Octal, aplicado durante a importação/renomeação de pastas e arquivos de mídia (sem bits de execução)",
    "ChmodFolderHelpTextWarning": "Isso só funciona se o usuário que executa o {appName} for o proprietário do arquivo. É melhor garantir que o cliente de download defina as permissões corretamente.",
    "ChownGroup": "Fazer chown em grupo",
    "ChownGroupHelpText": "Nome do grupo ou gid. Use gid para sistemas de arquivos remotos.",
    "ChownGroupHelpTextWarning": "Isso só funciona se o usuário que executa o {appName} for o proprietário do arquivo. É melhor garantir que o cliente de download use o mesmo grupo que o {appName}.",
    "Clear": "Limpar",
    "ClickToChangeQuality": "Clique para alterar a qualidade",
    "ClientPriority": "Prioridade do cliente",
    "CloneIndexer": "Clonar indexador",
    "CloneProfile": "Clonar perfil",
    "CollapseMultipleAlbumsHelpText": "Recolher vários livros lançados no mesmo dia",
    "Columns": "Colunas",
    "CompletedDownloadHandling": "Gerenciamento de downloads concluídos",
    "Connections": "Conexões",
    "ConnectSettings": "Configurações de conexão",
    "Continuing": "Continuando",
    "ContinuingAllTracksDownloaded": "Continuação (todos os livros baixados)",
    "ContinuingNoAdditionalAlbumsAreExpected": "Não espera-se mais álbuns",
    "CopyUsingHardlinksHelpText": "Os hardlinks permitem que o {appName} importe torrents em propagação para a pasta do artista, sem ocupar espaço extra em disco ou copiar todo o conteúdo do arquivo. Hardlinks só funcionarão se a origem e o destino estiverem no mesmo volume",
    "CopyUsingHardlinksHelpTextWarning": "Ocasionalmente, os bloqueios de arquivo podem impedir a renomeação de arquivos que estão sendo semeados. Você pode desabilitar temporariamente a semeadura e usar a função de renomeação do {appName} como uma solução alternativa.",
    "Country": "País",
    "CreateEmptyArtistFolders": "Criar pastas de autor vazias",
    "CreateEmptyArtistFoldersHelpText": "Criar pastas de autor ausente durante a verificação do disco",
    "CreateGroup": "Criar grupo",
    "CutoffHelpText": "Assim que esta qualidade for alcançada, o {appName} não baixará mais filmes",
    "CutoffUnmet": "Corte não atingido",
    "DatabaseMigration": "Migração de banco de dados",
    "DefaultLidarrTags": "Etiquetas padrão do {appName}",
    "DefaultMetadataProfileIdHelpText": "Há um perfil de metadados padrão para autores nesta pasta",
    "DefaultQualityProfileIdHelpText": "Há um perfil de qualidade padrão para autores nesta pasta",
    "DefaultTagsHelpText": "Há etiquetas padrão do {appName} para artistas nesta pasta",
    "DelayProfile": "Perfil de atraso",
    "DelayProfiles": "Perfis de atraso",
    "Delete": "Excluir",
    "DeleteBackup": "Excluir backup",
    "DeleteBackupMessageText": "Tem certeza de que deseja excluir o backup '{name}'?",
    "DeleteDelayProfile": "Excluir perfil de atraso",
    "DeleteDelayProfileMessageText": "Tem certeza de que deseja excluir este perfil de atraso?",
    "DeleteDownloadClient": "Excluir cliente de download",
    "DeleteDownloadClientMessageText": "Tem certeza de que deseja excluir o cliente de download '{name}'?",
    "DeleteEmptyFolders": "Excluir pastas vazias",
    "DeleteFilesHelpText": "Excluir arquivos do livro e pasta do autor",
    "DeleteImportList": "Excluir lista de importação",
    "DeleteImportListExclusion": "Excluir exclusão da lista de importação",
    "DeleteImportListExclusionMessageText": "Tem certeza de que deseja excluir esta exclusão da lista de importação?",
    "DeleteImportListMessageText": "Tem certeza de que deseja excluir a lista '{name}'?",
    "DeleteIndexer": "Excluir indexador",
    "DeleteIndexerMessageText": "Tem certeza de que deseja excluir o indexador '{name}'?",
    "DeleteMetadataProfile": "Excluir perfil de metadados",
    "DeleteMetadataProfileMessageText": "Tem certeza de que deseja excluir o perfil de metadados '{name}'?",
    "DeleteNotification": "Excluir notificação",
    "DeleteNotificationMessageText": "Tem certeza de que deseja excluir a notificação '{name}'?",
    "DeleteQualityProfile": "Excluir perfil de qualidade",
    "DeleteQualityProfileMessageText": "Tem certeza de que deseja excluir o perfil de qualidade '{name}'?",
    "DeleteReleaseProfile": "Excluir perfil de lançamento",
    "DeleteReleaseProfileMessageText": "Tem certeza de que deseja excluir este perfil de lançamento?",
    "DeleteRootFolder": "Excluir pasta raiz",
    "DeleteRootFolderMessageText": "Tem certeza de que deseja excluir a pasta raiz '{name}'?",
    "DeleteSelectedTrackFiles": "Excluir arquivos do livro selecionado",
    "DeleteSelectedTrackFilesMessageText": "Tem certeza de que deseja excluir os arquivos do livro selecionado?",
    "DeleteTag": "Excluir etiqueta",
    "DeleteTagMessageText": "Tem certeza de que deseja excluir a etiqueta '{label}'?",
    "DeleteTrackFileMessageText": "Tem certeza que deseja excluir {0}?",
    "DestinationPath": "Caminho de destino",
    "DetailedProgressBar": "Barra de progresso detalhada",
    "DetailedProgressBarHelpText": "Mostrar texto na barra de progresso",
    "DiscCount": "Contagem de disco",
    "DiscNumber": "Número do disco",
    "DiskSpace": "Espaço em disco",
    "DownloadClient": "Cliente de download",
    "DownloadClients": "Clientes de download",
    "DownloadClientSettings": "Configurações do cliente de download",
    "DownloadFailedCheckDownloadClientForMoreDetails": "Falha no download: verifique o cliente de download para saber mais",
    "DownloadFailedInterp": "Falha no download: {0}",
    "Downloading": "Baixando",
    "DownloadPropersAndRepacksHelpTexts1": "Se deve ou não atualizar automaticamente para propers/repacks",
    "DownloadPropersAndRepacksHelpTexts2": "Use \"Não preferir\" para classificar por pontuação de palavra preferida em relação a Propers/Repacks",
    "DownloadWarningCheckDownloadClientForMoreDetails": "Aviso de download: verifique o cliente de download para saber mais",
    "Edit": "Editar",
    "Enable": "Habilitar",
    "EnableAutomaticAdd": "Habilitar adição automática",
    "EnableAutomaticAddHelpText": "Adicionar artista/álbum ao {appName} ao sincronizar pela interface ou pelo {appName}",
    "EnableAutomaticSearch": "Ativar a pesquisa automática",
    "EnableColorImpairedMode": "Habilitar modo para daltonismo",
    "EnableColorImpairedModeHelpText": "Estilo alterado para permitir que usuários com daltonismo distingam melhor as informações codificadas por cores",
    "EnableCompletedDownloadHandlingHelpText": "Importar automaticamente downloads concluídos do cliente de download",
    "EnabledHelpText": "Marque para habilitar o perfil de lançamento",
    "EnableHelpText": "Habilitar criação de arquivo de metadados para este tipo de metadados",
    "EnableInteractiveSearch": "Ativar pesquisa interativa",
    "EnableProfile": "Habilitar perfil",
    "EnableRSS": "Habilitar RSS",
    "EnableSSL": "Habilitar SSL",
    "EnableSslHelpText": " Requer a reinicialização com a execução como administrador para fazer efeito",
    "Ended": "Terminou",
    "EndedAllTracksDownloaded": "Terminado (todos os livros baixados)",
    "EntityName": "Nome da entidade",
    "Episode": "Episódio",
    "EpisodeDoesNotHaveAnAbsoluteEpisodeNumber": "O episódio não tem um número de episódio absoluto",
    "ErrorLoadingContents": "Erro ao carregar o conteúdo",
    "ErrorLoadingPreviews": "Erro ao carregar as visualizações",
    "Exception": "Exceção",
    "ExistingTagsScrubbed": "Tags existentes apagadas",
    "ExpandAlbumByDefaultHelpText": "Álbum",
    "ExpandOtherByDefaultHelpText": "Outros",
    "FileDateHelpText": "Alterar a data do arquivo ao importar/verificar novamente",
    "Filename": "Nome do arquivo",
    "FileNames": "Nomes de arquivo",
    "Files": "Arquivos",
    "FirstDayOfWeek": "Primeiro dia da semana",
    "Fixed": "Corrigido",
    "Folder": "Pasta",
    "Folders": "Pastas",
    "ForeignIdHelpText": "A ID do Musicbrainz para o autor/livro a excluir",
    "ForMoreInformationOnTheIndividualDownloadClientsClickOnTheInfoButtons": "Para saber mais sobre os clientes de download individuais, clique nos botões Mais informações.",
    "ForMoreInformationOnTheIndividualIndexersClickOnTheInfoButtons": "Para saber mais sobre cada indexador, clique nos botões de informações.",
    "ForMoreInformationOnTheIndividualListsClickOnTheInfoButtons": "Para saber mais sobre cada lista, clique nos botões de informação.",
    "FutureDays": "Próximos dias",
    "FutureDaysHelpText": "Próximos dias a exibir no feed do iCal",
    "GeneralSettings": "Configurações gerais",
    "Global": "Global",
    "GoToArtistListing": "Ir para listagem do autor",
    "GoToInterp": "Ir para {0}",
    "Grab": "Obter",
    "GrabRelease": "Baixar lançamento",
    "GrabSelected": "Baixar selecionado",
    "Group": "Grupo",
    "HasPendingChangesNoChanges": "Sem alterações",
    "HasPendingChangesSaveChanges": "Salvar alterações",
    "History": "Histórico",
    "Host": "Host",
    "HostHelpText": "O mesmo host que você especificou para o Cliente de download remoto",
    "Hostname": "Nome do host",
    "ICalFeed": "Feed do iCal",
    "ICalHttpUrlHelpText": "Copie este URL em seu(s) cliente(s) ou clique para se inscrever se o seu navegador é compatível com webcal",
    "ICalLink": "Link do iCal",
    "IconForCutoffUnmet": "Ícone para limite não atendido",
    "IfYouDontAddAnImportListExclusionAndTheArtistHasAMetadataProfileOtherThanNoneThenThisAlbumMayBeReaddedDuringTheNextArtistRefresh": "Se você não adicionar uma exclusão à lista de importação e o autor tiver um perfil de metadados diferente de \"Nenhum\", este livro poderá ser adicionado novamente durante a próxima atualização do autor.",
    "IgnoredAddresses": "Endereços ignorados",
    "IgnoredHelpText": "O lançamento será rejeitado se contiver um ou mais destes termos (não diferencia maiúsculas e minúsculas)",
    "IgnoredPlaceHolder": "Adicionar nova restrição",
    "IllRestartLater": "Reiniciarei mais tarde",
    "ImportedTo": "Importado para",
    "ImportExtraFiles": "Importar arquivos adicionais",
    "ImportExtraFilesHelpText": "Importar arquivos adicionais correspondentes (legendas, nfo, etc.) após importar um arquivo de livro",
    "ImportFailedInterp": "Falha na importação: {0}",
    "ImportFailures": "Falhas na importação",
    "Importing": "Importando",
    "ImportListExclusions": "Importar exclusões de lista",
    "ImportLists": "Importar listas",
    "IncludeUnknownArtistItemsHelpText": "Mostrar itens sem um autor na fila. Isso pode incluir autores e filmes removidos, ou qualquer outra coisa na categoria do {appName}",
    "IncludeUnmonitored": "Incluir não monitorados",
    "Indexer": "Indexador",
    "IndexerIdHelpText": "Especificar a qual indexador o perfil se aplica",
    "IndexerIdHelpTextWarning": "Usar um indexador específico com as palavras preferidas pode acarretar na obtenção de lançamentos duplicados",
    "IndexerPriority": "Prioridade do indexador",
    "Indexers": "Indexadores",
    "IndexerSettings": "Configurações do indexador",
    "InteractiveSearch": "Pesquisa interativa",
    "Interval": "Intervalo",
    "IsCutoffCutoff": "Corte",
    "IsCutoffUpgradeUntilThisQualityIsMetOrExceeded": "Atualizar até que essa qualidade seja alcançada ou excedida",
    "IsExpandedHideFileInfo": "Ocultar informações do arquivo",
    "IsExpandedShowFileInfo": "Mostrar informações do arquivo",
    "IsInUseCantDeleteAMetadataProfileThatIsAttachedToAnArtistOrImportList": "Não é possível excluir um perfil de metadados anexado a um autor ou lista de importação",
    "IsInUseCantDeleteAQualityProfileThatIsAttachedToAnArtistOrImportList": "Não é possível excluir um perfil de qualidade anexado a um autor ou lista de importação",
    "IsShowingMonitoredMonitorSelected": "Monitorar selecionados",
    "IsShowingMonitoredUnmonitorSelected": "Deixar de monitorar selecionados",
    "IsTagUsedCannotBeDeletedWhileInUse": "Não pode ser excluído durante o uso",
    "Label": "Rótulo",
    "LaunchBrowserHelpText": " Abrir um navegador e navegar até a página inicial do {appName} ao iniciar o aplicativo.",
    "LidarrSupportsAnyDownloadClientThatUsesTheNewznabStandardAsWellAsOtherDownloadClientsListedBelow": "{appName} suporta muitos clientes de download torrent e usenet.",
    "LidarrSupportsAnyIndexerThatUsesTheNewznabStandardAsWellAsOtherIndexersListedBelow": "O {appName} oferece suporte a qualquer indexador que usa o padrão Newznab, além de outros indexadores, listados abaixo.",
    "LogLevelvalueTraceTraceLoggingShouldOnlyBeEnabledTemporarily": "O registro em log para rastreamento deve ser habilitado apenas temporariamente",
    "LongDateFormat": "Formato longo de data",
    "MaintenanceRelease": "Versão de manutenção: correções de bugs e outras melhorias. Consulte o Histórico de commit do Github para saber mais",
    "ManualDownload": "Download manual",
    "ManualImport": "Importação manual",
    "MarkAsFailed": "Marcar como falha",
    "MarkAsFailedMessageText": "Tem certeza que deseja marcar \"{0}\" como falhado?",
    "MaximumLimits": "Limites máximos",
    "MaximumSize": "Tamanho máximo",
    "MaximumSizeHelpText": "Tamanho máximo para um lançamento ser baixado, em MB. Defina como zero para definir como ilimitado.",
    "Mechanism": "Mecanismo",
    "MediaInfo": "Informações da mídia",
    "MediaManagementSettings": "Configurações de gerenciamento de mídia",
    "Medium": "Médio",
    "MediumFormat": "Formato médio",
    "Message": "Mensagem",
    "MetadataConsumers": "Consumidores de metadados",
    "MetadataProfile": "Perfil de metadados",
    "MetadataProfileIdHelpText": "Adicionar itens da lista do Perfil de metadados com",
    "MetadataProfiles": "Perfis de metadados",
    "MetadataSettings": "Configurações de metadados",
    "MIA": "Ausentes",
    "MinimumAge": "Idade mínima",
    "MinimumAgeHelpText": "Somente Usenet: idade mínima, em minutos, dos NZBs antes de serem obtidos. Use esta opção para dar aos novos lançamentos tempo para propagarem para seu provedor de Usenet.",
    "MinimumFreeSpace": "Mínimo de espaço livre",
    "MustNotContain": "Não deve conter",
    "NamingSettings": "Configurações de nomenclatura",
    "New": "Novo",
    "NoBackupsAreAvailable": "Não há backups disponíveis",
    "NoHistory": "Não há histórico.",
    "NoLeaveIt": "Não, deixe",
    "NoLogFiles": "Nenhum arquivo de registro",
    "None": "Nenhum",
    "NotificationTriggers": "Gatilhos de Notificação",
    "NoUpdatesAreAvailable": "Não há atualizações disponíveis",
    "OpenBrowserOnStart": "Abrir navegador ao iniciar",
    "Options": "Opções",
    "Original": "Original",
    "Other": "Outro",
    "PackageVersion": "Versão do pacote",
    "PageSize": "Tamanho da página",
    "PageSizeHelpText": "Quantidade de itens a exibir em cada página",
    "Password": "Senha",
    "PastDays": "Dias anteriores",
    "PastDaysHelpText": "Dias anteriores a exibir no feed do iCal",
    "Path": "Caminho",
    "PathHelpText": "Pasta raiz que contém sua biblioteca de livros",
    "PathHelpTextWarning": "Isto deve ser diferente do diretório em que o cliente de download coloca os arquivos",
    "Permissions": "Permissões",
    "Port": "Porta",
    "PortNumber": "Número da Porta",
    "PosterSize": "Tamanho do pôster",
    "PreviewRename": "Visualizar renomeação",
    "PreviewRetag": "Visualizar remarcação",
    "NETCore": ".NET",
    "PropersAndRepacks": "Propers e repacks",
    "Protocol": "Protocolo",
    "ProtocolHelpText": "Escolha qual(is) protocolo(s) usar e qual é o preferido ao escolher entre laçamentos iguais",
    "Proxy": "Proxy",
    "ProxyBypassFilterHelpText": "Use ',' como separador e '*.' como curinga para subdomínios",
    "ProxyPasswordHelpText": "Você só precisa digitar um nome de usuário e senha se for necessário. Caso contrário, deixe-os em branco.",
    "ProxyType": "Tipo de Proxy",
    "ProxyUsernameHelpText": "Você só precisa digitar um nome de usuário e senha se for necessário. Caso contrário, deixe-os em branco.",
    "PublishedDate": "Data de Publicação",
    "Quality": "Qualidade",
    "QualityDefinitions": "Definições de Qualidade",
    "QualityProfile": "Perfil de qualidade",
    "QualityProfileIdHelpText": "Adicionar itens na lista Perfil de qualidade com",
    "QualityProfiles": "Perfis de Qualidade",
    "QualitySettings": "Configurações de Qualidade",
    "Queue": "Fila",
    "ReadTheWikiForMoreInformation": "Leia o Wiki para obter mais informações",
    "Real": "Real",
    "Reason": "Razão",
    "RecycleBinCleanupDaysHelpText": "Defina como 0 para desabilitar a limpeza automática",
    "RecycleBinCleanupDaysHelpTextWarning": "Os arquivos na lixeira mais antigos do que o número de dias selecionado serão limpos automaticamente",
    "RecycleBinHelpText": "Arquivos de livros vêm para cá quando excluídos, em vez de serem apagados permanentemente",
    "RecyclingBin": "Lixeira",
    "RecyclingBinCleanup": "Esvaziar Lixeira",
    "Redownload": "Baixar novamente",
    "Refresh": "Atualizar",
    "RefreshInformationAndScanDisk": "Atualizar as informações e verificar o disco",
    "RefreshScan": "Atualizar e verificar",
    "Release": " Lançamento, versão",
    "ReleaseDate": "Data de lançamento",
    "ReleaseGroup": "Grupo de lançamento",
    "ReleaseProfiles": "Perfis de Lançamentos",
    "ReleaseRejected": "Lançamento Rejeitado",
    "ReleaseStatuses": "Status da versão",
    "ReleaseWillBeProcessedInterp": "A versão será processada {0}",
    "Reload": "Recarregar",
    "RemotePath": "Caminho Remoto",
    "RemotePathMappings": "Mapeamentos de Caminho Remoto",
    "Remove": "Remover",
    "RemoveCompletedDownloadsHelpText": "Remover downloads importados do histórico do cliente de download",
    "RemoveFailedDownloadsHelpText": "Remova downloads com falha do histórico do cliente de download",
    "RequiredHelpText": "O lançamento deve conter pelo menos um destes termos (não diferencia maiúsculas e minúsculas)",
    "RequiredPlaceHolder": "Adicionar nova restrição",
    "RequiresRestartToTakeEffect": "Requer reiniciar para ter efeito",
    "RescanAfterRefreshHelpText": "Verificar novamente a pasta de autor após atualizar o autor",
    "RescanAfterRefreshHelpTextWarning": "O {appName} não detectará automaticamente as alterações nos arquivos se não estiver definido como \"Sempre\"",
    "RescanArtistFolderAfterRefresh": "Verificar novamente a pasta do autor após atualizar",
    "Reset": "Redefinir",
    "ResetAPIKey": "Redefinir chave de API",
    "RestoreBackup": "Restaurar backup",
    "Retention": "Retenção",
    "RetentionHelpText": "Somente Usenet: defina como zero para definir a retenção ilimitada",
    "RetryingDownloadOn": "Tentando baixar novamente em {date} às {time}",
    "RootFolder": "Pasta raiz",
    "RootFolderPathHelpText": "Os itens da lista da pasta raiz serão adicionados a",
    "RootFolders": "Pastas Raiz",
    "RSSSync": "Sincronização RSS",
    "RSSSyncInterval": "Intervalo da sincronização RSS",
    "RssSyncIntervalHelpText": "Intervalo em minutos. Defina como zero para desativar (isso interromperá todas as capturas de lançamentos automáticas)",
    "ShownAboveEachColumnWhenWeekIsTheActiveView": "Mostrar acima de cada coluna quando a semana está na exibição ativa",
    "ShowName": "Mostrar nome",
    "ShowPath": "Mostrar caminho",
    "ShowQualityProfile": "Mostrar perfil de qualidade",
    "ShowQualityProfileHelpText": "Mostrar perfil de qualidade sob o pôster",
    "ShowRelativeDates": "Mostrar Datas Relativas",
    "ShowRelativeDatesHelpText": "Mostrar datas relativas (Hoje/Ontem/etc) ou absolutas",
    "ShowSearch": "Mostrar pesquisa",
    "ShowSearchActionHelpText": "Mostrar botão de pesquisa ao passar o mouse",
    "ShowSizeOnDisk": "Mostrar tamanho no disco",
    "ShowTitleHelpText": "Mostrar nome do autor abaixo do pôster",
    "ShowUnknownArtistItems": "Mostrar itens de autor desconhecido",
    "SSLCertPassword": "Senha do certificado SSL",
    "SslCertPasswordHelpText": "Senha para arquivo pfx",
    "SslCertPasswordHelpTextWarning": "Requer reiniciar para ter efeito",
    "SSLCertPath": "Caminho do certificado SSL",
    "SslCertPathHelpText": "Caminho para o arquivo pfx",
    "SSLPort": "Porta SSL",
    "SslPortHelpTextWarning": "Requer reiniciar para ter efeito",
    "StandardTrackFormat": "Formato de livro padrão",
    "StartTypingOrSelectAPathBelow": "Comece a digitar ou selecione um caminho abaixo",
    "StartupDirectory": "Diretório de Inicialização",
    "Status": "Status",
    "StatusEndedContinuing": "Continuação",
    "Style": "Estilo",
    "SuccessMyWorkIsDoneNoFilesToRename": "Êba, já terminei! Não há arquivos a renomear.",
    "SuccessMyWorkIsDoneNoFilesToRetag": "Êba, já terminei! Não há arquivos a remarcar.",
    "SupportsRssvalueRSSIsNotSupportedWithThisIndexer": "O RSS não é compatível com este indexador",
    "SupportsSearchvalueSearchIsNotSupportedWithThisIndexer": "A pesquisa não é compatível com este indexador",
    "SupportsSearchvalueWillBeUsedWhenAutomaticSearchesArePerformedViaTheUIOrByLidarr": "Será usado ao realizar pesquisas automáticas pela interface ou pelo {appName}",
    "SupportsSearchvalueWillBeUsedWhenInteractiveSearchIsUsed": "Será usado com a pesquisa interativa",
    "TagAudioFilesWithMetadata": "Marcar arquivos de áudio com metadados",
    "TagIsNotUsedAndCanBeDeleted": "A tag não é usada e pode ser excluída",
    "Tags": "Tags",
    "Tasks": "Tarefas",
    "TBA": "A ser anunciado",
    "TestAll": "Testar tudo",
    "TestAllClients": "Testar todos os clientes",
    "TestAllIndexers": "Testar todos os indexadores",
    "TestAllLists": "Testar todas as listas",
    "TheAlbumsFilesWillBeDeleted": "Os arquivos do livro serão excluídos.",
    "ThisWillApplyToAllIndexersPleaseFollowTheRulesSetForthByThem": "Isso se aplicará a todos os indexadores, siga as regras estabelecidas por eles",
    "TimeFormat": "Formato da Hora",
    "TorrentDelay": "Atraso do Torrent",
    "TorrentDelayHelpText": "Demora em minutos para esperar antes de pegar um torrent",
    "Torrents": "Torrents",
    "TotalFileSize": "Tamanho total do arquivo",
    "TotalTrackCountTracksTotalTrackFileCountTracksWithFilesInterp": "{0} livro(s) no total. {1} livro(s) com arquivos.",
    "Track": "Rastreamento",
    "TrackFileCounttotalTrackCountTracksDownloadedInterp": "{0}/{1} livros baixados",
    "TrackMissingFromDisk": "Livro ausente do disco",
    "TrackNumber": "Número da faixa",
    "DelayingDownloadUntil": "Atrasando o download até {date} às {time}",
    "Dates": "Datas",
    "MusicbrainzId": "ID do MusicBrainz",
    "RemovedFromTaskQueue": "Removido da Fila de Tarefas",
    "SceneInformation": "Informação Scene",
    "SceneNumberHasntBeenVerifiedYet": "O número da cena ainda não foi verificado",
    "Scheduled": "Programado",
    "ScriptPath": "Caminho do Script",
    "ScrubAudioTagsHelpText": "Remover tags existentes dos arquivos, deixando apenas as adicionadas pelo {appName}.",
    "ScrubExistingTags": "Limpar tags existentes",
    "Search": "Pesquisar",
    "SearchAll": "Pesquisar tudo",
    "Reorder": "Reordenar",
    "SearchForAllCutoffUnmetAlbums": "Pesquisar todos os livros com Limite não atingido",
    "SearchForAllMissingAlbums": "Pesquisar todos os livros ausentes",
    "SearchForMissing": "Pesquisar por Ausentes",
    "SearchForMonitoredAlbums": "Pesquisar livros monitorados",
    "SearchMonitored": "Pesquisar monitorados",
    "SearchSelected": "Pesquisar selecionado(s)",
    "Season": "Temporada",
    "Security": "Segurança",
    "SelectedCountArtistsSelectedInterp": "{selectedCount} Artista(s) Selecionado(s)",
    "SendAnonymousUsageData": "Enviar dados de uso anônimos",
    "SetPermissions": "Definir Permissões",
    "SetPermissionsLinuxHelpText": "O chmod deve ser executado quando os arquivos são importados/renomeados?",
    "SetPermissionsLinuxHelpTextWarning": "Se você não tiver certeza do que essas configurações fazem, não as altere.",
    "Settings": "Configurações",
    "ShortDateFormat": "Formato de Data Curta",
    "ShowBanners": "Mostrar banners",
    "ShowBannersHelpText": "Mostrar banners em vez de nomes",
    "ShowCutoffUnmetIconHelpText": "Mostrar ícone para arquivos quando o limite não foi atingido",
    "ShowDateAdded": "Mostrar data de adição",
    "ShowMonitored": "Mostrar monitorado(s)",
    "ShowMonitoredHelpText": "Mostrar status de monitoramento sob o pôster",
    "Size": " Tamanho",
    "SkipFreeSpaceCheck": "Ignorar verificação de espaço livre",
    "SkipRedownload": "Ignorar o Redownload",
    "SorryThatAlbumCannotBeFound": "Desculpe, esse filme não pode ser encontrado.",
    "SorryThatArtistCannotBeFound": "Desculpe, esse autor não pode ser encontrado.",
    "Source": "Origem",
    "SourcePath": "Caminho da Fonte",
    "UpgradeAllowedHelpText": "Se desabilitada, as qualidades não serão atualizadas",
    "UiLanguageHelpText": "Idioma que o {appName} usará para a interface",
    "UnableToLoadIndexers": "Não foi possível carregar os indexadores",
    "UnableToLoadLists": "Não foi possível carregar as listas",
    "UnmappedFiles": "Arquivos Não Mapeados",
    "FileManagement": "Gerenciamento de arquivo",
    "LidarrSupportsMultipleListsForImportingAlbumsAndArtistsIntoTheDatabase": "O {appName} oferece suporte a várias listas para importar livros e autores para o banco de dados.",
    "LidarrTags": "Tags do {appName}",
    "Local": "Local",
    "LocalPath": "Caminho local",
    "LocalPathHelpText": "Caminho que o {appName} deve usar para acessar o caminho remoto localmente",
    "LogFiles": "Arquivos de log",
    "Logging": "Registro em log",
    "LogLevel": "Nível de registro em log",
    "Logs": "Registros",
    "MinimumFreeSpaceWhenImportingHelpText": "Impedir a importação se deixar menos do que esta quantidade de espaço em disco disponível",
    "MinimumLimits": "Limites mínimos",
    "Missing": "Ausente",
    "Mode": "Modo",
    "Monitored": "Monitorado",
    "MonitoringOptions": "Opções de monitoramento",
    "MoreInfo": "Mais informações",
    "MusicBrainzArtistID": "ID do autor no MusicBrainz",
    "MusicBrainzRecordingID": "ID da gravação no MusicBrainz",
    "MusicBrainzReleaseID": "ID do lançamento no MusicBrainz",
    "MusicBrainzTrackID": "ID da faixa no MusicBrainz",
    "MustContain": "Deve conter",
    "Name": "Nome",
    "Profiles": "Perfis",
    "Proper": "Proper",
    "RemoveSelected": "Remover Selecionado",
    "RemoveTagExistingTag": "Etiqueta existente",
    "RemoveTagRemovingTag": "Removendo tag",
    "RenameTracksHelpText": "O {appName} usará o nome de arquivo existente se a renomeação estiver deshabilitada",
    "ReplaceIllegalCharacters": "Substituir Caracteres Ilegais",
    "ReplaceIllegalCharactersHelpText": "Substituir caracteres ilegais. Se desmarcada, o {appName} irá removê-los",
    "RemoveFilter": "Remover filtro",
    "RemoveFromBlocklist": "Remover da lista de bloqueio",
    "RemoveFromDownloadClient": "Remover do Cliente de Download",
    "RemoveFromQueue": "Remover da fila",
    "ResetAPIKeyMessageText": "Tem certeza de que deseja redefinir sua chave de API?",
    "Restart": "Reiniciar",
    "RestartLidarr": "Reiniciar o {appName}",
    "RestartNow": "Reiniciar Agora",
    "Restore": "Restaurar",
    "Result": "Resultado",
    "SslCertPathHelpTextWarning": "Requer reiniciar para ter efeito",
    "TrackTitle": "Título da faixa",
    "Type": "Tipo",
    "Ungroup": "Desagrupar",
    "DefaultMonitorOptionHelpText": "Quais álbuns devem ser monitorados na adição inicial para artistas detectados nesta pasta",
    "CollapseMultipleAlbums": "Recolher vários álbuns",
    "ContinuingMoreAlbumsAreExpected": "Espera-se mais álbuns",
    "RemoveCompleted": "Remoção Concluída",
    "RemoveDownloadsAlert": "As configurações de remoção foram movidas para as configurações individuais do cliente de download na tabela acima.",
    "RemoveFailed": "Falha na remoção",
    "RenameTracks": "Renomear Faixas",
    "DeleteEmptyFoldersHelpText": "Excluir as pastas de artistas e álbuns vazias durante a verificação do disco e quando os arquivos de faixas forem excluídos",
    "DeleteTrackFile": "Excluir Arquivo da Faixa",
    "Disambiguation": "Desambiguação",
    "Docker": "Docker",
    "Duration": "Duração",
    "EditArtist": "Editar Artista",
    "ExistingAlbums": "Álbuns Existentes",
    "ExistingAlbumsData": "Monitore álbuns que possuem arquivos ou ainda não foram lançados",
    "ExpandItemsByDefault": "Expandir Itens por Padrão",
    "FirstAlbum": "Filtrar Álbum",
    "FirstAlbumData": "Monitorar os primeiros álbuns. Todos os outros álbuns serão ignorados",
    "FutureAlbums": "Álbuns Futuros",
    "FutureAlbumsData": "Monitorar álbuns que ainda não foram lançados",
    "HasMonitoredAlbumsNoMonitoredAlbumsForThisArtist": "Não monitorar álbuns para este artista",
    "HideAlbums": "Ocultar álbuns",
    "HideTracks": "Ocultar faixas",
    "ImportListSettings": "Configurações gerais de Importar listas",
    "IsExpandedHideAlbums": "Ocultar álbuns",
    "IsExpandedHideTracks": "Ocultar faixas",
    "IsExpandedShowAlbums": "Mostrar álbuns",
    "IsExpandedShowTracks": "Mostrar faixas",
    "LatestAlbum": "Último Álbum",
    "LatestAlbumData": "Monitorar os últimos e futuros álbuns",
    "ManageTracks": "Gerenciar Faixas",
    "MissingAlbums": "Álbuns Ausentes",
    "MissingAlbumsData": "Monitorar álbuns que você não tem arquivos ou não foram lançados ainda",
    "MissingTracksArtistMonitored": "Faixas Ausentes (Artista monitorado)",
    "MissingTracksArtistNotMonitored": "Faixas Ausentes (Artista não monitorado)",
    "MonitorArtist": "Monitorar Artista",
    "MonitoredHelpText": "Baixar álbuns monitorados deste artista",
    "MultiDiscTrackFormat": "Formato de Faixa Multi-Disco",
    "MusicBrainzAlbumID": "ID do Álbum no MusicBrainz",
    "NoneData": "Nenhum álbum irá ser monitorado",
    "PrimaryAlbumTypes": "Tipos de Álbum Primário",
    "PrimaryTypes": "Tipos Primário",
    "RefreshArtist": "Atualizar Artista",
    "ReleasesHelpText": "Mudar lançamento para este álbum",
    "SearchAlbum": "Pesquisar Álbum",
    "SearchBoxPlaceHolder": "exemplo: Breaking Benjamin, lidarr:854a1807-025b-42a8-ba8c-2a39717f1d25",
    "SecondaryAlbumTypes": "Tipo de Álbum Secundário",
    "SecondaryTypes": "Tipo Secundário",
    "ShowAlbumCount": "Mostrar Número de Álbuns",
    "ShowLastAlbum": "Mostrar Último Álbum",
    "TrackArtist": "Artista da Faixa",
    "TrackDownloaded": "Faixa Baixada",
    "TrackFilesCountMessage": "Nenhuma arquivo de faixa",
    "TrackNaming": "Nomeação da Faixa",
    "Tracks": "Faixas",
    "TrackStatus": "Estado da faixa",
    "ShouldMonitorHelpText": "Monitorar artistas e álbuns adicionados desta lista",
    "SpecificAlbum": "Álbum Específico",
    "TheArtistFolderStrongpathstrongAndAllOfItsContentWillBeDeleted": "A pasta do artista '{0}' e todo o seu conteúdo serão excluídos.",
    "ExpandEPByDefaultHelpText": "EPs",
    "ExpandSingleByDefaultHelpText": "Singles",
    "OnApplicationUpdate": "Na Atualização do Aplicativo",
    "OnRename": "Ao Renomear",
    "OnTrackRetag": "Ao remarcar faixa",
    "OnUpgrade": "Ao Atualizar",
    "OnDownloadFailure": "Na Falha do Download",
    "OnGrab": "Ao obter",
    "OnReleaseImport": "Ao Importar Lançamento",
    "OnImportFailure": "Ao Falhar na Importação",
    "OnHealthIssue": "Ao Problema de Saúde",
    "ExpandBroadcastByDefaultHelpText": "Transmissão",
    "SearchForAllMissingAlbumsConfirmationCount": "Tem certeza de que deseja pesquisar todos os álbuns ausentes de {totalRecords}?",
    "MassAlbumsCutoffUnmetWarning": "Tem certeza de que deseja pesquisar todos os álbuns '{0}' que não atingiram o corte?",
    "ImportListSpecificSettings": "Importar configurações específicas da lista",
    "AddedArtistSettings": "Adicionado configurações de artista",
    "MonitorAlbumExistingOnlyWarning": "Este é um ajuste único da configuração monitoramento para cada álbum. Use a opção em Artista/Editar para controlar o que acontece com os álbuns recém-adicionados",
    "MonitoringOptionsHelpText": "Quais álbuns devem ser monitorados após o artista ser adicionado (ajuste único)",
    "MonitorNewItemsHelpText": "Quais álbuns novos devem ser monitorados",
    "Add": "Adicionar",
    "AddDelayProfile": "Adicionar perfil de atraso",
    "Added": "Adicionado",
    "AddImportListExclusion": "Adicionar exclusão à lista de importação",
    "AddIndexer": "Adicionar indexador",
    "AddMetadataProfile": "Adicionar perfil de metadados",
    "AddNew": "Adicionar novo",
    "AddQualityProfile": "Adicionar perfil de qualidade",
    "AddRemotePathMapping": "Adicionar mapeamento de caminho remoto",
    "AddRootFolder": "Adicionar pasta raiz",
    "AfterManualRefresh": "Após a Atualização Manual",
    "Age": "Tempo de vida",
    "Albums": "Álbum",
    "All": "Todos",
    "AllFiles": "Todos os arquivos",
    "AllMonitoringOptionHelpText": "Monitorar artistas e todos os álbuns para cada artista incluído na lista de importação",
    "ApplicationURL": "URL do aplicativo",
    "ApplicationUrlHelpText": "A URL externa deste aplicativo, incluindo http(s)://, porta e URL base",
    "Apply": "Aplicar",
    "AudioInfo": "Informações do áudio",
    "Backup": "Backup",
    "BeforeUpdate": "Antes da atualização",
    "Close": "Fechar",
    "Connect": "Conectar",
    "Custom": "Personalizado",
    "CustomFilters": "Filtros personalizados",
    "Date": "Data",
    "Deleted": "Excluído",
    "Details": "Detalhes",
    "Donations": "Doações",
    "DoNotPrefer": "Não preferir",
    "DoNotUpgradeAutomatically": "Não atualizar automaticamente",
    "DownloadFailed": "Falha no download",
    "EditDelayProfile": "Editar perfil de atraso",
    "EditImportListExclusion": "Editar exclusão de lista de importação",
    "EditQualityProfile": "Editar perfil de qualidade",
    "EditRemotePathMapping": "Editar mapeamento de caminho remoto",
    "EditRootFolder": "Editar pasta raiz",
    "Error": "Erro",
    "ErrorRestoringBackup": "Erro ao restaurar o backup",
    "Events": "Eventos",
    "EventType": "Tipo de evento",
    "Filters": "Filtros",
    "FreeSpace": "Espaço livre",
    "General": "Geral",
    "Genres": "Gêneros",
    "Grabbed": "Obtido",
    "HardlinkCopyFiles": "Criar hardlink/Copiar arquivos",
    "HideAdvanced": "Ocultar opções avançadas",
    "Ignored": "Ignorado",
    "IndexerDownloadClientHelpText": "Especifique qual cliente de download é usado para baixar deste indexador",
    "IndexerTagHelpText": "Use este indexador apenas para artistas com pelo menos uma etiqueta correspondente. Deixe em branco para usar com todos os artistas.",
    "InstanceName": "Nome da instância",
    "InstanceNameHelpText": "Nome da instância na aba e para o nome do aplicativo Syslog",
    "InteractiveImport": "Importação interativa",
    "LastAlbum": "Último Álbum",
    "LastDuration": "Última duração",
    "LastExecution": "Última execução",
    "LastUsed": "Usado por último",
    "LastWriteTime": "Hora da última gravação",
    "Library": "Biblioteca",
    "Location": "Localização",
    "Manual": "Manual",
    "MediaManagement": "Gerenciamento de mídia",
    "Metadata": "Metadados",
    "MonitoredOnly": "Somente monitorados",
    "MoveAutomatically": "Mover automaticamente",
    "MoveFiles": "Mover arquivos",
    "Never": "Nunca",
    "NextExecution": "Próxima Execução",
    "NoTagsHaveBeenAddedYet": "Nenhuma tag foi adicionada ainda",
    "Ok": "Ok",
    "OnlyTorrent": "Só Torrent",
    "OnlyUsenet": "Só Usenet",
    "Organize": "Organizar",
    "OutputPath": "Caminho de saída",
    "Peers": "Pares",
    "PreferAndUpgrade": "Preferir e Atualizar",
    "PreferredProtocol": "Protocolo Preferido",
    "Presets": "Definições",
    "Progress": "Progresso",
    "QualityLimitsHelpText": "Os limites são ajustados automaticamente para o tempo de execução do álbum.",
    "Queued": "Na fila",
    "Rating": "Avaliação",
    "RejectionCount": "Número de rejeição",
    "ReleaseTitle": "Título da versão",
    "Renamed": "Renomeado",
    "Replace": "Substituir",
    "RestartRequiredHelpTextWarning": "Requer reinicialização para entrar em vigor",
    "RestoreBackupAdditionalInfo": "Observação: o {appName} reiniciará automaticamente e recarregará a interface durante o processo de restauração.",
    "Save": "Salvar",
    "Seeders": "Sementes",
    "Select...": "Selecionar...",
    "SelectFolder": "Selecionar Pasta",
    "SelectQuality": "Selecionar uma Qualidade",
    "ShouldMonitorExistingHelpText": "Monitorar automaticamente os álbuns nesta lista que já estão no {appName}",
    "ShouldSearch": "Pesquisar novos itens",
    "ShouldSearchHelpText": "Indexadores de pesquisa para novos itens adicionados. Tenha cuidado ao usar com listas grandes.",
    "ShowAdvanced": "Mostrar opções avançadas",
    "SizeLimit": "Limite de Tamanho",
    "SizeOnDisk": "Tamanho em disco",
    "SourceTitle": "Título da Fonte",
    "Started": "Iniciado",
    "System": "Sistema",
    "Test": "Testar",
    "TimeLeft": "Tempo Restante",
    "Title": "Título",
    "TotalSpace": "Espaço Total",
    "Ui": "IU",
    "UnmappedFilesOnly": "Somente Arquivos Não Mapeados",
    "UnmonitoredOnly": "Somente Não Monitorados",
    "UpgradesAllowed": "Atualizações Permitidas",
    "Wanted": "Procurado",
    "Warn": "Alerta",
    "WouldYouLikeToRestoreBackup": "Gostaria de restaurar o backup '{name}'?",
    "WriteMetadataTags": "Salvar tags de metadados",
    "Import": "Importar",
    "Activity": "Atividade",
    "Always": "Sempre",
    "Info": "Informações",
    "AddConnection": "Adicionar conexão",
    "EditMetadataProfile": "Editar perfil de metadados",
    "AddReleaseProfile": "Adicionar perfil de lançamento",
    "AlbumRelease": "Lançamento do Álbum",
    "AlbumReleaseDate": "Data do Lançamento do Álbum",
    "AlbumStatus": "Estado do Álbum",
    "AlbumTitle": "Título do Álbum",
    "AlbumType": "Tipo do Álbum",
    "AreYouSure": "Tem certeza?",
    "ArtistName": "Nome do artista",
    "ArtistType": "Tipo de artista",
    "CombineWithExistingFiles": "Combinar com arquivos existentes",
    "MonitorNewItems": "Monitorar novos álbuns",
    "DateAdded": "Data da adição",
    "DeleteArtist": "Excluir artista selecionado",
    "Discography": "Discografia",
    "DownloadImported": "Download Importado",
    "EditMetadata": "Editar metadados",
    "EditReleaseProfile": "Editar perfil de lançamento",
    "ForNewImportsOnly": "Para novas importações somente",
    "ImportCompleteFailed": "Falha na importação",
    "MissingTracks": "Faixas Ausentes",
    "NewAlbums": "Novos Álbuns",
    "NextAlbum": "Próximo Álbum",
    "NoneMonitoringOptionHelpText": "Não monitorar artistas ou álbuns",
    "NotDiscography": "Sem Discografia",
    "Playlist": "Lista de Reprodução",
    "Proceed": "Proceder",
    "ReplaceExistingFiles": "Substituir Arquivos Existentes",
    "Retag": "Remarcar",
    "Retagged": "Remarcado",
    "RootFolderPath": "Caminho da Pasta Raiz",
    "SelectAlbum": "Selecionar Álbum",
    "SelectAlbumRelease": "Selecionar Lançamento do Álbum",
    "SelectArtist": "Selecionar Artista",
    "SelectTracks": "Selecionar Faixas",
    "ShouldMonitorExisting": "Monitorar álbuns existentes",
    "Theme": "Tema",
    "ThemeHelpText": "Alterar o tema da interface do usuário do aplicativo, o tema 'Auto' usará o tema do sistema operacional para definir o modo Claro ou Escuro. Inspirado por Theme.Park",
    "TrackCount": "Número da Faixa",
    "TrackImported": "Faixa Importada",
    "TrackProgress": "Progresso da Faixa",
    "EndedOnly": "Finalizado apenas",
    "MediaCount": "Número de Mídias",
    "Database": "Banco de dados",
    "DoneEditingGroups": "Concluir edição de grupos",
    "QualitiesHelpText": "As qualidades mais altas na lista são mais preferidas, mesmo que não sejam verificadas. As qualidades dentro do mesmo grupo são iguais. Somente qualidades verificadas são desejadas",
    "EditGroups": "Editar grupos",
    "OnAlbumDelete": "Ao Excluir Álbum",
    "OnArtistDelete": "Ao Excluir Artista",
    "ContinuingOnly": "Continuando apenas",
    "DeleteSelected": "Excluir Selecionado",
    "SelectReleaseGroup": "Selecionar um Grupo de Lançamento",
    "Inactive": "Inativo",
    "ChooseImportMethod": "Escolha o método de importação",
    "ClickToChangeReleaseGroup": "Clique para alterar o grupo de lançamento",
    "EnableRssHelpText": "Será usado quando o {appName} procurar periodicamente por lançamentos via RSS Sync",
    "BypassIfAboveCustomFormatScore": "Ignorar se estiver acima da pontuação do formato personalizado",
    "BypassIfAboveCustomFormatScoreHelpText": "Ignorar quando o lançamento tiver uma pontuação mais alta que a pontuação mínima configurada do formato personalizado",
    "BypassIfHighestQuality": "Ignorar se a qualidade é mais alta",
    "BypassIfHighestQualityHelpText": "Ignorar o atraso quando o lançamento tiver a qualidade mais alta habilitada no perfil de qualidade com o protocolo preferido",
    "CustomFormatScore": "Pontuação do formato personalizado",
    "MinimumCustomFormatScore": "Pontuação mínima do formato personalizado",
    "MinimumCustomFormatScoreHelpText": "Pontuação mínima do formato personalizado necessária para ignorar o atraso do protocolo preferido",
    "UnableToLoadInteractiveSearch": "Não foi possível carregar os resultados desta pesquisa de álbum. Tente mais tarde",
    "UnableToLoadCustomFormats": "Não foi possível carregar os formatos personalizados",
    "CopyToClipboard": "Copiar para a área de transferência",
    "CouldntFindAnyResultsForTerm": "Não foi possível encontrar resultados para \"{0}\"",
    "CustomFormat": "Formato personalizado",
    "CustomFormatRequiredHelpText": "Essa condição {0} deve corresponder para que o formato personalizado seja aplicado. Caso contrário, uma correspondência {0} é suficiente.",
    "CustomFormatSettings": "Configurações de formato personalizado",
    "CustomFormats": "Formatos personalizados",
    "Customformat": "Formato personalizado",
    "DeleteCustomFormat": "Excluir formato personalizado",
    "DeleteCustomFormatMessageText": "Tem certeza de que deseja excluir o formato personalizado '{name}'?",
    "DeleteFormatMessageText": "Tem certeza de que deseja excluir a tag de formato '{name}'?",
    "DownloadPropersAndRepacksHelpTextWarning": "Usar formatos personalizados para atualizações automáticas para propers/repacks",
    "DownloadedUnableToImportCheckLogsForDetails": "Baixado - Não foi possível importar: verifique os logs para saber mais",
    "ExportCustomFormat": "Exportar formato personalizado",
    "FailedDownloadHandling": "Falha no gerenciamento de download",
    "FailedLoadingSearchResults": "Falha ao carregar os resultados da pesquisa. Tente novamente.",
    "ForeignId": "ID estrangeiro",
    "Formats": "Formatos",
    "NegateHelpText": "Se marcado, o formato personalizado não será aplicado se esta condição {0} corresponder.",
    "IncludeCustomFormatWhenRenamingHelpText": "\"Incluir no formato de renomeação {Custom Formats}\"",
    "ItsEasyToAddANewArtistJustStartTypingTheNameOfTheArtistYouWantToAdd": "É fácil adicionar um novo artista, basta começar a digitar o nome do artista que deseja adicionar.",
    "MinFormatScoreHelpText": "Pontuação mínima de formato personalizado permitida para download",
    "Monitor": "Monitorar",
    "Monitoring": "Monitorando",
    "PreferTorrent": "Preferir torrent",
    "PreferUsenet": "Preferir Usenet",
    "ResetDefinitionTitlesHelpText": "Redefinir títulos de definição e valores",
    "ResetDefinitions": "Redefinir definições",
    "ResetTitles": "Redefinir títulos",
    "SpecificMonitoringOptionHelpText": "Monitorar artistas, mas só monitorar os álbuns explicitamente incluídos na lista",
    "Clone": "Clonar",
    "CloneCustomFormat": "Clonar formato personalizado",
    "Conditions": "Condições",
    "ImportListStatusCheckAllClientMessage": "Todas as listas estão indisponíveis devido a falhas",
    "RecycleBinUnableToWriteHealthCheck": "Não é possível gravar na pasta da lixeira configurada: {0}. Certifique-se de que este caminho exista e seja gravável pelo usuário executando o {appName}",
    "RemotePathMappingCheckBadDockerPath": "Você está usando o docker; cliente de download {0} coloca downloads em {1}, mas este não é um caminho {2} válido. Revise seus mapeamentos de caminho remoto e baixe as configurações do cliente.",
    "RemotePathMappingCheckFilesBadDockerPath": "Você está usando o docker; baixe os arquivos relatados do cliente {0} em {1}, mas este não é um caminho {2} válido. Revise seus mapeamentos de caminho remoto e baixe as configurações do cliente.",
    "RemotePathMappingCheckFilesWrongOSPath": "O cliente de download remoto {0} relatou arquivos em {1}, mas este não é um caminho {2} válido. Revise seus mapeamentos de caminho remoto e baixe as configurações do cliente.",
    "RemotePathMappingCheckLocalFolderMissing": "O cliente de download remoto {0} coloca os downloads em {1}, mas este diretório parece não existir. Mapeamento de caminho remoto provavelmente ausente ou incorreto.",
    "UpdateCheckUINotWritableMessage": "Não é possível instalar a atualização porque a pasta de IU '{0}' não pode ser gravada pelo usuário '{1}'.",
    "ApiKeyValidationHealthCheckMessage": "Atualize sua chave de API para ter pelo menos {0} caracteres. Você pode fazer isso através das configurações ou do arquivo de configuração",
    "AppDataLocationHealthCheckMessage": "A atualização não será possível para evitar a exclusão de AppData na Atualização",
    "ColonReplacement": "Substituto para dois-pontos",
    "DashOrSpaceDashDependingOnName": "Traço ou Espaço e Traço, dependendo do nome",
    "DeleteFormat": "Excluir Formato",
    "Disabled": "Desabilitado",
    "DownloadClientRootFolderHealthCheckMessage": "O cliente de download {downloadClientName} coloca os downloads na pasta raiz {rootFolderPath}. Você não deve baixar para uma pasta raiz.",
    "DownloadClientCheckNoneAvailableMessage": "Nenhum cliente de download está disponível",
    "DownloadClientCheckUnableToCommunicateMessage": "Não é possível se comunicar com {0}.",
    "DownloadClientStatusCheckAllClientMessage": "Todos os clientes de download estão indisponíveis devido a falhas",
    "DownloadClientStatusCheckSingleClientMessage": "Clientes de download indisponíveis devido a falhas: {0}",
    "GroupInformation": "Informações do grupo",
    "ImportListStatusCheckSingleClientMessage": "Listas indisponíveis devido a falhas: {0}",
    "ImportMechanismHealthCheckMessage": "Habilitar gerenciamento de download concluído",
    "IndexerJackettAll": "Indexadores que usam o ponto de extremidade \"all\" incompatível do Jackett: {0}",
    "IndexerLongTermStatusCheckAllClientMessage": "Todos os indexadores estão indisponíveis devido a falhas por mais de 6 horas",
    "IndexerLongTermStatusCheckSingleClientMessage": "Indexadores indisponíveis devido a falhas por mais de 6 horas: {0}",
    "IndexerRssHealthCheckNoAvailableIndexers": "Todos os indexadores compatíveis com RSS estão temporariamente indisponíveis devido a erros recentes do indexador",
    "IndexerRssHealthCheckNoIndexers": "Nenhum indexador disponível com a sincronização RSS habilitada, o {appName} não capturará novos lançamentos automaticamente",
    "IndexerSearchCheckNoAutomaticMessage": "Nenhum indexador disponível com a Pesquisa automática habilitada, o {appName} não fornecerá nenhum resultado de pesquisa automática",
    "IndexerSearchCheckNoAvailableIndexersMessage": "Todos os indexadores com capacidade de pesquisa estão temporariamente indisponíveis devido a erros recentes do indexador",
    "IndexerSearchCheckNoInteractiveMessage": "Nenhum indexador disponível com a Pesquisa Interativa habilitada, {appName} não fornecerá resultados para pesquisas interativas",
    "IndexerStatusCheckAllClientMessage": "Todos os indexadores estão indisponíveis devido a falhas",
    "IndexerStatusCheckSingleClientMessage": "Indexadores indisponíveis devido a falhas: {0}",
    "Loading": "carregando",
    "MonitorAlbum": "Monitorar Álbum",
    "MountArtistHealthCheckMessage": "A montagem que contém o caminho da música é montada somente para leitura: ",
    "OnHealthRestored": "Com a Saúde Restaurada",
    "ProxyCheckBadRequestMessage": "Falha ao testar o proxy. Código de status: {0}",
    "ProxyCheckFailedToTestMessage": "Falha ao testar o proxy: {0}",
    "ProxyCheckResolveIpMessage": "Falha ao resolver o endereço IP do host de proxy configurado {0}",
    "RemotePathMappingCheckDockerFolderMissing": "Você está usando o docker; o cliente de download {0} coloca os downloads em {1}, mas esse diretório parece não existir dentro do contêiner. Revise seus mapeamentos de caminho remoto e configurações de volume do contêiner.",
    "RemotePathMappingCheckDownloadPermissions": "{appName} pode ver, mas não acessar músicas baixadas {0}. Provavelmente erro de permissão.",
    "RemotePathMappingCheckFileRemoved": "O arquivo {0} foi removido no meio do processamento.",
    "RemotePathMappingCheckFilesGenericPermissions": "Baixe os arquivos relatados do cliente {0} em {1}, mas o {appName} não pode ver este diretório. Pode ser necessário ajustar as permissões da pasta.",
    "RemotePathMappingCheckFilesLocalWrongOSPath": "O cliente de download local {0} relatou arquivos em {1}, mas este não é um caminho {2} válido. Revise as configurações do cliente de download.",
    "RemotePathMappingCheckFolderPermissions": "{appName} pode ver, mas não acessar o diretório de download {0}. Provável erro de permissão.",
    "RemotePathMappingCheckGenericPermissions": "O cliente de download {0} coloca os downloads em {1}, mas o {appName} não pode ver este diretório. Pode ser necessário ajustar as permissões da pasta.",
    "RemotePathMappingCheckImportFailed": "{appName} não conseguiu importar músicas. Verifique seus registros para obter detalhes.",
    "RemotePathMappingCheckLocalWrongOSPath": "O cliente de download local {0} coloca os downloads em {1}, mas este não é um caminho {2} válido. Revise as configurações do cliente de download.",
    "RemotePathMappingCheckRemoteDownloadClient": "O cliente de download remoto {0} relatou arquivos em {1}, mas este diretório parece não existir. Provavelmente faltando mapeamento de caminho remoto.",
    "RemotePathMappingCheckWrongOSPath": "O cliente de download remoto {0} coloca os downloads em {1}, mas este não é um caminho {2} válido. Revise seus mapeamentos de caminho remoto e baixe as configurações do cliente.",
    "ReplaceWithDash": "Substituir por Traço",
    "ReplaceWithSpaceDash": "Substituir por Espaço e Traço",
    "ReplaceWithSpaceDashSpace": "Substituir com Espaço, Traço e Espaço",
    "RootFolderCheckMultipleMessage": "Faltam várias pastas raiz: {0}",
    "RootFolderCheckSingleMessage": "Pasta raiz ausente: {0}",
    "SmartReplace": "Substituição inteligente",
    "SystemTimeCheckMessage": "A hora do sistema está desligada por mais de 1 dia. Tarefas agendadas podem não ser executadas corretamente até que o horário seja corrigido",
    "ThereWasAnErrorLoadingThisItem": "Ocorreu um erro ao carregar este item",
    "ThereWasAnErrorLoadingThisPage": "Ocorreu um erro ao carregar esta página",
    "UpdateAvailableHealthCheckMessage": "Nova atualização está disponível: {version}",
    "UpdateCheckStartupNotWritableMessage": "Não é possível instalar a atualização porque a pasta de inicialização '{0}' não pode ser gravada pelo usuário '{1}'.",
    "UpdateCheckStartupTranslocationMessage": "Não é possível instalar a atualização porque a pasta de inicialização '{0}' está em uma pasta de translocação de aplicativo.",
    "Total": "Total",
    "TrackFiles": "Arquivos de Faixas",
    "AlbumCount": "Número de Álbuns",
    "CutoffFormatScoreHelpText": "Assim que essa pontuação de formato personalizado for alcançada, {appName} não obterá mais lançamentos de álbuns",
    "DownloadedImporting": "'Baixado - Importando'",
    "DownloadedWaitingToImport": "'Baixado - Aguardando para Importar'",
    "HiddenClickToShow": "Oculto, clique para mostrar",
    "ShownClickToHide": "Mostrado, clique para ocultar",
    "ListWillRefreshEveryInterp": "A lista será atualizada a cada {0}",
    "ListRefreshInterval": "Intervalo de atualização da lista",
    "ShowNextAlbumHelpText": "Mostrar próximo álbum sob pôster",
    "CountAlbums": "{albumCount} álbuns",
    "NoAlbums": "Sem álbuns",
    "OneAlbum": "1 álbum",
    "ShowNextAlbum": "Mostrar Próximo Álbum",
    "DeleteRemotePathMappingMessageText": "Tem certeza de que deseja excluir este mapeamento de caminho remoto?",
    "DeleteRemotePathMapping": "Excluir mapeamento de caminho remoto",
    "BlocklistReleases": "Lançamentos na lista de bloqueio",
    "DeleteCondition": "Excluir condição",
    "DeleteConditionMessageText": "Tem certeza de que deseja excluir a condição \"{name}\"?",
    "Negated": "Negado",
    "NoHistoryBlocklist": "Não há lista de bloqueio no histórico",
    "RemoveSelectedItemBlocklistMessageText": "Tem certeza de que deseja remover os itens selecionados da lista de bloqueio?",
    "RemoveSelectedItem": "Remover item selecionado",
    "RemoveSelectedItems": "Remover itens selecionados",
    "Required": "Necessário",
    "ResetQualityDefinitions": "Redefinir definições de qualidade",
    "ResetQualityDefinitionsMessageText": "Tem certeza de que deseja redefinir as definições de qualidade?",
    "ResetTitlesHelpText": "Redefinir títulos de definição e valores",
    "BlocklistReleaseHelpText": "Impede que o {appName} obtenha esses arquivos novamente de forma automática",
    "FailedToLoadQueue": "Falha ao carregar a fila",
    "QueueIsEmpty": "A fila está vazia",
    "NoCutoffUnmetItems": "Nenhum item com limite não atingido",
    "NoEventsFound": "Não foram encontrados eventos",
    "NoMissingItems": "Nenhum item ausente",
    "DownloadClientSortingCheckMessage": "O cliente de download {0} tem classificação {1} habilitada para a categoria de {appName}. Você deve desativar a classificação em seu cliente de download para evitar problemas de importação.",
    "CountIndexersSelected": "{selectedCount} indexador(es) selecionado(s)",
    "ManageImportLists": "Gerenciar listas de importação",
    "ManageLists": "Gerenciar listas",
    "NoDownloadClientsFound": "Nenhum cliente de download encontrado",
    "NoImportListsFound": "Nenhuma lista de importação encontrada",
    "NoIndexersFound": "Nenhum indexador encontrado",
    "ManageDownloadClients": "Gerenciar clientes de download",
    "ApplyChanges": "Aplicar mudanças",
    "AutoAdd": "Adicionar automaticamente",
    "AutomaticAdd": "Adição automática",
    "CountDownloadClientsSelected": "{selectedCount} cliente(s) de download selecionado(s)",
    "CountImportListsSelected": "{selectedCount} lista(s) de importação selecionada(s)",
    "DeleteSelectedDownloadClients": "Excluir cliente(s) de download selecionado(s)",
    "DeleteSelectedDownloadClientsMessageText": "Tem certeza de que deseja excluir o(s) {count} cliente(s) de download selecionado(s)?",
    "DeleteSelectedImportLists": "Excluir lista(s) de importação",
    "DeleteSelectedImportListsMessageText": "Tem certeza de que deseja excluir a(s) {count} lista(s) de importação selecionada(s)?",
    "DeleteSelectedIndexers": "Excluir indexador(es)",
    "DeleteSelectedIndexersMessageText": "Tem certeza de que deseja excluir o(s) {count} indexador(es) selecionado(s)?",
    "EditSelectedDownloadClients": "Editar clientes de download selecionados",
    "EditSelectedImportLists": "Editar listas de importação selecionadas",
    "EditSelectedIndexers": "Editar indexadores selecionados",
    "ExistingTag": "Etiqueta existente",
    "Implementation": "Implementação",
    "ManageClients": "Gerenciar clientes",
    "ManageIndexers": "Gerenciar indexadores",
    "NoChange": "Sem alteração",
    "RemovingTag": "Removendo a tag",
    "SetTags": "Definir tags",
    "Yes": "Sim",
    "No": "Não",
    "DownloadClientTagHelpText": "Use este cliente de download apenas para artistas com pelo menos uma tag correspondente. Deixe em branco para usar com todos os artistas.",
    "RemoveSelectedItemQueueMessageText": "Tem certeza de que deseja remover 1 item da fila?",
    "RemoveSelectedItemsQueueMessageText": "Tem certeza de que deseja remover {0} itens da fila?",
    "SkipRedownloadHelpText": "Evita que o {appName} tente baixar versões alternativas para os itens removidos",
    "ApplyTagsHelpTextAdd": "Adicionar: adicione as etiquetas à lista existente de etiquetas",
    "ApplyTagsHelpTextRemove": "Remover: remove as etiquetas inseridas",
    "ApplyTagsHelpTextReplace": "Substituir: substitui as etiquetas atuais pelas inseridas (deixe em branco para limpar todas as etiquetas)",
    "ApplyTagsHelpTextHowToApplyArtists": "Como aplicar tags aos artistas selecionados",
    "ApplyTagsHelpTextHowToApplyDownloadClients": "Como aplicar etiquetas aos clientes de download selecionados",
    "ApplyTagsHelpTextHowToApplyImportLists": "Como aplicar etiquetas às listas de importação selecionadas",
    "ApplyTagsHelpTextHowToApplyIndexers": "Como aplicar etiquetas aos indexadores selecionados",
    "RemoveCompletedDownloads": "Remover downloads concluídos",
    "RemoveFailedDownloads": "Remover downloads com falha",
    "FilterAlbumPlaceholder": "Filtrar álbum",
    "FilterArtistPlaceholder": "Filtrar artista",
    "MonitorExistingAlbums": "Álbuns Existentes",
    "MonitorNewAlbums": "Novos Álbuns",
    "UpdateSelected": "Atualizar Selecionada",
    "CountArtistsSelected": "{count} artista(s) selecionado(s)",
    "SuggestTranslationChange": "Sugerir mudança de tradução",
    "AddImportListExclusionAlbumHelpText": "Impedir que o álbum seja adicionado ao {appName} por listas de importação",
    "AddImportListExclusionArtistHelpText": "Impedir que o artista seja adicionado ao {appName} por listas de importação",
    "IndexerDownloadClientHealthCheckMessage": "Indexadores com clientes de download inválidos: {0}.",
    "NoResultsFound": "Nenhum resultado encontrado",
    "SomeResultsAreHiddenByTheAppliedFilter": "Alguns resultados estão ocultos pelo filtro aplicado",
    "AllResultsAreHiddenByTheAppliedFilter": "Todos os resultados estão ocultos pelo filtro aplicado",
    "AppUpdated": "{appName} atualizado",
    "AppUpdatedVersion": "O {appName} foi atualizado para a versão `{version}`. Para obter as alterações mais recentes, recarregue o {appName}",
    "ConnectionLost": "Conexão perdida",
    "ConnectionLostReconnect": "O {appName} tentará se conectar automaticamente ou você pode clicar em Recarregar abaixo.",
    "ConnectionLostToBackend": "O {appName} perdeu a conexão com o backend e precisará ser recarregado para restaurar a funcionalidade.",
    "RecentChanges": "Mudanças Recentes",
    "WhatsNew": "O que há de novo?",
    "NotificationStatusAllClientHealthCheckMessage": "Todas as notificações estão indisponíveis devido a falhas",
    "NotificationStatusSingleClientHealthCheckMessage": "Notificações indisponíveis devido a falhas: {0}",
    "AddConditionImplementation": "Adicionar condição - {implementationName}",
    "AddConnectionImplementation": "Adicionar conexão - {implementationName}",
    "AddDownloadClientImplementation": "Adicionar cliente de download - {implementationName}",
    "AddImportList": "Adicionar lista de importação",
    "AddImportListImplementation": "Adicionar lista de importação - {implementationName}",
    "AddIndexerImplementation": "Adicionar indexador - {implementationName}",
    "AutomaticUpdatesDisabledDocker": "As atualizações automáticas não têm suporte direto ao usar o mecanismo de atualização do Docker. Você precisará atualizar a imagem do contêiner fora do {appName} ou usar um script",
    "EditDownloadClientImplementation": "Editar cliente de download - {implementationName}",
    "EditConditionImplementation": "Editar condição - {implementationName}",
    "EditConnectionImplementation": "Editar conexão - {implementationName}",
    "EditImportListImplementation": "Editar lista de importação - {implementationName}",
    "EditIndexerImplementation": "Editar indexador - {implementationName}",
    "RemotePathMappingsInfo": "Raramente são necessários mapeamentos de caminho remoto, se {appName} e seu cliente de download estiverem no mesmo sistema, é melhor combinar seus caminhos. Para mais informações, consulte o [wiki]({wikiLink})",
    "CloneCondition": "Clonar condição",
    "Enabled": "Habilitado",
    "Priority": "Prioridade",
    "ErrorLoadingContent": "Ocorreu um erro ao carregar este conteúdo",
    "AddNewArtist": "Adicionar Novo Artista",
    "AddNewAlbum": "Adicionar Novo Álbum",
    "AddNewArtistRootFolderHelpText": "A subpasta \"{folder}\" será criada automaticamente",
    "ImportListRootFolderMissingRootHealthCheckMessage": "Pasta raiz ausente para lista(s) de importação: {0}",
    "ImportListRootFolderMultipleMissingRootsHealthCheckMessage": "Várias pastas raiz estão ausentes para listas de importação: {0}",
    "PreferProtocol": "Preferir {preferredProtocol}",
    "HealthMessagesInfoBox": "Para saber mais sobre a causa dessas mensagens de verificação de integridade, clique no link da wiki (ícone de livro) no final da linha ou verifique os [logs]({link}). Se tiver dificuldade em interpretar essas mensagens, entre em contato com nosso suporte nos links abaixo.",
    "DownloadClientRemovesCompletedDownloadsHealthCheckMessage": "O cliente de download {0} está configurado para remover downloads concluídos. Isso pode resultar na remoção dos downloads do seu cliente antes que {1} possa importá-los.",
    "InfoUrl": "URL de informações",
    "GrabId": "Obter ID",
    "InvalidUILanguage": "Sua interface está definida com um idioma inválido, corrija-o e salve suas configurações",
    "AuthBasic": "Básico (pop-up do navegador)",
    "AuthenticationRequired": "Autenticação exigida",
    "AuthenticationMethod": "Método de autenticação",
    "AuthenticationRequiredHelpText": "Altere para quais solicitações a autenticação é necessária. Não mude a menos que você entenda os riscos.",
    "AuthenticationRequiredUsernameHelpTextWarning": "Digite um novo nome de usuário",
    "AuthenticationRequiredWarning": "Para evitar o acesso remoto sem autenticação, o {appName} agora exige que a autenticação esteja habilitada. Opcionalmente, você pode desabilitar a autenticação para endereços locais.",
    "DisabledForLocalAddresses": "Desabilitado para endereços locais",
    "External": "Externo",
    "AuthForm": "Formulário (página de login)",
    "AuthenticationMethodHelpTextWarning": "Selecione um método de autenticação válido",
    "AuthenticationRequiredPasswordHelpTextWarning": "Digite uma nova senha",
    "Auto": "Automático",
    "BannerOptions": "Opções do banner",
    "Banners": "Banners",
    "Overview": "Visão geral",
    "OverviewOptions": "Opções da visão geral",
    "PosterOptions": "Opções do pôster",
    "Posters": "Pôsteres",
    "ArtistProgressBarText": "{trackFileCount}/{trackCount} (total: {totalTrackCount}, baixando: {downloadingCount})",
    "Table": "Tabela",
    "ArtistMonitoring": "Monitoramento de artista",
    "AddListExclusionHelpText": "Impedir que artistas sejam adicionados ao {appName} por listas",
    "AlbumDetails": "Detalhes do Álbum",
    "AlbumStudioTracksDownloaded": "{trackFileCount}/{totalTrackCount} faixas baixadas",
    "AlbumStudioTruncated": "Apenas os últimos 20 álbuns são mostrados, acesse os detalhes para ver todos os álbuns",
    "AlbumsLoadError": "Não foi possível carregar os álbuns",
    "ArtistIsUnmonitored": "Artista não é monitorado",
    "Deceased": "Falecido",
    "DeleteArtistFolder": "Excluir pasta do artista",
    "DeleteArtistFolderCountConfirmation": "Tem certeza de que deseja excluir {count} artistas selecionados?",
    "DeleteArtistFolderCountWithFilesConfirmation": "Tem certeza de que deseja excluir {count} artistas selecionados e todo o conteúdo?",
    "DeleteArtistFolderHelpText": "Exclua a pasta do artista e seu conteúdo",
    "DeleteArtistFolders": "Excluir pastas de artistas",
    "DeleteSelectedArtists": "Excluir Artistas Selecionados",
    "Large": "Grande",
    "MonitorArtists": "Monitorar Artistas",
    "RenameFiles": "Renomear Arquivos",
    "RetagSelectedArtists": "Remarcar artistas selecionados",
    "SetAppTags": "Definir {appName} Tags",
    "Small": "Pequeno",
    "UpdateMonitoring": "Atualizar Monitoramento",
    "ArtistIsMonitored": "Artista é monitorado",
    "ArtistsEditRootFolderHelpText": "Use Mover artistas para a mesma pasta raiz para renomear pastas de artistas para corresponder ao nome atualizado ou ao formato de nomenclatura",
    "DeleteArtistFoldersHelpText": "Exclua as pastas dos artistas e todo o seu conteúdo",
    "EditSelectedArtists": "Editar Artistas Selecionados",
    "OrganizeSelectedArtists": "Organizar Artistas Selecionados",
    "UpdateFiltered": "Atualização Filtrada",
    "ConditionUsingRegularExpressions": "Esta condição corresponde ao uso de Expressões Regulares. Observe que os caracteres `\\^$.|?*+()[{` têm significados especiais e precisam de escape com um `\\`",
    "ImportList": "Importar lista",
    "RegularExpressionsCanBeTested": "Expressões regulares podem ser testadas [aqui]({url}).",
    "RegularExpressionsTutorialLink": "Mais detalhes sobre expressões regulares podem ser encontrados [aqui]({url}).",
    "AddAutoTag": "Adicionar etiqueta automática",
    "AddAutoTagError": "Não foi possível adicionar uma nova etiqueta automática, tente novamente.",
    "AutoTaggingNegateHelpText": "Se marcada, a regra de etiquetas automáticas não será aplicada se corresponder à condição {implementationName}.",
    "AutoTaggingRequiredHelpText": "Esta condição, {implementationName}, deve corresponder para que a regra de etiqueta automática seja aplicada. Caso contrário, uma única correspondência de {implementationName} será suficiente.",
    "AddCondition": "Adicionar condição",
    "AddConditionError": "Não foi possível adicionar uma nova condição, tente novamente.",
    "AutoTagging": "Etiquetas automáticas",
    "AutoTaggingLoadError": "Não foi possível carregar as etiquetas automáticas",
    "CloneAutoTag": "Clonar etiqueta automática",
    "Connection": "Conexão",
    "DeleteAutoTag": "Excluir etiqueta automática",
    "DeleteAutoTagHelpText": "Tem certeza de que deseja excluir a etiqueta automática '{name}'?",
    "DeleteSpecification": "Excluir especificação",
    "DeleteSpecificationHelpText": "Tem certeza de que deseja excluir a especificação '{name}'?",
    "EditAutoTag": "Editar etiqueta automática",
    "Negate": "Negar",
    "ReleaseProfile": "Perfil de Lançamento",
    "RemoveTagsAutomatically": "Remover Tags Automaticamente",
    "RemoveTagsAutomaticallyHelpText": "Remover tags automaticamente se as condições não forem encontradas",
    "SupportedAutoTaggingProperties": "{appName} oferece suporte às propriedades a seguir para regras de codificação automática",
    "QueueFilterHasNoItems": "O filtro de fila selecionado não possui itens",
    "PasswordConfirmation": "Confirmação Da Senha",
    "AuthenticationRequiredPasswordConfirmationHelpTextWarning": "Confirme a nova senha",
    "ClearBlocklist": "Limpar lista de bloqueio",
    "ClearBlocklistMessageText": "Tem certeza de que deseja limpar todos os itens da lista de bloqueio?",
    "AddArtistWithName": "Adicionar {artistName}",
    "AddNewArtistSearchForMissingAlbums": "Iniciar a procurar álbuns perdidos",
    "AddAlbumWithTitle": "Adicionar {albumTitle}",
    "AddNewAlbumSearchForNewAlbum": "Iniciar busca por novo álbum",
    "TrackFilesLoadError": "Não foi possível carregar arquivos das faixas",
    "ExtraFileExtensionsHelpTextsExamples": "Exemplos: \".sub, .nfo\" ou \"sub,nfo\"",
    "ExtraFileExtensionsHelpText": "Lista separada por vírgulas de arquivos adicionais a importar (.nfo será importado como .nfo-orig)",
    "DownloadClientQbittorrentSettingsContentLayout": "Layout de conteúdo",
    "NoLimitForAnyDuration": "Sem limite para qualquer duração",
    "NoMinimumForAnyDuration": "Sem mínimo para qualquer duração",
    "PreferredSize": "Tamanho Preferido",
    "Unlimited": "Ilimitado",
    "DownloadClientQbittorrentSettingsContentLayoutHelpText": "Se devemos usar o layout de conteúdo configurado do qBittorrent, o layout original do torrent ou sempre criar uma subpasta (qBittorrent 4.3.2+)",
    "AutoRedownloadFailed": "Falha no novo download",
    "AutoRedownloadFailedFromInteractiveSearch": "Falha no novo download usando a pesquisa interativa",
    "AutoRedownloadFailedFromInteractiveSearchHelpText": "Procurar e tentar baixar automaticamente um lançamento diferente quando for obtido um lançamento com falha na pesquisa interativa",
    "DownloadClientAriaSettingsDirectoryHelpText": "Local opcional para colocar downloads, deixe em branco para usar o local padrão do Aria2",
    "IndexerSettingsRejectBlocklistedTorrentHashes": "Rejeitar hashes de torrent bloqueados durante a captura",
    "IndexerSettingsRejectBlocklistedTorrentHashesHelpText": "Se um torrent for bloqueado por hash, pode não ser rejeitado corretamente durante o RSS/Pesquisa de alguns indexadores. Ativar isso permitirá que ele seja rejeitado após o torrent ser capturado, mas antes de ser enviado ao cliente.",
    "TrackFileDeletedTooltip": "Arquivo da faixa excluído",
    "TrackFileMissingTooltip": "Arquivo da faixa ausente",
    "TrackFileRenamedTooltip": "Arquivo da faixa renomeado",
    "TrackFileTagsUpdatedTooltip": "Arquivo da faixa com etiquetas atualizadas",
    "DownloadClientPriorityHelpText": "Prioridade do cliente de download de 1 (mais alta) a 50 (mais baixa). Padrão: 1. Usamos uma distribuição equilibrada para clientes com a mesma prioridade.",
    "BlocklistAndSearch": "Adicionar à lista de bloqueio e pesquisar",
    "BlocklistAndSearchHint": "Iniciar uma pesquisa por um substituto após adicionar à lista de bloqueio",
    "ChangeCategory": "Alterar categoria",
    "ChangeCategoryHint": "Altera o download para a \"Categoria pós-importação\" do cliente de download",
    "CustomFormatsSpecificationRegularExpressionHelpText": "O regex do formato personalizado não diferencia maiúsculas e minúsculas",
    "RemoveQueueItemConfirmation": "Tem certeza de que deseja remover '{sourceTitle}' da fila?",
    "RemoveQueueItemsRemovalMethodHelpTextWarning": "'Remover do Cliente de Download' removerá os downloads e os arquivos do cliente de download.",
    "DoNotBlocklistHint": "Remover sem colocar na lista de bloqueio",
    "IgnoreDownload": "Ignorar download",
    "IgnoreDownloadHint": "Impede que o {appName} processe ainda mais este download",
    "IgnoreDownloads": "Ignorar downloads",
    "IgnoreDownloadsHint": "Impede que o {appName} processe ainda mais esses downloads",
    "BlocklistOnlyHint": "Adicionar à lista de bloqueio sem procurar por um substituto",
    "DoNotBlocklist": "Não coloque na lista de bloqueio",
    "RemoveFromDownloadClientHint": "Remove download e arquivo(s) do cliente de download",
    "BlocklistOnly": "Apenas adicionar à lista de bloqueio",
    "BlocklistAndSearchMultipleHint": "Iniciar pesquisas por substitutos após adicionar à lista de bloqueio",
    "BlocklistMultipleOnlyHint": "Adicionar à lista de bloqueio sem procurar por substitutos",
    "ChangeCategoryMultipleHint": "Altera os downloads para a \"Categoria pós-importação' do cliente de download",
    "CustomFormatsSpecificationRegularExpression": "Expressão regular (regex)",
    "RemoveMultipleFromDownloadClientHint": "Remove downloads e arquivos do cliente de download",
    "RemoveQueueItem": "Remover - {sourceTitle}",
    "RemoveQueueItemRemovalMethod": "Método de Remoção",
    "RemoveQueueItemRemovalMethodHelpTextWarning": "'Remover do cliente de download' removerá o download e os arquivos do cliente de download.",
    "ArtistIndexFooterDownloading": "Baixando",
    "IncludeHealthWarnings": "Incluir avisos de integridade",
    "OnArtistAdd": "Ao Adicionar Artista",
    "Donate": "Doar",
    "Menu": "Menu",
    "AutomaticSearch": "Pesquisa automática",
    "KeyboardShortcuts": "Atalhos do teclado",
    "Links": "Links",
    "Logout": "Sair",
    "Dash": "Traço",
    "DefaultCase": "Padrão maiúscula ou minúscula",
    "FileNameTokens": "Tokens de nome de arquivo",
    "Period": "Ponto",
    "Space": "Espaço",
    "Uppercase": "Maiuscula",
    "EmbedCoverArtInAudioFiles": "Incorporar capa em arquivos de áudio",
    "EmbedCoverArtHelpText": "Incorpore a arte do álbum Lidarr em arquivos de áudio ao escrever etiquetas",
    "Lowercase": "Minúsculas",
    "Underscore": "Sublinhar",
    "MassSearchCancelWarning": "Isso não pode ser cancelado depois de iniciado sem reiniciar {appName} ou desabilitar todos os seus indexadores.",
    "NoTracksInThisMedium": "Nenhuma faixa neste meio",
    "MonitoredStatus": "Monitorado/Status",
    "SearchForAllCutoffUnmetAlbumsConfirmationCount": "Tem certeza de que deseja pesquisar todos os álbuns do {totalRecords} corte não atingido?",
    "ConnectSettingsSummary": "Notificações, conexões com servidores/players de mídia e scripts personalizados",
    "CustomFormatsSettingsSummary": "Formatos personalizados e configurações",
    "IndexersSettingsSummary": "Indexadores e opções de indexador",
    "MediaManagementSettingsSummary": "Nomenclatura, configurações de gerenciamento de arquivos e pastas raiz",
    "QualitySettingsSummary": "Tamanhos e nomenclatura de qualidade",
    "TagsSettingsSummary": "Veja todas as etiquetas e como elas são usadas. Etiquetas não utilizadas podem ser removidas",
    "UiSettingsSummary": "Opções de calendário, data e cores para daltônicos",
    "CustomFormatsSettings": "Configurações de formatos personalizados",
    "DownloadClientsSettingsSummary": "Clientes de download, gerenciamento de download e mapeamentos de caminhos remotos",
    "GeneralSettingsSummary": "Porta, SSL, nome de usuário/senha, proxy, análises e atualizações",
    "ImportListsSettingsSummary": "Importe de outra instância do {appName} ou listas do Trakt e gerencie exclusões de listas",
    "MetadataSettingsArtistSummary": "Crie arquivos de metadados quando as faixas forem importadas ou o artista for atualizado",
    "ProfilesSettingsArtistSummary": "Perfis de Qualidade, Metadados, Atraso e Lançamento",
    "FormatAgeDay": "dia",
    "FormatAgeDays": "dias",
    "FormatAgeHour": "hora",
    "FormatAgeHours": "horas",
    "FormatAgeMinute": "minuto",
    "FormatAgeMinutes": "minutos",
    "FormatDateTimeRelative": "{relativeDay}, {formattedDate} {formattedTime}",
    "FormatDateTime": "{formattedDate} {formattedTime}",
    "FormatRuntimeHours": "{hours}h",
    "FormatRuntimeMinutes": "{minutes}m",
    "FormatShortTimeSpanSeconds": "{seconds} segundo(s)",
    "FormatTimeSpanDays": "{days}d {time}",
    "FormatShortTimeSpanHours": "{hours} hora(s)",
    "MonitorFirstAlbum": "Primeiro Álbum",
    "MonitorFutureAlbums": "Álbuns Futuros",
    "MonitorLastestAlbum": "Último Álbum",
    "MonitorNoAlbums": "Nenhum",
    "MonitorNoNewAlbums": "Sem Novos Álbuns",
    "Yesterday": "Ontem",
    "FormatShortTimeSpanMinutes": "{minutes} minuto(s)",
    "MonitorAllAlbums": "Todos os Álbuns",
    "MonitorMissingAlbums": "Álbuns Ausentes",
    "Tomorrow": "Amanhã",
    "CustomFilter": "Filtro Personalizado",
    "LabelIsRequired": "Rótulo é requerido",
    "DownloadClientDelugeSettingsDirectory": "Diretório de Download",
    "DownloadClientDelugeSettingsDirectoryCompleted": "Mover para o Diretório Quando Concluído",
    "DownloadClientDelugeSettingsDirectoryHelpText": "Local opcional para colocar downloads, deixe em branco para usar o local padrão do Deluge",
    "NotificationsEmbySettingsSendNotifications": "Enviar Notificações",
    "NotificationsEmbySettingsSendNotificationsHelpText": "Faça com que o MediaBrowser envie notificações para os provedores configurados",
    "NotificationsKodiSettingAlwaysUpdate": "Sempre Atualizar",
    "NotificationsKodiSettingAlwaysUpdateHelpText": "Atualizar a biblioteca mesmo quando um vídeo está sendo reproduzido?",
    "NotificationsKodiSettingsCleanLibrary": "Limpar Biblioteca",
    "NotificationsKodiSettingsCleanLibraryHelpText": "Limpar biblioteca após atualização",
    "NotificationsKodiSettingsDisplayTime": "Tempo de Exibição",
    "NotificationsKodiSettingsGuiNotification": "Notificação GUI",
    "NotificationsKodiSettingsUpdateLibraryHelpText": "Atualizar biblioteca em Importar e Renomear?",
    "NotificationsPlexSettingsAuthToken": "Token de Autenticação",
    "NotificationsPlexSettingsAuthenticateWithPlexTv": "Autenticar com Plex.tv",
    "NotificationsSettingsUpdateLibrary": "Atualizar Biblioteca",
    "NotificationsSettingsUpdateMapPathsFrom": "Mapear Caminhos De",
    "NotificationsSettingsUpdateMapPathsTo": "Mapear Caminhos Para",
    "NotificationsSettingsUpdateMapPathsToHelpText": "Caminho do {serviceName}, usado para alterar caminhos de séries quando o {serviceName} vê a localização do caminho da biblioteca de forma diferente do {appName} (requer \"Atualizar biblioteca\")",
    "NotificationsSettingsUseSslHelpText": "Conecte-se a {serviceName} por HTTPS em vez de HTTP",
    "UseSsl": "Usar SSL",
    "ConnectionSettingsUrlBaseHelpText": "Adiciona um prefixo ao URL {connectionName}, como {url}",
    "DownloadClientDelugeSettingsDirectoryCompletedHelpText": "Local opcional para mover os downloads concluídos, deixe em branco para usar o local padrão do Deluge",
    "NotificationsEmbySettingsUpdateLibraryHelpText": "Atualizar biblioteca ao importar, renomear ou excluir?",
    "NotificationsKodiSettingsDisplayTimeHelpText": "Por quanto tempo a notificação será exibida (em segundos)",
    "NotificationsSettingsUpdateMapPathsFromHelpText": "Caminho do {appName}, usado para alterar caminhos de séries quando o {serviceName} vê a localização do caminho da biblioteca de forma diferente do {appName} (requer \"Atualizar biblioteca\")",
    "AddToDownloadQueue": "Adicionar à fila de download",
    "AddedToDownloadQueue": "Adicionado à fila de download",
    "GrabReleaseUnknownArtistOrAlbumMessageText": "{appName} não conseguiu determinar a qual artista e álbum se destinava este lançamento. {appName} pode não conseguir importar esta versão automaticamente. Você quer pegar '{title}'?",
    "ClickToChangeIndexerFlags": "Clique para alterar os sinalizadores do indexador",
    "CustomFormatsSpecificationFlag": "Sinalizar",
    "IndexerFlags": "Sinalizadores do indexador",
    "Rejections": "Rejeições",
    "SelectIndexerFlags": "Selecionar Sinalizadores do Indexador",
    "SetIndexerFlags": "Definir Sinalizadores de Indexador",
    "CustomFormatsSettingsTriggerInfo": "Um formato personalizado será aplicado a um lançamento ou arquivo quando corresponder a pelo menos um dos diferentes tipos de condição escolhidos.",
    "IndexerPriorityHelpText": "Prioridade do indexador de 1 (mais alta) a 50 (mais baixa). Padrão: 25. Usado como um desempate ao capturar lançamentos, o {appName} ainda usará todos os indexadores habilitados para a sincronização RSS e pesquisa",
    "AutoTaggingSpecificationTag": "Etiqueta",
    "NotificationsTelegramSettingsIncludeAppName": "Incluir {appName} no Título",
    "NotificationsTelegramSettingsIncludeAppNameHelpText": "Opcionalmente, prefixe o título da mensagem com {appName} para diferenciar notificações de diferentes aplicativos",
    "IndexerSettingsSeedRatio": "Proporção de semeação",
    "IndexerSettingsSeedRatioHelpText": "A proporção que um torrent deve atingir antes de parar, vazio usa o padrão do cliente de download. A proporção deve ser de pelo menos 1,0 e seguir as regras dos indexadores",
    "IndexerSettingsSeedTime": "Tempo de semeação",
    "IndexerSettingsSeedTimeHelpText": "O tempo que um torrent deve ser semeado antes de parar, vazio usa o padrão do cliente de download",
    "InteractiveSearchModalHeader": "Pesquisa interativa",
    "InteractiveSearchModalHeaderTitle": "Pesquisa Interativa - {title}",
    "False": "Falso",
    "Parse": "Analisar",
    "ParseModalErrorParsing": "Erro ao analisar, tente novamente.",
    "True": "Verdadeiro",
    "ParseModalHelpText": "Insira um título de lançamento na entrada acima",
    "ParseModalHelpTextDetails": "O {appName} tentará analisar o título e mostrar detalhes sobre ele",
    "ParseModalUnableToParse": "Não foi possível analisar o título fornecido, tente novamente.",
    "Repack": "Repack",
    "TestParsing": "Análise de teste",
    "MatchedToArtist": "Correspondido ao artista",
    "AlbumInfo": "Informações do álbum",
    "MatchedToAlbums": "Correspondido aos álbuns",
    "WithFiles": "Com Arquivos",
    "Script": "Script",
    "BuiltIn": "Embutido",
    "Any": "Quaisquer",
    "DeleteSelectedCustomFormats": "Excluir formato(s) personalizado(s)",
    "EditSelectedCustomFormats": "Editar formatos personalizados selecionados",
    "ManageCustomFormats": "Gerenciar formatos personalizados",
    "CountCustomFormatsSelected": "{count} formato(s) personalizado(s) selecionado(s)",
    "DeleteSelectedCustomFormatsMessageText": "Tem certeza que deseja excluir o(s) {count} formato(s) personalizado(s) selecionado(s)?",
    "IncludeCustomFormatWhenRenaming": "Incluir formato personalizado ao renomear",
    "NoCustomFormatsFound": "Nenhum formato personalizado encontrado",
    "LogSizeLimit": "Limite de Tamanho do Registro",
    "LogSizeLimitHelpText": "Tamanho máximo do arquivo de registro em MB antes do arquivamento. O padrão é 1 MB.",
    "SkipFreeSpaceCheckHelpText": "Usar quando {appName} não consegue detectar espaço livre em sua pasta raiz",
    "IndexerSettingsApiUrl": "URL da API",
    "IndexerSettingsApiUrlHelpText": "Não mude isso a menos que você saiba o que está fazendo. Já que sua chave API será enviada para esse host.",
    "LastSearched": "Última Pesquisa",
    "AptUpdater": "Usar apt para instalar atualizações",
    "DockerUpdater": "Atualize o contêiner do Docker para receber a atualização",
    "ExternalUpdater": "O {appName} está configurado para usar um mecanismo de atualização externo",
    "Install": "Instalar",
    "InstallLatest": "Instalar o mais recente",
    "InstallMajorVersionUpdate": "Instalar Atualização",
    "InstallMajorVersionUpdateMessageLink": "Verifique [{domain}]({url}) para obter mais informações.",
    "OnLatestVersion": "A versão mais recente do {appName} já está instalada",
    "PreviouslyInstalled": "Instalado anteriormente",
    "Shutdown": "Desligar",
    "UpdateAppDirectlyLoadError": "Incapaz de atualizar o {appName} diretamente,",
    "InstallMajorVersionUpdateMessage": "Esta atualização instalará uma nova versão principal e pode não ser compatível com o seu sistema. Tem certeza de que deseja instalar esta atualização?",
    "ManageFormats": "Gerenciar Formatos",
    "AddDelayProfileError": "Não foi possível adicionar um novo perfil de atraso. Tente novamente.",
    "ImportListTagsHelpText": "Etiquetas que serão adicionadas ao importar esta lista",
    "DefaultDelayProfileArtist": "Este é o perfil padrão. Aplica-se a todos os artistas que não possuem um perfil explícito.",
    "ICalTagsArtistHelpText": "O feed conterá apenas artistas com pelo menos uma etiqueta correspondente",
    "NotificationsTagsArtistHelpText": "Envie notificações apenas para artistas com pelo menos uma etiqueta correspondente",
    "ReleaseProfileTagArtistHelpText": "Os perfis de lançamento serão aplicados as artistas com pelo menos uma etiqueta correspondente. Deixe em branco para aplicar a todos os artistas",
    "DelayProfileArtistTagsHelpText": "Aplica-se a artistas com pelo menos uma etiqueta correspondente",
    "Min": "Mín.",
    "Today": "Hoje",
    "Max": "Máx.",
    "Preferred": "Preferido",
    "MappedNetworkDrivesWindowsService": "As unidades de rede mapeadas não estão disponíveis quando executadas como um serviço do Windows. Consulte as [FAQ]({url}) para obter mais informações.",
    "DownloadClientSettingsPostImportCategoryHelpText": "Categoria para o {appName} definir após importar o download. O {appName} não removerá torrents nessa categoria mesmo que a semeadura esteja concluída. Deixe em branco para manter a mesma categoria.",
    "DownloadClientSettingsOlderPriority": "Priorizar mais antigos",
    "DownloadClientSettingsRecentPriority": "Priorizar recentes",
    "PostImportCategory": "Categoria Pós-Importação",
    "DownloadClientSettingsOlderPriorityAlbumHelpText": "Prioridade para usar ao pegar álbuns lançados há mais de 14 dias",
    "DownloadClientSettingsRecentPriorityAlbumHelpText": "Prioridade de uso ao adquirir álbuns lançados nos últimos 14 dias",
    "NotificationsSettingsWebhookHeaders": "Cabeçalhos",
    "TracksLoadError": "Incapaz de carregar faixas",
    "NoMediumInformation": "Nenhuma informação da mídia está disponível.",
    "ImportFailed": "Falha na importação: {sourceTitle}",
    "Pending": "Pendente",
    "PendingDownloadClientUnavailable": "Pendente - O cliente de download não está disponível",
    "WaitingToImport": "Aguardando para Importar",
    "WaitingToProcess": "Aguardando para Processar",
    "CheckDownloadClientForDetails": "verifique o cliente de download para saber mais",
    "DownloadWarning": "Aviso de download: {warningMessage}",
    "Downloaded": "Baixado",
    "Paused": "Pausado",
    "UnableToImportAutomatically": "Não foi possível importar automaticamente"
}
