{
    "ResetAPIKeyMessageText": "Naozaj chcete obnoviť kľúč API?",
    "UsingExternalUpdateMechanismBranchToUseToUpdateLidarr": "Vetva, ktorá sa má použiť k aktualizácií Radarru",
    "ArtistAlbumClickToChangeTrack": "Kliknutím zmeníte film",
    "Authentication": "Overenie",
    "AuthenticationMethodHelpText": "Vyžadovať používateľské meno a heslo pre prístup k Radarru",
    "AutoRedownloadFailedHelpText": "Automaticky vyhľadať a pokúsiť sa stiahnuť iné vydanie",
    "BackupFolderHelpText": "Relatívne cesty budú v priečinku AppData Radarru",
    "BackupNow": "Zálohovať teraz",
    "BackupRetentionHelpText": "Automatické zálohy staršie než doba uchovania budú automaticky vyčistené",
    "Backups": "Zálohy",
    "Branch": "Vetva",
    "BypassProxyForLocalAddresses": "Obísť proxy pre miestne adresy",
    "Calendar": "Kalendár",
    "Cancel": "Zrušiť",
    "DeleteBackupMessageText": "Naozaj chcete zmazať značku formátu {0} ?",
    "DeleteDelayProfileMessageText": "Naozaj chcete zmazať tento profil oneskorenia?",
    "DeleteDownloadClientMessageText": "Naozaj chcete zmazať značku formátu {0} ?",
    "ShowQualityProfile": "Pridajte profil kvality",
    "UsingExternalUpdateMechanismBranchUsedByExternalUpdateMechanism": "Vetva používaná externým mechanizmom aktualizácie",
    "Actions": "Akcie",
    "ApplyTags": "Použiť značky",
    "ApplyTagsHelpTextReplace": "Nahradiť: Nahradí značky zadanými značkami (pre vymazanie všetkých značiek, nezadávajte žiadne)",
    "DeleteImportListExclusionMessageText": "Naozaj chcete toto vylúčenie importného zoznamu zmazať?",
    "DeleteImportListMessageText": "Naozaj chcete zmazať značku formátu {0} ?",
    "DeleteIndexerMessageText": "Naozaj chcete zmazať značku formátu {0} ?",
    "DeleteMetadataProfileMessageText": "Naozaj chcete zmazať tento profil oneskorenia?",
    "DeleteNotificationMessageText": "Naozaj chcete zmazať značku formátu {0} ?",
    "DeleteQualityProfileMessageText": "Naozaj chcete zmazať tento profil oneskorenia?",
    "DeleteReleaseProfileMessageText": "Naozaj chcete zmazať tento profil oneskorenia?",
    "DeleteRootFolderMessageText": "Naozaj chcete zmazať značku formátu {0} ?",
    "DeleteTagMessageText": "Naozaj chcete zmazať značku formátu {0} ?",
    "APIKey": "Kľúč rozhrania API",
    "About": "O",
    "AddListExclusion": "Pridať vylúčenie zoznamu",
    "AddingTag": "Pridávanie značky",
    "AgeWhenGrabbed": "Vek (po uchopení)",
    "AlreadyInYourLibrary": "Už vo vašej knižnici",
    "AlternateTitles": "Alternatívny názov",
    "Analytics": "Analytika",
    "AnalyticsEnabledHelpText": "Odosielajte anonymné informácie o používaní a chybách na servery aplikácie {appName}. Zahŕňa to informácie o vašom prehliadači, ktoré stránky webového používateľského rozhrania {appName} používate, hlásenia chýb, ako aj verziu operačného systému a spustenia. Tieto informácie použijeme na stanovenie priorít funkcií a opráv chýb.",
    "Automatic": "Automatický",
    "AppDataDirectory": "Priečinok AppData",
    "BindAddressHelpText": "Platná adresa IP4 alebo '*' pre všetky rozhrania",
    "UpdateMechanismHelpText": "Použiť vstavaný {appName} aktualizátor alebo skript",
    "CertificateValidationHelpText": "Zmeňte, aké prísne je overenie certifikácie HTTPS. Nemeňte, pokiaľ nerozumiete rizikám.",
    "Username": "Používateľské meno",
    "Language": "jazyk",
    "MetadataProfiles": "profil metadát",
    "Quality": "kvalita",
    "QualityProfile": "Profil kvality",
    "RecyclingBin": "Kôš",
    "Search": "Hľadať",
    "Password": "Heslo",
    "Host": "Hostiteľ",
    "DownloadClient": "Klient na sťahovanie",
    "Enable": "Povoliť",
    "Files": "Súbor",
    "Label": "Štítok",
    "New": "Nový",
    "Activity": "Aktivita",
    "Add": "Pridať",
    "AddDelayProfile": "Pridať profil oneskorenia",
    "Added": "Pridané",
    "AddIndexer": "Pridať indexer",
    "AddNew": "Pridať nový",
    "AddRemotePathMapping": "Pridať vzdialené mapovanie ciest",
    "AddRootFolder": "Pridať koreňový priečinok",
    "AfterManualRefresh": "Po ručnom obnovení",
    "Age": "Vek",
    "All": "Všetko",
    "AllFiles": "Všetky súbory",
    "AlternateTitleslength1Title": "Názov",
    "AlternateTitleslength1Titles": "Názvy",
    "Always": "Vždy",
    "ApplicationURL": "URL aplikácie",
    "ApplicationUrlHelpText": "Externá URL tejto aplikácie vrátane http(s)://, portu a URL základu",
    "Apply": "Použiť",
    "AudioInfo": "Informácie o zvuku",
    "Backup": "Záloha",
    "BeforeUpdate": "Pred aktualizáciou",
    "Blocklist": "Blocklist",
    "BlocklistRelease": "Blocklistnúť vydanie",
    "CancelPendingTask": "Naozaj chcete zrušiť túto prebiehajúcu úlohu?",
    "CertificateValidation": "Overenie certifikátu",
    "ChangeFileDate": "Zmeniť dátum súboru",
    "ChangeHasNotBeenSavedYet": "Zmena ešte nebola uložená",
    "ChmodFolder": "chmod Priečinok",
    "ChmodFolderHelpTextWarning": "Toto funguje iba ak používateľ bežiaci {appName} je vlastníkom súboru. Je lepšie zaistiť, že klient na sťahovanie správne nastaví oprávnenia.",
    "ChownGroupHelpText": "Názov skupiny alebo gid. Použite gid pre vzdialené súborové systémy.",
    "ChownGroupHelpTextWarning": "Toto funguje iba ak použivateľ bežiaci {appName} je vlastníkom súboru. Je to lepšie zaistite, že klient na sťahovanie používa tú istú skupinu ako {appName}.",
    "Clear": "Vymazať",
    "ClickToChangeQuality": "Kliknutím zmeníte kvalitu",
    "ClientPriority": "Priorita klienta",
    "CloneIndexer": "Klonovať indexer",
    "CloneProfile": "Klonovať profil",
    "Close": "Zatvoriť",
    "Connect": "Pripojiť",
    "Custom": "Vlastné",
    "DelayProfile": "Profil oneskorenia",
    "DelayProfiles": "Profil oneskorenia",
    "Delete": "Vymazať",
    "Deleted": "Vymazať",
    "Details": "podrobnosti",
    "DownloadClients": "Klient na sťahovanie",
    "EditDelayProfile": "Pridať profil oneskorenia",
    "EditQualityProfile": "Pridajte profil kvality",
    "EditRemotePathMapping": "Pridajte vzdialené mapovanie ciest",
    "EditRootFolder": "Pridať koreňový priečinok",
    "Filters": "Filtre",
    "Hostname": "Názov hostiteľa",
    "ICalFeed": "iCal Feed",
    "ICalLink": "iCal Link",
    "Indexer": "Indexer",
    "Indexers": "Indexery",
    "IsCutoffCutoff": "Hranica",
    "Library": "Knižnica",
    "LocalPath": "Miestna cesta",
    "Metadata": "metadáta",
    "MetadataProfile": "profil metadát",
    "Peers": "Peeri",
    "Protocol": "Protokol",
    "QualityProfiles": "Profil kvality",
    "Queue": "Fronta",
    "Queued": "Fronta",
    "Rating": "Hodnotenie",
    "Reload": "Obnoviť",
    "RemotePathMappings": "Vzdialené mapovanie cesty",
    "Remove": "Odstrániť",
    "Replace": "Nahradiť",
    "RootFolder": "Koreňový priečinok",
    "RootFolders": "Koreňový priečinok",
    "Scheduled": "Naplánované",
    "Season": "Séria",
    "Seeders": "Seederi",
    "Settings": "Nastavenia",
    "Title": "Názov",
    "Torrents": "Torrenty",
    "Ui": "UI",
    "URLBase": "Základ URL",
    "Updates": "Aktualizovať",
    "Refresh": "Obnoviť",
    "BindAddress": "Viazať adresu",
    "Columns": "Stĺpce",
    "CompletedDownloadHandling": "Zaobchádzanie s dokončenými sťahovaniami",
    "Component": "Komponent",
    "Connections": "Spojenia",
    "Grab": "Grab",
    "Port": "Port",
    "Usenet": "Usenet",
    "AddQualityProfile": "Pridať profil kvality",
    "AddMetadataProfile": "Pridať profil metadát",
    "Events": "Udalosť",
    "Info": "Info",
    "EditMetadataProfile": "profil metadát",
    "BypassIfHighestQuality": "Obísť pri najvyššej kvalite",
    "ChooseImportMethod": "Zvoliť Import mód",
    "ClickToChangeReleaseGroup": "Kliknutím zmeníte skupinu vydania",
    "CloneCustomFormat": "Klonovať vlastný formát",
    "ColonReplacement": "Nahrádzanie bodkočiarky",
    "Conditions": "Podmienky",
    "Customformat": "Vlastný formát",
    "Disabled": "zakázané",
    "Formats": "Formát",
    "ItsEasyToAddANewArtistJustStartTypingTheNameOfTheArtistYouWantToAdd": "Pridanie nového filmu je jednoduché, stačí začať písať názov filmu, ktorý chcete pridať",
    "AppDataLocationHealthCheckMessage": "Aktualizácia nebude možná, aby sa predišlo zmazaniu AppData v priebehu aktualizácie",
    "CustomFormat": "Vlastný formát",
    "CustomFormats": "Vlastný formát",
    "DeleteCustomFormat": "Klonovať vlastný formát",
    "DeleteCustomFormatMessageText": "Naozaj chcete zmazať značku formátu {0} ?",
    "DeleteFormatMessageText": "Naozaj chcete zmazať značku formátu {0} ?",
    "ExportCustomFormat": "Pridať vlastný formát",
    "UrlBaseHelpTextWarning": "Vyžaduje sa reštart, aby sa zmeny prejavili",
    "SslCertPathHelpTextWarning": "Vyžaduje sa reštart, aby sa zmeny prejavili",
    "SslCertPasswordHelpTextWarning": "Vyžaduje sa reštart, aby sa zmeny prejavili",
    "SslPortHelpTextWarning": "Vyžaduje sa reštart, aby sa zmeny prejavili",
    "AddedArtistSettings": "Pridané nastavenia interpreta",
    "EnableSslHelpText": " Vyžaduje sa reštart s oprávnením správcu, aby sa zmeny prejavili",
    "AddConditionImplementation": "Pridať podmienku - {implementationName}",
    "AddImportListImplementation": "Pridať zoznam importov - {implementationName}",
    "AddIndexerImplementation": "Pridať Indexer - {implementationName}",
    "AddImportListExclusionArtistHelpText": "Zabrániť pridaniu interpreta do aplikácie {appName} pomocou importovaných zoznamov",
    "AllowFingerprintingHelpTextWarning": "To vyžaduje, aby aplikácia {appName} čítala časti súboru, čo spomalí skenovanie a môže spôsobiť vysokú aktivitu na disku alebo v sieti.",
    "AnalyticsEnabledHelpTextWarning": "Vyžaduje sa reštart, aby sa zmeny prejavili",
    "AnchorTooltip": "Tento súbor sa už nachádza vo vašej knižnici pre vydanie, ktoré práve importujete",
    "RestartRequiredHelpTextWarning": "Vyžaduje sa reštart, aby sa zmeny prejavili",
    "AddNewAlbum": "Pridať nový album",
    "AlbumCount": "Počet albumov",
    "AlbumRelease": "Vydanie albumu",
    "20MinutesTwenty": "20 Minút: {0}",
    "45MinutesFourtyFive": "45 Minút: {0}",
    "60MinutesSixty": "60 Minút: {0}",
    "Absolute": "Celkom",
    "AllowArtistChangeClickToChangeArtist": "Kliknutím zmeníte interpreta",
    "ApiKeyHelpTextWarning": "Vyžaduje sa reštart, aby sa zmeny prejavili",
    "AddListExclusionHelpText": "Zabrániť pridávaniu umelcov do aplikácie {appName} zoznamami",
    "AddMissing": "Pridať chýbajúce",
    "AddNewArtist": "Pridať nového interpreta",
    "AddNewArtistRootFolderHelpText": "'{folder}' podpriečinok sa vytvorí automaticky",
    "AddReleaseProfile": "Pridať profil vydania",
    "AlbumIsDownloadingInterp": "Album sa sťahuje - {0}% {1}",
    "AlbumIsNotMonitored": "Album nie je monitorovaný",
    "RequiresRestartToTakeEffect": "Vyžaduje sa reštart, aby sa zmeny prejavili",
    "AddAlbumWithTitle": "Pridať {albumTitle}",
    "AddArtistWithName": "Pridať {artistName}",
    "AddAutoTagError": "Nie je možné pridať novú automatickú značku, skúste to znova.",
    "AddCondition": "Pridať podmienku",
    "AddAutoTag": "Pridať automatickú značku",
    "AddConditionError": "Nie je možné pridať novú podmienku, skúste to znova.",
    "AddConnection": "Pridať podmienku",
    "AddConnectionImplementation": "Pridať pripojenie - {implementationName}",
    "AddDownloadClientImplementation": "Pridať klienta pre sťahovanie - {implementationName}",
    "AddImportList": "Pridať zoznam importov",
    "AddImportListExclusion": "Pridať vylúčenie zoznamu importov",
    "AddImportListExclusionAlbumHelpText": "Zabrániť pridaniu albumu do aplikácie {appName} pomocou importovaných zoznamov",
    "AddNewAlbumSearchForNewAlbum": "Spustiť hľadanie pre nový album",
    "AddNewArtistSearchForMissingAlbums": "Spustiť hľadanie pre chýbajúce albumy",
    "AddNewItem": "Pridať novú položku",
    "AnyReleaseOkHelpText": "{appName} sa automaticky prepne na vydanie, ktoré najlepšie zodpovedá stiahnutým skladbám",
    "AddToDownloadQueue": "Pridať do fronty sťahovania",
    "AddedToDownloadQueue": "Pridané do fronty sťahovania",
    "Album": "Album",
    "AlbumDetails": "Podrobnosti o albume",
    "AlbumHasNotAired": "Album nebol odvysielaný",
    "AlbumIsDownloading": "Album sa sťahuje",
    "AlbumReleaseDate": "Dátum vydania albumu",
    "AlbumStatus": "Stav albumu",
    "AlbumStudio": "Štúdiový Album",
    "AlbumStudioTracksDownloaded": "{trackFileCount}/{totalTrackCount} stiahnuté skladby",
    "AlbumStudioTruncated": "Zobrazuje sa iba posledných 20 albumov, prejdite na podrobnosti a pozrite si všetky albumy",
    "AlbumTitle": "Názov albumu",
    "AlbumType": "Typ albumu",
    "Albums": "Albumy",
    "AlbumsLoadError": "Nie je možné načítať albumy",
    "AllAlbums": "Všetky albumy",
    "AllAlbumsData": "Sledovať všetky albumy okrem špeciálnych",
    "AllArtistAlbums": "Všetky albumy interpreta",
    "AllExpandedCollapseAll": "Zbaliť všetko",
    "AllExpandedExpandAll": "Rozbaliť všetko",
    "AllMonitoringOptionHelpText": "Monitorovať interpretov a všetky albumy pre každého interpreta v zozname importu",
    "AllResultsAreHiddenByTheAppliedFilter": "Použitý filter skryje všetky výsledky",
    "AllowFingerprinting": "Povoliť odtlačky",
    "AllowFingerprintingHelpText": "Použiť odtlačky na zlepšenie presnosti priraďovania stôp",
    "BindAddressHelpTextWarning": "Vyžaduje sa reštart, aby sa zmeny prejavili",
    "ApplyTagsHelpTextAdd": "Pridať: Pridať značky do existujúceho zoznamu značiek",
    "ApplyTagsHelpTextHowToApplyArtists": "Ako použiť značky na vybraných umelcov",
    "ApplyTagsHelpTextHowToApplyDownloadClients": "Ako použiť značky na vybratých klientov na sťahovanie",
    "Required": "Vyžadovať",
    "ApplyTagsHelpTextRemove": "Odobrať: Odoberie zadané značky",
    "EditImportListExclusion": "Pridať vylúčenie zoznamu",
    "EditReleaseProfile": "Pridať profil vydania",
    "UnableToLoadBackups": "Nie je možné načítať albumy",
    "UnableToAddANewDownloadClientPleaseTryAgain": "Nie je možné pridať novú podmienku, skúste to znova.",
    "UnableToAddANewImportListExclusionPleaseTryAgain": "Nie je možné pridať novú podmienku, skúste to znova.",
    "MonitorAllAlbums": "Všetky albumy",
    "UnableToAddANewRootFolderPleaseTryAgain": "Nie je možné pridať novú automatickú značku, skúste to znova.",
    "EditConditionImplementation": "Pridať podmienku - {implementationName}",
    "ExpandAlbumByDefaultHelpText": "Albumy",
    "ImportList": "Zoznam",
    "UnableToAddANewIndexerPleaseTryAgain": "Nie je možné pridať novú podmienku, skúste to znova.",
    "Connection": "Spojenie",
    "DeleteSpecificationHelpText": "Naozaj chcete zmazať tento profil oneskorenia?",
    "Docker": "Docker",
    "DeleteImportListExclusion": "Pridať vylúčenie zoznamu",
    "ConnectionLost": "Spojenie prerušené",
    "EditConnectionImplementation": "Pridať pripojenie - {implementationName}",
    "EditDownloadClientImplementation": "Pridať klienta pre sťahovanie - {implementationName}",
    "DeleteRemotePathMapping": "Pridajte vzdialené mapovanie ciest",
    "ApplyTagsHelpTextHowToApplyImportLists": "Ako použiť značky na vybrané filmy",
    "ApplyTagsHelpTextHowToApplyIndexers": "Ako použiť značky na vybrané filmy",
    "EditImportListImplementation": "Pridať zoznam importov - {implementationName}",
    "AutoTaggingSpecificationTag": "Značka",
    "AuthBasic": "Základné (vyskakovacie okno prehliadača)",
    "Auto": "Automaticky",
    "Enabled": "Povoliť",
    "Posters": "Plagáty",
    "EditIndexerImplementation": "Pridať Indexer - {implementationName}",
    "SomeResultsAreHiddenByTheAppliedFilter": "Všetky výsledky sú skryté použitým filtrom",
    "ImportLists": "Zoznam",
    "BypassIfHighestQualityHelpText": "Obísť oneskorenie, keď vydanie má najvyššiu kvalitu v profile kvality s preferovaným protokolom",
    "DeleteConditionMessageText": "Naozaj chcete zmazať tento profil oneskorenia?",
    "ImportListExclusions": "Pridať vylúčenie zoznamu importov",
    "AuthForm": "Formuláre (prihlasovacia stránka)",
    "UnableToAddANewListPleaseTryAgain": "Nie je možné pridať novú automatickú značku, skúste to znova.",
    "UnableToAddANewNotificationPleaseTryAgain": "Nie je možné pridať novú podmienku, skúste to znova.",
    "DeleteAutoTagHelpText": "Naozaj chcete zmazať tento profil oneskorenia?",
    "DisabledForLocalAddresses": "Zakázané pre miestne adresy",
    "AutomaticSearch": "Automatické vyhľadávanie",
    "BlocklistReleases": "Blocklistnúť vydanie",
    "UnableToAddANewMetadataProfilePleaseTryAgain": "Nie je možné pridať novú podmienku, skúste to znova.",
    "UnableToAddANewQualityProfilePleaseTryAgain": "Nie je možné pridať novú podmienku, skúste to znova.",
    "BuiltIn": "Vstavaný",
    "DeleteSelectedCustomFormats": "Klonovať vlastný formát",
    "AptUpdater": "Použiť apt pre inštaláciu aktualizácie",
    "Clone": "Zatvoriť",
    "Reason": "Séria",
    "AddDelayProfileError": "Nie je možné pridať novú podmienku, skúste to znova.",
    "DownloadClientSettingsRecentPriority": "Priorita klienta",
    "CheckDownloadClientForDetails": "ďalšie podrobnosti nájdete v klientovi na sťahovanie"
}
