{
    "Language": "Språk",
    "UiLanguage": "UI-språk",
    "MusicBrainzReleaseID": "MusicBrainz Utgåvo ID",
    "Other": "Annat",
    "PastDays": "Senaste Dagarna",
    "PathHelpTextWarning": "Det här måste vara en annan mapp-plats där dina nedladdningsklienter stoppar sina filer",
    "QualityProfileIdHelpText": "Kvalitet Profil lista saker borde bli tillagda med",
    "RootFolderPathHelpText": "Rotmappen lista saker kommer bli tillagt till",
    "SceneNumberHasntBeenVerifiedYet": "Scennummer har inte blivit verifierat än",
    "UnableToLoadMetadataProviderSettings": "Kunde inte ladda Metadata Utdelar-inställningar",
    "UnmappedFiles": "OmappadeFiler",
    "UpdatingIsDisabledInsideADockerContainerUpdateTheContainerImageInstead": "Uppdatering är avstängt i en docker container. Uppdatera containerbilden istället.",
    "BackupFolderHelpText": "Relativa sökvägar finns under {appName}'s AppData-katalog",
    "SslCertPathHelpTextWarning": "Kräver omstart för att träda i kraft",
    "DefaultMetadataProfileIdHelpText": "Standard Metadata-profil för artister upptäckta i den här mappen",
    "DownloadPropersAndRepacksHelpTexts1": "Om du automatiskt ska uppgradera till Propers/Repacks",
    "EnableColorImpairedModeHelpText": "Ändrad stil för att göra det möjligt för användare med färgstörning att bättre skilja färgkodad information",
    "ExistingAlbums": "Existerande Albums",
    "ExpandItemsByDefault": "Expandera Saker som Standard",
    "ForMoreInformationOnTheIndividualDownloadClientsClickOnTheInfoButtons": "För mer information om individuella nedladdningsklienter, klicka på informationsknappen.",
    "Global": "Global",
    "GoToArtistListing": "Gå till artistlista",
    "GoToInterp": "Gå till {0}",
    "Grab": "Hämta",
    "GrabRelease": "Hämta Utågva",
    "45MinutesFourtyFive": "45 Minuter: {0}",
    "60MinutesSixty": "60 Minuter: {0}",
    "APIKey": "API Nyckel",
    "About": "Om",
    "Absolute": "Absolut",
    "AddNewItem": "Lägg till nytt Föremål",
    "AllExpandedExpandAll": "Expandera Alla",
    "AddingTag": "Lägg till tagg",
    "AddMissing": "Lägg till Saknad",
    "AlreadyInYourLibrary": "Finns redan i ditt bibliotek",
    "Album": "Album",
    "AddListExclusion": "Lägg till listuteslutning",
    "AgeWhenGrabbed": "Ålder (när den hämtades)",
    "AlbumHasNotAired": "Album har inte sänts",
    "AlbumIsDownloading": "Album laddas ned",
    "AlbumIsNotMonitored": "Album är inte bevakat",
    "AlbumStudio": "Album Studio",
    "AllAlbums": "Alla Album",
    "AllAlbumsData": "Bevaka alla album förutom speciala",
    "AllArtistAlbums": "Alla Artist Albums",
    "AllowArtistChangeClickToChangeArtist": "Klicka för att ändra artist",
    "AllExpandedCollapseAll": "Kollapsa alla",
    "ApiKeyHelpTextWarning": "Kräver omstart för att träda i kraft",
    "AnchorTooltip": "Den här filen finns redan i ditt bibliotek för en utgåva du håller på att importera",
    "AnyReleaseOkHelpText": "{appName} kommer automatiskt byta till utgåva bäst matchande nedladdat spår",
    "AlternateTitleslength1Title": "Titel",
    "AlternateTitleslength1Titles": "Titlar",
    "Analytics": "Analys",
    "AnalyticsEnabledHelpTextWarning": "Kräver omstart för att träda i kraft",
    "AppDataDirectory": "AppData-katalog",
    "ApplyTags": "Tillämpa taggar",
    "ApplyTagsHelpTextReplace": "Ersätt: Ersätt taggarna med de angivna taggarna (ange inga taggar för att rensa alla taggar)",
    "Artist": "Artist",
    "ArtistAlbumClickToChangeTrack": "Klicka för att ändra spår",
    "ArtistClickToChangeAlbum": "Klicka för att ändra album",
    "ArtistEditor": "Artist Hanterare",
    "ArtistFolderFormat": "Artist Mapp-Format",
    "Artists": "Artister",
    "Authentication": "Autentisera",
    "AuthenticationMethodHelpText": "Kräva användarnamn och lösenord för att komma åt {appName}",
    "Automatic": "Automatiskt",
    "AutomaticallySwitchRelease": "Automatiskt byt Release",
    "BackupIntervalHelpText": "Intervall mellan automatiska säkerhetskopior",
    "BackupNow": "Säkerhetskopiera Nu",
    "Backups": "Säkerhetskopior",
    "BindAddress": "Bindningsadress",
    "BindAddressHelpText": "Giltig IP4-adress eller '*' för alla gränssnitt",
    "BindAddressHelpTextWarning": "Kräver omstart för att träda i kraft",
    "Blocklist": "Svartlista",
    "Branch": "Gren",
    "BypassProxyForLocalAddresses": "Bypass Proxy för lokala adresser",
    "Calendar": "Kalender",
    "Cancel": "Avbryt",
    "CancelPendingTask": "Är du säker på att du vill avbryta den väntande uppgiften?",
    "CatalogNumber": "Katalog Nummer",
    "CertificateValidationHelpText": "Ändra hur strikt valideringen av HTTPS certifikat är",
    "ChangeFileDate": "Ändra fildatum",
    "BlocklistRelease": "Svartlista Utgåva",
    "CertificateValidation": "Validering av Certifikat",
    "CreateEmptyArtistFolders": "Skapa tomma artist mappar",
    "CreateEmptyArtistFoldersHelpText": "Skapa saknade artist mappar under diskskanning",
    "DefaultLidarrTags": "Standar {appName} Taggar",
    "ChmodFolder": "chmod-mapp",
    "ChmodFolderHelpTextWarning": "Detta fungerar bara om användaren som kör {appName} är ägaren till filen. Det är bättre att se till att nedladdningsklienten ställer in behörigheterna korrekt.",
    "ChownGroup": "chown Grupp",
    "ChownGroupHelpText": "Gruppnamn eller gid. Använd gid för fjärrfilsystem.",
    "Clear": "Rensa",
    "ClickToChangeQuality": "Klicka för att ändra kvalitet",
    "ClientPriority": "Klient prioritet",
    "CloneIndexer": "Klona indexerare",
    "CloneProfile": "Klona profil",
    "CollapseMultipleAlbums": "Kollapsa Flera Albums",
    "CollapseMultipleAlbumsHelpText": "Kollapsa flera albums utgåvor med samma dag",
    "Columns": "Kolumner",
    "CompletedDownloadHandling": "Avklarad nedladdningshantering",
    "ConnectSettings": "Anslutnings inställningar",
    "Connections": "Anslutningar",
    "Continuing": "Fortsätter",
    "ContinuingAllTracksDownloaded": "Fortsätter (Alla spår nedladdade)",
    "ContinuingNoAdditionalAlbumsAreExpected": "Inga extra albums är väntade",
    "CopyUsingHardlinksHelpText": "Använd hårdlänkar när du försöker kopiera filer från torrenter som fortfarande sås ut",
    "Country": "Land",
    "CreateGroup": "Skapa grupp",
    "CutoffHelpText": "När denna kvalitet har uppnåtts kommer {appName} inte längre att ladda ner filmer",
    "CutoffUnmet": "Avgränsande ej tillgodosedd",
    "Dates": "Datum",
    "DatabaseMigration": "DB Migration",
    "DefaultMonitorOptionHelpText": "Standard Metadata Profil för albums upptäckta i den här mappen",
    "DefaultQualityProfileIdHelpText": "Standard Kvalitet Profil för artister upptäckta i den här mappen",
    "DelayingDownloadUntil": "Försenar nedladdningen till {0} kl. {1}",
    "Delete": "Radera",
    "DeleteBackup": "Radera säkerhetskopia",
    "DeleteBackupMessageText": "Är du säker på att du vill radera säkerhetskopian '{0}'?",
    "DeleteDelayProfile": "Radera fördröjande profil",
    "DeleteDownloadClient": "Radera nedladdningsklient",
    "DeleteDownloadClientMessageText": "Är du säker på att du vill ta bort nedladdningsklienten '{0}'?",
    "DelayProfile": "Fördröjande profil",
    "DelayProfiles": "Fördröjande profiler",
    "DeleteQualityProfile": "Radera Kvalitets Profil",
    "DestinationPath": "Destinationsväg",
    "DetailedProgressBar": "Detaljerad Process Bar",
    "DetailedProgressBarHelpText": "Visa text på processbar",
    "Disambiguation": "Disambiguation",
    "DiskSpace": "Diskutrymme",
    "DownloadClient": "Nedladdningsklient",
    "DownloadClientSettings": "Inställningar för Nedladdningsklient",
    "DownloadClients": "Nedladdningsklienter",
    "DownloadFailedCheckDownloadClientForMoreDetails": "Misslyckad nedladdning: kontrollera nedladdningsklienten för mer information",
    "DownloadFailedInterp": "Misslyckad nerladdning: {0}",
    "DownloadWarningCheckDownloadClientForMoreDetails": "Nedladdningsvarning: kontrollera nedladdningsklienten för mer information",
    "Downloading": "Laddar Ned",
    "Duration": "Tid",
    "Edit": "Redigera",
    "EditArtist": "Redigera Artist",
    "Enable": "Aktivera",
    "EnableAutomaticAdd": "Aktivera Automstisk Tillägg",
    "EnableAutomaticAddHelpText": "Lägg till artist/albums i {appName} när synkning är utförd via UI eller av {appName}",
    "EnableAutomaticSearch": "Aktivera Automatisk Sökning",
    "DeleteFilesHelpText": "Ta bort spårfiler och artistmappar",
    "DeleteImportList": "Radera Importlista",
    "DeleteImportListExclusion": "Ta bort undantag för importlista",
    "DeleteImportListExclusionMessageText": "Är du säker på att du vill ta bort detta undantag från importlistan?",
    "DeleteIndexer": "Radera indexerare",
    "DeleteIndexerMessageText": "Är du säker på att du vill ta bort indexeraren '{0}'?",
    "DeleteMetadataProfile": "Radera Metadata Profil",
    "DeleteNotification": "Radera Avisering",
    "DeleteReleaseProfile": "Radera UtgåveProfil",
    "DeleteReleaseProfileMessageText": "Är du säker på att du vill ta bort den här utgåvoPofilen?",
    "DeleteRootFolder": "Radera Rotmapp",
    "DeleteSelectedTrackFiles": "Radera markerade Spårfiler",
    "DeleteSelectedTrackFilesMessageText": "Är du säker på att du vill radera de markerade spårfilerna?",
    "DeleteTag": "Radera Tagg",
    "DeleteTagMessageText": "Är du säker på att du vill radera taggen '{0}'?",
    "DeleteTrackFile": "Radera Spårfilen",
    "Docker": "Docker",
    "DeleteMetadataProfileMessageText": "Är du säker på att du vill ta bort kvalitetsprofilen '{0}'?",
    "DeleteQualityProfileMessageText": "Är du säker på att du vill ta bort kvalitetsprofilen '{0}'?",
    "DiscCount": "Disk Räkning",
    "DiscNumber": "Disk Nummer",
    "EnableColorImpairedMode": "Aktivera färgskadat läge",
    "EnableCompletedDownloadHandlingHelpText": "Importera automatiskt färdiga nedladdningar från nedladdningsklienten",
    "EnableHelpText": "Aktivera metadatafilskapande för denna metadatatyp",
    "EnableInteractiveSearch": "Aktivera interaktiv sökning",
    "EnableRSS": "Aktivera RSS",
    "EnableSSL": "Aktivera SSL",
    "EnableSslHelpText": " Kräver omstart som administratör för att träda i kraft",
    "Ended": "Avslutad",
    "EnableProfile": "Aktivera Profil",
    "EntityName": "Entity Namn",
    "Episode": "Avsnitt",
    "ExistingTagsScrubbed": "Existerande taggar skrubbade",
    "FutureDays": "Framtida Dagar",
    "FutureDaysHelpText": "Dagar för iCal feed att kolla in i framtiden",
    "EndedAllTracksDownloaded": "Avslutad (Alla spår nedladdade)",
    "ErrorLoadingContents": "Fel vid inläsning av innehåll",
    "ErrorLoadingPreviews": "Fel vid inläsning av förhandsgranskningar",
    "Exception": "Undantag",
    "ExistingAlbumsData": "Bevaka album som har filer eller inte har släppts än",
    "ExpandAlbumByDefaultHelpText": "Albums",
    "ExpandBroadcastByDefaultHelpText": "Sändning",
    "ExpandEPByDefaultHelpText": "EPs",
    "ExpandOtherByDefaultHelpText": "Annat",
    "ExpandSingleByDefaultHelpText": "Singlar",
    "FileDateHelpText": "Ändra fildatum vid import/omskanning",
    "FileManagement": "Filhantering",
    "FileNames": "Filnamn",
    "Filename": "Filnamn",
    "Files": "Filer",
    "FirstAlbum": "Första Album",
    "FirstAlbumData": "Bevaka första album. Alla andra album kommer bli ignorerade",
    "FirstDayOfWeek": "Första dagen i veckan",
    "Fixed": "Fast",
    "Folder": "Mapp",
    "Folders": "Mappar",
    "ForMoreInformationOnTheIndividualIndexersClickOnTheInfoButtons": "För mer information om de enskilda indexerarna, klicka på informationsknapparna.",
    "ForMoreInformationOnTheIndividualListsClickOnTheInfoButtons": "För mer information om de enskilda importlistorna, klicka på informationsknapparna.",
    "ForeignIdHelpText": "The Musicbrainz Id av artister/albums att exkluderade",
    "FutureAlbums": "Framtida Album",
    "FutureAlbumsData": "Bevaka albums som inte har släppts än",
    "GeneralSettings": "Allmänna Inställningar",
    "GrabSelected": "Hämta markerade",
    "Group": "Grupp",
    "HasMonitoredAlbumsNoMonitoredAlbumsForThisArtist": "Inga bevakade albums för denna artist",
    "HasPendingChangesNoChanges": "Inga Ändringar",
    "HasPendingChangesSaveChanges": "Spara Ändringar",
    "HideAlbums": "Dölj Albums",
    "HideTracks": "Dölj spår",
    "History": "Historik",
    "Host": "Värd",
    "HostHelpText": "Samma värd du specificerade för fjärr Nedladdningsklient",
    "ImportLists": "Importera Listor",
    "ImportListSettings": "Importera List-Inställningar",
    "IndexerIdHelpTextWarning": "Att använd en specifik indexer med önskade ord kan leda till att dubblerade utgåvor blir hämtade",
    "IsExpandedHideFileInfo": "Dölj fil-info",
    "Hostname": "Värdnamn",
    "ICalFeed": "iCal Feed",
    "ICalHttpUrlHelpText": "Kopiera denna URL till din klient(er) eller klicka på prenumerera om din webbläsare stödjer webcal",
    "ICalLink": "iCal-länk",
    "IconForCutoffUnmet": "Ikon för krav ej uppnått",
    "IsExpandedShowFileInfo": "Visa fil-info",
    "IsShowingMonitoredMonitorSelected": "Bevakad Markerade",
    "IsShowingMonitoredUnmonitorSelected": "Obevakade Markerade",
    "Label": "Markering",
    "ManualDownload": "Manuell Nedladdning",
    "MediumFormat": "Media Format",
    "MetadataConsumers": "Metadata Konsumenter",
    "MetadataProfile": "Metadata Profil",
    "MetadataProfileIdHelpText": "Metadata Profil lista saker borde bli tillagt med",
    "MetadataProfiles": "Metadata Profiler",
    "MusicBrainzTrackID": "MusicBrainz Spår ID",
    "NETCore": ".NET Core",
    "MonitoringOptions": "Bevakar Alternativ",
    "MusicbrainzId": "Musicbrainz Id",
    "MusicBrainzRecordingID": "MusicBrainz Inspelnings ID",
    "PastDaysHelpText": "Dagar för iCal feed att kolla tillbaka i det förflutna",
    "PreviewRetag": "För-granska Omtaggning",
    "ReleaseProfiles": "Utgåvo-Profiler",
    "RemoveFromBlocklist": "Ta bort från blocklista",
    "RequiresRestartToTakeEffect": "Kräver omstart för att träda i kraft",
    "SceneInformation": "Sceninformation",
    "SearchMonitored": "Sök efter Bevakade",
    "Season": "Säsong",
    "ShowBanners": "Visa Banners",
    "ShowBannersHelpText": "Visa Banners istället för namn",
    "ShowName": "Visa Namn",
    "SkipRedownload": "Hoppa Åternedladdning",
    "TBA": "TBA",
    "SslPortHelpTextWarning": "Kräver omstart för att träda i kraft",
    "SslCertPasswordHelpTextWarning": "Kräver omstart för att träda i kraft",
    "TrackNumber": "Spår-nummer",
    "TrackTitle": "Spår-Titel",
    "UnableToLoadHistory": "Det gick inte att läsa in historiken.",
    "UnableToLoadBlocklist": "Kunde inte ladda blocklista",
    "WatchLibraryForChangesHelpText": "Återscanna automatiskt när filer ändras i en rotmapp",
    "WatchRootFoldersForFileChanges": "Bevaka Rotmapparna efter filförändringar",
    "UrlBaseHelpTextWarning": "Kräver omstart för att träda i kraft",
    "20MinutesTwenty": "20 Minuter: {0}",
    "AllowFingerprinting": "Tillåt Fingeravtryckning",
    "AlternateTitles": "Alternativ Titel",
    "AlbumIsDownloadingInterp": "Album är nedladdat - {0}% {1}",
    "AllowFingerprintingHelpText": "Använd fingeravtryckning för att förbättra träffsäkerhet av spår-matchning",
    "AllowFingerprintingHelpTextWarning": "Det här kräver {appName} för att läsa delar av filen som kommer slöa ner scanningar och kan orsaka hög disk och nätverks aktivitet.",
    "AnalyticsEnabledHelpText": "Skicka anonym användning och felinformation till {appName}'s servrar. Detta inkluderar information i din webbläsare, vilka {appName}'s WebUI-sidor du använder, felrapportering samt operativsystem och runtime-version. Vi kommer att använda denna information för att prioritera funktioner och buggfixar.",
    "ArtistNameHelpText": "Namnet av artisten/albumet som ska bli exkluderat (kan vara vad som helst meningsfullt)",
    "AutoRedownloadFailedHelpText": "Sök automatiskt efter och försök ladda ner en annan utgåva",
    "BackupRetentionHelpText": "Automatiska säkerhetskopior som är äldre än lagringsperioden rensas automatiskt",
    "CalendarWeekColumnHeaderHelpText": "Visas ovanför varje kolumn när veckan är den aktiva vyn",
    "ChangeHasNotBeenSavedYet": "Ändringen har inte sparats än",
    "ChmodFolderHelpText": "Octal, appliceras under import / byt namn på mediamappar och filer (utan exekverade bitar)",
    "ChownGroupHelpTextWarning": "Detta fungerar bara om användaren som kör {appName} är ägaren till filen. Det är bättre att se till att nedladdningsklienten använder samma grupp som {appName}.",
    "StatusEndedContinuing": "Fortsätter",
    "ContinuingMoreAlbumsAreExpected": "Fler albums är väntade",
    "CopyUsingHardlinksHelpTextWarning": "Ibland kan fillås förhindra att namnge filer som sås ut. Du kan tillfälligt inaktivera sådd och använda {appName}'s byta namn som en lösning.",
    "DefaultTagsHelpText": "Standard {appName} taggar för artister upptäckta i den här mappen",
    "DeleteDelayProfileMessageText": "Är du säker på att du vill ta bort den här fördröjnings profilen?",
    "DeleteEmptyFolders": "Radera tomma mappar",
    "DeleteEmptyFoldersHelpText": "Ta bort tomma filmmappar under skivsökning och när filmfiler raderas",
    "DeleteImportListMessageText": "Är du säker på att du vill radera listan '{0}'?",
    "DeleteNotificationMessageText": "Är du säker på att du vill radera aviseringen '{0}'?",
    "DeleteRootFolderMessageText": "Är du säker på att du vill ta bort indexeraren '{0}'?",
    "DeleteTrackFileMessageText": "Är du säker på att du vill radera {0}?",
    "ResetAPIKeyMessageText": "Är du säker på att du vill nollställa din API-nyckel?",
    "MaintenanceRelease": "Underhållsutgåva",
    "Usenet": "Usenet",
    "MaximumSizeHelpText": "Maximal storlek för att en utgåva ska fångas i MB. Ställ in på noll för att ställa in på obegränsad.",
    "NoHistory": "Ingen historik.",
    "DownloadPropersAndRepacksHelpTexts2": "Använd 'Föredra inte' för att sortera efter önskade ordpoäng över propers/repacks",
    "EnabledHelpText": "Kryssa i för att aktivera utgåveprofil",
    "EpisodeDoesNotHaveAnAbsoluteEpisodeNumber": "Avsnitt har inte ett bestämt avsnittsnummer",
    "ImportFailures": "Importer misslyckandes",
    "ImportListExclusions": "Importera List-Exkluderingar",
    "IndexerIdHelpText": "Specificera vilken indexer profilen appliceras på",
    "UiLanguageHelpText": "Språk som {appName} kommer att använda för användargränssnitt",
    "UnableToLoadLists": "Det gick inte att ladda listor",
    "UnableToLoadMediaManagementSettings": "Det gick inte att läsa in inställningar för Media Management",
    "UpdateScriptPathHelpText": "Sökväg till ett anpassat skript som tar ett extraherat uppdateringspaket och hanterar resten av uppdateringsprocessen",
    "UpgradeAllowedHelpText": "Om funktionshindrade kvaliteter inte kommer att uppgraderas",
    "Uptime": "Drifttid",
    "URLBase": "URL-bas",
    "UrlBaseHelpText": "För omvänd proxy-stöd är standard tom",
    "UseHardlinksInsteadOfCopy": "Använd Hardlinks istället för Copy",
    "UsenetDelay": "Usenet fördröjning",
    "UsenetDelayHelpText": "Fördröja på några minuter för att vänta innan du hämtar en utgåva från Usenet",
    "UseProxy": "Använd proxy",
    "Username": "Användarnamn",
    "UsingExternalUpdateMechanismBranchToUseToUpdateLidarr": "Gren att använda för att uppdatera {appName}",
    "UsingExternalUpdateMechanismBranchUsedByExternalUpdateMechanism": "Gren som används av extern uppdateringsmekanism",
    "Version": "Version",
    "WeekColumnHeader": "Rubrik för veckokolumn",
    "WriteAudioTagsHelpTextWarning": "Markerar 'Alla filer' kommer förändra existerande filer när de är importerade.",
    "WriteMetadataToAudioFiles": "Skriv Metadata till Ljudfiler",
    "Year": "År",
    "YesCancel": "Ja, avbryt",
    "Actions": "Åtgärder",
    "Component": "Komponent",
    "IsExpandedHideTracks": "Dölj spår",
    "IsInUseCantDeleteAMetadataProfileThatIsAttachedToAnArtistOrImportList": "Kan inte radera en metadata-profil som är bunden till en författare eller importlista",
    "IsInUseCantDeleteAQualityProfileThatIsAttachedToAnArtistOrImportList": "Kan inte radera en kvalitet-profil som är bunden till en för fattare eller importlista",
    "IsTagUsedCannotBeDeletedWhileInUse": "Kan inte tas bort när den används",
    "MetadataSettings": "Metadatainställningar",
    "MinimumAge": "Lägsta ålder",
    "MinimumAgeHelpText": "Endast Usenet: Lägsta ålder i minuter av NZB innan de tas. Använd detta för att ge nya utgåvor tid att sprida sig till din usenet-leverantör.",
    "MinimumFreeSpace": "Minsta lediga utrymmet",
    "MinimumFreeSpaceWhenImportingHelpText": "Förhindra import om det skulle ge mindre än denna mängd diskutrymme tillgängligt",
    "MinimumLimits": "Minsta gränser",
    "Missing": "Saknas",
    "MissingAlbumsData": "Bevaka album som har filer eller inte har släppts än",
    "OpenBrowserOnStart": "Öppna webbläsare vid start",
    "Options": "Alternativ",
    "Original": "Orginal",
    "PackageVersion": "Paketversion",
    "PageSize": "Sidstorlek",
    "PageSizeHelpText": "Antal objekt som ska visas på varje sida",
    "Password": "Lösenord",
    "Reload": "Ladda om",
    "RetentionHelpText": "Endast Usenet: Ställ in på noll för att ställa in för obegränsad kvarhållning",
    "RetryingDownloadOn": "Försöker ladda ner igen {0} kl. {1}",
    "RootFolder": "Rotmapp",
    "RootFolders": "Rotmappar",
    "RssSyncIntervalHelpText": "Intervall i minuter. Ställ in på noll för att inaktivera (detta kommer stoppa all automatisk hämntning av utgåvor)",
    "Scheduled": "Schemalagt",
    "ScriptPath": "Skriptsökväg",
    "ScrubAudioTagsHelpText": "Ta bort befintliga taggar från filer, lämnar endas dem som är tillagda av {appName}.",
    "ScrubExistingTags": "Skrubba Befintliga Taggar",
    "Search": "Sök",
    "SearchAll": "Sök samtliga",
    "SearchForAllCutoffUnmetAlbums": "Sök efter alla vars krav inte är uppnådda böcker",
    "SearchForAllMissingAlbums": "Sök efter alla saknade böcker",
    "SearchForMissing": "Sök efter saknade",
    "SearchForMonitoredAlbums": "Sök efter alla bevakade böcker",
    "SearchSelected": "Sök markerade",
    "Security": "Säkerhet",
    "SelectedCountArtistsSelectedInterp": "{0} Författare Markerade",
    "SendAnonymousUsageData": "Skickar anonym användningsinformation",
    "SetPermissions": "Ange behörigheter",
    "SetPermissionsLinuxHelpText": "Ska chmod köras när filer importeras / byts namn?",
    "SetPermissionsLinuxHelpTextWarning": "Om du är osäker på vad dessa inställningar gör, ska du inte ändra dem.",
    "Settings": "Inställningar",
    "ShortDateFormat": "Kort datumformat",
    "ShowCutoffUnmetIconHelpText": "Visa ikon för filer när avbrottet inte har uppnåtts",
    "ShowDateAdded": "Visa datum tillagt",
    "ShowMonitored": "Visa bevakade",
    "ShowMonitoredHelpText": "Visa övervakad status under affisch",
    "ShowPath": "Visa sökväg",
    "ShowSizeOnDisk": "Visa storlek på disk",
    "ShowTitleHelpText": "Visa författares namn under poster",
    "ShowUnknownArtistItems": "Visa Okända Författares Saker",
    "ShownAboveEachColumnWhenWeekIsTheActiveView": "Visas ovanför varje kolumn när veckan är den aktiva vyn",
    "Size": " Storlek",
    "SkipFreeSpaceCheck": "Hoppa över ledig platskontroll",
    "SorryThatAlbumCannotBeFound": "Tyvärr kan den filmen inte hittas.",
    "SorryThatArtistCannotBeFound": "Tyvärr kan den filmen inte hittas.",
    "Source": "Källa",
    "SourcePath": "Källsökväg",
    "SslCertPasswordHelpText": "Lösenord för pfx-fil",
    "UnableToLoadReleaseProfiles": "Det går inte att ladda fördröjningsprofiler",
    "UnableToLoadRemotePathMappings": "Det gick inte att läsa in fjärrvägskartläggningar",
    "UnableToLoadRootFolders": "Det gick inte att ladda rotmappar",
    "UnableToLoadTags": "Det gick inte att ladda taggar",
    "Ungroup": "Avgruppera",
    "IfYouDontAddAnImportListExclusionAndTheArtistHasAMetadataProfileOtherThanNoneThenThisAlbumMayBeReaddedDuringTheNextArtistRefresh": "Om du inte lägger till en importlista-exkludering och författaren har en metadata profil annat än 'Ingen' kommer den här boken kanske bli åter-tillagd under nästa författaruppdatering.",
    "IgnoredAddresses": "Ignorerade adresser",
    "IgnoredHelpText": "Utgåvan kommer att avvisas om det innehåller en eller flera av villkoren (skiftlägeskänslig)",
    "IgnoredPlaceHolder": "Lägg till ny restriktion",
    "IllRestartLater": "Jag startar om senare",
    "ImportedTo": "Importerad till",
    "ImportExtraFiles": "Importera extra filer",
    "ImportExtraFilesHelpText": "Importera matchande extrafiler (undertexter, nfo, etc) efter import av en filmfil",
    "ImportFailedInterp": "Import misslyckades: {0}",
    "Importing": "Importerar",
    "IncludeUnknownArtistItemsHelpText": "Visa objekt utan film i kön. Detta kan inkludera borttagna filmer eller något annat i Radarrs kategori",
    "IncludeUnmonitored": "Inkludera obevakade",
    "Indexer": "Indexerare",
    "IndexerPriority": "Indexerprioritet",
    "Indexers": "Indexerare",
    "IndexerSettings": "Indexerinställningar",
    "InteractiveSearch": "Interaktiv sökning",
    "Interval": "Intervall",
    "IsCutoffCutoff": "Avskärning",
    "IsCutoffUpgradeUntilThisQualityIsMetOrExceeded": "Uppgradera tills den här kvaliteten uppfylls eller överskrids",
    "IsExpandedHideAlbums": "Dölj Albums",
    "LaunchBrowserHelpText": " Öppna en webbläsare och navigera till {appName}-hemsidan vid appstart.",
    "Level": "Nivå",
    "LidarrSupportsAnyDownloadClientThatUsesTheNewznabStandardAsWellAsOtherDownloadClientsListedBelow": "{appName} stöder alla nedladdningsklienter som använder Newznab-standarden samt andra nedladdningsklienter som anges nedan.",
    "LidarrSupportsAnyIndexerThatUsesTheNewznabStandardAsWellAsOtherIndexersListedBelow": "{appName} stöder alla indexerare som använder Newznab-standarden, liksom andra indexerare som anges nedan.",
    "LidarrSupportsMultipleListsForImportingAlbumsAndArtistsIntoTheDatabase": "{appName} stödjer flera listor för att importera Böcker och Författare in i databasen.",
    "LidarrTags": "{appName} taggar",
    "Local": "Lokal",
    "LocalPath": "Lokal sökväg",
    "LocalPathHelpText": "Sökväg som {appName} ska använda för att komma åt fjärrvägen lokalt",
    "LogFiles": "Loggfiler",
    "Logging": "Loggning",
    "LogLevel": "Loggnivå",
    "LogLevelvalueTraceTraceLoggingShouldOnlyBeEnabledTemporarily": "Spårloggning bör endast aktiveras tillfälligt",
    "Logs": "Loggar",
    "LongDateFormat": "Långt datumformat",
    "ManualImport": "Manuell import",
    "MarkAsFailed": "Markera som misslyckad",
    "MarkAsFailedMessageText": "Är du säker på att du vill markera \"{0}\" som misslyckad?",
    "MaximumLimits": "Maximala gränser",
    "MaximumSize": "Maximal storlek",
    "Mechanism": "Mekanism",
    "MediaInfo": "Media information",
    "MediaManagementSettings": "Inställningar för mediahantering",
    "Medium": "Medium",
    "Message": "Meddelande",
    "MIA": "MIA",
    "Mode": "Läge",
    "Monitored": "Bevakad",
    "MoreInfo": "Mer info",
    "MusicBrainzArtistID": "MusicBrainz Författar ID",
    "MustContain": "Måste innehålla",
    "MustNotContain": "Får inte innehålla",
    "Name": "Namn",
    "NamingSettings": "Namninställningar",
    "New": "Ny",
    "NoBackupsAreAvailable": "Inga säkerhetskopior tillgängliga",
    "NoLeaveIt": "Nej, lämna det",
    "NoLogFiles": "Inga loggfiler",
    "None": "Ingen",
    "NotificationTriggers": "Meddelandeutlösare",
    "NoUpdatesAreAvailable": "Inga uppdateringar är tillgängliga",
    "Path": "Sökväg",
    "PathHelpText": "Rotmappen innehåller ditt bok-bibliotek",
    "Permissions": "Behörigheter",
    "Port": "Port",
    "PortNumber": "Portnummer",
    "PosterSize": "Affisch storlek",
    "PreviewRename": "Förhandsvisa namnbyte",
    "Profiles": "Profiler",
    "Proper": "Rätt",
    "PropersAndRepacks": "Propers och Repacks",
    "Protocol": "Protokoll",
    "ProtocolHelpText": "Välj vilka protokoll (er) som ska användas och vilket som är att föredra när du väljer mellan annars lika utgåvor",
    "Proxy": "Proxy",
    "ProxyBypassFilterHelpText": "Använd ',' som separator och '*.' som ett jokertecken för underdomäner",
    "ProxyPasswordHelpText": "Du behöver bara ange ett användarnamn och lösenord om det krävs. Lämna dem tomma annars.",
    "ProxyType": "Proxy-typ",
    "ProxyUsernameHelpText": "Du behöver bara ange ett användarnamn och lösenord om det krävs. Lämna dem tomma annars.",
    "PublishedDate": "Publiceringsdatum",
    "Quality": "Kvalitet",
    "QualityDefinitions": "Kvalitetsdefinitioner",
    "QualityProfile": "Kvalitetsprofil",
    "QualityProfiles": "Kvalitetsprofiler",
    "QualitySettings": "Kvalitetsalternativ",
    "Queue": "Kö",
    "ReadTheWikiForMoreInformation": "Läs Wiki för mer information",
    "Real": "Verklig",
    "Reason": "Anledning",
    "RecycleBinCleanupDaysHelpText": "Ställ in på 0 för att inaktivera automatisk rensning",
    "RecycleBinCleanupDaysHelpTextWarning": "Filer i papperskorgen som är äldre än det valda antalet dagar rensas automatiskt",
    "RecycleBinHelpText": "Filmfiler kommer hit när de raderas istället för att tas bort permanent",
    "RecyclingBin": "Papperskorg",
    "RecyclingBinCleanup": "Rengöring av papperskorgen",
    "Redownload": "Ladda ned igen",
    "Refresh": "Uppdatera",
    "RefreshInformationAndScanDisk": "Uppdatera information och skanna disken",
    "RefreshScan": "Uppdatera & Skanna",
    "ReleaseDate": "Lanseringsdatum",
    "ReleaseGroup": "Releasegrupp",
    "ReleaseRejected": "Utgåva avvisad",
    "ReleaseStatuses": "Utgåvostatus",
    "ReleaseWillBeProcessedInterp": "Utgåvan behandlas {0}",
    "RemotePath": "Fjärrsökväg",
    "RemotePathHelpText": "Rotväg till katalogen som nedladdningsklienten har åtkomst till",
    "RemotePathMappings": "Fjärrsökvägar",
    "Remove": "Ta bort",
    "RemoveCompletedDownloadsHelpText": "Ta bort importerade nedladdningar från nedladdningsklienthistoriken",
    "RemovedFromTaskQueue": "Borttagen från uppgiftskön",
    "RemoveFailedDownloadsHelpText": "Ta bort misslyckade nedladdningar från nedladdningsklienthistoriken",
    "RemoveFilter": "Ta bort filter",
    "RemoveFromDownloadClient": "Tar bort från nedladdningsklienten",
    "RemoveFromQueue": "Ta bort från kön",
    "RemoveSelected": "Radera markerade",
    "RemoveTagExistingTag": "Befintlig tagg",
    "RemoveTagRemovingTag": "Ta bort taggen",
    "RenameTracksHelpText": "{appName} kommer att använda det befintliga filnamnet om namnbyte är avaktiverat",
    "Reorder": "Ändra ordning",
    "ReplaceIllegalCharacters": "Ersätt otillåtna tecken",
    "ReplaceIllegalCharactersHelpText": "Byt ut olagliga tecken. Om det inte är markerat tar {appName} bort dem istället",
    "RequiredHelpText": "Utgåvan måste innehålla minst en av dessa termer (skiftlägeskänsliga)",
    "RequiredPlaceHolder": "Lägg till ny restriktion",
    "RescanAfterRefreshHelpText": "Scanna om författarmappen efter uppdaterat författaren",
    "RescanAfterRefreshHelpTextWarning": "{appName} upptäcker inte automatiskt ändringar av filer när de inte är inställda på 'Alltid'",
    "RescanArtistFolderAfterRefresh": "Skanna igenom filmmapp efter uppdatering",
    "ResetAPIKey": "Återställa API-nyckel",
    "RestartLidarr": "Starta om {appName}",
    "Restore": "Återställ",
    "RestoreBackup": "Återställ säkerhetskopia",
    "Retention": "Bibehållande",
    "RSSSync": "RSS-synk",
    "RSSSyncInterval": "RSS-synkroniseringsintervall",
    "ShowQualityProfile": "Visa kvalitetsprofil",
    "ShowQualityProfileHelpText": "Visa kvalitetsprofil under affisch",
    "ShowRelativeDates": "Visa relativa datum",
    "ShowRelativeDatesHelpText": "Visa relativa (Idag / Igår / etc) eller absoluta datum",
    "ShowSearch": "Visa sök",
    "ShowSearchActionHelpText": "Visa sökknappen på svävaren",
    "SSLCertPassword": "SSL-certifierat lösenord",
    "SSLCertPath": "SSL-certifierad sökväg",
    "SslCertPathHelpText": "Sökväg till pfx-fil",
    "SSLPort": "SSL-port",
    "StartTypingOrSelectAPathBelow": "Börja skriva eller välj en sökväg nedan",
    "Status": "Status",
    "SuccessMyWorkIsDoneNoFilesToRename": "Klart! Jobbet avslutat, inga fler filer att byta namn på.",
    "SuccessMyWorkIsDoneNoFilesToRetag": "Klart! Jobbet avslutat, inga fler filer att byta namn på.",
    "SupportsRssvalueRSSIsNotSupportedWithThisIndexer": "RSS stöds inte av denna indexerare",
    "SupportsSearchvalueSearchIsNotSupportedWithThisIndexer": "Sökning stöds ej av denna indexerare",
    "SupportsSearchvalueWillBeUsedWhenAutomaticSearchesArePerformedViaTheUIOrByLidarr": "Används när automatiska sökningar utförs via användargränssnittet eller av {appName}",
    "SupportsSearchvalueWillBeUsedWhenInteractiveSearchIsUsed": "Används när interaktiv sökning används",
    "TagAudioFilesWithMetadata": "Tagga Ljudfiler med Metadata",
    "TagIsNotUsedAndCanBeDeleted": "Taggen används inte och kan raderas",
    "Tasks": "Uppgifter",
    "TestAllIndexers": "Testa samtliga indexerare",
    "TestAllLists": "Testa samtliga listor",
    "TheAlbumsFilesWillBeDeleted": "Böckernas filer kommer raderas.",
    "ThisWillApplyToAllIndexersPleaseFollowTheRulesSetForthByThem": "Detta gäller för alla indexerare, följ reglerna som anges av dem",
    "Time": "Tid",
    "TimeFormat": "Tidsformat",
    "TorrentDelay": "Torrentfördröjning",
    "TorrentDelayHelpText": "Fördröja på några minuter för att vänta innan du tar en torrent",
    "Torrents": "Torrenter",
    "TotalFileSize": "Total filstorlek",
    "TotalTrackCountTracksTotalTrackFileCountTracksWithFilesInterp": "{0} böcker totalt. {1} böcker med filer.",
    "Track": "Spår",
    "TrackFileCounttotalTrackCountTracksDownloadedInterp": "{0}/{1} böcker nedladdade",
    "TrackMissingFromDisk": "Boken saknas från disken",
    "Type": "Typ",
    "UiSettings": "UI-inställningar",
    "UnableToAddANewDownloadClientPleaseTryAgain": "Inte möjligt att lägga till en ny nedladdningsklient, var god försök igen.",
    "UnableToAddANewImportListExclusionPleaseTryAgain": "Det går inte att lägga till en ny listaundantag, försök igen.",
    "UnableToAddANewIndexerPleaseTryAgain": "Inte möjligt att lägga till en ny indexerare, var god försök igen.",
    "UnableToAddANewListPleaseTryAgain": "Det gick inte att lägga till en ny lista. Försök igen.",
    "UnableToAddANewMetadataProfilePleaseTryAgain": "Det gick inte att lägga till en ny kvalitetsprofil. Försök igen.",
    "UnableToAddANewNotificationPleaseTryAgain": "Det gick inte att lägga till ett nytt meddelande, försök igen.",
    "UnableToAddANewQualityProfilePleaseTryAgain": "Det gick inte att lägga till en ny kvalitetsprofil. Försök igen.",
    "UnableToLoadMetadata": "Det gick inte att ladda metadata",
    "UnableToLoadMetadataProfiles": "Det går inte att ladda fördröjningsprofiler",
    "UnableToLoadNamingSettings": "Det gick inte att läsa in namninställningar",
    "UnableToLoadNotifications": "Det gick inte att läsa in aviseringar",
    "UnableToLoadQualities": "Det går inte att ladda kvaliteter",
    "UnableToLoadQualityDefinitions": "Det går inte att ladda kvalitetsdefinitioner",
    "UnableToLoadQualityProfiles": "Det gick inte att ladda kvalitetsprofiler",
    "UnableToLoadTheCalendar": "Det gick inte att ladda kalendern",
    "UnableToLoadUISettings": "Det går inte att ladda UI-inställningarna",
    "Unmonitored": "Obevakade",
    "UnmonitoredHelpText": "Inkludera obevakade filmer i iCal flödet",
    "UpdateAll": "Uppdatera samtliga",
    "UpdateAutomaticallyHelpText": "Automatiskt ladda ned och installera uppdateringar. Du kommer fortfarande att kunna installera från System: Uppdateringar",
    "UpdateMechanismHelpText": "Använd Radarrs inbyggda uppdaterare eller ett skript",
    "Updates": "Uppdateringar",
    "RestartNow": "Starta om nu",
    "UiLanguageHelpTextWarning": "Omladdning av webbläsaren krävs",
    "UnableToAddANewRemotePathMappingPleaseTryAgain": "Det gick inte att lägga till en ny mappning av fjärrvägen, försök igen.",
    "UnableToAddANewRootFolderPleaseTryAgain": "Inte möjligt att lägga till ett nytt anpassat format, var god försök igen.",
    "UnableToLoadBackups": "Det gick inte att ladda säkerhetskopior",
    "UnableToLoadDelayProfiles": "Det går inte att ladda fördröjningsprofiler",
    "UnableToLoadDownloadClientOptions": "Det gick inte att ladda nedladdningsklientalternativ",
    "UnableToLoadDownloadClients": "Det gick inte att ladda nedladdningsklienter",
    "UnableToLoadGeneralSettings": "Det går inte att läsa in allmänna inställningar",
    "UnableToLoadImportListExclusions": "Det gick inte att läsa in listundantag",
    "UnableToLoadIndexerOptions": "Det gick inte att ladda indexeringsalternativ",
    "UnableToLoadIndexers": "Det går inte att ladda indexerare",
    "Reset": "Återställa",
    "Restart": "Starta om",
    "Result": "Resultat",
    "StandardTrackFormat": "Standardfilmformat",
    "StartupDirectory": "Startkatalog",
    "Style": "Stil",
    "Tags": "Taggar",
    "TestAll": "Testa samtliga",
    "TestAllClients": "Testa samtliga klienter",
    "Tracks": "Spår",
    "OnHealthIssue": "På hälsofrågan",
    "OnImportFailure": "När Import Misslyckas",
    "OnReleaseImport": "När Utgåvo-Import",
    "OnRename": "På Byt namn",
    "OnUpgrade": "Vid uppgradering",
    "OnDownloadFailure": "När Nedladdning Misslyckas",
    "OnGrab": "Vid hämtning",
    "Replace": "Ersätta",
    "RestartRequiredHelpTextWarning": "Kräver omstart för att träda i kraft",
    "RestoreBackupAdditionalInfo": "Obs! {appName} startar automatiskt om och laddar om användargränssnittet under återställningsprocessen.",
    "Save": "Spara",
    "Seeders": "Seeders",
    "Select...": "'Välj...",
    "SelectFolder": "Välj mapp",
    "SelectQuality": "Välj kvalitet",
    "ShouldSearch": "Sök efter Nya Saker",
    "ShouldSearchHelpText": "Sök indexer för nyligen tillagda saker. Använd med försiktighet vid stora listor.",
    "SizeOnDisk": "Storlek på disk",
    "SourceTitle": "Källtitel",
    "System": "System",
    "Test": "Test",
    "TimeLeft": "Tid kvar",
    "Title": "Titel",
    "TotalSpace": "Totalt utrymme",
    "Ui": "Användargränssnitt",
    "UnmappedFilesOnly": "Endast omappade filer",
    "UnmonitoredOnly": "Endast Bevakade",
    "Wanted": "Önskade",
    "Warn": "Varna",
    "WouldYouLikeToRestoreBackup": "Skulle du vilja återställa säkerhetskopian {0} ?",
    "Activity": "Aktivitet",
    "AddDelayProfile": "Lägg till fördröjnings profil",
    "Added": "Tillagd",
    "AddImportListExclusion": "Importera List-Exkluderingar",
    "AddIndexer": "Lägg till indexerare",
    "AddMetadataProfile": "Metadata Profil",
    "AddNew": "Lägg till ny",
    "AddQualityProfile": "Lägg till kvalitetsprofil",
    "AddRemotePathMapping": "Lägg till fjärrsökväg",
    "AddRootFolder": "Lägg till rotmapp",
    "AfterManualRefresh": "Efter manuell uppdatering",
    "Age": "Ålder",
    "Albums": "Albums",
    "All": "Samtliga",
    "AllFiles": "Samtliga filer",
    "Always": "Alltid",
    "AudioInfo": "Ljudinformation",
    "Backup": "Säkerhetskopiering",
    "BeforeUpdate": "Innan uppdatering",
    "Close": "Avsluta",
    "Connect": "Anslut",
    "Custom": "Beställnings",
    "CustomFilters": "Anpassade Filter",
    "Date": "Datum",
    "Deleted": "Raderad",
    "Details": "Detaljer",
    "Donations": "Donationer",
    "DoNotPrefer": "Föredrar inte",
    "DoNotUpgradeAutomatically": "Uppgradera inte automatiskt",
    "DownloadFailed": "Misslyckad nedladdning",
    "EditDelayProfile": "Redigera fördröjningsprofil",
    "EditImportListExclusion": "Ta bort undantag för importlista",
    "EditQualityProfile": "Redigera kvalitetsprofil",
    "EditRemotePathMapping": "Redigera fjärrsökväg",
    "EditRootFolder": "Lägg till rotmapp",
    "ErrorRestoringBackup": "Fel vid återställning av säkerhetskopian",
    "Events": "Händelser",
    "EventType": "Händelsetyp",
    "Filters": "Filter",
    "FreeSpace": "Ledigt utrymme",
    "General": "Generell",
    "Genres": "Genrer",
    "Grabbed": "Hämtad",
    "HardlinkCopyFiles": "Hardlink/kopiera filer",
    "HideAdvanced": "Dölj avancerat",
    "Ignored": "Ignorerad",
    "Import": "Import",
    "InteractiveImport": "Interaktiv import",
    "LastDuration": "lastDuration",
    "LastExecution": "Senaste avrättningen",
    "LastUsed": "Senast använd",
    "LastWriteTime": "Senast skriven tid",
    "Library": "Bibliotek",
    "Location": "Lagringsplats",
    "Manual": "Manuell",
    "MediaManagement": "Mediahantering",
    "Metadata": "Metadata",
    "MonitoredOnly": "Endast Bevakade",
    "MoveAutomatically": "Snabbimport",
    "MoveFiles": "Flytta filer",
    "Never": "Aldrig",
    "NextExecution": "Nästa utförande",
    "NoTagsHaveBeenAddedYet": "Inga taggar har lagts till ännu",
    "Ok": "Ok",
    "OnlyTorrent": "Endast Torrent",
    "OnlyUsenet": "Endast Usenet",
    "Organize": "Organisera",
    "OutputPath": "Output-sökväg",
    "Peers": "Peers",
    "PreferAndUpgrade": "Föredra och uppgradera",
    "Presets": "Förinställningar",
    "Progress": "Progress",
    "QualityLimitsHelpText": "Gränserna justeras automatiskt för filmens körtid.",
    "Queued": "Köad",
    "Rating": "Betyg",
    "RejectionCount": "Antal avslag",
    "ReleaseTitle": "Releasetitel",
    "Error": "Fel",
    "ShowAdvanced": "Visa avancerat",
    "UpgradesAllowed": "Uppgraderingar tillåtna",
    "Apply": "TIllämpa",
    "Renamed": "Omdöpt",
    "Add": "Lägg till",
    "EditMetadataProfile": "Metadata Profil",
    "Info": "Info",
    "ApplicationURL": "Applikations-URL",
    "ApplicationUrlHelpText": "Denna applikations externa URL inklusive http(s)://, port och URL-bas",
    "QualitiesHelpText": "Kvaliteter högre i listan är mer föredragna. Kvaliteter inom samma grupp är lika. Endast kontrollerade egenskaper önskas",
    "DoneEditingGroups": "Redigering av grupper klar",
    "EditGroups": "Redigera grupper",
    "CustomFormatScore": "Poäng för Anpassade format",
    "MinimumCustomFormatScore": "Lägsta anpassade formatpoäng",
    "AppDataLocationHealthCheckMessage": "Uppdatering ej möjlig för att AppData inte skall raderas",
    "FailedDownloadHandling": "Misslyckad nedladdningshantering",
    "FailedLoadingSearchResults": "Det gick inte att ladda sökresultaten. Försök igen.",
    "HiddenClickToShow": "Dold, klicka för att visa",
    "ImportListStatusCheckAllClientMessage": "Samtliga listor otillgängliga på grund av fel",
    "ImportListStatusCheckSingleClientMessage": "Listor otillgängliga på grund av fel: {0}",
    "ProxyCheckBadRequestMessage": "Test av proxy misslyckades. Statuskod: {0}",
    "ProxyCheckFailedToTestMessage": "Test av proxy misslyckades: {0}",
    "ProxyCheckResolveIpMessage": "Misslyckades att slå upp IP-adressen till konfigurerad proxyvärd {0}",
    "RootFolderCheckMultipleMessage": "Flera rotmappar saknas: {0}",
    "RootFolderCheckSingleMessage": "Rotmapp saknas: {0}",
    "ShownClickToHide": "Visad, klicka för att dölja",
    "CloneCustomFormat": "Klona anpassade format",
    "ColonReplacement": "Kolonbyte",
    "Conditions": "Villkor",
    "CopyToClipboard": "Kopiera till urklipp",
    "CouldntFindAnyResultsForTerm": "Det gick inte att hitta några resultat för '{0}'",
    "CustomFormat": "Anpassade format",
    "CustomFormatRequiredHelpText": "Detta {0} villkor måste matcha för att det anpassade formatet ska gälla. Annars räcker det med en enstaka {1} matchning.",
    "CustomFormatSettings": "Inställningar för Anpassade format",
    "CustomFormats": "Anpassade format",
    "Customformat": "Anpassade format",
    "CutoffFormatScoreHelpText": "När denna anpassade formatpoäng har uppnåtts kommer {appName} inte längre att ladda ner filmer",
    "DeleteCustomFormatMessageText": "Är du säker på att du vill ta bort indexeraren '{0}'?",
    "IndexerLongTermStatusCheckAllClientMessage": "Alla indexerare är inte tillgängliga på grund av fel i mer än 6 timmar",
    "IndexerLongTermStatusCheckSingleClientMessage": "Indexatorer är inte tillgängliga på grund av misslyckanden i mer än sex timmar: {0}",
    "IndexerRssHealthCheckNoAvailableIndexers": "På grund av nyligen inträffade indexerarfel är alla RSS-kapabla indexerare tillfälligt otillgängliga",
    "ItsEasyToAddANewArtistJustStartTypingTheNameOfTheArtistYouWantToAdd": "För att lägga till en ny film, börja skriva namnet på filmen du vill lägga till",
    "NegateHelpText": "Om det är markerat kommer det anpassade formatet inte att gälla om detta {0} villkor matchar.",
    "TheArtistFolderStrongpathstrongAndAllOfItsContentWillBeDeleted": "Författar-mappen {0} och allt dess innehåll kommer bli raderat.",
    "DeleteFormatMessageText": "Är du säker på att du vill ta bort formattaggen {0}?",
    "Disabled": "Inaktiverad",
    "DownloadClientRootFolderHealthCheckMessage": "Ladda ner klient {downloadClientName} placerar nedladdningar i rotmappen {rootFolderPath}. Du bör inte ladda ner till en rotmapp.",
    "DownloadClientCheckNoneAvailableMessage": "Ingen nedladdningsklient tillgänglig",
    "DownloadClientCheckUnableToCommunicateMessage": "Kommunikation med {0} ej möjlig.",
    "DownloadClientStatusCheckAllClientMessage": "Samtliga nedladdningsklienter är otillgängliga på grund av misslyckade anslutningsförsök",
    "DownloadClientStatusCheckSingleClientMessage": "Otillgängliga nedladdningsklienter på grund av misslyckade anslutningsförsök: {0}",
    "DownloadPropersAndRepacksHelpTextWarning": "Använd anpassade format för automatiska uppgraderingar till Propers / Repacks",
    "DownloadedUnableToImportCheckLogsForDetails": "Nedladdat - Det går inte att importera: kontrollera loggar för mer information",
    "ExportCustomFormat": "Exportera anpassade format",
    "UnableToLoadInteractiveSearch": "Det gick inte att ladda resultat för den här filmsökningen. Försök igen senare",
    "Formats": "Format",
    "ImportMechanismHealthCheckMessage": "Aktivera Avklarad nedladdningshantering",
    "IncludeCustomFormatWhenRenamingHelpText": "Inkludera i {Custom Formats} namnändringsformat",
    "IndexerRssHealthCheckNoIndexers": "Inga indexerare med RSS-synk aktiverade, {appName} kommer ej hämta nya utgåvor automatiskt",
    "IndexerSearchCheckNoAutomaticMessage": "Inga indexerare tillgängliga med Automatisk Sök aktiverat, {appName} kommer inte tillhandahålla automatiska sökresultat",
    "IndexerSearchCheckNoAvailableIndexersMessage": "På grund av nyligen inträffade indexerarfel är alla sök-kapabla indexerare tillfälligt otillgängliga",
    "IndexerSearchCheckNoInteractiveMessage": "Inga indexerare tillgängliga med Interaktiv Sök aktiverat, {appName} kommer ej tillhandahålla interaktiva sökresultat",
    "IndexerStatusCheckAllClientMessage": "Samtliga indexerare otillgängliga på grund av fel",
    "IndexerStatusCheckSingleClientMessage": "Indexerare otillgängliga på grund av fel: {0}",
    "MinFormatScoreHelpText": "Lägsta möjliga anpassade formatpoäng tillåtet att ladda ner",
    "Monitor": "Bevakning",
    "Monitoring": "Bevakar",
    "MountArtistHealthCheckMessage": "Montering (eng. Mount) innehållande filmsökväg är monterad med endast Läs-behörighet: ",
    "PreferTorrent": "Föredrar Torrent",
    "PreferUsenet": "Föredra Usenet",
    "ReplaceWithDash": "Ersätt med bindestreck",
    "ReplaceWithSpaceDash": "Byt ut med Space Dash",
    "ReplaceWithSpaceDashSpace": "Byt ut med Space Dash Space",
    "SystemTimeCheckMessage": "Systemklockan går fel med mer än en dag. Schemalagda uppgifter kan få problem att köras innan tiden är korrigerad",
    "UnableToLoadCustomFormats": "Det går inte att ladda anpassade format",
    "UpdateCheckStartupNotWritableMessage": "Ej möjligt att installera uppdatering då uppstartsmappen '{0}' inte är skrivbar för användaren '{1}'.",
    "UpdateCheckStartupTranslocationMessage": "Ej möjligt att installera uppdatering då uppstartsmappen '{0}' är i en \"App translocation\"-mapp.",
    "UpdateCheckUINotWritableMessage": "Ej möjligt att installera uppdatering då användargränssnittsmappen '{0}' inte är skrivbar för användaren '{1}'.",
    "DeleteCustomFormat": "Ta bort anpassat format",
    "AutoTaggingNegateHelpText": "Om det är markerat kommer det anpassade formatet inte att gälla om detta {0} villkor matchar.",
    "IncludeHealthWarnings": "Inkludera hälsovarningar",
    "IndexerFlags": "Indexerflaggor",
    "Lowercase": "Små bokstäver",
    "No": "Nej",
    "ConnectionLost": "Anslutning saknas",
    "DeleteRemotePathMapping": "Redigera fjärrsökväg",
    "DeleteSpecificationHelpText": "Är du säker på att du vill ta bort kvalitetsprofilen '{0}'?",
    "DisabledForLocalAddresses": "Inaktiverad för lokala adresser",
    "FileNameTokens": "Filnamn tokens",
    "KeyboardShortcuts": "Tangentbordsgenvägar",
    "NotificationStatusSingleClientHealthCheckMessage": "Listor otillgängliga på grund av fel: {0}",
    "OrganizeSelectedArtists": "Organisera markerade filmer",
    "Release": " Släppte",
    "Required": "Nödvändig",
    "BlocklistReleases": "Svartlista Utgåva",
    "RemovingTag": "Ta bort taggen",
    "CustomFilter": "Anpassade Filter",
    "DeleteSpecification": "Radera avisering",
    "DownloadClientsSettingsSummary": "Nedladdningsklienter, nedladdningshantering och fjärrsökvägar",
    "FormatAgeMinutes": "Minuter",
    "NoChange": "Ingen förändring",
    "NoEventsFound": "Inga händelser hittades",
    "Tomorrow": "Igår",
    "Yes": "Ja",
    "ApplyTagsHelpTextHowToApplyArtists": "Så här applicerar du taggar på de valda författarna",
    "QueueIsEmpty": "Kön är tom",
    "ExtraFileExtensionsHelpTextsExamples": "Exempel: '.sub, .nfo' eller 'sub,nfo'",
    "Enabled": "Aktiverad",
    "SuggestTranslationChange": "Föreslå översättningsändring",
    "Large": "Stor",
    "MonitorExistingAlbums": "Existerande Albums",
    "NoLimitForAnyDuration": "Ingen gräns för någon körtid",
    "Unlimited": "Obegränsad",
    "PreferredSize": "Önskad storlek",
    "InteractiveSearchModalHeader": "Interaktiv sökning",
    "MonitorFutureAlbums": "Framtida Album",
    "ApplyTagsHelpTextHowToApplyDownloadClients": "Så här applicerar du taggar på de valda författarna",
    "ApplyTagsHelpTextHowToApplyImportLists": "Så här applicerar du taggar på de valda författarna",
    "ReleaseProfile": "Utgåvo-Profiler",
    "ExistingTag": "Befintlig tagg",
    "AutoRedownloadFailed": "Fel vid nerladdning",
    "AuthForm": "Blanketter (inloggningssida)",
    "AddConditionError": "Det gick inte att lägga till ett nytt villkor. Försök igen.",
    "AddImportList": "Importera lista",
    "AddListExclusionHelpText": "Förhindra TV-serie att läggas till i {appName} från listor",
    "AddNewArtistRootFolderHelpText": "Mappen \"{folder}\" kommer skapas automatiskt",
    "AddNewArtistSearchForMissingAlbums": "Börja söka efter saknad film",
    "ConnectSettingsSummary": "Aviseringar, anslutningar till media-servrar/klienter, och anpassade script",
    "CustomFormatsSettings": "Inställningar för Anpassade format",
    "ImportListsSettingsSummary": "Importera listor, listuteslutningar",
    "ApplyTagsHelpTextRemove": "Ta bort: Ta bort de angivna taggarna",
    "AutoTaggingSpecificationTag": "Tagg",
    "CustomFormatsSettingsSummary": "Anpassade format och Inställningar",
    "DeleteSelectedIndexers": "Radera indexerare",
    "ExtraFileExtensionsHelpText": "Kommaseparerad lista med extra filer som ska importeras (.nfo importeras som .nfo-orig)",
    "ImportList": "Lista",
    "MonitorAllAlbums": "Alla Album",
    "NoMinimumForAnyDuration": "Inget minimum för någon körtid",
    "Overview": "Översikt",
    "Priority": "Prioritet",
    "QualitySettingsSummary": "Namn och storleksdefinitioner på kvaliteterna",
    "RecentChanges": "Senaste ändringar",
    "SetTags": "Ange taggar",
    "TagsSettingsSummary": "Se samtliga taggar och hur de används. Oanvända taggar kan tas bort",
    "UiSettingsSummary": "Alternativ för kalender, datum och färgblindhet",
    "Uppercase": "Versaler",
    "OverviewOptions": "Översiktsalternativ",
    "AuthBasic": "Grundläggande (Browser Popup)",
    "GrabId": "Hämta ID",
    "FailedToLoadQueue": "Det gick inte att läsa in kön",
    "FormatAgeHour": "Timmar",
    "FormatAgeHours": "Timmar",
    "FormatAgeMinute": "Minuter",
    "GeneralSettingsSummary": "Port, SSL, användarnamn/lösenord, proxy, analys och uppdateringar",
    "MonitorNoAlbums": "Ingen",
    "Negated": "Negerat",
    "PosterOptions": "Affischalternativ",
    "Posters": "Affischer",
    "UpdateSelected": "Uppdatera markerade",
    "WhatsNew": "Vad är nytt?",
    "Yesterday": "Igår",
    "AlbumsLoadError": "Det gick inte att ladda säkerhetskopior",
    "ApplyTagsHelpTextAdd": "Lägg till: Lägg till taggarna i den befintliga listan med taggar",
    "DeleteArtistFolderHelpText": "Ta bort filmmappen och dess innehåll",
    "DeleteArtistFoldersHelpText": "Ta bort filmmappen och dess innehåll",
    "DeleteConditionMessageText": "Är du säker på att du vill ta bort kvalitetsprofilen '{0}'?",
    "RenameFiles": "Byt namn på filer",
    "AddImportListExclusionArtistHelpText": "Förhindra TV-serie att läggas till i {appName} från listor",
    "Table": "Tabell",
    "AddAutoTagError": "Det gick inte att lägga till en ny lista. Försök igen.",
    "AllResultsAreHiddenByTheAppliedFilter": "Alla resultat döljs av det tillämpade filtret",
    "AddToDownloadQueue": "Lägg till i nedladdningskö",
    "AddedToDownloadQueue": "Tillagd i nedladdningskö",
    "ApplyTagsHelpTextHowToApplyIndexers": "Så här applicerar du taggar på de valda författarna",
    "ConditionUsingRegularExpressions": "Detta villkor matchar användningen av reguljära uttryck. Observera att tecknen {0} har speciella betydelser och behöver fly med ett {1}",
    "Connection": "Anslutning",
    "GrabReleaseUnknownArtistOrAlbumMessageText": "Readarr kunde inte avgöra vilken författare och bok denna utgåva tillhör. Readarr kanske inte kan importera den här utgåvan automatiskt. Vill du ta hämta \"{0}\"?",
    "ArtistIndexFooterDownloading": "Laddar ner",
    "ArtistIsUnmonitored": "Författare är obevakad",
    "Deceased": "Död",
    "DefaultCase": "Standardfall",
    "DeleteAutoTagHelpText": "Är du säker på att du vill ta bort kvalitetsprofilen '{0}'?",
    "DeleteSelectedImportLists": "Radera Importlista",
    "NoHistoryBlocklist": "Ingen blocklista-historik",
    "NoResultsFound": "Inga resultat funna",
    "Small": "Små",
    "SomeResultsAreHiddenByTheAppliedFilter": "Vissa resultat döljs av det applicerade filtret",
    "IndexerPriorityHelpText": "Indexeringsprioritet från 1 (högst) till 50 (lägst). Standard: 25.",
    "MonitoredStatus": "Bevakad/Status",
    "AutomaticSearch": "Automatisk sökning",
    "ConnectionLostReconnect": "Radarr kommer försöka ansluta automatiskt, du kan även klicka på ladda om nedan.",
    "MonitorFirstAlbum": "Första Album",
    "Negate": "Förneka",
    "NotificationStatusAllClientHealthCheckMessage": "Samtliga listor otillgängliga på grund av fel",
    "UseSsl": "Använd SSL",
    "Links": "Länkar",
    "AddImportListExclusionAlbumHelpText": "Förhindra TV-serie att läggas till i {appName} från listor",
    "ArtistIsMonitored": "Författare är obevakad",
    "BuiltIn": "Inbyggd",
    "Script": "Skript",
    "DeleteSelectedCustomFormats": "Ta bort anpassat format",
    "IncludeCustomFormatWhenRenaming": "Inkludera anpassat format när du byter namn",
    "AptUpdater": "Använd apt för att installera uppdateringen",
    "DockerUpdater": "uppdatera dockerbehållaren för att ta emot uppdateringen",
    "ExternalUpdater": "{appName} är konfigurerad för att använda en extern uppdateringsmekanism",
    "InstallLatest": "Installera senaste",
    "OnLatestVersion": "Den senaste versionen av {appName} är redan installerad",
    "Shutdown": "Stäng av",
    "UpdateAppDirectlyLoadError": "Det går inte att uppdatera {appName} direkt,",
    "AddReleaseProfile": "Redigera fördröjningsprofil",
    "Clone": "Avsluta",
    "EditReleaseProfile": "Redigera fördröjningsprofil",
    "MonitorMissingAlbums": "Existerande Albums",
    "MissingAlbums": "Existerande Albums",
    "DownloadImported": "Nerladdning ignorerad",
    "AddDelayProfileError": "Det gick inte att lägga till en ny kvalitetsprofil. Försök igen.",
    "Max": "Max",
    "Min": "Min",
    "Preferred": "Föredraget",
    "Today": "Idag",
    "MappedNetworkDrivesWindowsService": "Mappade nätverksenheter är inte tillgängliga när de körs som en Windows-tjänst. Se FAQ för mer information",
    "DownloadClientSettingsRecentPriority": "Klient prioritet",
    "DownloadWarning": "Hämtningsmeddelande: {warningMessage}",
    "Downloaded": "Nerladdad",
    "Paused": "Pausad",
    "Pending": "I väntan på",
    "WaitingToImport": "Väntar på att importera",
    "WaitingToProcess": "Väntar på att bearbeta",
    "CheckDownloadClientForDetails": "Kontrollera nedladdningsklienten för mer detaljer"
}
