{
    "Language": "ภาษา",
    "UiLanguage": "ภาษา UI",
    "ForMoreInformationOnTheIndividualDownloadClientsClickOnTheInfoButtons": "สำหรับข้อมูลเพิ่มเติมเกี่ยวกับไคลเอนต์ดาวน์โหลดแต่ละรายการคลิกที่ปุ่มข้อมูล",
    "LidarrSupportsAnyDownloadClientThatUsesTheNewznabStandardAsWellAsOtherDownloadClientsListedBelow": "Whisparr รองรับไคลเอนต์ดาวน์โหลดใด ๆ ที่ใช้มาตรฐาน Newznab รวมถึงไคลเอนต์ดาวน์โหลดอื่น ๆ ตามรายการด้านล่าง",
    "RemoveFilter": "ลบตัวกรอง",
    "RemovedFromTaskQueue": "ลบออกจากคิวงาน",
    "RemoveSelected": "ลบรายการที่เลือก",
    "UnableToLoadRemotePathMappings": "ไม่สามารถโหลด Remote Path Mappings",
    "MaximumSizeHelpText": "ขนาดสูงสุดสำหรับรีลีสที่จะคว้าเป็น MB ตั้งค่าเป็นศูนย์เพื่อตั้งค่าเป็นไม่ จำกัด",
    "Mechanism": "กลไก",
    "MediaInfo": "ข้อมูลสื่อ",
    "MediaManagementSettings": "การตั้งค่าการจัดการสื่อ",
    "Medium": "ปานกลาง",
    "Message": "ข้อความ",
    "MetadataSettings": "การตั้งค่าข้อมูลเมตา",
    "MIA": "MIA",
    "MinimumAge": "อายุขั้นต่ำ",
    "MinimumAgeHelpText": "Usenet เท่านั้น: อายุต่ำสุดเป็นนาทีของ NZB ก่อนที่จะถูกคว้า ใช้สิ่งนี้เพื่อให้เวลารุ่นใหม่เผยแพร่ไปยังผู้ให้บริการ usenet ของคุณ",
    "MinimumFreeSpace": "พื้นที่ว่างขั้นต่ำ",
    "MinimumFreeSpaceWhenImportingHelpText": "ป้องกันการนำเข้าหากเหลือพื้นที่ดิสก์น้อยกว่าจำนวนนี้",
    "MinimumLimits": "ขีด จำกัด ขั้นต่ำ",
    "Missing": "หายไป",
    "Mode": "โหมด",
    "Monitored": "ตรวจสอบ",
    "MoreInfo": "ข้อมูลเพิ่มเติม",
    "MustContain": "ต้องมี",
    "MustNotContain": "ต้องไม่มี",
    "Name": "ชื่อ",
    "NamingSettings": "การตั้งชื่อการตั้งค่า",
    "New": "ใหม่",
    "NoBackupsAreAvailable": "ไม่มีการสำรองข้อมูล",
    "NoLogFiles": "ไม่มีไฟล์บันทึก",
    "None": "ไม่มี",
    "NotificationTriggers": "ทริกเกอร์การแจ้งเตือน",
    "NoUpdatesAreAvailable": "ไม่มีการอัปเดต",
    "OnUpgrade": "ในการอัพเกรด",
    "OpenBrowserOnStart": "เปิดเบราว์เซอร์เมื่อเริ่มต้น",
    "Options": "ตัวเลือก",
    "Original": "ต้นฉบับ",
    "PackageVersion": "เวอร์ชันแพ็คเกจ",
    "PageSize": "ขนาดหน้า",
    "PageSizeHelpText": "จำนวนรายการที่จะแสดงในแต่ละหน้า",
    "Password": "รหัสผ่าน",
    "Path": "เส้นทาง",
    "Permissions": "สิทธิ์",
    "Port": "ท่าเรือ",
    "PortNumber": "หมายเลขพอร์ต",
    "PosterSize": "ขนาดโปสเตอร์",
    "PreviewRename": "ดูตัวอย่างการเปลี่ยนชื่อ",
    "Profiles": "โปรไฟล์",
    "Proper": "เหมาะสม",
    "PropersAndRepacks": "ใบพัดและ Repacks",
    "Protocol": "มาตรการ",
    "ProtocolHelpText": "เลือกโปรโตคอลที่จะใช้และต้องการใช้โปรโตคอลใดเมื่อเลือกระหว่างรีลีสที่เท่าเทียมกัน",
    "Proxy": "พร็อกซี",
    "ProxyPasswordHelpText": "คุณจะต้องป้อนชื่อผู้ใช้และรหัสผ่านหากจำเป็นเท่านั้น เว้นว่างไว้เป็นอย่างอื่น",
    "ProxyType": "ประเภทพร็อกซี",
    "ProxyUsernameHelpText": "คุณจะต้องป้อนชื่อผู้ใช้และรหัสผ่านหากจำเป็นเท่านั้น เว้นว่างไว้เป็นอย่างอื่น",
    "PublishedDate": "วันที่เผยแพร่",
    "Quality": "คุณภาพ",
    "QualityDefinitions": "คำจำกัดความคุณภาพ",
    "QualityProfile": "โปรไฟล์คุณภาพ",
    "QualityProfiles": "โปรไฟล์คุณภาพ",
    "QualitySettings": "การตั้งค่าคุณภาพ",
    "Queue": "คิว",
    "Reload": "โหลดซ้ำ",
    "RemotePathHelpText": "พา ธ รูทไปยังไดเร็กทอรีที่ Download Client เข้าถึง",
    "RemotePathMappings": "การแมปเส้นทางระยะไกล",
    "Remove": "ลบ",
    "RemoveCompletedDownloadsHelpText": "ลบการดาวน์โหลดที่นำเข้าจากประวัติไคลเอนต์ดาวน์โหลด",
    "RemoveFailedDownloadsHelpText": "ลบการดาวน์โหลดที่ล้มเหลวออกจากประวัติไคลเอนต์ดาวน์โหลด",
    "RemoveFromBlocklist": "ลบออกจากบัญชีดำ",
    "RemoveFromQueue": "ลบออกจากคิว",
    "RemoveTagExistingTag": "แท็กที่มีอยู่",
    "ReplaceIllegalCharacters": "แทนที่อักขระที่ผิดกฎหมาย",
    "ReplaceIllegalCharactersHelpText": "แทนที่อักขระที่ผิดกฎหมาย หากไม่เลือก {appName} จะลบออกแทน",
    "RequiredHelpText": "การเผยแพร่ต้องมีข้อกำหนดเหล่านี้อย่างน้อยหนึ่งข้อ (ไม่คำนึงถึงตัวพิมพ์เล็กและใหญ่)",
    "RequiredPlaceHolder": "เพิ่มข้อ จำกัด ใหม่",
    "RequiresRestartToTakeEffect": "ต้องรีสตาร์ทเพื่อให้มีผล",
    "RescanAfterRefreshHelpText": "สแกนโฟลเดอร์ภาพยนตร์อีกครั้งหลังจากรีเฟรชภาพยนตร์",
    "RescanAfterRefreshHelpTextWarning": "{appName} จะไม่ตรวจจับการเปลี่ยนแปลงของไฟล์โดยอัตโนมัติเมื่อไม่ได้ตั้งค่าเป็น 'เสมอ'",
    "RescanArtistFolderAfterRefresh": "สแกนโฟลเดอร์ภาพยนตร์อีกครั้งหลังจากรีเฟรช",
    "Reset": "รีเซ็ต",
    "ResetAPIKey": "รีเซ็ตคีย์ API",
    "ResetAPIKeyMessageText": "แน่ใจไหมว่าต้องการรีเซ็ตคีย์ API",
    "Restart": "เริ่มต้นใหม่",
    "RestartLidarr": "รีสตาร์ท {appName}",
    "RestartNow": "เริ่มต้นใหม่เดี๋ยวนี้",
    "Restore": "คืนค่า",
    "RestoreBackup": "คืนค่าการสำรองข้อมูล",
    "Result": "ผลลัพธ์",
    "Retention": "การเก็บรักษา",
    "RetentionHelpText": "Usenet เท่านั้น: ตั้งค่าเป็นศูนย์เพื่อตั้งค่าสำหรับการเก็บรักษาแบบไม่ จำกัด",
    "RetryingDownloadOn": "ลองดาวน์โหลดอีกครั้ง {0} ที่ {1}",
    "RootFolder": "โฟลเดอร์รูท",
    "RootFolders": "โฟลเดอร์รูท",
    "RSSSync": "RSS Sync",
    "RSSSyncInterval": "RSS Sync Interval",
    "RssSyncIntervalHelpText": "ช่วงเวลาเป็นนาที ตั้งค่าเป็นศูนย์เพื่อปิดใช้งาน (สิ่งนี้จะหยุดการจับรุ่นอัตโนมัติทั้งหมด)",
    "Scheduled": "กำหนดเวลา",
    "SearchAll": "ค้นหาทั้งหมด",
    "SearchForMissing": "ค้นหา Missing",
    "SearchSelected": "ค้นหาที่เลือก",
    "Security": "ความปลอดภัย",
    "SendAnonymousUsageData": "ส่งข้อมูลการใช้งานแบบไม่ระบุตัวตน",
    "SetPermissions": "ตั้งค่าสิทธิ์",
    "SetPermissionsLinuxHelpText": "ควรรัน chmod เมื่อนำเข้า / เปลี่ยนชื่อไฟล์หรือไม่",
    "SetPermissionsLinuxHelpTextWarning": "หากคุณไม่แน่ใจว่าการตั้งค่าเหล่านี้ใช้ทำอะไรอย่าแก้ไข",
    "Settings": "การตั้งค่า",
    "ShortDateFormat": "รูปแบบวันที่สั้น",
    "ShowMonitoredHelpText": "แสดงสถานะการตรวจสอบภายใต้โปสเตอร์",
    "ShowQualityProfile": "แสดงโปรไฟล์คุณภาพ",
    "ShowQualityProfileHelpText": "แสดงโปรไฟล์คุณภาพใต้โปสเตอร์",
    "ShowRelativeDates": "แสดงวันที่สัมพัทธ์",
    "ShowRelativeDatesHelpText": "แสดงญาติ (วันนี้ / เมื่อวาน / ฯลฯ ) หรือวันที่แน่นอน",
    "ShowSearch": "แสดงการค้นหา",
    "ShowSearchActionHelpText": "แสดงปุ่มค้นหาเมื่อวางเมาส์เหนือ",
    "ShowSizeOnDisk": "แสดงขนาดบนดิสก์",
    "ShowUnknownArtistItems": "แสดงรายการภาพยนตร์ที่ไม่รู้จัก",
    "Size": " ขนาด",
    "SkipFreeSpaceCheck": "ข้ามการตรวจสอบพื้นที่ว่าง",
    "SorryThatAlbumCannotBeFound": "ขออภัยไม่พบภาพยนตร์เรื่องนั้น",
    "Source": "ที่มา",
    "SourcePath": "เส้นทางแหล่งที่มา",
    "SSLCertPassword": "รหัสผ่านใบรับรอง SSL",
    "SslCertPasswordHelpText": "รหัสผ่านสำหรับไฟล์ pfx",
    "SslCertPasswordHelpTextWarning": "ต้องรีสตาร์ทเพื่อให้มีผล",
    "SSLCertPath": "เส้นทางใบรับรอง SSL",
    "SslCertPathHelpTextWarning": "ต้องรีสตาร์ทเพื่อให้มีผล",
    "SSLPort": "พอร์ต SSL",
    "SslPortHelpTextWarning": "ต้องรีสตาร์ทเพื่อให้มีผล",
    "SupportsSearchvalueWillBeUsedWhenAutomaticSearchesArePerformedViaTheUIOrByLidarr": "จะใช้เมื่อทำการค้นหาอัตโนมัติผ่าน UI หรือโดย {appName}",
    "SupportsSearchvalueWillBeUsedWhenInteractiveSearchIsUsed": "จะใช้เมื่อใช้การค้นหาแบบโต้ตอบ",
    "TagIsNotUsedAndCanBeDeleted": "ไม่ได้ใช้แท็กและสามารถลบได้",
    "Tags": "แท็ก",
    "Tasks": "งาน",
    "TestAll": "ทดสอบทั้งหมด",
    "TestAllClients": "ทดสอบลูกค้าทั้งหมด",
    "TestAllIndexers": "ทดสอบดัชนีทั้งหมด",
    "ThisWillApplyToAllIndexersPleaseFollowTheRulesSetForthByThem": "สิ่งนี้จะนำไปใช้กับผู้จัดทำดัชนีทั้งหมดโปรดปฏิบัติตามกฎที่กำหนดโดยพวกเขา",
    "Time": "เวลา",
    "TimeFormat": "รูปแบบเวลา",
    "TorrentDelay": "ความล่าช้าของ Torrent",
    "TorrentDelayHelpText": "รอเป็นนาทีเพื่อรอก่อนที่จะคว้า torrent",
    "Torrents": "Torrents",
    "TotalFileSize": "ขนาดไฟล์ทั้งหมด",
    "Type": "ประเภท",
    "UiSettings": "การตั้งค่า UI",
    "UnableToAddANewDownloadClientPleaseTryAgain": "ไม่สามารถเพิ่มไคลเอนต์ดาวน์โหลดใหม่ได้โปรดลองอีกครั้ง",
    "UnableToAddANewNotificationPleaseTryAgain": "ไม่สามารถเพิ่มการแจ้งเตือนใหม่โปรดลองอีกครั้ง",
    "UnableToAddANewQualityProfilePleaseTryAgain": "ไม่สามารถเพิ่มโปรไฟล์คุณภาพใหม่ได้โปรดลองอีกครั้ง",
    "UnableToAddANewRemotePathMappingPleaseTryAgain": "ไม่สามารถเพิ่มการแมปเส้นทางระยะไกลใหม่โปรดลองอีกครั้ง",
    "UnableToAddANewRootFolderPleaseTryAgain": "ไม่สามารถเพิ่มรูปแบบที่กำหนดเองใหม่โปรดลองอีกครั้ง",
    "UnableToLoadBlocklist": "ไม่สามารถโหลดบัญชีดำ",
    "UnableToLoadDelayProfiles": "ไม่สามารถโหลด Delay Profiles",
    "UnableToLoadDownloadClientOptions": "ไม่สามารถโหลดตัวเลือกไคลเอนต์ดาวน์โหลด",
    "UnableToLoadDownloadClients": "ไม่สามารถโหลดไคลเอนต์ดาวน์โหลด",
    "UnableToLoadGeneralSettings": "ไม่สามารถโหลดการตั้งค่าทั่วไป",
    "UnableToLoadHistory": "ไม่สามารถโหลดประวัติ",
    "UnableToLoadImportListExclusions": "ไม่สามารถโหลดการยกเว้นรายการ",
    "UnableToLoadIndexerOptions": "ไม่สามารถโหลดตัวเลือกดัชนี",
    "UnableToLoadLists": "ไม่สามารถโหลดรายการ",
    "UnableToLoadMediaManagementSettings": "ไม่สามารถโหลดการตั้งค่าการจัดการสื่อ",
    "UnableToLoadMetadata": "ไม่สามารถโหลดข้อมูลเมตา",
    "UnableToLoadMetadataProfiles": "ไม่สามารถโหลด Delay Profiles",
    "UnableToLoadQualityDefinitions": "ไม่สามารถโหลดคำจำกัดความคุณภาพ",
    "UnableToLoadQualityProfiles": "ไม่สามารถโหลดโปรไฟล์คุณภาพ",
    "UnableToLoadReleaseProfiles": "ไม่สามารถโหลด Delay Profiles",
    "UnableToLoadRootFolders": "ไม่สามารถโหลดโฟลเดอร์รูท",
    "UnableToLoadTags": "ไม่สามารถโหลดแท็ก",
    "UnableToLoadTheCalendar": "ไม่สามารถโหลดปฏิทิน",
    "UnableToLoadUISettings": "ไม่สามารถโหลดการตั้งค่า UI",
    "Unmonitored": "ไม่ได้รับการตรวจสอบ",
    "UnmonitoredHelpText": "รวมภาพยนตร์ที่ไม่มีการตรวจสอบในฟีด iCal",
    "UpdateAll": "อัพเดททั้งหมด",
    "UpdateAutomaticallyHelpText": "ดาวน์โหลดและติดตั้งการอัปเดตโดยอัตโนมัติ คุณจะยังติดตั้งได้จาก System: Updates",
    "UpdateMechanismHelpText": "ใช้ตัวอัปเดตหรือสคริปต์ในตัวของ {appName}",
    "Updates": "อัปเดต",
    "UpdateScriptPathHelpText": "พา ธ ไปยังสคริปต์แบบกำหนดเองที่ใช้แพ็กเกจโปรแกรมปรับปรุงที่แยกออกมาและจัดการส่วนที่เหลือของกระบวนการอัพเดต",
    "UpgradeAllowedHelpText": "หากปิดใช้งานคุณสมบัติจะไม่ได้รับการอัปเกรด",
    "Uptime": "เวลาทำงาน",
    "URLBase": "ฐาน URL",
    "UrlBaseHelpText": "สำหรับการสนับสนุน reverse proxy ค่าเริ่มต้นจะว่างเปล่า",
    "UseHardlinksInsteadOfCopy": "ใช้ Hardlinks แทน Copy",
    "Usenet": "Usenet",
    "UsenetDelay": "Usenet ล่าช้า",
    "UsenetDelayHelpText": "รอเป็นนาทีก่อนที่จะคว้ารุ่นจาก Usenet",
    "UseProxy": "ใช้ Proxy",
    "Username": "ชื่อผู้ใช้",
    "UsingExternalUpdateMechanismBranchToUseToUpdateLidarr": "สาขาที่จะใช้ในการอัปเดต {appName}",
    "UsingExternalUpdateMechanismBranchUsedByExternalUpdateMechanism": "สาขาที่ใช้โดยกลไกการอัพเดตภายนอก",
    "Version": "เวอร์ชัน",
    "WeekColumnHeader": "ส่วนหัวคอลัมน์สัปดาห์",
    "Year": "ปี",
    "YesCancel": "ใช่ยกเลิก",
    "OnRename": "ในการเปลี่ยนชื่อ",
    "RecycleBinCleanupDaysHelpTextWarning": "ไฟล์ในถังรีไซเคิลที่เก่ากว่าจำนวนวันที่เลือกจะถูกล้างโดยอัตโนมัติ",
    "RecycleBinHelpText": "ไฟล์ภาพยนตร์จะอยู่ที่นี่เมื่อถูกลบแทนที่จะถูกลบอย่างถาวร",
    "RecyclingBin": "ถังขยะรีไซเคิล",
    "RecyclingBinCleanup": "การล้างถังขยะรีไซเคิล",
    "Redownload": "ดาวน์โหลดอีกครั้ง",
    "Refresh": "รีเฟรช",
    "RefreshInformationAndScanDisk": "รีเฟรชข้อมูลและสแกนดิสก์",
    "RefreshScan": "รีเฟรชและสแกน",
    "ReleaseDate": "วันที่วางจำหน่าย",
    "ReleaseGroup": "กลุ่มเผยแพร่",
    "ReleaseRejected": "การเปิดตัวถูกปฏิเสธ",
    "ReleaseStatuses": "สถานะการเปิดตัว",
    "ReleaseWillBeProcessedInterp": "การเผยแพร่จะได้รับการดำเนินการ {0}",
    "StartTypingOrSelectAPathBelow": "เริ่มพิมพ์หรือเลือกเส้นทางด้านล่าง",
    "StartupDirectory": "ไดเร็กทอรีเริ่มต้น",
    "Status": "สถานะ",
    "Style": "สไตล์",
    "SuccessMyWorkIsDoneNoFilesToRename": "สำเร็จ! งานของฉันเสร็จแล้วไม่มีไฟล์ให้เปลี่ยนชื่อ",
    "SuccessMyWorkIsDoneNoFilesToRetag": "สำเร็จ! งานของฉันเสร็จแล้วไม่มีไฟล์ให้เปลี่ยนชื่อ",
    "SupportsRssvalueRSSIsNotSupportedWithThisIndexer": "RSS ไม่ได้รับการสนับสนุนกับตัวสร้างดัชนีนี้",
    "SupportsSearchvalueSearchIsNotSupportedWithThisIndexer": "ตัวสร้างดัชนีนี้ไม่รองรับการค้นหา",
    "TestAllLists": "ทดสอบรายการทั้งหมด",
    "UnableToLoadNamingSettings": "ไม่สามารถโหลดการตั้งค่าการตั้งชื่อ",
    "UnableToLoadNotifications": "ไม่สามารถโหลดการแจ้งเตือน",
    "UnableToLoadQualities": "ไม่สามารถโหลดคุณภาพได้",
    "UnableToAddANewMetadataProfilePleaseTryAgain": "ไม่สามารถเพิ่มโปรไฟล์คุณภาพใหม่ได้โปรดลองอีกครั้ง",
    "AppDataDirectory": "ไดเรกทอรี AppData",
    "ApplyTagsHelpTextReplace": "แทนที่: แทนที่แท็กด้วยแท็กที่ป้อน (ป้อนไม่มีแท็กเพื่อล้างแท็กทั้งหมด)",
    "ArtistAlbumClickToChangeTrack": "คลิกเพื่อเปลี่ยนภาพยนตร์",
    "Authentication": "การรับรองความถูกต้อง",
    "AuthenticationMethodHelpText": "ต้องการชื่อผู้ใช้และรหัสผ่านเพื่อเข้าถึงเรดาร์",
    "AutoRedownloadFailedHelpText": "ค้นหาและพยายามดาวน์โหลดรุ่นอื่นโดยอัตโนมัติ",
    "BackupFolderHelpText": "เส้นทางสัมพัทธ์จะอยู่ภายใต้ไดเรกทอรี AppData ของ {appName}",
    "BackupNow": "การสำรองข้อมูลในขณะนี้",
    "BackupRetentionHelpText": "การสำรองข้อมูลอัตโนมัติที่เก่ากว่าระยะเวลาการเก็บรักษาจะถูกล้างโดยอัตโนมัติ",
    "Backups": "การสำรองข้อมูล",
    "BindAddress": "ผูกที่อยู่",
    "BindAddressHelpTextWarning": "ต้องรีสตาร์ทเพื่อให้มีผล",
    "BlocklistRelease": "Blacklist Release",
    "Branch": "สาขา",
    "Calendar": "ปฏิทิน",
    "CalendarWeekColumnHeaderHelpText": "แสดงอยู่เหนือแต่ละคอลัมน์เมื่อสัปดาห์เป็นมุมมองที่ใช้งานอยู่",
    "Cancel": "ยกเลิก",
    "CancelPendingTask": "แน่ใจไหมว่าต้องการยกเลิกงานที่รอดำเนินการนี้",
    "CertificateValidation": "การตรวจสอบใบรับรอง",
    "ChangeFileDate": "เปลี่ยนวันที่ของไฟล์",
    "ChangeHasNotBeenSavedYet": "ยังไม่ได้บันทึกการเปลี่ยนแปลง",
    "ChmodFolder": "โฟลเดอร์ chmod",
    "ChmodFolderHelpText": "ฐานแปดใช้ในระหว่างการนำเข้า / เปลี่ยนชื่อไปยังโฟลเดอร์สื่อและไฟล์ (โดยไม่ต้องดำเนินการบิต)",
    "ChmodFolderHelpTextWarning": "สิ่งนี้ใช้ได้เฉพาะเมื่อผู้ใช้ที่เรียกใช้ {appName} เป็นเจ้าของไฟล์ เป็นการดีกว่าเพื่อให้แน่ใจว่าไคลเอนต์ดาวน์โหลดตั้งค่าการอนุญาตอย่างถูกต้อง",
    "ChownGroupHelpText": "ชื่อกลุ่มหรือ gid ใช้ gid สำหรับระบบไฟล์ระยะไกล",
    "ChownGroupHelpTextWarning": "สิ่งนี้ใช้ได้เฉพาะเมื่อผู้ใช้ที่เรียกใช้ {appName} เป็นเจ้าของไฟล์ เป็นการดีกว่าที่จะตรวจสอบให้แน่ใจว่าไคลเอนต์ดาวน์โหลดใช้กลุ่มเดียวกับ {appName}",
    "Clear": "ชัดเจน",
    "ClickToChangeQuality": "คลิกเพื่อเปลี่ยนคุณภาพ",
    "ClientPriority": "ลำดับความสำคัญของลูกค้า",
    "CloneIndexer": "Clone Indexer",
    "CloneProfile": "โปรไฟล์โคลน",
    "Columns": "คอลัมน์",
    "CompletedDownloadHandling": "การจัดการการดาวน์โหลดเสร็จสมบูรณ์",
    "Component": "ส่วนประกอบ",
    "Connections": "การเชื่อมต่อ",
    "ConnectSettings": "เชื่อมต่อการตั้งค่า",
    "CopyUsingHardlinksHelpText": "ใช้ฮาร์ดลิงก์เมื่อพยายามคัดลอกไฟล์จากเพลงที่ยังคงอยู่ในระหว่างการเพาะเมล็ด",
    "CopyUsingHardlinksHelpTextWarning": "ในบางครั้งการล็อกไฟล์อาจป้องกันการเปลี่ยนชื่อไฟล์ที่กำลังถูก seed คุณสามารถปิดใช้งานการเริ่มต้นชั่วคราวและใช้ฟังก์ชันเปลี่ยนชื่อของ {appName} เป็นการแก้ปัญหา",
    "CreateEmptyArtistFolders": "สร้างโฟลเดอร์ภาพยนตร์เปล่า",
    "CreateEmptyArtistFoldersHelpText": "สร้างโฟลเดอร์ภาพยนตร์ที่หายไประหว่างการสแกนดิสก์",
    "CreateGroup": "สร้างกลุ่ม",
    "CutoffHelpText": "เมื่อถึงคุณภาพนี้แล้ว {appName} จะไม่ดาวน์โหลดภาพยนตร์อีกต่อไป",
    "CutoffUnmet": "ตัด Unmet",
    "Dates": "วันที่",
    "DatabaseMigration": "การย้ายฐานข้อมูล",
    "DelayProfile": "โปรไฟล์ล่าช้า",
    "DelayProfiles": "โปรไฟล์ล่าช้า",
    "Delete": "ลบ",
    "MaximumSize": "ขนาดสูงสุด",
    "ReadTheWikiForMoreInformation": "อ่าน Wiki สำหรับข้อมูลเพิ่มเติม",
    "Real": "จริง",
    "DeleteBackup": "ลบข้อมูลสำรอง",
    "RemoveFromDownloadClient": "ลบออกจากไคลเอนต์ดาวน์โหลด",
    "ScriptPath": "เส้นทางสคริปต์",
    "Search": "ค้นหา",
    "ShowCutoffUnmetIconHelpText": "แสดงไอคอนสำหรับไฟล์เมื่อไม่ตรงตามจุดตัด",
    "ShowDateAdded": "แสดงวันที่เพิ่ม",
    "ShowMonitored": "แสดงการตรวจสอบ",
    "ShowPath": "แสดงเส้นทาง",
    "DeleteBackupMessageText": "แน่ใจไหมว่าต้องการลบข้อมูลสำรอง \"{0}\"",
    "DeleteDelayProfile": "ลบโปรไฟล์ความล่าช้า",
    "DeleteDelayProfileMessageText": "แน่ใจไหมว่าต้องการลบโปรไฟล์การหน่วงเวลานี้",
    "SorryThatArtistCannotBeFound": "ขออภัยไม่พบภาพยนตร์เรื่องนั้น",
    "DeleteDownloadClient": "ลบไคลเอนต์ดาวน์โหลด",
    "Track": "ติดตาม",
    "UnableToLoadBackups": "ไม่สามารถโหลดข้อมูลสำรอง",
    "UnableToLoadIndexers": "ไม่สามารถโหลด Indexers",
    "UrlBaseHelpTextWarning": "ต้องรีสตาร์ทเพื่อให้มีผล",
    "DeleteDownloadClientMessageText": "แน่ใจไหมว่าต้องการลบไคลเอนต์ดาวน์โหลด \"{0}\"",
    "DeleteEmptyFolders": "ลบโฟลเดอร์ว่าง",
    "DeleteImportListExclusion": "ลบการยกเว้นรายการนำเข้า",
    "DeleteImportListExclusionMessageText": "แน่ใจไหมว่าต้องการลบการยกเว้นรายการนำเข้านี้",
    "DeleteImportListMessageText": "แน่ใจไหมว่าต้องการลบรายการ \"{0}\"",
    "DeleteIndexer": "ลบ Indexer",
    "DeleteIndexerMessageText": "แน่ใจไหมว่าต้องการลบตัวสร้างดัชนี \"{0}\"",
    "DeleteMetadataProfileMessageText": "แน่ใจไหมว่าต้องการลบโปรไฟล์คุณภาพ {0}",
    "DeleteNotification": "ลบการแจ้งเตือน",
    "DeleteNotificationMessageText": "แน่ใจไหมว่าต้องการลบการแจ้งเตือน \"{0}\"",
    "DeleteQualityProfile": "ลบโปรไฟล์คุณภาพ",
    "DeleteQualityProfileMessageText": "แน่ใจไหมว่าต้องการลบโปรไฟล์คุณภาพ {0}",
    "DeleteReleaseProfile": "ลบโปรไฟล์ความล่าช้า",
    "DeleteReleaseProfileMessageText": "แน่ใจไหมว่าต้องการลบโปรไฟล์การหน่วงเวลานี้",
    "DeleteRootFolderMessageText": "แน่ใจไหมว่าต้องการลบตัวสร้างดัชนี \"{0}\"",
    "DeleteSelectedTrackFiles": "ลบไฟล์ภาพยนตร์ที่เลือก",
    "DeleteSelectedTrackFilesMessageText": "แน่ใจไหมว่าต้องการลบไฟล์ภาพยนตร์ที่เลือก",
    "DeleteTag": "ลบแท็ก",
    "DeleteTagMessageText": "แน่ใจไหมว่าต้องการลบแท็ก \"{0}\"",
    "DestinationPath": "เส้นทางปลายทาง",
    "DetailedProgressBar": "แถบความคืบหน้าโดยละเอียด",
    "DetailedProgressBarHelpText": "แสดงข้อความบนแถบความคืบหน้า",
    "DiskSpace": "พื้นที่ดิสก์",
    "Docker": "นักเทียบท่า",
    "DownloadClient": "ดาวน์โหลดไคลเอนต์",
    "DownloadClients": "ดาวน์โหลดไคลเอนต์",
    "DownloadClientSettings": "ดาวน์โหลด Client Settings",
    "DownloadFailedCheckDownloadClientForMoreDetails": "ดาวน์โหลดล้มเหลว: ตรวจสอบไคลเอนต์ดาวน์โหลดสำหรับรายละเอียดเพิ่มเติม",
    "DownloadFailedInterp": "ดาวน์โหลดล้มเหลว: {0}",
    "Downloading": "กำลังดาวน์โหลด",
    "DownloadPropersAndRepacksHelpTexts1": "ไม่ว่าจะอัปเกรดเป็น Propers / Repacks โดยอัตโนมัติหรือไม่",
    "DownloadWarningCheckDownloadClientForMoreDetails": "คำเตือนการดาวน์โหลด: ตรวจสอบไคลเอนต์ดาวน์โหลดสำหรับรายละเอียดเพิ่มเติม",
    "Edit": "แก้ไข",
    "Enable": "เปิดใช้งาน",
    "EnableAutomaticAdd": "เปิดใช้งานการเพิ่มอัตโนมัติ",
    "EnableAutomaticSearch": "เปิดใช้งานการค้นหาอัตโนมัติ",
    "EnableColorImpairedMode": "เปิดใช้งานโหมดไร้สี",
    "EnableColorImpairedModeHelpText": "รูปแบบที่เปลี่ยนแปลงเพื่อให้ผู้ใช้ที่มีความบกพร่องทางสีแยกแยะข้อมูลรหัสสีได้ดีขึ้น",
    "EnableCompletedDownloadHandlingHelpText": "นำเข้าการดาวน์โหลดที่เสร็จสมบูรณ์โดยอัตโนมัติจากไคลเอนต์ดาวน์โหลด",
    "EnableHelpText": "เปิดใช้งานการสร้างไฟล์ข้อมูลเมตาสำหรับประเภทข้อมูลเมตานี้",
    "EnableInteractiveSearch": "เปิดใช้งานการค้นหาแบบโต้ตอบ",
    "EnableRSS": "เปิดใช้ RSS",
    "EnableSSL": "เปิดใช้งาน SSL",
    "EnableSslHelpText": " ต้องรีสตาร์ทในฐานะผู้ดูแลระบบจึงจะมีผล",
    "Ended": "สิ้นสุดแล้ว",
    "ErrorLoadingContents": "เกิดข้อผิดพลาดในการโหลดเนื้อหา",
    "ErrorLoadingPreviews": "เกิดข้อผิดพลาดในการโหลดตัวอย่าง",
    "Exception": "ข้อยกเว้น",
    "FileDateHelpText": "เปลี่ยนวันที่ของไฟล์ในการนำเข้า / สแกนใหม่",
    "FileManagement": "การจัดการไฟล์",
    "Filename": "ชื่อไฟล์",
    "FileNames": "ชื่อไฟล์",
    "Files": "ไฟล์",
    "FirstDayOfWeek": "วันแรกของสัปดาห์",
    "Fixed": "แก้ไขแล้ว",
    "Folder": "โฟลเดอร์",
    "Folders": "โฟลเดอร์",
    "ForMoreInformationOnTheIndividualIndexersClickOnTheInfoButtons": "สำหรับข้อมูลเพิ่มเติมเกี่ยวกับตัวสร้างดัชนีแต่ละตัวคลิกที่ปุ่มข้อมูล",
    "ForMoreInformationOnTheIndividualListsClickOnTheInfoButtons": "สำหรับข้อมูลเพิ่มเติมเกี่ยวกับรายการนำเข้าแต่ละรายการให้คลิกที่ปุ่มข้อมูล",
    "Global": "ทั่วโลก",
    "GoToInterp": "ไปที่ {0}",
    "Grab": "คว้า",
    "GrabRelease": "คว้ารีลีส",
    "GrabSelected": "Grab Selected",
    "Group": "กลุ่ม",
    "HasPendingChangesNoChanges": "ไม่มีการเปลี่ยนแปลง",
    "HasPendingChangesSaveChanges": "บันทึกการเปลี่ยนแปลง",
    "History": "ประวัติศาสตร์",
    "Host": "โฮสต์",
    "HostHelpText": "โฮสต์เดียวกับที่คุณระบุสำหรับไคลเอ็นต์การดาวน์โหลดระยะไกล",
    "Hostname": "ชื่อโฮสต์",
    "ICalFeed": "ฟีด iCal",
    "ICalHttpUrlHelpText": "คัดลอก URL นี้ไปยังลูกค้าของคุณหรือคลิกเพื่อสมัครหากเบราว์เซอร์ของคุณรองรับ webcal",
    "ICalLink": "ลิงค์ iCal",
    "IconForCutoffUnmet": "ไอคอนสำหรับ Cutoff Unmet",
    "IgnoredAddresses": "ที่อยู่ที่ถูกละเว้น",
    "IgnoredHelpText": "การเปิดตัวจะถูกปฏิเสธหากมีข้อกำหนดอย่างน้อยหนึ่งข้อ (ไม่คำนึงถึงตัวพิมพ์เล็กและใหญ่)",
    "IgnoredPlaceHolder": "เพิ่มข้อ จำกัด ใหม่",
    "IllRestartLater": "ฉันจะรีสตาร์ทในภายหลัง",
    "ImportedTo": "นำเข้าสู่",
    "ImportExtraFiles": "นำเข้าไฟล์พิเศษ",
    "ImportExtraFilesHelpText": "นำเข้าไฟล์พิเศษที่ตรงกัน (คำบรรยาย nfo ฯลฯ ) หลังจากนำเข้าไฟล์ภาพยนตร์",
    "ImportFailedInterp": "การนำเข้าล้มเหลว: {0}",
    "Importing": "กำลังนำเข้า",
    "IncludeUnknownArtistItemsHelpText": "แสดงรายการที่ไม่มีภาพยนตร์อยู่ในคิว ซึ่งอาจรวมถึงภาพยนตร์ที่ถูกนำออกหรือสิ่งอื่นใดในหมวดหมู่ของ {appName}",
    "Indexer": "Indexer",
    "IndexerPriority": "ลำดับความสำคัญของ Indexer",
    "Indexers": "ดัชนี",
    "IndexerSettings": "การตั้งค่าดัชนี",
    "InteractiveSearch": "การค้นหาแบบโต้ตอบ",
    "Interval": "ช่วงเวลา",
    "IsCutoffCutoff": "คัทออฟ",
    "IsCutoffUpgradeUntilThisQualityIsMetOrExceeded": "อัปเกรดจนกว่าคุณภาพจะตรงหรือเกิน",
    "IsTagUsedCannotBeDeletedWhileInUse": "ไม่สามารถลบได้ขณะใช้งาน",
    "LaunchBrowserHelpText": " เปิดเว็บเบราว์เซอร์และไปที่หน้าแรกของ {appName} เมื่อเริ่มแอป",
    "Level": "ระดับ",
    "LidarrSupportsAnyIndexerThatUsesTheNewznabStandardAsWellAsOtherIndexersListedBelow": "{appName} รองรับตัวสร้างดัชนีใด ๆ ที่ใช้มาตรฐาน Newznab รวมถึงดัชนีอื่น ๆ ที่แสดงด้านล่าง",
    "LidarrTags": "แท็กเรดาร์",
    "Local": "ท้องถิ่น",
    "LocalPath": "เส้นทางท้องถิ่น",
    "LocalPathHelpText": "เส้นทางที่ {appName} ควรใช้เพื่อเข้าถึงเส้นทางระยะไกลในเครื่อง",
    "LogFiles": "ล็อกไฟล์",
    "Logging": "การบันทึก",
    "LogLevel": "ระดับบันทึก",
    "LogLevelvalueTraceTraceLoggingShouldOnlyBeEnabledTemporarily": "ควรเปิดใช้งานการบันทึกการติดตามชั่วคราวเท่านั้น",
    "Logs": "บันทึก",
    "LongDateFormat": "รูปแบบวันที่ยาว",
    "ProxyBypassFilterHelpText": "ใช้ \",\" เป็นตัวคั่นและ \"*.\" เป็นสัญลักษณ์แทนสำหรับโดเมนย่อย",
    "RemoveTagRemovingTag": "กำลังลบแท็ก",
    "RenameTracksHelpText": "{appName} จะใช้ชื่อไฟล์ที่มีอยู่หากปิดใช้งานการเปลี่ยนชื่อ",
    "ShownAboveEachColumnWhenWeekIsTheActiveView": "แสดงอยู่เหนือแต่ละคอลัมน์เมื่อสัปดาห์เป็นมุมมองที่ใช้งานอยู่",
    "BindAddressHelpText": "ที่อยู่ IP4 ที่ถูกต้องหรือ \"*\" สำหรับอินเทอร์เฟซทั้งหมด",
    "CertificateValidationHelpText": "เปลี่ยนวิธีการตรวจสอบการรับรอง HTTPS ที่เข้มงวด",
    "NETCore": ".NET Core",
    "OnGrab": "บน Grab",
    "OnHealthIssue": "เกี่ยวกับปัญหาสุขภาพ",
    "Reason": "เหตุผล",
    "RecycleBinCleanupDaysHelpText": "ตั้งค่าเป็น 0 เพื่อปิดใช้งานการล้างข้อมูลอัตโนมัติ",
    "RemotePath": "เส้นทางระยะไกล",
    "StandardTrackFormat": "รูปแบบภาพยนตร์มาตรฐาน",
    "Ungroup": "ยกเลิกการจัดกลุ่ม",
    "Tracks": "ติดตาม",
    "UiLanguageHelpText": "ภาษาที่ {appName} จะใช้สำหรับ UI",
    "UiLanguageHelpTextWarning": "จำเป็นต้องโหลดเบราว์เซอร์ใหม่",
    "UnableToAddANewImportListExclusionPleaseTryAgain": "ไม่สามารถเพิ่มการยกเว้นรายการใหม่ได้โปรดลองอีกครั้ง",
    "UnableToAddANewIndexerPleaseTryAgain": "ไม่สามารถเพิ่มตัวสร้างดัชนีใหม่ได้โปรดลองอีกครั้ง",
    "UnableToAddANewListPleaseTryAgain": "ไม่สามารถเพิ่มรายชื่อใหม่ได้โปรดลองอีกครั้ง",
    "AgeWhenGrabbed": "อายุ (เมื่อคว้า)",
    "20MinutesTwenty": "60 นาที: {0}",
    "45MinutesFourtyFive": "60 นาที: {0}",
    "60MinutesSixty": "60 นาที: {0}",
    "APIKey": "คีย์ API",
    "About": "เกี่ยวกับ",
    "AddListExclusion": "เพิ่มการยกเว้นรายการ",
    "AddingTag": "กำลังเพิ่มแท็ก",
    "AlbumIsDownloadingInterp": "กำลังดาวน์โหลดภาพยนตร์ - {0}% {1}",
    "AlreadyInYourLibrary": "อยู่ในห้องสมุดของคุณแล้ว",
    "AlternateTitles": "ชื่อทางเลือก",
    "AlternateTitleslength1Title": "หัวข้อ",
    "AlternateTitleslength1Titles": "ชื่อเรื่อง",
    "Analytics": "การวิเคราะห์",
    "AnalyticsEnabledHelpText": "ส่งข้อมูลการใช้งานและข้อผิดพลาดโดยไม่ระบุชื่อไปยังเซิร์ฟเวอร์ของ {appName} ซึ่งรวมถึงข้อมูลบนเบราว์เซอร์ของคุณเพจ {appName} WebUI ที่คุณใช้การรายงานข้อผิดพลาดตลอดจนระบบปฏิบัติการและเวอร์ชันรันไทม์ เราจะใช้ข้อมูลนี้เพื่อจัดลำดับความสำคัญของคุณสมบัติและการแก้ไขข้อบกพร่อง",
    "AnalyticsEnabledHelpTextWarning": "ต้องรีสตาร์ทเพื่อให้มีผล",
    "Automatic": "อัตโนมัติ",
    "Blocklist": "บัญชีดำ",
    "DelayingDownloadUntil": "ชะลอการดาวน์โหลดจนถึง {0} เวลา {1}",
    "Reorder": "จัดลำดับใหม่",
    "Actions": "การดำเนินการ",
    "ApiKeyHelpTextWarning": "ต้องรีสตาร์ทเพื่อให้มีผล",
    "ApplyTags": "ใช้แท็ก",
    "BypassProxyForLocalAddresses": "บายพาสพร็อกซีสำหรับที่อยู่ท้องถิ่น",
    "GeneralSettings": "การตั้งค่าทั่วไป",
    "IncludeUnmonitored": "รวม Unmonitored",
    "ManualImport": "นำเข้าด้วยตนเอง",
    "MarkAsFailed": "ทำเครื่องหมายว่าล้มเหลว",
    "MarkAsFailedMessageText": "แน่ใจหรือไม่ว่าต้องการทำเครื่องหมาย \"{0}\" ว่าล้มเหลว",
    "MaximumLimits": "ขีด จำกัด สูงสุด",
    "NoHistory": "ไม่มีประวัติ",
    "NoLeaveIt": "ไม่ปล่อยไว้",
    "SslCertPathHelpText": "พา ธ ไปยังไฟล์ pfx",
    "NextExecution": "การดำเนินการถัดไป",
    "OnlyTorrent": "เฉพาะ Torrent",
    "OnlyUsenet": "เฉพาะ Usenet",
    "QualityLimitsHelpText": "ขีด จำกัด จะถูกปรับโดยอัตโนมัติสำหรับรันไทม์ของภาพยนตร์",
    "Queued": "อยู่ในคิว",
    "RejectionCount": "จำนวนการปฏิเสธ",
    "ReleaseTitle": "ชื่อรุ่น",
    "ShowAdvanced": "แสดงขั้นสูง",
    "Ui": "UI",
    "UpgradesAllowed": "อนุญาตให้อัปเกรดได้",
    "Wanted": "ต้องการ",
    "Warn": "เตือน",
    "Activity": "กิจกรรม",
    "Add": "เพิ่ม",
    "AddDelayProfile": "เพิ่มโปรไฟล์ความล่าช้า",
    "Added": "เพิ่มแล้ว",
    "AddIndexer": "เพิ่ม Indexer",
    "AddNew": "เพิ่มใหม่",
    "AddQualityProfile": "เพิ่มโปรไฟล์คุณภาพ",
    "AddRemotePathMapping": "เพิ่มการแมปเส้นทางระยะไกล",
    "AddRootFolder": "เพิ่มโฟลเดอร์รูท",
    "AfterManualRefresh": "หลังจากรีเฟรชด้วยตนเอง",
    "Age": "อายุ",
    "All": "ทั้งหมด",
    "AllFiles": "เอกสารทั้งหมด",
    "Always": "เสมอ",
    "Apply": "สมัคร",
    "AudioInfo": "ข้อมูลเสียง",
    "Backup": "การสำรองข้อมูล",
    "BeforeUpdate": "ก่อนการอัปเดต",
    "Connect": "เชื่อมต่อ",
    "Custom": "กำหนดเอง",
    "CustomFilters": "ตัวกรองที่กำหนดเอง",
    "Date": "วันที่",
    "Deleted": "ลบแล้ว",
    "Details": "รายละเอียด",
    "Donations": "การบริจาค",
    "DoNotPrefer": "ไม่ชอบ",
    "DoNotUpgradeAutomatically": "อย่าอัปเกรดโดยอัตโนมัติ",
    "DownloadFailed": "ดาวน์โหลดล้มเหลว",
    "EditDelayProfile": "แก้ไขโปรไฟล์ความล่าช้า",
    "EditImportListExclusion": "ลบการยกเว้นรายการนำเข้า",
    "EditQualityProfile": "แก้ไขโปรไฟล์คุณภาพ",
    "EditRemotePathMapping": "แก้ไขการแมปเส้นทางระยะไกล",
    "EditRootFolder": "เพิ่มโฟลเดอร์รูท",
    "ErrorRestoringBackup": "เกิดข้อผิดพลาดในการกู้คืนข้อมูลสำรอง",
    "Events": "เหตุการณ์",
    "EventType": "ประเภทเหตุการณ์",
    "Filters": "กรอง",
    "FreeSpace": "ที่ว่าง",
    "Grabbed": "คว้า",
    "HardlinkCopyFiles": "ฮาร์ดลิงค์ / คัดลอกไฟล์",
    "HideAdvanced": "ซ่อนขั้นสูง",
    "Ignored": "ละเว้น",
    "Import": "นำเข้า",
    "Info": "ข้อมูล",
    "InteractiveImport": "การนำเข้าแบบโต้ตอบ",
    "LastDuration": "lastDuration",
    "LastExecution": "การดำเนินการล่าสุด",
    "LastUsed": "ใช้ล่าสุด",
    "LastWriteTime": "เวลาเขียนล่าสุด",
    "Location": "สถานที่",
    "MediaManagement": "การจัดการสื่อ",
    "Metadata": "ข้อมูลเมตา",
    "MonitoredOnly": "ตรวจสอบเท่านั้น",
    "MoveAutomatically": "นำเข้าด่วน",
    "MoveFiles": "ย้ายไฟล์",
    "OutputPath": "เส้นทางเอาต์พุต",
    "Peers": "เพื่อนร่วมงาน",
    "PreferAndUpgrade": "ชอบและอัพเกรด",
    "Presets": "ค่าที่ตั้งไว้ล่วงหน้า",
    "Progress": "ความคืบหน้า",
    "Rating": "การให้คะแนน",
    "Renamed": "เปลี่ยนชื่อ",
    "RestartRequiredHelpTextWarning": "ต้องรีสตาร์ทเพื่อให้มีผล",
    "RestoreBackupAdditionalInfo": "หมายเหตุ: {appName} จะรีสตาร์ทและโหลด UI ใหม่โดยอัตโนมัติในระหว่างกระบวนการกู้คืน",
    "Save": "บันทึก",
    "Seeders": "Seeders",
    "Select...": "'เลือก...",
    "SelectFolder": "เลือกโฟลเดอร์",
    "SelectQuality": "เลือกคุณภาพ",
    "SizeOnDisk": "ขนาดบนดิสก์",
    "SourceTitle": "ชื่อแหล่งที่มา",
    "System": "ระบบ",
    "Test": "ทดสอบ",
    "TimeLeft": "Timeleft",
    "Title": "หัวข้อ",
    "TotalSpace": "พื้นที่ทั้งหมด",
    "UnmappedFilesOnly": "ไฟล์ที่ไม่ได้แมปเท่านั้น",
    "UnmonitoredOnly": "ตรวจสอบเท่านั้น",
    "WouldYouLikeToRestoreBackup": "คุณต้องการกู้คืนข้อมูลสำรอง {0} หรือไม่",
    "Error": "ข้อผิดพลาด",
    "General": "ทั่วไป",
    "Genres": "ประเภท",
    "Ok": "ตกลง",
    "Replace": "แทนที่",
    "AddImportListExclusion": "ลบการยกเว้นรายการนำเข้า",
    "NoTagsHaveBeenAddedYet": "ยังไม่มีการเพิ่มแท็ก",
    "Organize": "จัดระเบียบ",
    "Close": "ปิด",
    "Manual": "คู่มือ",
    "ImportListExclusions": "ลบการยกเว้นรายการนำเข้า",
    "QualitiesHelpText": "คุณภาพที่สูงกว่าในรายการเป็นที่ต้องการมากกว่า คุณสมบัติภายในกลุ่มเดียวกันเท่าเทียมกัน ต้องการคุณสมบัติที่ตรวจสอบแล้วเท่านั้น",
    "DoneEditingGroups": "แก้ไขกลุ่มเสร็จแล้ว",
    "EditGroups": "แก้ไขกลุ่ม",
    "CustomFormatScore": "คะแนนรูปแบบที่กำหนดเอง",
    "MinimumCustomFormatScore": "คะแนนรูปแบบที่กำหนดเองขั้นต่ำ",
    "CloneCustomFormat": "รูปแบบที่กำหนดเองโคลน",
    "ColonReplacement": "การเปลี่ยนลำไส้ใหญ่",
    "DeleteFormatMessageText": "แน่ใจไหมว่าต้องการลบแท็กรูปแบบ {0}",
    "DownloadClientStatusCheckAllClientMessage": "ไคลเอนต์ดาวน์โหลดทั้งหมดไม่สามารถใช้งานได้เนื่องจากความล้มเหลว",
    "Monitor": "ตรวจสอบ",
    "PreferUsenet": "ชอบ Usenet",
    "ProxyCheckBadRequestMessage": "ไม่สามารถทดสอบพร็อกซี StatusCode: {0}",
    "RootFolderCheckSingleMessage": "ไม่มีโฟลเดอร์ราก: {0}",
    "ShownClickToHide": "แสดงคลิกเพื่อซ่อน",
    "CopyToClipboard": "คัดลอกไปที่คลิปบอร์ด",
    "DownloadClientStatusCheckSingleClientMessage": "ดาวน์โหลดไคลเอ็นต์ไม่ได้เนื่องจากความล้มเหลว: {0}",
    "DownloadPropersAndRepacksHelpTextWarning": "ใช้รูปแบบที่กำหนดเองสำหรับการอัปเกรดอัตโนมัติเป็น Propers / Repacks",
    "DownloadedUnableToImportCheckLogsForDetails": "ดาวน์โหลดแล้ว - ไม่สามารถนำเข้า: ตรวจสอบบันทึกเพื่อดูรายละเอียด",
    "FailedDownloadHandling": "การจัดการการดาวน์โหลดล้มเหลว",
    "FailedLoadingSearchResults": "ไม่สามารถโหลดผลการค้นหาโปรดลองอีกครั้ง",
    "HiddenClickToShow": "ซ่อนอยู่คลิกเพื่อแสดง",
    "ProxyCheckFailedToTestMessage": "ไม่สามารถทดสอบพร็อกซี: {0}",
    "ProxyCheckResolveIpMessage": "ไม่สามารถแก้ไขที่อยู่ IP สำหรับโฮสต์พร็อกซีที่กำหนดค่าไว้ {0}",
    "UpdateCheckUINotWritableMessage": "ไม่สามารถติดตั้งการอัปเดตเนื่องจากโฟลเดอร์ UI \"{0}\" ไม่สามารถเขียนได้โดยผู้ใช้ \"{1}\"",
    "ItsEasyToAddANewArtistJustStartTypingTheNameOfTheArtistYouWantToAdd": "เพิ่มภาพยนตร์ใหม่ได้ง่ายๆเพียงเริ่มพิมพ์ชื่อภาพยนตร์ที่คุณต้องการเพิ่ม",
    "PreferTorrent": "ชอบ Torrent",
    "AppDataLocationHealthCheckMessage": "การอัปเดตจะเป็นไปไม่ได้เพื่อป้องกันการลบ AppData ในการอัปเดต",
    "Conditions": "เงื่อนไข",
    "CouldntFindAnyResultsForTerm": "ไม่พบผลลัพธ์ใด ๆ สำหรับ \"{0}\"",
    "CustomFormat": "รูปแบบที่กำหนดเอง",
    "CustomFormatRequiredHelpText": "เงื่อนไข {0} นี้ต้องตรงกับรูปแบบที่กำหนดเองจึงจะใช้ได้ มิฉะนั้นการจับคู่ {1} รายการเดียวก็เพียงพอแล้ว",
    "CustomFormatSettings": "การตั้งค่ารูปแบบที่กำหนดเอง",
    "CustomFormats": "รูปแบบที่กำหนดเอง",
    "Customformat": "รูปแบบที่กำหนดเอง",
    "CutoffFormatScoreHelpText": "เมื่อถึงคะแนนรูปแบบที่กำหนดเองนี้แล้ว {appName} จะไม่ดาวน์โหลดภาพยนตร์อีกต่อไป",
    "DeleteCustomFormat": "ลบรูปแบบที่กำหนดเอง",
    "DeleteCustomFormatMessageText": "แน่ใจไหมว่าต้องการลบตัวสร้างดัชนี \"{0}\"",
    "Disabled": "ปิดการใช้งาน",
    "DownloadClientRootFolderHealthCheckMessage": "ดาวน์โหลดไคลเอนต์ {downloadClientName} จะทำการดาวน์โหลดในโฟลเดอร์รูท {rootFolderPath} คุณไม่ควรดาวน์โหลดไปยังโฟลเดอร์รูท",
    "DownloadClientCheckNoneAvailableMessage": "ไม่มีไคลเอนต์ดาวน์โหลด",
    "DownloadClientCheckUnableToCommunicateMessage": "ไม่สามารถสื่อสารกับ {0}",
    "ExportCustomFormat": "ส่งออกรูปแบบที่กำหนดเอง",
    "Formats": "รูปแบบ",
    "ImportListStatusCheckSingleClientMessage": "รายการไม่พร้อมใช้งานเนื่องจากความล้มเหลว: {0}",
    "ImportMechanismHealthCheckMessage": "เปิดใช้งานการจัดการการดาวน์โหลดที่เสร็จสมบูรณ์",
    "ImportListStatusCheckAllClientMessage": "รายการทั้งหมดไม่พร้อมใช้งานเนื่องจากความล้มเหลว",
    "IncludeCustomFormatWhenRenamingHelpText": "รวมในรูปแบบการเปลี่ยนชื่อ {Custom Formats}",
    "IndexerLongTermStatusCheckAllClientMessage": "ตัวจัดทำดัชนีทั้งหมดไม่สามารถใช้งานได้เนื่องจากความล้มเหลวเป็นเวลานานกว่า 6 ชั่วโมง",
    "IndexerLongTermStatusCheckSingleClientMessage": "ดัชนีไม่พร้อมใช้งานเนื่องจากความล้มเหลวเป็นเวลานานกว่า 6 ชั่วโมง: {0}",
    "IndexerRssHealthCheckNoAvailableIndexers": "ตัวสร้างดัชนีที่รองรับ rss ทั้งหมดไม่สามารถใช้งานได้ชั่วคราวเนื่องจากข้อผิดพลาดของตัวทำดัชนีล่าสุด",
    "IndexerRssHealthCheckNoIndexers": "ไม่มีตัวจัดทำดัชนีที่เปิดใช้งานการซิงค์ RSS {appName} จะไม่คว้ารุ่นใหม่โดยอัตโนมัติ",
    "IndexerSearchCheckNoInteractiveMessage": "ไม่มีตัวจัดทำดัชนีที่เปิดใช้งานการค้นหาแบบโต้ตอบ {appName} จะไม่ให้ผลการค้นหาแบบโต้ตอบใด ๆ",
    "IndexerStatusCheckAllClientMessage": "ตัวทำดัชนีทั้งหมดไม่พร้อมใช้งานเนื่องจากความล้มเหลว",
    "IndexerSearchCheckNoAutomaticMessage": "ไม่มีตัวจัดทำดัชนีที่เปิดใช้งานการค้นหาอัตโนมัติ {appName} จะไม่ให้ผลการค้นหาอัตโนมัติ",
    "IndexerSearchCheckNoAvailableIndexersMessage": "ตัวทำดัชนีที่สามารถค้นหาทั้งหมดไม่สามารถใช้งานได้ชั่วคราวเนื่องจากข้อผิดพลาดของตัวทำดัชนีล่าสุด",
    "IndexerStatusCheckSingleClientMessage": "ตัวจัดทำดัชนีไม่พร้อมใช้งานเนื่องจากความล้มเหลว: {0}",
    "MaintenanceRelease": "รุ่นการบำรุงรักษา: การแก้ไขข้อบกพร่องและการปรับปรุงอื่น ๆ ดู Github Commit History สำหรับรายละเอียดเพิ่มเติม",
    "MinFormatScoreHelpText": "คะแนนรูปแบบกำหนดเองขั้นต่ำที่อนุญาตให้ดาวน์โหลด",
    "MountArtistHealthCheckMessage": "เมาท์ที่มีเส้นทางภาพยนตร์ถูกเมาท์แบบอ่านอย่างเดียว: ",
    "NegateHelpText": "หากเลือกรูปแบบที่กำหนดเองจะใช้ไม่ได้หากเงื่อนไข {0} นี้ตรง",
    "ReplaceWithDash": "แทนที่ด้วย Dash",
    "ReplaceWithSpaceDash": "แทนที่ด้วย Space Dash",
    "ReplaceWithSpaceDashSpace": "แทนที่ด้วย Space Dash Space",
    "RootFolderCheckMultipleMessage": "ไม่มีโฟลเดอร์รากหลายโฟลเดอร์: {0}",
    "SystemTimeCheckMessage": "เวลาของระบบปิดมากกว่า 1 วัน งานที่ตั้งเวลาไว้อาจทำงานไม่ถูกต้องจนกว่าจะมีการแก้ไขเวลา",
    "TheArtistFolderStrongpathstrongAndAllOfItsContentWillBeDeleted": "โฟลเดอร์ภาพยนตร์ \"{0}\" และเนื้อหาทั้งหมดจะถูกลบออก",
    "UpdateCheckStartupTranslocationMessage": "ไม่สามารถติดตั้งการอัปเดตได้เนื่องจากโฟลเดอร์เริ่มต้น \"{0}\" อยู่ในโฟลเดอร์การแปลแอป",
    "UpdateCheckStartupNotWritableMessage": "ไม่สามารถติดตั้งการอัปเดตเนื่องจากโฟลเดอร์เริ่มต้น \"{0}\" ไม่สามารถเขียนได้โดยผู้ใช้ \"{1}\"",
    "UnableToLoadInteractiveSearch": "ไม่สามารถโหลดผลการค้นหาภาพยนตร์นี้ โปรดลองอีกครั้งในภายหลัง",
    "UnableToLoadCustomFormats": "ไม่สามารถโหลดรูปแบบที่กำหนดเอง",
    "AutomaticSearch": "ค้นหาอัตโนมัติ",
    "IndexerFlags": "ดัชนีดัชนี",
    "ApplyTagsHelpTextRemove": "ลบ: ลบแท็กที่ป้อน",
    "WhatsNew": "มีอะไรใหม่",
    "DefaultCase": "กรณีเริ่มต้น",
    "ExistingTag": "แท็กที่มีอยู่",
    "FailedToLoadQueue": "โหลดคิวไม่สำเร็จ",
    "ImportList": "รายการ",
    "KeyboardShortcuts": "แป้นพิมพ์ลัด",
    "MonitoredStatus": "ตรวจสอบ / สถานะ",
    "NoMinimumForAnyDuration": "ไม่มีขั้นต่ำสำหรับรันไทม์ใด ๆ",
    "SuggestTranslationChange": "แนะนำการเปลี่ยนคำแปล",
    "NoResultsFound": "ไม่พบผลลัพธ์",
    "Priority": "ลำดับความสำคัญ",
    "SetTags": "ตั้งแท็ก",
    "Small": "เล็ก",
    "CustomFilter": "ตัวกรองที่กำหนดเอง",
    "DeleteSpecificationHelpText": "แน่ใจไหมว่าต้องการลบโปรไฟล์คุณภาพ {0}",
    "GeneralSettingsSummary": "พอร์ต SSL ชื่อผู้ใช้ / รหัสผ่านพร็อกซีการวิเคราะห์และอัปเดต",
    "Release": " การเผยแพร่",
    "RemoveSelectedItemsQueueMessageText": "แน่ใจไหมว่าต้องการนำ {0} ออกจากคิว",
    "Tomorrow": "พรุ่งนี้",
    "UpdateSelected": "อัปเดตที่เลือก",
    "ApplyTagsHelpTextHowToApplyArtists": "วิธีใช้แท็กกับภาพยนตร์ที่เลือก",
    "ExtraFileExtensionsHelpTextsExamples": "ตัวอย่าง: \".sub, .nfo\" หรือ \"sub, nfo\"",
    "Links": "ลิงค์",
    "Uppercase": "ตัวพิมพ์ใหญ่",
    "Yes": "ใช่",
    "NoChange": "ไม่มีการเปลี่ยนแปลง",
    "PreferredSize": "ขนาดที่ต้องการ",
    "InteractiveSearchModalHeader": "การค้นหาแบบโต้ตอบ",
    "UiSettingsSummary": "ตัวเลือกปฏิทินวันที่และสีบกพร่อง",
    "SomeResultsAreHiddenByTheAppliedFilter": "ผลลัพธ์บางอย่างถูกซ่อนไว้โดยตัวกรองที่ใช้",
    "NotificationStatusAllClientHealthCheckMessage": "รายการทั้งหมดไม่พร้อมใช้งานเนื่องจากความล้มเหลว",
    "ApplyTagsHelpTextHowToApplyDownloadClients": "วิธีใช้แท็กกับภาพยนตร์ที่เลือก",
    "ApplyTagsHelpTextHowToApplyImportLists": "วิธีใช้แท็กกับภาพยนตร์ที่เลือก",
    "AutoRedownloadFailed": "ดาวน์โหลดล้มเหลว",
    "Connection": "การเชื่อมต่อ",
    "ConditionUsingRegularExpressions": "เงื่อนไขนี้ตรงกับการใช้นิพจน์ทั่วไป โปรดทราบว่าอักขระ {0} มีความหมายพิเศษและจำเป็นต้องมีการใช้เครื่องหมาย {1}",
    "DeleteAutoTagHelpText": "แน่ใจไหมว่าต้องการลบโปรไฟล์คุณภาพ {0}",
    "GrabReleaseUnknownArtistOrAlbumMessageText": "Radarr ไม่สามารถระบุได้ว่าภาพยนตร์เรื่องนี้เป็นภาพยนตร์เรื่องใด Radarr อาจไม่สามารถนำเข้ารุ่นนี้โดยอัตโนมัติได้ คุณต้องการคว้า \"{0}\" ไหม",
    "NoLimitForAnyDuration": "ไม่มีขีด จำกัด สำหรับรันไทม์ใด ๆ",
    "NotificationStatusSingleClientHealthCheckMessage": "รายการไม่พร้อมใช้งานเนื่องจากความล้มเหลว: {0}",
    "RecentChanges": "การเปลี่ยนแปลงล่าสุด",
    "RemoveQueueItemConfirmation": "แน่ใจไหมว่าต้องการนำ {0} ออกจากคิว",
    "AddNewArtistSearchForMissingAlbums": "เริ่มค้นหาภาพยนตร์ที่หายไป",
    "IndexerPriorityHelpText": "ลำดับความสำคัญของดัชนีจาก 1 (สูงสุด) ถึง 50 (ต่ำสุด) ค่าเริ่มต้น: 25.",
    "Required": "จำเป็น",
    "ConnectSettingsSummary": "การแจ้งเตือนการเชื่อมต่อกับเซิร์ฟเวอร์ / เครื่องเล่นสื่อและสคริปต์ที่กำหนดเอง",
    "CustomFormatsSettings": "การตั้งค่ารูปแบบที่กำหนดเอง",
    "DeleteRemotePathMapping": "แก้ไขการแมปเส้นทางระยะไกล",
    "DownloadClientsSettingsSummary": "ดาวน์โหลดไคลเอนต์การจัดการการดาวน์โหลดและการแมปเส้นทางระยะไกล",
    "AddImportListExclusionArtistHelpText": "ป้องกันไม่ให้เพิ่มภาพยนตร์ไปยัง {appName} ตามรายการ",
    "DeleteArtistFoldersHelpText": "ลบโฟลเดอร์ภาพยนตร์และเนื้อหา",
    "DeleteSpecification": "ลบการแจ้งเตือน",
    "GrabId": "Grab ID",
    "Negated": "เมื่อตะกี้",
    "NoEventsFound": "ไม่พบกิจกรรม",
    "Posters": "โปสเตอร์",
    "QueueIsEmpty": "คิวว่างเปล่า",
    "RemoveSelectedItemQueueMessageText": "แน่ใจไหมว่าต้องการนำ {0} ออกจากคิว",
    "AuthBasic": "พื้นฐาน (เบราว์เซอร์ป๊อปอัพ)",
    "DisabledForLocalAddresses": "ปิดใช้งานสำหรับที่อยู่ท้องถิ่น",
    "Enabled": "เปิดใช้งาน",
    "No": "ไม่",
    "FormatAgeHour": "ชั่วโมง",
    "FormatAgeHours": "ชั่วโมง",
    "FormatAgeMinute": "นาที",
    "FormatAgeMinutes": "นาที",
    "ImportListsSettingsSummary": "นำเข้ารายการการยกเว้นรายการ",
    "MonitorNoAlbums": "ไม่มี",
    "QualitySettingsSummary": "ขนาดและการตั้งชื่อคุณภาพ",
    "Yesterday": "เมื่อวานนี้",
    "AddListExclusionHelpText": "ป้องกันไม่ให้เพิ่มภาพยนตร์ไปยัง {appName} ตามรายการ",
    "AddNewArtistRootFolderHelpText": "โฟลเดอร์ย่อย \"{0}\" จะถูกสร้างขึ้นโดยอัตโนมัติ",
    "ApplyTagsHelpTextAdd": "เพิ่ม: เพิ่มแท็กในรายการแท็กที่มีอยู่",
    "AuthForm": "แบบฟอร์ม (หน้าเข้าสู่ระบบ)",
    "BlocklistReleases": "Blacklist Release",
    "ConnectionLost": "ขาดการเชื่อมต่อ",
    "ConnectionLostReconnect": "Radarr จะพยายามเชื่อมต่อโดยอัตโนมัติหรือคุณสามารถคลิกโหลดซ้ำด้านล่าง",
    "DeleteArtistFolderHelpText": "ลบโฟลเดอร์ภาพยนตร์และเนื้อหา",
    "Large": "ใหญ่",
    "OrganizeSelectedArtists": "จัดระเบียบภาพยนตร์ที่เลือก",
    "Negate": "ลบล้าง",
    "Table": "ตาราง",
    "IncludeHealthWarnings": "รวมคำเตือนด้านสุขภาพ",
    "Overview": "ภาพรวม",
    "Unlimited": "ไม่ จำกัด",
    "AddAutoTagError": "ไม่สามารถเพิ่มรายชื่อใหม่ได้โปรดลองอีกครั้ง",
    "AddConditionError": "ไม่สามารถเพิ่มเงื่อนไขใหม่ได้โปรดลองอีกครั้ง",
    "AlbumsLoadError": "ไม่สามารถโหลดข้อมูลสำรอง",
    "AllResultsAreHiddenByTheAppliedFilter": "ผลลัพธ์ทั้งหมดถูกซ่อนโดยตัวกรองที่ใช้",
    "ApplyTagsHelpTextHowToApplyIndexers": "วิธีใช้แท็กกับภาพยนตร์ที่เลือก",
    "AutoTaggingNegateHelpText": "หากเลือกรูปแบบที่กำหนดเองจะใช้ไม่ได้หากเงื่อนไข {0} นี้ตรง",
    "ArtistIndexFooterDownloading": "กำลังดาวน์โหลด",
    "CustomFormatsSettingsSummary": "รูปแบบและการตั้งค่าที่กำหนดเอง",
    "DeleteConditionMessageText": "แน่ใจไหมว่าต้องการลบโปรไฟล์คุณภาพ {0}",
    "DeleteSelectedIndexers": "ลบ Indexer",
    "ExtraFileExtensionsHelpText": "รายการไฟล์พิเศษที่คั่นด้วยจุลภาคที่จะนำเข้า (.nfo จะนำเข้าเป็น. nfo-orig)",
    "FileNameTokens": "โทเค็นชื่อไฟล์",
    "ImportLists": "รายการ",
    "RemovingTag": "กำลังลบแท็ก",
    "RenameFiles": "เปลี่ยนชื่อไฟล์",
    "Lowercase": "ตัวพิมพ์เล็ก",
    "OverviewOptions": "ตัวเลือกภาพรวม",
    "PosterOptions": "ตัวเลือกโปสเตอร์",
    "TagsSettingsSummary": "ดูแท็กทั้งหมดและวิธีการใช้งาน แท็กที่ไม่ได้ใช้สามารถลบออกได้",
    "AddImportListExclusionAlbumHelpText": "ป้องกันไม่ให้เพิ่มภาพยนตร์ไปยัง {appName} ตามรายการ",
    "BuiltIn": "สร้างขึ้นใน",
    "Script": "สคริปต์",
    "DeleteSelectedCustomFormats": "ลบรูปแบบที่กำหนดเอง",
    "IncludeCustomFormatWhenRenaming": "รวมรูปแบบที่กำหนดเองเมื่อเปลี่ยนชื่อ",
    "AptUpdater": "ใช้ apt เพื่อติดตั้งการอัปเดต",
    "DockerUpdater": "อัปเดตคอนเทนเนอร์นักเทียบท่าเพื่อรับการอัปเดต",
    "ExternalUpdater": "{appName} ถูกกำหนดค่าให้ใช้กลไกการอัพเดตภายนอก",
    "InstallLatest": "ติดตั้งล่าสุด",
    "OnLatestVersion": "มีการติดตั้ง {appName} เวอร์ชันล่าสุดแล้ว",
    "Shutdown": "ปิดตัวลง",
    "UpdateAppDirectlyLoadError": "ไม่สามารถอัปเดต {appName} ได้โดยตรง",
    "Clone": "ปิด",
    "AddReleaseProfile": "แก้ไขโปรไฟล์ความล่าช้า",
    "UnmappedFiles": "โฟลเดอร์ที่ไม่ได้แมป",
    "EditReleaseProfile": "แก้ไขโปรไฟล์ความล่าช้า",
    "Season": "เหตุผล",
    "AddDelayProfileError": "ไม่สามารถเพิ่มโปรไฟล์คุณภาพใหม่ได้โปรดลองอีกครั้ง",
    "Max": "สูงสุด",
    "Min": "นาที",
    "Preferred": "ที่ต้องการ",
    "Today": "วันนี้",
    "MappedNetworkDrivesWindowsService": "ไดรฟ์เครือข่ายที่แมปไม่พร้อมใช้งานเมื่อเรียกใช้เป็นบริการ Windows โปรดดูคำถามที่พบบ่อยสำหรับข้อมูลเพิ่มเติม",
    "DownloadClientSettingsRecentPriority": "ลำดับความสำคัญของลูกค้า",
    "CheckDownloadClientForDetails": "ตรวจสอบไคลเอนต์ดาวน์โหลดสำหรับรายละเอียดเพิ่มเติม",
    "Pending": "รอดำเนินการ",
    "WaitingToImport": "กำลังรอการนำเข้า",
    "WaitingToProcess": "กำลังรอดำเนินการ",
    "Downloaded": "ดาวน์โหลดแล้ว",
    "Paused": "หยุดชั่วคราว"
}
