{
    "Language": "语言",
    "UiLanguage": "UI界面语言",
    "About": "关于",
    "BackupNow": "立即备份",
    "BackupRetentionHelpText": "早于保留周期的自动备份将被自动清除",
    "Authentication": "认证",
    "Dates": "日期",
    "DeleteBackupMessageText": "您确定要删除备份 “{name}” 吗?",
    "DeleteNotificationMessageText": "您确定要删除通知 “{name}” 吗?",
    "Docker": "Docker",
    "DownloadClient": "下载客户端",
    "DownloadClients": "下载客户端",
    "DownloadClientSettings": "下载客户端设置",
    "Downloading": "下载中",
    "EnableColorImpairedModeHelpText": "改变样式，以允许有颜色障碍的用户更好地区分颜色编码信息",
    "Fixed": "已修复",
    "Folder": "文件夹",
    "GeneralSettings": "通用设置",
    "Indexer": "索引器",
    "IndexerPriority": "索引器优先级",
    "MaximumLimits": "最大限制",
    "NoBackupsAreAvailable": "无备份可用",
    "NoUpdatesAreAvailable": "无可用更新",
    "ProxyBypassFilterHelpText": "使用 “ , ” 作为分隔符，并使用 “ *. ” 作为二级域名的通配符",
    "ProxyUsernameHelpText": "如果需要，您只需要输入用户名和密码。否则就让它们为空。",
    "ResetAPIKey": "重置API Key",
    "SendAnonymousUsageData": "发送匿名使用数据",
    "SSLCertPassword": "SSL证书密码",
    "StartTypingOrSelectAPathBelow": "输入路径或者从下面选择",
    "TagIsNotUsedAndCanBeDeleted": "标签未被使用，可删除",
    "UiSettings": "UI设置",
    "UnableToAddANewDownloadClientPleaseTryAgain": "无法添加下载客户端，请稍后重试。",
    "UnableToLoadBackups": "无法加载备份",
    "UnableToLoadIndexers": "无法加载索引器",
    "UpdateAutomaticallyHelpText": "自动下载并安装更新。您还可以在「“系统”->“更新”」中安装",
    "Version": "版本",
    "ApplyTags": "应用标签",
    "AppDataDirectory": "AppData 目录",
    "Backups": "备份",
    "BindAddress": "绑定地址",
    "BindAddressHelpText": "有效的 IP 地址、localhost、或以'*'代表所有接口",
    "Branch": "分支",
    "BypassProxyForLocalAddresses": "对局域网地址不使用代理",
    "Cancel": "取消",
    "CertificateValidation": "验证证书",
    "CertificateValidationHelpText": "改变HTTPS证书验证的严格程度。不要更改除非您了解风险。",
    "ChangeHasNotBeenSavedYet": "修改暂未保存",
    "Clear": "清除",
    "ClientPriority": "客户端优先级",
    "CloneIndexer": "复制索引器",
    "CloneProfile": "复制配置",
    "Columns": "列",
    "Connections": "连接",
    "ConnectSettings": "连接设置",
    "DatabaseMigration": "数据库迁移版本",
    "DelayProfile": "延时配置",
    "Delete": "删除",
    "DeleteBackup": "删除备份",
    "DeleteDownloadClient": "删除下载客户端",
    "DeleteDownloadClientMessageText": "您确定要删除下载客户端 “{name}” 吗？",
    "DeleteIndexer": "删除索引器",
    "DeleteIndexerMessageText": "您确定要删除索引器 “{name}” 吗?",
    "DeleteNotification": "删除消息推送",
    "DeleteTag": "删除标签",
    "DeleteTagMessageText": "您确定要删除标签 '{label}' 吗？",
    "Edit": "编辑",
    "Enable": "启用",
    "EnableAutomaticAdd": "启用自动添加",
    "EnableAutomaticSearch": "启用自动搜索",
    "EnableColorImpairedMode": "启用色障模式",
    "EnableCompletedDownloadHandlingHelpText": "自动从下载客户端导入已完成的下载内容",
    "EnableHelpText": "启用此元数据类型的元数据文件创建",
    "EnableInteractiveSearch": "启用手动搜索",
    "EnableSSL": "启用 SSL",
    "EnableSslHelpText": " 重启生效",
    "ErrorLoadingContents": "加载内容出错",
    "Exception": "例外",
    "Filename": "文件名",
    "Files": "文件",
    "History": "历史记录",
    "Host": "主机",
    "Hostname": "主机名",
    "IgnoredAddresses": "已忽略地址",
    "IllRestartLater": "稍后重启",
    "Importing": "导入中",
    "Indexers": "索引器",
    "InteractiveSearch": "手动搜索",
    "Interval": "间隔",
    "LogFiles": "日志文件",
    "Logging": "日志记录中",
    "LogLevel": "日志等级",
    "Logs": "日志",
    "MaintenanceRelease": "维护版本：修复错误及其他改进，参见Github提交 查看更多详情",
    "MIA": "MIA",
    "ProxyType": "代理类型",
    "Mechanism": "机制",
    "Message": "信息",
    "MinimumLimits": "最小限制",
    "Mode": "模式",
    "MoreInfo": "更多信息",
    "Name": "名称",
    "New": "新的",
    "NoLeaveIt": "不，就这样",
    "NoLogFiles": "没有日志文件",
    "NotificationTriggers": "通知触发器",
    "OpenBrowserOnStart": "打开浏览器时启动",
    "Options": "选项",
    "PackageVersion": "Package版本",
    "PageSize": "页面大小",
    "PageSizeHelpText": "每页显示的项目数",
    "Password": "密码",
    "Port": "端口",
    "PortNumber": "端口号",
    "Protocol": "协议",
    "Proxy": "代理",
    "ProxyPasswordHelpText": "如果需要，您只需要输入用户名和密码，否则就让它们为空。",
    "QualityDefinitions": "质量定义",
    "QualitySettings": "质量设置",
    "Queue": "队列",
    "ReadTheWikiForMoreInformation": "请查阅 Wiki 获取更多信息",
    "Refresh": "刷新",
    "Reload": "重新加载",
    "RemovedFromTaskQueue": "已从任务队列移除",
    "RemoveFilter": "移除过滤器",
    "Reset": "重置",
    "Restart": "重启",
    "RestartNow": "马上重启",
    "Restore": "恢复",
    "RestoreBackup": "恢复备份",
    "Result": "结果",
    "Retention": "保留",
    "Scheduled": "计划中",
    "ScriptPath": "脚本路径",
    "Search": "搜索",
    "Security": "安全",
    "SSLCertPath": "SSL证书路径",
    "SSLPort": "SSL端口",
    "Settings": "设置",
    "ShowSearch": "显示搜索",
    "Source": "代码",
    "StartupDirectory": "启动目录",
    "Status": "状态",
    "Style": "类型",
    "Tags": "标签",
    "Tasks": "任务",
    "TestAll": "测试全部",
    "TestAllClients": "测试全部客户端",
    "Torrents": "种子",
    "Type": "类型",
    "UnableToAddANewIndexerPleaseTryAgain": "无法添加索引器，请稍后重试。",
    "UnableToAddANewNotificationPleaseTryAgain": "无法添加新通知，请稍后重试。",
    "URLBase": "基本URL",
    "UnableToLoadDownloadClients": "无法加载下载客户端",
    "UnableToLoadGeneralSettings": "无法加载通用设置",
    "UnableToLoadNotifications": "无法加载通知连接",
    "UnableToLoadQualityDefinitions": "无法加载质量定义",
    "UnableToLoadTags": "无法加载标签",
    "UnableToLoadUISettings": "无法加载UI设置",
    "Updates": "更新",
    "UpdateScriptPathHelpText": "自定义脚本的路径，该脚本处理获取的更新包并处理更新过程的其余部分",
    "Uptime": "运行时间",
    "UrlBaseHelpText": "对于反向代理支持，默认为空",
    "Usenet": "Usenet",
    "UseProxy": "使用代理",
    "Username": "用户名",
    "YesCancel": "确定，取消",
    "AddingTag": "添加标签",
    "Analytics": "分析",
    "Automatic": "自动化",
    "AlreadyInYourLibrary": "已在您的资源库中",
    "Actions": "动作",
    "AddListExclusion": "添加列表排除项",
    "MinimumAge": "最低间隔",
    "MinimumFreeSpaceWhenImportingHelpText": "如果导入的磁盘空间不足，则禁止导入",
    "Absolute": "绝对",
    "AddMissing": "添加丢失项",
    "AlbumIsDownloadingInterp": "正在下载专辑 - {0}% {1}",
    "AlbumHasNotAired": "专辑尚未发布",
    "AlbumIsDownloading": "正在下载专辑",
    "AlbumIsNotMonitored": "专辑未被监控",
    "AlbumStudio": "专辑库",
    "AllAlbums": "所有专辑",
    "AddNewItem": "添加新项目",
    "20MinutesTwenty": "20 分钟：{0}",
    "45MinutesFourtyFive": "45 分钟：{0}",
    "60MinutesSixty": "60 分钟：{0}",
    "AllArtistAlbums": "所有艺术家专辑",
    "AllExpandedCollapseAll": "全部收起",
    "AllExpandedExpandAll": "全部展开",
    "AllowArtistChangeClickToChangeArtist": "更改艺术家",
    "AllowFingerprinting": "允许指纹识别",
    "AllowFingerprintingHelpText": "利用指纹技术提高航迹匹配的准确性",
    "AllowFingerprintingHelpTextWarning": "这需要{appName}读取部分文件，这将减慢扫描速度，并可能导致磁盘或网络活动频繁。",
    "AlternateTitles": "别名",
    "MinimumAgeHelpText": "仅限 Usenet：抓取 NewzBin 文件的最小时间间隔（分钟）。开启此功能会让新发布资源有时间传播到您的 Usenet 提供商。",
    "OnApplicationUpdate": "程序更新时",
    "Duration": "时长",
    "LocalPath": "本地路径",
    "UpdateMechanismHelpText": "使用 {appName} 内置的更新程序或脚本",
    "AlternateTitleslength1Title": "标题",
    "AlternateTitleslength1Titles": "标题",
    "AnalyticsEnabledHelpText": "将匿名使用情况和错误信息发送到 {appName} 的服务器。这包括有关您的浏览器信息、您使用的 {appName} WebUI页面、错误报告以及操作系统和运行时版本。我们将使用此信息来确定功能和错误修复的优先级。",
    "AnalyticsEnabledHelpTextWarning": "重启后生效",
    "AnchorTooltip": "此文件已在您的库中，用于您当前正在导入的版本",
    "RemotePath": "远程路径",
    "GrabSelected": "抓取已选",
    "Year": "年份",
    "BackupIntervalHelpText": "备份 {appName} 数据库和设置的时间间隔",
    "CalendarWeekColumnHeaderHelpText": "当使用周视图时显示上面的每一列",
    "APIKey": "API Key",
    "AutomaticallySwitchRelease": "自动切换发行版本",
    "ApiKeyHelpTextWarning": "需重启以生效",
    "Artist": "艺术家",
    "AuthenticationMethodHelpText": "需要用户名和密码以访问 {appName}",
    "Artists": "艺术家",
    "ArtistFolderFormat": "艺术家文件夹格式",
    "ArtistEditor": "艺术家编辑器",
    "ArtistAlbumClickToChangeTrack": "单击以修改曲目",
    "ArtistClickToChangeAlbum": "单击以修改专辑",
    "AutoRedownloadFailedHelpText": "自动搜索并尝试下载不同的发布资源",
    "BackupFolderHelpText": "相对路径将在 {appName} 的 AppData 目录下",
    "BindAddressHelpTextWarning": "重启后生效",
    "Blocklist": "黑名单",
    "BlocklistRelease": "发布资源黑名单",
    "Calendar": "日历",
    "ClickToChangeQuality": "点击更改质量",
    "CancelPendingTask": "您确定要取消这个挂起的任务吗？",
    "ChangeFileDate": "修改文件日期",
    "ChmodFolder": "修改文件夹权限",
    "ForMoreInformationOnTheIndividualDownloadClientsClickOnTheInfoButtons": "若需要查看有关下载客户端的详细信息，请点击“更多信息”按钮。",
    "LidarrSupportsAnyDownloadClientThatUsesTheNewznabStandardAsWellAsOtherDownloadClientsListedBelow": "{appName}支持许多常用的的torrent和usenet下载客户端。",
    "MediaInfo": "媒体信息",
    "MediaManagementSettings": "媒体管理设置",
    "Medium": "中",
    "MetadataSettings": "元数据设置",
    "MinimumFreeSpace": "最小剩余空间",
    "Missing": "缺失中",
    "Monitored": "已追踪",
    "MustContain": "必须包含",
    "MustNotContain": "不得包含",
    "NamingSettings": "命名设置",
    "NETCore": ".NET",
    "NoHistory": "无历史记录。",
    "None": "无",
    "OnRename": "重命名中",
    "OnUpgrade": "升级中",
    "Original": "原始",
    "PosterSize": "海报大小",
    "Proper": "合适的",
    "PropersAndRepacks": "适合的和重封装的Propers and Repacks",
    "ProtocolHelpText": "在其他相同版本之间进行选择时，选择要使用的协议以及首选的协议",
    "QualityProfiles": "质量配置",
    "Reason": "季",
    "RecycleBinCleanupDaysHelpText": "设置为0关闭自动清理",
    "RecycleBinCleanupDaysHelpTextWarning": "回收站中的文件在超出选择的天数后会被自动清理",
    "RecycleBinHelpText": "歌曲文件不会被替代永久删除而会被移动到这个回收站",
    "RecyclingBin": "回收站",
    "RecyclingBinCleanup": "清理回收站",
    "Redownload": "重新下载",
    "RefreshInformationAndScanDisk": "刷新信息并扫描磁盘",
    "RefreshScan": "刷新&扫描",
    "ReleaseDate": "发布日期",
    "ReleaseGroup": "发布组",
    "ReleaseRejected": "发布资源已拒绝",
    "ReleaseStatuses": "发布状态",
    "ReleaseWillBeProcessedInterp": "发布将被处理{0}",
    "RemotePathHelpText": "下载客户端访问的目录的根路径",
    "RemotePathMappings": "远程路径映射",
    "Remove": "移除",
    "RemoveCompleted": "移除成功",
    "RemoveCompletedDownloadsHelpText": "从下载客户端记录中移除已导入的下载记录",
    "RemoveDownloadsAlert": "移除设置被移至上表中的单个下载客户端设置。",
    "RemoveFailed": "移除失败",
    "RemoveFailedDownloadsHelpText": "从下载客户端的历史记录中移除失败的下载记录",
    "RemoveFromBlocklist": "从黑名单中移除",
    "RemoveFromDownloadClient": "从下载客户端中移除",
    "RemoveFromQueue": "从队列中移除",
    "RemoveSelected": "移除选中项",
    "RemoveTagExistingTag": "已有标签",
    "RemoveTagRemovingTag": "移除标签",
    "RenameTracksHelpText": "如果重命名未启用，{appName}会使用现有文件名",
    "Reorder": "重新排序",
    "ReplaceIllegalCharacters": "替换非法字符",
    "ReplaceIllegalCharactersHelpText": "替换非法字符。如未勾选，则字符会被 {appName} 移除",
    "RequiredHelpText": "发布的歌曲必须至少包含一个这些项目（不区分大小写）",
    "RequiredPlaceHolder": "添加新限制",
    "RequiresRestartToTakeEffect": "需重启以生效",
    "RescanAfterRefreshHelpText": "刷新歌手信息后重新扫描歌手文件夹",
    "RestartLidarr": "重启{appName}",
    "RetentionHelpText": "仅限Usenet：设置为零以设置无限保留",
    "RetryingDownloadOn": "尝试重新下载“{0}”在“{1}”",
    "RootFolder": "根目录",
    "RootFolders": "根目录",
    "RSSSync": "RSS同步",
    "RSSSyncInterval": "RSS同步间隔",
    "RssSyncIntervalHelpText": "间隔时间（分钟），设置为零则禁用（这会停止自动抓取发布资源）",
    "SearchAll": "搜索全部",
    "ShowQualityProfile": "显示质量配置",
    "ShowQualityProfileHelpText": "在海报下方显示质量配置信息",
    "ShowRelativeDates": "显示相对日期",
    "ShowRelativeDatesHelpText": "显示相对日期（今天/昨天等）或绝对日期",
    "ShowSearchActionHelpText": "在选项中显示搜索框",
    "ShowUnknownArtistItems": "显示未知歌手条目",
    "Size": " 文件大小",
    "SkipFreeSpaceCheck": "跳过剩余空间检查",
    "SorryThatAlbumCannotBeFound": "对不起，未找到专辑。",
    "SorryThatArtistCannotBeFound": "对不起，未找到歌手。",
    "SourcePath": "来源路径",
    "SslCertPasswordHelpText": "pfx文件密码",
    "SslCertPasswordHelpTextWarning": "需重启以生效",
    "SslCertPathHelpText": "pfx文件路径",
    "SslCertPathHelpTextWarning": "需重启以生效",
    "StandardTrackFormat": "标准歌曲格式",
    "SuccessMyWorkIsDoneNoFilesToRename": "成功了！任务已完成，所有文件已重命名。",
    "SuccessMyWorkIsDoneNoFilesToRetag": "成功了！任务已完成，所有文件已重命名。",
    "SupportsRssvalueRSSIsNotSupportedWithThisIndexer": "该索引器不支持RSS",
    "SupportsSearchvalueSearchIsNotSupportedWithThisIndexer": "该索引器不支持搜索",
    "SupportsSearchvalueWillBeUsedWhenAutomaticSearchesArePerformedViaTheUIOrByLidarr": "当自动搜索通过UI或{appName}执行时将被使用",
    "SupportsSearchvalueWillBeUsedWhenInteractiveSearchIsUsed": "当手动搜索启用时使用",
    "TestAllIndexers": "测试全部索引器",
    "TestAllLists": "测试全部列表",
    "ThisWillApplyToAllIndexersPleaseFollowTheRulesSetForthByThem": "这将适用于所有索引器，请遵循他们所制定的规则",
    "TimeFormat": "时间格式",
    "TorrentDelay": "Torrent延时",
    "TorrentDelayHelpText": "抓取种子前需等待的延迟时间（分钟）",
    "TotalFileSize": "文件总大小",
    "Track": "追踪",
    "UiLanguageHelpTextWarning": "浏览器需重新加载",
    "UnableToAddANewImportListExclusionPleaseTryAgain": "无法添加新排除列表，请再试一次。",
    "UnableToAddANewListPleaseTryAgain": "无法添加列表，请稍后重试。",
    "UnableToAddANewMetadataProfilePleaseTryAgain": "无法添加新的元数据配置，请稍后重试。",
    "UnableToAddANewQualityProfilePleaseTryAgain": "无法添加新的质量配置，请稍后重试。",
    "UnableToAddANewRemotePathMappingPleaseTryAgain": "无法添加远程路径映射，请稍后重试。",
    "UnableToAddANewRootFolderPleaseTryAgain": "无法添加自定义格式，请稍后重试。",
    "UnableToLoadDelayProfiles": "无法加载延时配置",
    "UnableToLoadDownloadClientOptions": "无法加载下载客户端选项",
    "UnableToLoadImportListExclusions": "无法加载排除列表",
    "UnableToLoadIndexerOptions": "无法加载索引器选项",
    "UnableToLoadLists": "无法加载列表",
    "UnableToLoadMediaManagementSettings": "无法加载媒体管理设置",
    "UnableToLoadMetadata": "无法加载元数据",
    "UnableToLoadMetadataProfiles": "无法加载元数据配置",
    "UnableToLoadNamingSettings": "无法加载命名设置",
    "UnableToLoadQualities": "无法加载质量",
    "UnableToLoadQualityProfiles": "无法加载质量配置文件",
    "UnableToLoadReleaseProfiles": "无法加载延时配置",
    "UnableToLoadRemotePathMappings": "无法加载远程路径映射",
    "Ungroup": "未分组",
    "Unmonitored": "未追踪",
    "UnmonitoredHelpText": "在iCal订阅中包含未监控的电影",
    "UpdateAll": "全部更新",
    "PublishedDate": "发布日期",
    "Quality": "质量",
    "QualityProfile": "质量配置",
    "RescanArtistFolderAfterRefresh": "刷新后重新扫描歌手文件夹",
    "ResetAPIKeyMessageText": "您确定要重置您的 API 密钥吗？",
    "SearchForMissing": "搜索缺少",
    "ShowDateAdded": "显示添加日期",
    "ShowMonitored": "显示追踪状态",
    "ShowMonitoredHelpText": "在海报下显示追踪状态",
    "ShownAboveEachColumnWhenWeekIsTheActiveView": "当使用周视图时显示上面的每一列",
    "ShowPath": "显示路径",
    "Time": "时间",
    "ChmodFolderHelpTextWarning": "仅当运行 {appName} 程序的用户是文件所有者的情况下才有效。最好确保下载客户端正确设置权限。",
    "ChownGroupHelpTextWarning": "仅当运行 {appName} 程序的用户是文件所有者的情况下才有效。最好确保下载客户端使用与 {appName} 相同的用户组。",
    "CompletedDownloadHandling": "已完成下载处理",
    "Component": "组件",
    "CopyUsingHardlinksHelpText": "硬链接允许{appName}导入torrents种子到剧集文件夹，而无需占用额外的磁盘空间或复制文件的整个内容。只有当源和目标在同一卷上时，硬链接才会起作用",
    "CopyUsingHardlinksHelpTextWarning": "有时候，文件锁可能会阻止对正在做种的文件进行重命名。您可以暂时禁用做种功能，并使用{appName}的重命名功能作为解决方案。",
    "CreateEmptyArtistFolders": "为艺术家创建空文件夹",
    "CreateEmptyArtistFoldersHelpText": "硬盘扫描过程中创建缺失的电影目录",
    "CreateGroup": "创建组",
    "CutoffHelpText": "一旦满足质量则{appName} 不会再下载专辑",
    "DelayProfiles": "延迟配置",
    "DeleteDelayProfile": "删除延迟配置",
    "DeleteDelayProfileMessageText": "您确认要删除此延迟配置吗？",
    "DeleteEmptyFolders": "删除空文件夹",
    "DeleteImportListExclusion": "删除导入排除列表",
    "DeleteImportListExclusionMessageText": "您确认要删除此导入排除列表吗？",
    "DeleteImportListMessageText": "您确定要删除列表 “{name}” 吗？",
    "DeleteMetadataProfileMessageText": "您确定要删除元数据配置文件“{name}”吗?",
    "DeleteQualityProfile": "删除质量配置",
    "DeleteQualityProfileMessageText": "您确定要删除质量配置 “{name}” 吗?",
    "DeleteReleaseProfile": "删除发布资源配置",
    "DeleteReleaseProfileMessageText": "你确定你要删除这个发行版配置文件?",
    "DeleteRootFolderMessageText": "您确定要删除根文件夹“{name}”吗?",
    "DeleteSelectedTrackFiles": "删除选择的电影文件",
    "DeleteSelectedTrackFilesMessageText": "您确定要删除选择的电影文件吗？",
    "DeleteTrackFileMessageText": "您确认您想删除吗？",
    "DestinationPath": "目标路径",
    "DetailedProgressBar": "详细进度条",
    "DetailedProgressBarHelpText": "在进度条上显示文本",
    "DownloadFailedCheckDownloadClientForMoreDetails": "下载失败：请检查下载客户端获得更多信息",
    "DownloadFailedInterp": "下载失败: {0}",
    "DownloadPropersAndRepacksHelpTexts1": "是否自动更新至合适的或者Repack",
    "DownloadWarningCheckDownloadClientForMoreDetails": "下载警告：查看下载客户端获取更多信息",
    "EnableRSS": "启用 RSS",
    "Ended": "已完结",
    "ErrorLoadingPreviews": "读取预告片错误",
    "ExpandAlbumByDefaultHelpText": "专辑",
    "FileDateHelpText": "导入和重新扫描时修改文件日期",
    "FileManagement": "文件管理",
    "FileNames": "文件名",
    "FirstDayOfWeek": "每周的第一天",
    "ForMoreInformationOnTheIndividualIndexersClickOnTheInfoButtons": "有关更多索引器的详细信息，请单击信息按钮。",
    "ForMoreInformationOnTheIndividualListsClickOnTheInfoButtons": "有关更多导入列表的详细信息，请单击info按钮。",
    "Global": "全局",
    "GoToInterp": "跳转到 {0}",
    "Grab": "抓取",
    "GrabRelease": "抓取版本",
    "Group": "组",
    "HasPendingChangesNoChanges": "无修改",
    "HasPendingChangesSaveChanges": "保存更改",
    "HostHelpText": "与您为远程下载客户端指定的主机相同",
    "ICalFeed": "iCal订阅地址",
    "ICalHttpUrlHelpText": "将此URL复制到您的客户端，如果您的浏览器支持webcal，请直接点击右侧订阅按钮",
    "ICalLink": "iCal链接",
    "IconForCutoffUnmet": "未达阈值的图标",
    "IgnoredHelpText": "如版本包含一个或多个条件则丢弃（无视大小写）",
    "ImportedTo": "导入到",
    "ImportExtraFiles": "导入额外文件",
    "ImportExtraFilesHelpText": "导入歌曲后导入匹配的额外文件(字幕/nfo等)",
    "ImportFailedInterp": "导入失败: {0}",
    "IncludeUnknownArtistItemsHelpText": "显示队列中没有艺术家的项目，这可能包括被删除的艺术家，影片以及{appName}类别中的任何其他内容",
    "IncludeUnmonitored": "包含未追踪项",
    "IndexerSettings": "索引器设置",
    "IsCutoffCutoff": "截止",
    "IsCutoffUpgradeUntilThisQualityIsMetOrExceeded": "升级直至达到或超过此质量",
    "IsTagUsedCannotBeDeletedWhileInUse": "使用中无法删除",
    "Label": "标签",
    "LaunchBrowserHelpText": " 启动浏览器时导航到{appName}主页。",
    "Level": "等级",
    "ShowSizeOnDisk": "显示占用空间",
    "UnableToLoadHistory": "无法加载历史记录。",
    "Folders": "文件夹",
    "PreviewRename": "重命名预览",
    "Profiles": "配置",
    "Real": "真的",
    "SslPortHelpTextWarning": "需重启以生效",
    "Tracks": "追踪",
    "UnableToLoadRootFolders": "无法加载根目录",
    "UnableToLoadTheCalendar": "无法加载日历",
    "UpgradeAllowedHelpText": "如关闭，则质量不做升级",
    "UrlBaseHelpTextWarning": "需重启以生效",
    "UseHardlinksInsteadOfCopy": "使用硬链接代替复制",
    "UsenetDelay": "Usenet延时",
    "UsenetDelayHelpText": "延迟几分钟才能等待从Usenet获取发布",
    "UserAgentProvidedByTheAppThatCalledTheAPI": "由调用API的应用程序提供的User-Agent",
    "UsingExternalUpdateMechanismBranchToUseToUpdateLidarr": "更新{appName}的分支",
    "UsingExternalUpdateMechanismBranchUsedByExternalUpdateMechanism": "外部更新机制使用的分支",
    "WeekColumnHeader": "日期格式",
    "OnGrab": "抓取中",
    "OnHealthIssue": "健康度异常",
    "Path": "路径",
    "Permissions": "权限",
    "RescanAfterRefreshHelpTextWarning": "当没有设置为“总是”时，{appName}将不会自动检测文件的更改",
    "SearchSelected": "搜索已选",
    "Season": "季",
    "SetPermissionsLinuxHelpText": "当文件被导入或重命名时要更改文件权限吗？",
    "SetPermissionsLinuxHelpTextWarning": "如果您不确定这些设置的作用，请不要更改它们。",
    "ShortDateFormat": "短日期格式",
    "ShowCutoffUnmetIconHelpText": "终止监控条件未满足前为文件显示图标",
    "UiLanguageHelpText": "{appName}使用的UI界面语言",
    "CutoffUnmet": "未达阈值项",
    "AgeWhenGrabbed": "年龄（抓取后）",
    "AnyReleaseOkHelpText": "{appName} 将会自动切换到与已下载文件最匹配的版本",
    "DelayingDownloadUntil": "延时下载直到 {1} 在 {0} 之前 Delaying download until {0} at {1}",
    "SetPermissions": "设定权限",
    "ChmodFolderHelpText": "八进制，当导入和重命名媒体文件夹和文件时应用（不带执行位）",
    "ChownGroupHelpText": "组名称或GID。对于远程文件系统请使用GID。",
    "DiskSpace": "磁盘空间",
    "IgnoredPlaceHolder": "添加新限制",
    "LidarrSupportsAnyIndexerThatUsesTheNewznabStandardAsWellAsOtherIndexersListedBelow": "{appName}支持任何使用Newznab标准的搜刮器，以及下面列出的其他搜刮器。",
    "LidarrTags": "{appName}标签",
    "Local": "本地",
    "LocalPathHelpText": "{appName}在本地访问远程路径时应该使用的路径",
    "LogLevelvalueTraceTraceLoggingShouldOnlyBeEnabledTemporarily": "追踪日志只应该暂时启用",
    "LongDateFormat": "长时间格式",
    "ManualImport": "手动导入",
    "MarkAsFailed": "标记为失败",
    "MarkAsFailedMessageText": "您确定要标记'{0}'为已失败？",
    "MaximumSize": "最大文件体积",
    "MaximumSizeHelpText": "抓取歌曲最大文件大小（MB），设置为0则不限制。",
    "UnableToLoadBlocklist": "无法加载黑名单",
    "MetadataProfile": "元数据配置",
    "MetadataProfiles": "元数据配置",
    "AddMetadataProfile": "元数据配置",
    "AddNew": "添加新项目",
    "AddRootFolder": "添加根目录",
    "Albums": "专辑",
    "Connect": "连接",
    "DoNotPrefer": "不要首选",
    "ExistingAlbumsData": "监控专辑有文件或尚未发布",
    "Ignored": "已忽略",
    "Location": "位置",
    "Ok": "完成",
    "Presets": "预设",
    "ShowAdvanced": "高级设置",
    "SizeOnDisk": "磁盘占用大小",
    "MetadataConsumers": "用户元数据",
    "MetadataProfileIdHelpText": "元数据配置文件列表项应添加",
    "PreviewRetag": "预览重新标记",
    "TrackNumber": "跟踪编号",
    "WatchRootFoldersForFileChanges": "监测根目录文件夹的文件更改",
    "WriteAudioTagsHelpTextWarning": "选择“所有文件”将在导入时更改现有文件。",
    "MissingAlbumsData": "监控没有文件或尚未发布的专辑",
    "OnReleaseImport": "在发行导入时",
    "QualityProfileIdHelpText": "质量配置列表项应该被添加",
    "ReleaseProfiles": "发布资源配置",
    "RootFolderPathHelpText": "根目录文件夹列表项需添加",
    "ScrubAudioTagsHelpText": "从文件中删除现有标签，只留下{appName}添加的标签。",
    "ScrubExistingTags": "覆盖现有标签",
    "SearchForAllCutoffUnmetAlbums": "搜索所有截止未满足的专辑",
    "SearchForMonitoredAlbums": "搜索监控中的专辑",
    "SearchMonitored": "搜索已监控",
    "ShowTitleHelpText": "在海报下显示作者姓名",
    "TrackFileCounttotalTrackCountTracksDownloadedInterp": "{0}/{1} 曲目已下载",
    "UnableToLoadMetadataProviderSettings": "无法加载元数据源设置",
    "UnmappedFiles": "未映射文件",
    "UpdatingIsDisabledInsideADockerContainerUpdateTheContainerImageInstead": "更新在docker容器内被禁用.  改为更新容器映像。",
    "OnDownloadFailure": "在下载失败时",
    "PathHelpText": "根目录文件夹包含您的音乐库",
    "PathHelpTextWarning": "这必须与下载客户端放置文件的目录不同",
    "SearchForAllMissingAlbums": "搜索所有丢失的专辑",
    "WatchLibraryForChangesHelpText": "当根目录文件夹中的文件发生变化时，会自动重新扫描",
    "MusicbrainzId": "Musicbrainz ID",
    "DefaultLidarrTags": "默认{appName}标签",
    "DefaultMetadataProfileIdHelpText": "此文件夹中检测到的作者的默认元数据配置文件",
    "DefaultQualityProfileIdHelpText": "此文件夹中检测到的作者的默认质量配置",
    "DefaultTagsHelpText": "对于在此文件夹中检测到的作者使用默认{appName}标签",
    "DefaultMonitorOptionHelpText": "对于在此文件夹中检测到的艺术家，应在初始添加时监控哪些专辑",
    "ExpandOtherByDefaultHelpText": "其他",
    "FirstAlbumData": "监控第一个专辑。其他专辑都将被忽略",
    "ForeignIdHelpText": "需要排除的艺术家/专辑的Musicbrainz ID",
    "FutureAlbumsData": "监控尚未发布的专辑",
    "FutureDays": "未来天数",
    "FutureDaysHelpText": "iCal订阅地址等待天数",
    "GoToArtistListing": "转到作者列表",
    "IsShowingMonitoredMonitorSelected": "监控选中的",
    "IsShowingMonitoredUnmonitorSelected": "未监控选中的",
    "Activity": "活动",
    "Add": "添加",
    "AddDelayProfile": "添加延时配置",
    "Added": "添加日期",
    "AddImportListExclusion": "添加导入排除列表",
    "AddIndexer": "添加索引器",
    "AddQualityProfile": "添加质量配置",
    "AddRemotePathMapping": "添加远程路径映射",
    "AfterManualRefresh": "在手动更新之后",
    "Age": "年龄",
    "All": "全部",
    "AllFiles": "全部文件",
    "AllMonitoringOptionHelpText": "监控艺术家们及导入列表中每个艺术家的所有专辑",
    "Always": "总是",
    "ApplicationURL": "应用程序 URL",
    "ApplicationUrlHelpText": "此应用的外部 URL，包含 http(s)://、端口和基本 URL",
    "Apply": "应用",
    "ArtistNameHelpText": "要排除的艺术家/专辑的名称（任何有含义的均可）",
    "AudioInfo": "音频信息",
    "Backup": "备份",
    "BeforeUpdate": "更新前",
    "CatalogNumber": "目录编号",
    "ChownGroup": "修改组权限",
    "Close": "关闭",
    "CollapseMultipleAlbumsHelpText": "折叠在同日发行的多张专辑",
    "Continuing": "仍在继续",
    "ContinuingAllTracksDownloaded": "仍在继续（所有曲目已下载）",
    "ContinuingNoAdditionalAlbumsAreExpected": "预计不会有其他专辑",
    "Country": "国家",
    "CustomFilters": "自定义过滤器",
    "Date": "日期",
    "Deleted": "已删除",
    "DeleteFilesHelpText": "删除曲目文件及艺术家文件夹",
    "DeleteImportList": "删除导入的列表",
    "DeleteMetadataProfile": "删除元数据配置",
    "DeleteRootFolder": "删除根目录",
    "Details": "详情",
    "Donations": "赞助",
    "DoNotUpgradeAutomatically": "不要自动升级",
    "DownloadFailed": "下载失败",
    "DownloadPropersAndRepacksHelpTexts2": "使用“不要偏好”按首字母而不是专有/重新打包进行排序",
    "EditDelayProfile": "编辑延时配置",
    "EditImportListExclusion": "删除导入排除列表",
    "EditQualityProfile": "编辑质量档案",
    "EditRemotePathMapping": "编辑远程映射路径",
    "EditRootFolder": "添加根目录",
    "EnableAutomaticAddHelpText": "当通过UI或{appName}执行同步时，将艺术家/专辑添加到{appName}",
    "EnabledHelpText": "检查以启用发布配置文件",
    "EndedAllTracksDownloaded": "完成（所有曲目已下载）",
    "EntityName": "实体名称",
    "Error": "错误",
    "ErrorRestoringBackup": "恢复备份错误",
    "Events": "事件",
    "EventType": "事件类型",
    "ExistingTagsScrubbed": "已删除现有标签",
    "Filters": "过滤器",
    "FreeSpace": "剩余空间",
    "General": "通用",
    "Genres": "类型",
    "Grabbed": "已抓取",
    "HardlinkCopyFiles": "硬链接/复制文件",
    "HideAdvanced": "隐藏高级",
    "IfYouDontAddAnImportListExclusionAndTheArtistHasAMetadataProfileOtherThanNoneThenThisAlbumMayBeReaddedDuringTheNextArtistRefresh": "如果您不添加导入列表排除项，并且艺术家元数据配置不是“无”，那这张专辑可能会在下次艺术家刷新时重新添加。",
    "Import": "导入",
    "ImportFailures": "导入失败",
    "ImportListExclusions": "导入列表例外",
    "ImportLists": "导入列表",
    "ImportListSettings": "常规导入列表设置",
    "ImportListSpecificSettings": "导入列表特定设置",
    "IndexerDownloadClientHelpText": "指定从此索引器抓取的下载客户端",
    "IndexerIdHelpText": "指定配置文件应用于哪个索引器",
    "IndexerIdHelpTextWarning": "使用带有首字母的特定索引器可能会导致复制版本被抓取",
    "IndexerTagHelpText": "仅对至少有一个匹配标记的电影使用此索引器。留空则适用于所有电影。",
    "Info": "信息",
    "InstanceName": "中文",
    "InstanceNameHelpText": "选项卡及日志应用名称",
    "InteractiveImport": "手动导入",
    "LastDuration": "上一次用时",
    "LastExecution": "上一次执行",
    "LastUsed": "上次使用",
    "LastWriteTime": "最后写入时间",
    "Library": "库",
    "LidarrSupportsMultipleListsForImportingAlbumsAndArtistsIntoTheDatabase": "{appName}支持将专辑和艺术家导入数据库的多个列表。",
    "Manual": "手动",
    "ManualDownload": "手动下载",
    "MediaManagement": "媒体管理",
    "Metadata": "元数据",
    "MonitorAlbumExistingOnlyWarning": "这是对每张专辑的监控设置的一次性调整  使用艺术家/编辑下的选项来控制新添加的专辑将如何",
    "MonitoredOnly": "已追踪项",
    "MonitoringOptions": "监控选项",
    "MonitoringOptionsHelpText": "添加艺术家后应该监控哪些专辑（一次性调整）",
    "MonitorNewItemsHelpText": "哪些新专辑应被监控",
    "MoveFiles": "移动文件",
    "MusicBrainzArtistID": "MusicBrainz作者ID",
    "MusicBrainzRecordingID": "MusicBrainz 唱片ID",
    "MusicBrainzReleaseID": "MusicBrainz发行ID",
    "MusicBrainzTrackID": "MusicBrainz曲目ID",
    "Never": "永不",
    "NextExecution": "接下来执行",
    "NoneData": "不会监控任何专辑",
    "NoTagsHaveBeenAddedYet": "未添加标签",
    "OnImportFailure": "在导入失败时",
    "OnlyTorrent": "只有torrent",
    "OnlyUsenet": "只有usenet",
    "PastDays": "过去天数",
    "PastDaysHelpText": "iCal订阅地址 过去天数",
    "Peers": "用户",
    "PreferAndUpgrade": "首选并升级",
    "PreferredProtocol": "首选协议",
    "Progress": "进度",
    "QualityLimitsHelpText": "专辑播放时会自动调整限制。",
    "Queued": "队列中",
    "Rating": "评分",
    "RejectionCount": "拒绝次数",
    "ReleaseTitle": "发布资源标题",
    "Renamed": "已重命名",
    "Replace": "替换",
    "RestartRequiredHelpTextWarning": "需重启以生效",
    "RestoreBackupAdditionalInfo": "注意：{appName}将在恢复过程中自动重启并重新加载UI。",
    "Save": "保存",
    "Seeders": "种子",
    "Select...": "'选择...",
    "SelectedCountArtistsSelectedInterp": "{selectedCount}艺术家已选中",
    "SelectFolder": "选择文件夹",
    "SelectQuality": "选择质量",
    "ShouldMonitorExistingHelpText": "自动监控此列表中已经在{appName}中的专辑",
    "ShouldSearch": "搜索新项目",
    "ShouldSearchHelpText": "在索引器中搜索新添加的项目，  小心使用长列表。",
    "ShowBanners": "显示横幅",
    "ShowBannersHelpText": "显示横幅而不是名称",
    "ShowName": "显示名称",
    "SizeLimit": "尺寸限制",
    "SourceTitle": "来源标题",
    "Started": "已开始",
    "System": "系统",
    "TagAudioFilesWithMetadata": "使用元数据标记音频文件",
    "Test": "测试",
    "TheAlbumsFilesWillBeDeleted": "此专辑的文件将被删除。",
    "TimeLeft": "剩余时间",
    "Title": "标题",
    "TotalSpace": "总空间",
    "TotalTrackCountTracksTotalTrackFileCountTracksWithFilesInterp": "共{0}首曲目 . {1} 首曲目有文件.",
    "TrackTitle": "跟踪标题",
    "Ui": "UI界面",
    "UnmappedFilesOnly": "仅限未映射的文件",
    "UnmonitoredOnly": "监控中",
    "UpgradesAllowed": "允许升级",
    "Wanted": "待寻",
    "Warn": "警告",
    "WouldYouLikeToRestoreBackup": "是否要还原备份 “{name}”?",
    "WriteMetadataTags": "编写元数据标签",
    "WriteMetadataToAudioFiles": "将元数据写入音频文件",
    "SkipRedownload": "跳过重新下载",
    "DiscCount": "磁盘数量",
    "DiscNumber": "磁盘编号",
    "AddedArtistSettings": "已添加作者设置",
    "IsExpandedHideFileInfo": "隐藏文件信息",
    "IsExpandedShowFileInfo": "显示文件信息",
    "IsInUseCantDeleteAMetadataProfileThatIsAttachedToAnArtistOrImportList": "无法删除元数据配置文件，其已经附加到作者或为导入列表",
    "IsInUseCantDeleteAQualityProfileThatIsAttachedToAnArtistOrImportList": "无法删除质量配置文件，其已附加到作者或为导入列表",
    "MoveAutomatically": "自动移动",
    "StatusEndedContinuing": "仍在继续",
    "AddConnection": "添加连接",
    "Custom": "自定义",
    "EditMetadataProfile": "元数据配置",
    "Organize": "整理",
    "Other": "其他",
    "OutputPath": "输出路径",
    "QualitiesHelpText": "即使未勾选，列表中靠前的质量优先级更高。同组内的质量优先级相同。仅需勾选需要的质量",
    "ImportCompleteFailed": "导入失败",
    "TrackArtist": "歌曲歌手",
    "OnAlbumDelete": "当专辑删除时",
    "OnArtistDelete": "当歌手删除时",
    "PrimaryAlbumTypes": "首要唱片类型",
    "PrimaryTypes": "首要类型",
    "SecondaryTypes": "次要类型",
    "SelectAlbum": "选择专辑",
    "SelectAlbumRelease": "选择专辑发布状态",
    "SelectArtist": "选择歌手",
    "SelectTracks": "选择歌曲",
    "ShouldMonitorExisting": "监测现存专辑",
    "ShouldMonitorHelpText": "监测从该列表中添加的歌手和专辑",
    "ShowAlbumCount": "显示专辑个数",
    "ShowLastAlbum": "显示最后专辑",
    "SpecificAlbum": "特别专辑",
    "TrackCount": "歌曲数",
    "TrackImported": "已导入歌曲",
    "TrackProgress": "歌曲进度",
    "TrackStatus": "歌曲状态",
    "Database": "数据库",
    "EditMetadata": "编辑元数据",
    "EditReleaseProfile": "编辑发布资源配置",
    "LatestAlbumData": "监控最近和未来的专辑",
    "Disambiguation": "消除歧义",
    "IsExpandedHideAlbums": "隐藏专辑",
    "MultiDiscTrackFormat": "多碟歌曲格式",
    "DoneEditingGroups": "完成编辑组",
    "EditGroups": "编辑乐队",
    "ForNewImportsOnly": "仅适用于新导入",
    "IsExpandedHideTracks": "隐藏歌曲",
    "IsExpandedShowAlbums": "显示专辑",
    "IsExpandedShowTracks": "显示歌曲",
    "CombineWithExistingFiles": "和现有文件合并",
    "Episode": "集",
    "TrackNaming": "歌曲命名",
    "SearchForAllMissingAlbumsConfirmationCount": "你确定要搜索所有 '{0}' 个缺失专辑么？",
    "MediumFormat": "媒体格式",
    "MissingAlbums": "缺失专辑",
    "MissingTracksArtistMonitored": "缺失歌曲（歌手已监控）",
    "RefreshArtist": "刷新歌手",
    "Release": " 发布",
    "ReleasesHelpText": "修改专辑发布信息",
    "RenameTracks": "重命名歌曲",
    "SceneInformation": "场景信息",
    "SceneNumberHasntBeenVerifiedYet": "场景编号未确认",
    "SearchAlbum": "搜索专辑",
    "SearchBoxPlaceHolder": "例如：Breaking Benjamin, lidarr:854a1807-025b-42a8-ba8c-2a39717f1d25",
    "SecondaryAlbumTypes": "次要专辑类型",
    "TrackDownloaded": "已下载歌曲",
    "TrackFilesCountMessage": "没有歌曲文件",
    "TrackMissingFromDisk": "缺失歌曲",
    "AllAlbumsData": "除非特别设置，监控所有专辑",
    "FirstAlbum": "首张专辑",
    "ExpandSingleByDefaultHelpText": "单曲",
    "ExpandItemsByDefault": "默认展开列表",
    "HasMonitoredAlbumsNoMonitoredAlbumsForThisArtist": "该歌手无监控专辑",
    "HideAlbums": "隐藏专辑",
    "HideTracks": "隐藏歌曲",
    "LatestAlbum": "最近的专辑",
    "FutureAlbums": "未来专辑",
    "AddReleaseProfile": "添加发布资源配置",
    "AlbumRelease": "专辑发布",
    "AlbumReleaseDate": "专辑发布日期",
    "AlbumStatus": "专辑状态",
    "AlbumTitle": "专辑标题",
    "AlbumType": "专辑类型",
    "AreYouSure": "你确定么？",
    "ArtistName": "艺术家姓名",
    "ArtistType": "歌手类型",
    "CollapseMultipleAlbums": "折叠多个专辑",
    "ContinuingMoreAlbumsAreExpected": "需要更多专辑",
    "ContinuingOnly": "仅包含仍在继续的",
    "DateAdded": "添加日期",
    "DeleteArtist": "删除所选的歌手",
    "DeleteEmptyFoldersHelpText": "当删除歌曲文件时，也同时删除歌手和专辑的空目录",
    "DeleteTrackFile": "删除歌曲文件",
    "Discography": "音乐唱片分类目录",
    "DownloadImported": "已导入下载",
    "EditArtist": "编辑歌手",
    "EndedOnly": "仅包含已完结",
    "EpisodeDoesNotHaveAnAbsoluteEpisodeNumber": "没有编号的剧集",
    "ExistingAlbums": "现有的专辑",
    "ExpandBroadcastByDefaultHelpText": "广播",
    "LastAlbum": "最后一个专辑",
    "ManageTracks": "管理歌曲",
    "MediaCount": "媒体个数",
    "MissingTracks": "缺失歌曲",
    "MissingTracksArtistNotMonitored": "缺失专辑（歌手未监控）",
    "MonitorArtist": "监控歌手",
    "MonitoredHelpText": "下载该歌手的监控专辑",
    "MonitorNewItems": "监控新专辑",
    "MusicBrainzAlbumID": "MusicBrainz专辑ID",
    "NewAlbums": "新专辑",
    "NextAlbum": "下个专辑",
    "NoneMonitoringOptionHelpText": "不要监控歌手和专辑",
    "NotDiscography": "不是音乐作品目录",
    "OnTrackRetag": "当歌曲被重新打标时",
    "Playlist": "播放列表",
    "Proceed": "已处理",
    "ReplaceExistingFiles": "替换当前文件",
    "Retag": "重新打标",
    "Retagged": "已重新打标",
    "RootFolderPath": "根目录路径",
    "TBA": "待定",
    "TheArtistFolderStrongpathstrongAndAllOfItsContentWillBeDeleted": "艺术家文件夹“{0}”及其所有内容将被删除。",
    "Theme": "主题",
    "ThemeHelpText": "更改程序界面主题，“自动” 主题将根据您的操作系统主题来设置浅色或深色模式。灵感来自 Theme.Park",
    "MassAlbumsCutoffUnmetWarning": "你确定要搜索所有 '{0}' 个缺失专辑么？",
    "ChooseImportMethod": "选择导入模式",
    "ClickToChangeReleaseGroup": "单击更改发布组",
    "BypassIfHighestQuality": "如果质量最高，则绕过",
    "CustomFormatScore": "自定义格式分数",
    "MinimumCustomFormatScore": "最小自定义格式分数",
    "EnableRssHelpText": "当{appName}定期通过RSS同步查找发布时使用",
    "SelectReleaseGroup": "选择发布组",
    "BypassIfAboveCustomFormatScore": "若高于自定义格式分数则绕过",
    "CloneCustomFormat": "复制自定义格式",
    "Conditions": "条件",
    "CouldntFindAnyResultsForTerm": "未找到 '{0}' 的任何结果",
    "DownloadClientRootFolderHealthCheckMessage": "下载客户端{downloadClientName}将下载内容放在根文件夹{rootFolderPath}中。您不应该下载到根文件夹。",
    "DownloadClientCheckNoneAvailableMessage": "无可用的下载客户端",
    "DownloadClientCheckUnableToCommunicateMessage": "无法与 {0} 进行通讯。",
    "DownloadClientStatusCheckAllClientMessage": "下载客户端因故障均不可用",
    "DownloadPropersAndRepacksHelpTextWarning": "使用自定义格式自动升级到合适的或者Repack",
    "DownloadClientStatusCheckSingleClientMessage": "下载客户端因故障不可用： {0}",
    "DownloadedUnableToImportCheckLogsForDetails": "已下载 - 无法导入：查看日志获取详细信息",
    "ExportCustomFormat": "导出自定义格式",
    "FailedDownloadHandling": "下载失败处理",
    "FailedLoadingSearchResults": "读取搜索结果失败，请稍后重试。",
    "ForeignId": "国外 ID",
    "Formats": "格式",
    "HiddenClickToShow": "隐藏，点击显示",
    "IncludeCustomFormatWhenRenamingHelpText": "在 {Custom Formats} 中包含重命名格式",
    "IndexerRssHealthCheckNoAvailableIndexers": "由于最近索引器错误，所有支持 RSS 的索引器暂时不可用",
    "IndexerRssHealthCheckNoIndexers": "没有索引器开启 RSS 同步，{appName} 将不会自动抓取新版本",
    "IndexerSearchCheckNoInteractiveMessage": "没有启用交互式搜索的索引器，{appName}将不提供任何交互式搜索结果",
    "ItsEasyToAddANewArtistJustStartTypingTheNameOfTheArtistYouWantToAdd": "添加新的艺术家很容易，只需开始输入要添加的艺术家的名称即可。",
    "Loading": "加载中",
    "Monitor": "追踪",
    "MountArtistHealthCheckMessage": "挂载的电影目录包含只读的目录： ",
    "NegateHelpText": "如勾选，当条件 {0} 满足时不会应用自定义格式。",
    "PreferTorrent": "首选Torrent",
    "PreferUsenet": "首选Usenet",
    "ProxyCheckBadRequestMessage": "测试代理失败，状态码: {0}",
    "ProxyCheckFailedToTestMessage": "测试代理失败: {0}",
    "ProxyCheckResolveIpMessage": "无法解析已设置的代理服务器主机{0}的IP地址",
    "RecycleBinUnableToWriteHealthCheck": "无法写入配置的回收站文件夹:{0}。确保此路径存在，并且可由运行{appName}的用户写入",
    "RemotePathMappingCheckBadDockerPath": "您正在使用 docker；下载客户端 {0} 的下载目录为 {1} ，但该路径 {2} 无效。请检查您的远程路径映射和下载客户端设置。",
    "RemotePathMappingCheckLocalWrongOSPath": "本地下载客户端 {0} 报告文件在目录 {1} 中，但是该地址 {2} 非法。请检查您的下载客户端设置。",
    "ShownClickToHide": "显示，点击隐藏",
    "CustomFormat": "自定义格式",
    "CustomFormatRequiredHelpText": "此{0}条件必须匹配才能应用自定义格式。否则，单个{1}匹配就足够了。",
    "CustomFormatSettings": "自定义格式设置",
    "CustomFormats": "自定义格式",
    "Customformat": "自定义命名格式",
    "CutoffFormatScoreHelpText": "一旦自定义格式分数满足则{appName}不会再抓取专辑",
    "DeleteCustomFormatMessageText": "您确定要删除自定义格式 “{name}” 吗?",
    "DeleteFormatMessageText": "您确定要删除格式标签“{name}”吗?",
    "ImportListStatusCheckAllClientMessage": "所有的列表因错误不可用",
    "ImportListStatusCheckSingleClientMessage": "列表因错误不可用：{0}",
    "ImportMechanismHealthCheckMessage": "启用下载完成处理",
    "IndexerStatusCheckAllClientMessage": "所有索引器都因错误不可用",
    "IndexerStatusCheckSingleClientMessage": "索引器因错误不可用：{0}",
    "RemotePathMappingCheckDockerFolderMissing": "您正在使用 docker；下载客户端 {0} 的下载目录为 {1} ，但该目录似乎不存在于 docker 容器内。请检查您的远程路径映射和容器卷设置。",
    "RemotePathMappingCheckDownloadPermissions": "{appName}可以找到但无法访问已下载的电影 {0} ，可能是权限错误。",
    "RemotePathMappingCheckFileRemoved": "文件{0} 在处理的过程中被部分删除。",
    "RemotePathMappingCheckFilesBadDockerPath": "您正在使用 docker；下载客户端 {0} 的下载目录为 {1} ，但该路径 {2} 无效。请检查您的远程路径映射和下载客户端设置。",
    "RemotePathMappingCheckFilesGenericPermissions": "下载{1}中客户端{0}报告的文件，但{appName}无法看到此目录。您可能需要调整文件夹的权限。",
    "RemotePathMappingCheckFilesLocalWrongOSPath": "本地下载客户端 {0} 报告文件在目录 {1} 中，但是该地址 {2} 非法。请检查您的下载客户端设置。",
    "RemotePathMappingCheckFilesWrongOSPath": "远程下载客户端 {0} 的下载目录为 {1} ，但该路径 {2} 无效。请检查您的远程路径映射和下载客户端设置。",
    "RemotePathMappingCheckGenericPermissions": "下载客户端{0}将下载放置在{1}中，但 {appName} 无法看到此目录。您可能需要调整文件夹的权限。",
    "RemotePathMappingCheckImportFailed": "{appName}导入电影失败，请查看日志文件获取详细信息。",
    "RemotePathMappingCheckLocalFolderMissing": "远程下载客户端 {0} 的下载目录为 {1} ，但该目录似乎不存在。可能是远程路径映射缺失或错误。",
    "RemotePathMappingCheckRemoteDownloadClient": "远程下载客户端 {0} 的下载目录为 {1} ，但该目录似乎不存在。可能是远程路径映射缺失。",
    "RemotePathMappingCheckWrongOSPath": "远程下载客户端 {0} 的下载目录为 {1} ，但该路径 {2} 无效。请检查您的远程路径映射和下载客户端设置。",
    "AppDataLocationHealthCheckMessage": "为防止在更新时删除 AppData，更新将无法进行",
    "ColonReplacement": "替换冒号",
    "CopyToClipboard": "复制到剪贴板",
    "DeleteCustomFormat": "删除自定义格式",
    "Disabled": "已禁用",
    "IndexerJackettAll": "使用 Jackett 不受支持的“全部”终点的索引器：{0}",
    "IndexerLongTermStatusCheckAllClientMessage": "由于故障超过6小时，所有索引器均不可用",
    "IndexerLongTermStatusCheckSingleClientMessage": "由于故障6小时，下列索引器都已不可用：{0}",
    "IndexerSearchCheckNoAvailableIndexersMessage": "由于最近索引器错误，所有支持搜索的索引器暂时不可用",
    "IndexerSearchCheckNoAutomaticMessage": "没有索引器开启自动搜索，{appName} 将不会提供任何自动搜索结果",
    "MinFormatScoreHelpText": "允许下载的最小自定义格式分数",
    "Monitoring": "监控中",
    "RemotePathMappingCheckFolderPermissions": "{appName}可以找到但是无法访问已下载的目录 {0} ，可能是权限错误。",
    "ReplaceWithDash": "使用破折号（xx-xx）替换",
    "ReplaceWithSpaceDash": "使用空格破折号（xx -xx）替换",
    "ReplaceWithSpaceDashSpace": "使用空格破折号空格（xx - xx）替换",
    "ResetDefinitionTitlesHelpText": "重置定义标题和值",
    "ResetDefinitions": "重置定义",
    "ResetTitles": "重置标题",
    "RootFolderCheckMultipleMessage": "多个根目录缺失：{0}",
    "RootFolderCheckSingleMessage": "缺少根目录: {0}",
    "SpecificMonitoringOptionHelpText": "监控艺术家，但只监控明确包含在列表中的专辑",
    "SystemTimeCheckMessage": "系统时间相差超过1天。在纠正时间之前，计划的任务可能无法正确运行",
    "ThereWasAnErrorLoadingThisItem": "加载此项目时出错",
    "ThereWasAnErrorLoadingThisPage": "加载此页时出错",
    "UnableToLoadCustomFormats": "无法加载自定义格式",
    "UnableToLoadInteractiveSearch": "无法加载该专辑的搜索结果，请稍后重试",
    "UpdateAvailableHealthCheckMessage": "有新的更新可用：{version}",
    "UpdateCheckStartupNotWritableMessage": "无法安装更新，因为用户“{1}”对于启动文件夹“{0}”没有写入权限。",
    "UpdateCheckStartupTranslocationMessage": "无法安装更新，因为启动文件夹“{0}”在一个应用程序迁移文件夹。Cannot install update because startup folder '{0}' is in an App Translocation folder.",
    "UpdateCheckUINotWritableMessage": "无法安装升级，因为用户“{1}”不可写入界面文件夹“{0}”。",
    "DeleteRemotePathMappingMessageText": "您确认要删除此远程路径映射吗？",
    "DeleteCondition": "删除条件",
    "ListRefreshInterval": "列表刷新间隔",
    "ApiKeyValidationHealthCheckMessage": "请将 API 密钥更新为至少 {0} 个字符长度。您可以通过设置页面或修改配置文件完成此操作",
    "ApplyChanges": "应用更改",
    "CountDownloadClientsSelected": "{selectedCount}下载客户端已选中",
    "CountImportListsSelected": "{selectedCount}导入列表已选中",
    "CountIndexersSelected": "{selectedCount}索引器已选中",
    "DeleteSelectedDownloadClients": "删除选定的下载客户端",
    "DeleteSelectedDownloadClientsMessageText": "您确定要删除 {count} 个选定的下载客户端吗?",
    "DeleteSelectedImportLists": "删除导入列表",
    "DeleteSelectedImportListsMessageText": "您确定要删除选定的{count}导入列表吗?",
    "DeleteSelectedIndexers": "删除索引器",
    "DeleteSelectedIndexersMessageText": "您确定要删除选定的 {count} 个索引器吗?",
    "ManageClients": "管理客户",
    "ListWillRefreshEveryInterp": "列表将每 {0} 刷新一次",
    "AutomaticAdd": "自动添加",
    "EditSelectedDownloadClients": "编辑选定的下载客户端",
    "EditSelectedImportLists": "编辑选定的导入列表",
    "EditSelectedIndexers": "编辑选定索引器",
    "Implementation": "执行",
    "ManageDownloadClients": "管理下载客户端",
    "ManageImportLists": "管理导入列表",
    "ManageIndexers": "管理索引器",
    "ManageLists": "管理列表",
    "NoDownloadClientsFound": "找不到下载客户端",
    "NoHistoryBlocklist": "没有历史黑名单",
    "NoImportListsFound": "未找到导入列表",
    "NoIndexersFound": "未找到索引器",
    "OnHealthRestored": "健康度恢复",
    "RemoveSelectedItemBlocklistMessageText": "您确定要从阻止列表中删除所选项目吗？",
    "ResetQualityDefinitionsMessageText": "您确定要重置质量定义吗？",
    "ApplyTagsHelpTextRemove": "移除: 移除已输入的标签",
    "ApplyTagsHelpTextAdd": "添加: 添加标签至已有的标签列表中",
    "ApplyTagsHelpTextReplace": "替换: 用输入的标签替换当前标签 (不输入将会清除所有标签)",
    "ApplyTagsHelpTextHowToApplyDownloadClients": "如何将标签应用到已选中的下载客户端",
    "ApplyTagsHelpTextHowToApplyImportLists": "如何将标签应用到已选中的导入列表",
    "ApplyTagsHelpTextHowToApplyIndexers": "如何将标签应用到已选中的索引器",
    "Negated": "无效的",
    "No": "否",
    "NoChange": "无修改",
    "AutoAdd": "自动添加",
    "BlocklistReleases": "发布资源黑名单",
    "Required": "强制匹配",
    "SetTags": "设置标签",
    "ExistingTag": "已有标签",
    "NoEventsFound": "无事件",
    "RemoveSelectedItem": "移除选中项",
    "RemoveSelectedItems": "移除选中项",
    "RemovingTag": "正在移除标签",
    "Yes": "确定",
    "ResetQualityDefinitions": "重置质量定义",
    "Album": "专辑",
    "SomeResultsAreHiddenByTheAppliedFilter": "部分结果已被过滤隐藏",
    "SuggestTranslationChange": "建议翻译改变 Suggest translation change",
    "BlocklistReleaseHelpText": "防止{appName}再次自动抓取此版本",
    "UpdateSelected": "更新选择的内容",
    "DeleteConditionMessageText": "您确定要删除条件“{name}”吗?",
    "DownloadClientSortingCheckMessage": "下载客户端 {0} 为 {appName} 的类别启用了 {1} 排序。 您应该在下载客户端中禁用排序以避免导入问题。",
    "FailedToLoadQueue": "读取队列失败",
    "MonitorExistingAlbums": "监测已有专辑",
    "MonitorNewAlbums": "新专辑",
    "ApplyTagsHelpTextHowToApplyArtists": "如何将标记应用于所选剧集",
    "DeleteRemotePathMapping": "删除远程路径映射",
    "DownloadClientTagHelpText": "仅将此下载客户端用于至少具有一个匹配标签的电影。留空可用于所有电影。",
    "QueueIsEmpty": "空队列",
    "ResetTitlesHelpText": "重置定义标题和值",
    "RemoveCompletedDownloads": "移除已完成的下载记录",
    "RemoveFailedDownloads": "移除失败下载记录",
    "RemoveSelectedItemQueueMessageText": "您确认要从队列中移除 1 项吗？",
    "RemoveSelectedItemsQueueMessageText": "您确定要从队列中删除 {0} 个项目吗？",
    "ShowNextAlbum": "显示最后专辑",
    "CountArtistsSelected": "{count}位艺术家已选中",
    "AllResultsAreHiddenByTheAppliedFilter": "根据过滤条件所有结果已隐藏",
    "NoResultsFound": "无结果",
    "ConnectionLost": "连接丢失",
    "ConnectionLostReconnect": "{appName} 将会尝试自动连接，您也可以点击下方的重新加载。",
    "ConnectionLostToBackend": "{appName}失去了与后端的连接，需要重新加载以恢复功能。",
    "WhatsNew": "什么是新的？",
    "NotificationStatusAllClientHealthCheckMessage": "由于故障，所有通知都不可用",
    "NotificationStatusSingleClientHealthCheckMessage": "由于失败导致通知不可用:{0}",
    "RecentChanges": "最近修改",
    "AddConnectionImplementation": "添加连接- {implementationName}",
    "AddDownloadClientImplementation": "添加下载客户端- {implementationName}",
    "AddIndexerImplementation": "添加索引器 - {implementationName}",
    "AutomaticUpdatesDisabledDocker": "使用 Docker 更新机制时，自动更新不被直接支持。您需要在 {appName} 之外更新容器镜像，或使用脚本进行更新",
    "Clone": "复制",
    "AppUpdated": "{appName} 已更新",
    "AddConditionImplementation": "添加条件 - {implementationName}",
    "AddImportList": "添加导入列表",
    "AddImportListImplementation": "添加导入列表- {implementationName}",
    "ErrorLoadingContent": "加载此内容时出现错误",
    "HealthMessagesInfoBox": "您可以通过单击行尾的 wiki 链接（图书图标）或检查 [日志]({link}) 来获取导致此类运行状态消息的更多信息。如果您在理解此类信息方面有困难，您可以通过以下链接联系我们以获得支持。",
    "ImportListRootFolderMissingRootHealthCheckMessage": "在导入列表中缺少根目录文件夹：{0}",
    "ImportListRootFolderMultipleMissingRootsHealthCheckMessage": "导入列表中缺失多个根目录文件夹",
    "NoCutoffUnmetItems": "没有未达截止条件的项目",
    "BypassIfAboveCustomFormatScoreHelpText": "当抓取发布版本的分数高于配置的最低自定义格式分数时跳过延时",
    "BypassIfHighestQualityHelpText": "当发布版本在使用首选协议的质量配置文件中具有最高启用质量时，跳过延迟",
    "PreferProtocol": "首选 {preferredProtocol}",
    "SkipRedownloadHelpText": "阻止 {appName} 尝试下载已删除项目的替代版本",
    "AppUpdatedVersion": "{appName} 已经更新到版本 {version} ，重新加载 {appName} 使更新生效",
    "DeleteFormat": "删除格式",
    "CloneCondition": "克隆条件",
    "DashOrSpaceDashDependingOnName": "破折号或空格破折号取决于名字",
    "EditConditionImplementation": "编辑条件- {implementationName}",
    "EditConnectionImplementation": "编辑连接- {implementationName}",
    "EditDownloadClientImplementation": "编辑下载客户端- {implementationName}",
    "EditImportListImplementation": "编辑导入列表- {implementationName}",
    "EditIndexerImplementation": "编辑索引器- {implementationName}",
    "Enabled": "已启用",
    "NoMissingItems": "没有缺失的项目",
    "Priority": "优先级",
    "RemotePathMappingsInfo": "很少需要远程路径映射，如果 {appName} 和您的下载客户端在同一系统上，则最好匹配您的路径。更多信息，请参阅[wiki]({wikiLink})",
    "Total": "全部的",
    "MinimumCustomFormatScoreHelpText": "跳过首选协议延迟所需的最低自定义格式分数",
    "SmartReplace": "智能替换",
    "IndexerDownloadClientHealthCheckMessage": "有无效下载客户端的索引器：{0}。",
    "AddNewArtistRootFolderHelpText": "将自动创建 '{folder}' 子文件夹",
    "NoAlbums": "没有专辑",
    "AlbumCount": "专辑数量",
    "DownloadedImporting": "“已下载-导入”",
    "AddImportListExclusionArtistHelpText": "阻止艺术家通过导入列表添加到{appName}",
    "AddImportListExclusionAlbumHelpText": "阻止专辑通过导入列表添加到{appName}列表",
    "GroupInformation": "群组信息",
    "OneAlbum": "1专辑",
    "MonitorAlbum": "监控专辑",
    "CountAlbums": "{albumCount} 专辑",
    "DownloadedWaitingToImport": "“已下载-等待导入”",
    "ExpandEPByDefaultHelpText": "EPs",
    "FilterAlbumPlaceholder": "过滤专辑",
    "Inactive": "不活跃",
    "ShowNextAlbumHelpText": "在海报下展示下一张专辑",
    "TrackFiles": "跟踪文件",
    "AddNewAlbum": "添加新专辑",
    "AddNewArtist": "添加新艺术家",
    "DeleteSelected": "删除所选项",
    "FilterArtistPlaceholder": "过滤艺术家",
    "DownloadClientRemovesCompletedDownloadsHealthCheckMessage": "下载客户端 {0} 被设置为删除已完成的下载。这可能导致在 {1} 导入之前，已下载的文件会被从您的客户端中移除。",
    "InfoUrl": "信息 URL",
    "GrabId": "抓取ID",
    "InvalidUILanguage": "您的 UI 设置为无效语言，请纠正并保存设置",
    "AuthenticationMethod": "认证方式",
    "AuthenticationMethodHelpTextWarning": "请选择一个有效的认证方式",
    "AuthenticationRequired": "需要认证",
    "Auto": "自动",
    "Banners": "横幅",
    "BannerOptions": "横幅选项",
    "AuthenticationRequiredPasswordHelpTextWarning": "请输入新密码",
    "AuthenticationRequiredUsernameHelpTextWarning": "请输入新用户名",
    "AuthenticationRequiredHelpText": "更改需要进行验证的请求。除非您了解其中的风险，否则请勿更改。",
    "AuthenticationRequiredWarning": "为防止未经认证的远程访问，{appName} 现需要启用身份认证。您可以选择禁用本地地址的身份认证。",
    "DisabledForLocalAddresses": "在本地地址上禁用",
    "Overview": "概览",
    "OverviewOptions": "概览选项",
    "PosterOptions": "海报选项",
    "Posters": "海报",
    "OrganizeSelectedArtists": "整理选定的剧集",
    "Table": "表格",
    "AddAutoTag": "添加自动标签",
    "AddCondition": "添加条件",
    "AddConditionError": "无法添加新条件，请再试一次。",
    "AddListExclusionHelpText": "防止剧集通过列表添加到{appName}",
    "AlbumsLoadError": "无法加载备份",
    "AuthForm": "表单（登陆页面）",
    "SupportedAutoTaggingProperties": "{appName}支持自动标记规则的以下属性",
    "UpdateFiltered": "更新已过滤的内容",
    "AuthBasic": "基础（浏览器弹出对话框）",
    "Deceased": "已故",
    "External": "外部的",
    "UpdateMonitoring": "更新监控的内容",
    "ArtistIsUnmonitored": "艺术家未监控",
    "ArtistsEditRootFolderHelpText": "将系列移动到相同的根文件夹可用于重命名系列文件夹以匹配已更新的标题或命名格式",
    "ConditionUsingRegularExpressions": "此条件使用正则表达式匹配。请注意字符 `\\^$.|?*+()[{` 具有特殊含义，需要用转义符 `\\`",
    "DeleteSpecification": "删除规范",
    "Large": "大",
    "Negate": "反选",
    "QueueFilterHasNoItems": "所选的队列过滤器中无项目",
    "RegularExpressionsCanBeTested": "正则表达式可在 [此处]({url}) 测试。",
    "ReleaseProfile": "发行配置文件",
    "RemoveTagsAutomatically": "自动移除标签",
    "RemoveTagsAutomaticallyHelpText": "如果条件不满足，则自动移除标签",
    "RenameFiles": "重命名文件",
    "AutoTagging": "自动标记",
    "AutoTaggingLoadError": "无法加载自动标记",
    "AutoTaggingNegateHelpText": "如果选中，当 {implementationName} 条件匹配时，自动标记不会应用。",
    "AutoTaggingRequiredHelpText": "此 {implementationName} 条件必须匹配才能应用自动标记规则。否则，单个 {implementationName} 匹配就足够了。",
    "CloneAutoTag": "复制自动标签",
    "Connection": "连接",
    "DeleteArtistFolderCountConfirmation": "确定要删除选定的 {count} 个的网站吗？",
    "DeleteArtistFolderCountWithFilesConfirmation": "确定要删除选定的 {count} 个的网站和所有内容吗？",
    "DeleteAutoTag": "删除自动标签",
    "ImportList": "导入列表",
    "MonitorArtists": "监控歌手",
    "RegularExpressionsTutorialLink": "有关正则表达式的更多详细信息，请参阅[此处]({url})。",
    "DeleteArtistFolderHelpText": "删除站点文件夹及其内容",
    "DeleteArtistFoldersHelpText": "删除剧集文件夹及其所含文件",
    "DeleteAutoTagHelpText": "您确定要删除 “{name}” 自动标签吗？",
    "DeleteSelectedArtists": "删除所选的歌手",
    "DeleteSpecificationHelpText": "您确定要删除规范 '{name}' 吗？",
    "EditAutoTag": "编辑自动标签",
    "AuthenticationRequiredPasswordConfirmationHelpTextWarning": "确认新密码",
    "ClearBlocklist": "清空黑名单",
    "ClearBlocklistMessageText": "您确认要将黑名单中的所有项目清空吗？",
    "PasswordConfirmation": "确认密码",
    "Small": "小",
    "AlbumStudioTruncated": "只显示最新的25季，点击详情查看所有的季",
    "ArtistIsMonitored": "艺术家未监控",
    "AddNewArtistSearchForMissingAlbums": "开始搜索缺失的专辑",
    "EnableProfile": "启用配置",
    "AlbumDetails": "专辑详情",
    "AddAlbumWithTitle": "添加 {albumTitle}",
    "AddArtistWithName": "添加 {artistName}",
    "AddNewAlbumSearchForNewAlbum": "开始搜索新专辑",
    "ExtraFileExtensionsHelpTextsExamples": "示例：’.sub,.nfo‘ 或 ’sub,nfo‘",
    "ExtraFileExtensionsHelpText": "要导入的额外文件列表，以逗号分隔（.nfo 文件会被导入为 .nfo-orig）",
    "DownloadClientQbittorrentSettingsContentLayout": "内容布局",
    "DownloadClientQbittorrentSettingsContentLayoutHelpText": "是否使用 qBittorrent 的已配置内容布局、种子的原始布局或始终创建子文件夹（qBittorrent 4.3.2+）",
    "NoLimitForAnyDuration": "不限制任何运行环境",
    "NoMinimumForAnyDuration": "运行环境没有最小限制",
    "PreferredSize": "首选专辑大小",
    "Unlimited": "无限制",
    "DownloadClientPriorityHelpText": "下载客户端优先级，从1（最高）到50（最低），默认为1。具有相同优先级的客户端将轮换使用。",
    "IndexerSettingsRejectBlocklistedTorrentHashes": "抓取时拒绝列入黑名单的种子散列值",
    "AutoRedownloadFailedFromInteractiveSearch": "失败时重新下载来自手动搜索的资源",
    "IncludeHealthWarnings": "包含健康度警告",
    "RemoveQueueItem": "移除 - {sourceTitle}",
    "AutoRedownloadFailedFromInteractiveSearchHelpText": "当从手动搜索中抓取的发布资源下载失败时，自动搜索并尝试下载不同的发布资源",
    "DownloadClientAriaSettingsDirectoryHelpText": "下载位置可选择，留空使用 Aria2 默认位置",
    "CustomFormatsSpecificationRegularExpression": "正则表达式",
    "RemoveQueueItemConfirmation": "您确定要从队列中移除 “{sourceTitle}” 吗？",
    "AutoRedownloadFailed": "失败时重新下载",
    "AlbumStudioTracksDownloaded": "{trackFileCount}/{totalTrackCount} 首曲目已下载",
    "ArtistProgressBarText": "{trackFileCount} / {trackCount} (共: {totalTrackCount}, 正在下载: {downloadingCount})",
    "ChangeCategory": "修改分类",
    "ArtistMonitoring": "监控中的艺术家",
    "ArtistIndexFooterDownloading": "正在下载",
    "AutomaticSearch": "自动搜索",
    "Dash": "破折号",
    "DefaultCase": "默认大小写",
    "KeyboardShortcuts": "快捷键",
    "Links": "链接",
    "Period": "时期",
    "Space": "空格",
    "MonitoredStatus": "已追踪/状态",
    "Logout": "注销",
    "Lowercase": "小写字母",
    "MassSearchCancelWarning": "在不重启 {appName} 或禁用所有索引器的情况下，一旦启动便无法取消此操作。",
    "Underscore": "下划线",
    "Uppercase": "大写字母",
    "Donate": "捐赠",
    "DownloadClientsSettingsSummary": "下载客户端、下载处理和远程路径映射",
    "FileNameTokens": "文件名标记",
    "GeneralSettingsSummary": "端口、SSL、用户名/密码、代理、分析、更新",
    "IndexersSettingsSummary": "索引器和索引器选项",
    "MediaManagementSettingsSummary": "命名，文件管理和根文件夹设置",
    "MetadataSettingsArtistSummary": "在导入专辑或刷新艺术家时创建元数据文件",
    "QualitySettingsSummary": "质量标准和命名",
    "ConnectSettingsSummary": "通知、与媒体服务器/播放器的连接及自定义脚本",
    "CustomFormatsSettings": "自定义格式设置",
    "CustomFormatsSettingsSummary": "自定义格式和设置",
    "ImportListsSettingsSummary": "从另一个 {appName} 实例或 Trakt 列表导入并管理列表排除项",
    "ProfilesSettingsArtistSummary": "质量、元数据、延迟、发行配置",
    "SearchForAllCutoffUnmetAlbumsConfirmationCount": "您确定要搜索所有{totalRecords}Cutoff Unmet的剧集吗？",
    "TagsSettingsSummary": "显示全部标签和标签使用情况，可删除未使用的标签",
    "UiSettingsSummary": "日历、日期和色弱模式选项",
    "CustomFormatsSpecificationRegularExpressionHelpText": "自定义格式正则表达式不区分大小写",
    "DeleteArtistFolders": "删除艺术家的多个文件夹",
    "DoNotBlocklistHint": "删除而不列入黑名单",
    "DoNotBlocklist": "不要列入黑名单",
    "IgnoreDownloads": "忽略下载",
    "IgnoreDownloadHint": "阻止 {appName} 进一步处理此下载",
    "IgnoreDownload": "忽略下载",
    "IndexerSettingsRejectBlocklistedTorrentHashesHelpText": "即使种子的散列值被列入黑名单，某些索引器在 RSS 同步或者搜索期间可能无法正确拒绝它，启用此功能将允许在抓取种子之后但在将其发送到下载客户端之前拒绝它。",
    "Menu": "菜单",
    "RemoveMultipleFromDownloadClientHint": "从下载客户端删除下载和文件",
    "RemoveQueueItemsRemovalMethodHelpTextWarning": "“从下载客户端中移除” 将从下载客户端中移除下载记录和文件。",
    "SetAppTags": "设置 {appName} 标签",
    "TrackFileDeletedTooltip": "曲目文件已删除",
    "TrackFileMissingTooltip": "曲目文件丢失",
    "RetagSelectedArtists": "重新标记选定的艺术家",
    "TrackFilesLoadError": "无法加载曲目文件",
    "RemoveQueueItemRemovalMethod": "移除方法",
    "RemoveQueueItemRemovalMethodHelpTextWarning": "“从下载客户端中移除” 将从下载客户端中移除下载记录和文件。",
    "TrackFileRenamedTooltip": "曲目文件已被重命名",
    "EmbedCoverArtHelpText": "编写标签时将 {appName} 专辑封面嵌入到音频文件中",
    "EmbedCoverArtInAudioFiles": "在音频文件中嵌入封面艺术",
    "IgnoreDownloadsHint": "阻止 {appName} 进一步处理这些下载",
    "RemoveFromDownloadClientHint": "从下载客户端中移除下载记录和文件",
    "TrackFileTagsUpdatedTooltip": "曲目文件标签已更新",
    "EditSelectedArtists": "编辑所选艺术家",
    "NoTracksInThisMedium": "该媒体中没有曲目",
    "DeleteArtistFolder": "删除艺术家文件夹",
    "FormatAgeDay": "天",
    "FormatAgeDays": "天",
    "FormatAgeHour": "小时",
    "FormatAgeHours": "小时",
    "FormatAgeMinute": "分钟",
    "FormatAgeMinutes": "分钟",
    "FormatDateTimeRelative": "{relativeDay}，{formattedDate} {formattedTime}",
    "FormatDateTime": "{formattedDate} {formattedTime}",
    "FormatRuntimeHours": "{hours}小时",
    "FormatRuntimeMinutes": "{minutes}分",
    "FormatShortTimeSpanHours": "{hours}小时",
    "FormatTimeSpanDays": "{days}天 {time}",
    "FormatShortTimeSpanMinutes": "{minutes}分钟",
    "FormatShortTimeSpanSeconds": "{seconds}秒钟",
    "MonitorAllAlbums": "全部专辑",
    "MonitorFirstAlbum": "第一张专辑",
    "MonitorFutureAlbums": "未来的专辑",
    "MonitorLastestAlbum": "最新的专辑",
    "MonitorMissingAlbums": "缺失的专辑",
    "MonitorNoAlbums": "无",
    "MonitorNoNewAlbums": "没有新专辑",
    "Tomorrow": "明天",
    "Yesterday": "昨天",
    "ChangeCategoryMultipleHint": "将下载客户端中的下载内容更改为 “导入后类别”",
    "ChangeCategoryHint": "将下载客户端中的下载内容更改为 “导入后类别”",
    "OnArtistAdd": "在添加艺术家时",
    "BlocklistAndSearch": "黑名单和搜索",
    "BlocklistAndSearchHint": "列入黑名单后开始一次搜索替换",
    "BlocklistAndSearchMultipleHint": "列入黑名单后开始多次搜索替换",
    "BlocklistMultipleOnlyHint": "无需搜索替换的黑名单",
    "BlocklistOnly": "仅限黑名单",
    "BlocklistOnlyHint": "无需一次搜索替换的黑名单",
    "GrabReleaseUnknownArtistOrAlbumMessageText": "{appName}无法确定这个发布版本是哪部剧集的哪一集，{appName}可能无法自动导入此版本，你想要获取“{title}”吗？",
    "NotificationsKodiSettingAlwaysUpdate": "总是更新",
    "NotificationsKodiSettingsCleanLibraryHelpText": "更新后清理资源库",
    "NotificationsKodiSettingsDisplayTime": "显示时间",
    "NotificationsKodiSettingsGuiNotification": "图形界面通知",
    "NotificationsPlexSettingsAuthToken": "验证令牌",
    "NotificationsPlexSettingsAuthenticateWithPlexTv": "使用 Plex.tv 验证身份",
    "Rejections": "拒绝",
    "CustomFilter": "自定义过滤器",
    "AddToDownloadQueue": "添加到下载队列",
    "AddedToDownloadQueue": "已加入下载队列",
    "IndexerFlags": "索引器标志",
    "NotificationsEmbySettingsSendNotifications": "发送通知",
    "NotificationsKodiSettingAlwaysUpdateHelpText": "即使有视频正在播放也更新资源库？",
    "NotificationsKodiSettingsCleanLibrary": "清理资源库",
    "NotificationsKodiSettingsDisplayTimeHelpText": "通知显示时长（秒）",
    "NotificationsKodiSettingsUpdateLibraryHelpText": "导入和重命名时更新资源库？",
    "ConnectionSettingsUrlBaseHelpText": "向 {connectionName} URL 添加前缀，例如 {url}",
    "DownloadClientDelugeSettingsDirectoryHelpText": "下载位置可选择，留空使用 Deluge 默认位置",
    "UseSsl": "使用 SSL",
    "CustomFormatsSpecificationFlag": "标记",
    "AutoTaggingSpecificationTag": "标签",
    "AddAutoTagError": "无法添加新的自动标签，请重试。",
    "ClickToChangeIndexerFlags": "点击修改索引器标志",
    "CustomFormatsSettingsTriggerInfo": "当一个发布版本或文件至少匹配其中一个条件时，自定义格式将会被应用到此版本或文件上。",
    "IndexerPriorityHelpText": "索引器优先级从1(最高)到50(最低)，默认25。当资源连接中断时寻找同等资源时使用，否则 {appName} 将依旧使用已启用的索引器进行 RSS 同步与搜索",
    "IndexerSettingsSeedRatio": "做种比率",
    "IndexerSettingsSeedRatioHelpText": "停止之前应达到的做种比率，留空使用下载客户端的默认值。 比率应至少为 1.0 并遵循索引器规则",
    "IndexerSettingsSeedTimeHelpText": "停止前应做种的时间，留空使用下载客户端的默认值",
    "InteractiveSearchModalHeader": "手动搜索",
    "DownloadClientDelugeSettingsDirectoryCompletedHelpText": "下载完成后移动至可选位置，留空使用 Deluge 默认位置",
    "IndexerSettingsSeedTime": "做种时间",
    "Parse": "解析",
    "Repack": "重新打包",
    "False": "否",
    "ParseModalErrorParsing": "解析错误，请重试。",
    "ParseModalHelpText": "在上面的输入框中输入一个发布资源标题",
    "ParseModalHelpTextDetails": "{appName} 将尝试解析标题并向您显示有关详情",
    "ParseModalUnableToParse": "无法解析提供的标题，请重试。",
    "TestParsing": "测试解析",
    "True": "是",
    "Any": "任何",
    "BuiltIn": "内置的",
    "Script": "脚本",
    "WithFiles": "带文件",
    "IncludeCustomFormatWhenRenaming": "重命名时包含自定义格式",
    "DeleteSelectedCustomFormats": "删除自定义命名格式",
    "DeleteSelectedCustomFormatsMessageText": "您确定要删除选定的{count}导入列表吗?",
    "InteractiveSearchModalHeaderTitle": "手动搜索 - {title}",
    "NotificationsSettingsUpdateMapPathsFrom": "路径映射自",
    "NotificationsSettingsUseSslHelpText": "使用 HTTPS 而非 HTTP 连接至 {serviceName}",
    "CountCustomFormatsSelected": "已选择 {count} 自定义格式",
    "DownloadClientDelugeSettingsDirectory": "下载目录",
    "EditSelectedCustomFormats": "编辑选择的自定义格式",
    "LabelIsRequired": "需要标签",
    "LogSizeLimit": "日志大小限制",
    "LogSizeLimitHelpText": "存档前的最大日志文件大小（MB）。默认值为 1 MB。",
    "ManageCustomFormats": "管理自定义格式",
    "SetIndexerFlags": "设置索引器标志",
    "SelectIndexerFlags": "选择索引器标志",
    "NotificationsSettingsUpdateMapPathsToHelpText": "{serviceName} 路径，当 {serviceName} 与 {appName} 对资源库路径的识别不一致时，可以使用此设置修改系列路径（需要`更新资源库`）",
    "NotificationsSettingsUpdateMapPathsTo": "路径映射到",
    "DownloadClientDelugeSettingsDirectoryCompleted": "完成后移动至目录",
    "NotificationsSettingsUpdateLibrary": "更新资源库",
    "NotificationsSettingsUpdateMapPathsFromHelpText": "{appName} 路径，当 {serviceName} 与 {appName} 对资源库路径的识别不一致时，可以使用此设置修改系列路径（需要`更新资源库`）",
    "NoCustomFormatsFound": "未找到自定义格式",
    "NotificationsTelegramSettingsIncludeAppName": "标题中包含 {appName}",
    "NotificationsTelegramSettingsIncludeAppNameHelpText": "可选，在消息标题前加上 {appName} 以区分来自不同应用的通知",
    "NotificationsEmbySettingsUpdateLibraryHelpText": "在导入、重命名、删除时更新库",
    "SkipFreeSpaceCheckHelpText": "当 {appName} 无法检测到根目录的剩余空间时使用",
    "IndexerSettingsApiUrl": "API 地址",
    "IndexerSettingsApiUrlHelpText": "除非您知道自己在做什么，否则请勿更改此设置。 因为您的 API Key 将被发送到该主机。",
    "LastSearched": "最近搜索",
    "AptUpdater": "使用apt安装更新",
    "DockerUpdater": "更新Docker容器以更新应用",
    "ExternalUpdater": "{appName}配置为使用外部更新机制",
    "InstallLatest": "安装最新版",
    "OnLatestVersion": "已安装最新版的{appName}",
    "PreviouslyInstalled": "上次安装",
    "Shutdown": "关机",
    "UpdateAppDirectlyLoadError": "无法直接更新{appName}，",
    "Install": "安装",
    "InstallMajorVersionUpdateMessage": "此更新将安装新的主要版本，这可能与您的系统不兼容。您确定要安装此更新吗？",
    "InstallMajorVersionUpdate": "安装更新",
    "InstallMajorVersionUpdateMessageLink": "请查看 [{domain}]({url}) 以获取更多信息。",
    "ManageFormats": "管理格式",
    "AddDelayProfileError": "无法添加新的延迟配置，请重试。",
    "ImportListTagsHelpText": "从此列表导入时将添加标记",
    "Max": "最大的",
    "Min": "最小的",
    "Preferred": "首选的",
    "Today": "今天",
    "MappedNetworkDrivesWindowsService": "作为 Windows 服务运行时，映射的网络驱动器不可用，请参阅 [FAQ]({url}) 获取更多信息。",
    "DownloadClientSettingsOlderPriority": "最早优先",
    "DownloadClientSettingsPostImportCategoryHelpText": "导入下载后要设置的 {appName} 的分类。 即使做种完成，{appName} 也不会删除该分类中的种子。 留空以保留同一分类。",
    "DownloadClientSettingsRecentPriority": "最近优先",
    "PostImportCategory": "导入后分类",
    "NotificationsSettingsWebhookHeaders": "标头",
    "DefaultDelayProfileArtist": "This is the default profile. It applies to all artists that don't have an explicit profile.",
    "CheckDownloadClientForDetails": "查看下载客户端了解更多详细信息",
    "DownloadWarning": "下载警告：{warningMessage}",
    "UnableToImportAutomatically": "无法自动导入",
    "ImportFailed": "导入失败：{sourceTitle}",
    "Downloaded": "已下载",
    "Paused": "暂停",
    "Pending": "挂起",
    "PendingDownloadClientUnavailable": "挂起 - 下载客户端不可用",
    "WaitingToImport": "等待导入",
    "WaitingToProcess": "等待处理"
}
