{
    "About": "關於",
    "Actions": "動作",
    "AddingTag": "新增標籤",
    "Analytics": "分析",
    "All": "全部",
    "EditDelayProfile": "新增延時配置",
    "Add": "新增",
    "AddDelayProfile": "加入延遲設定",
    "Added": "已新增",
    "AddIndexer": "新增索引",
    "Age": "年齡",
    "Activity": "‎活動‎",
    "Always": "總是",
    "AppDataDirectory": "AppData 路徑",
    "ApplicationURL": "應用程式 URL",
    "ApplicationUrlHelpText": "這個應用程式的外部網址，包括http(s)://、端口和URL Base。",
    "Apply": "套用",
    "ApplyTags": "套用標籤",
    "Branch": "分支",
    "AudioInfo": "聲音資訊",
    "AutoRedownloadFailedHelpText": "自動搜尋並嘗試下載不同的版本",
    "Automatic": "自動",
    "Backup": "備份",
    "BackupNow": "馬上備份",
    "BlocklistRelease": "封鎖清單版本",
    "EditQualityProfile": "編輯品質設定檔",
    "AllFiles": "全部文件",
    "AlreadyInYourLibrary": "已經在您的資源庫中",
    "AppDataLocationHealthCheckMessage": "為了避免在更新過程中刪除AppData，將無法進行更新。",
    "Authentication": "認證",
    "QualityDefinitions": "品質定義",
    "BlocklistReleases": "封鎖清單版本",
    "ClickToChangeQuality": "點擊以更改品質",
    "DeleteQualityProfile": "刪除品質設定檔",
    "AddListExclusion": "新增排除清單",
    "ApiKeyValidationHealthCheckMessage": "請將您的API金鑰更新為至少{0}個字元長。您可以通過設定或配置文件進行此操作。",
    "Backups": "備份",
    "BindAddress": "綁定地址（Bind Address）",
    "BindAddressHelpText": "有效的IP地址，本地主機（localhost）或者「*」以表示所有介面。",
    "Blocklist": "封鎖清單",
    "BackupRetentionHelpText": "超過保留期的自動備份將被自動清理",
    "Quality": "品質",
    "AddNew": "加入新的",
    "AddRemotePathMapping": "加入遠程路徑對應",
    "AddRootFolder": "加入根目錄資料夾",
    "AfterManualRefresh": "在手動重新整理之後",
    "AddQualityProfile": "加入品質設定檔",
    "AddImportListExclusionAlbumHelpText": "阻止專輯透過匯入清單加入到 {appName}",
    "AddImportListExclusionArtistHelpText": "阻止藝人透過匯入清單加入到 {appName}",
    "APIKey": "API密鑰",
    "AddConditionImplementation": "新增條件 - {implementationName}",
    "AddConnectionImplementation": "新增連接 - {implementationName}",
    "AddImportList": "新增匯入清單",
    "AddImportListImplementation": "新增匯入清單 - {implementationName}",
    "20MinutesTwenty": "20分鐘：{0}",
    "45MinutesFourtyFive": "45分鐘：{0}",
    "60MinutesSixty": "60分鐘：{0}",
    "Absolute": "絕對",
    "AddConnection": "新增連接",
    "AddImportListExclusion": "新增匯入排除清單",
    "AddDownloadClientImplementation": "新增下載用戶端 - {implementationName}",
    "AddAutoTagError": "無法加入新的自動標籤，請重新嘗試。",
    "AddConditionError": "無法加入新的條件，請重新嘗試。",
    "AddAutoTag": "新增自動標籤",
    "AddCondition": "新增條件",
    "AddArtistWithName": "新增{artistName}",
    "AddIndexerImplementation": "新增索引 - {implementationName}",
    "AddAlbumWithTitle": "新增{albumTitle}",
    "AppUpdatedVersion": "重新載入",
    "AppUpdated": "{appName}已更新",
    "ApplyTagsHelpTextHowToApplyDownloadClients": "如何將標籤套用在被選擇的下載客戶端",
    "ApplyTagsHelpTextAdd": "加入：將標籤加入已存在的標籤清單",
    "ApplyTagsHelpTextHowToApplyImportLists": "如何套用標籤在所選擇的輸入清單",
    "AgeWhenGrabbed": "年齡（當獲取時）",
    "ApplyChanges": "應用",
    "UnableToAddANewQualityProfilePleaseTryAgain": "無法加入新的條件，請重新嘗試。",
    "Password": "密碼",
    "PreferredProtocol": "首選通訊協定",
    "UnableToLoadRootFolders": "無法加進根目錄",
    "UpdateMechanismHelpText": "使用 {appName}內建的更新程式或是腳本文件",
    "Username": "使用者名稱",
    "Artist": "演員",
    "UnableToAddANewIndexerPleaseTryAgain": "無法加入新的索引器，請重新嘗試。",
    "Updates": "更新",
    "Rating": "評分",
    "Connection": "連接",
    "Tracks": "曲目",
    "Connections": "連接",
    "Customformat": "自訂格式",
    "QualityProfiles": "品質設定檔",
    "BypassIfHighestQuality": "如果有最高的質量就跳過",
    "DownloadClient": "下載用戶端",
    "ApplyTagsHelpTextReplace": "取代：用輸入的標籤替換現有的標籤（如果不輸入任何標籤，則清除所有標籤）",
    "EditRemotePathMapping": "加入遠程路徑對應",
    "EditRootFolder": "加入根目錄資料夾",
    "ExportCustomFormat": "新增自定義格式",
    "ICalLink": "iCal 連結",
    "RootFolders": "根目錄資料夾",
    "TBA": "待確定",
    "UnableToAddANewNotificationPleaseTryAgain": "無法加入新的條件，請重新嘗試。",
    "Info": "資訊",
    "Albums": "專輯",
    "ApplyTagsHelpTextHowToApplyArtists": "如何套用標籤在所選擇的輸入清單",
    "ApplyTagsHelpTextRemove": "移除：刪除輸入的標籤",
    "EditDownloadClientImplementation": "新增下載用戶端 - {implementationName}",
    "EditIndexerImplementation": "新增索引 - {implementationName}",
    "Episode": "集",
    "Posters": "海報",
    "Seeders": "種子",
    "UnableToAddANewDownloadClientPleaseTryAgain": "無法加入新的條件，請重新嘗試。",
    "UnableToAddANewListPleaseTryAgain": "無法加入新的自動標籤，請重新嘗試。",
    "ImportList": "導入列表",
    "Metadata": "中繼資料",
    "URLBase": "URL Base",
    "UnableToAddANewImportListExclusionPleaseTryAgain": "無法加入新的條件，請重新嘗試。",
    "Artists": "演員",
    "BackupFolderHelpText": "相對路徑將位於{appName}的AppData目錄下",
    "Release": " 發布",
    "Queue": "佇列",
    "Remove": "移除",
    "Theme": "主題",
    "Track": "曲目",
    "ImportListExclusions": "新增匯入排除清單",
    "ImportLists": "導入列表",
    "Label": "標籤",
    "Library": "資源庫",
    "Queued": "佇列",
    "UnableToAddANewRootFolderPleaseTryAgain": "無法加入新的自動標籤，請重新嘗試。",
    "Settings": "設定",
    "Connect": "連接",
    "Deleted": "刪除",
    "Details": "詳情",
    "Disabled": "無法使用",
    "Enabled": "啟用",
    "QualityProfile": "品質設定檔",
    "Reload": "重新載入",
    "Indexer": "索引器",
    "Language": "語言",
    "DeleteImportListExclusion": "新增排除清單",
    "DeleteRemotePathMapping": "加入遠程路徑對應",
    "BypassIfHighestQualityHelpText": "當發行版本具有在品質設定檔中啟用的最高品質以及首選通訊協定時繞過延遲",
    "Torrents": "Torrents",
    "AnalyticsEnabledHelpText": "將使用和錯誤資訊匿名傳送至{appName}的伺服器。這些資訊包括您的瀏覽器資訊、使用的{appName} WebUI頁面、錯誤報告，以及作業系統和執行時版本。我們將使用這些資訊來優先處理功能和錯誤修復。",
    "Grab": "抓取",
    "MetadataProfile": "中繼資料配置",
    "ApplyTagsHelpTextHowToApplyIndexers": "如何套用標籤在所選擇的輸入清單",
    "EditImportListExclusion": "新增排除清單",
    "CustomFormat": "自訂格式",
    "Protocol": "通訊協定",
    "Docker": "Docker",
    "New": "新的",
    "RecyclingBin": "垃圾桶",
    "Cancel": "取消",
    "MetadataProfiles": "中繼資料配置",
    "Replace": "替換",
    "LocalPath": "本機路徑",
    "ReleaseProfiles": "發布配置",
    "Hostname": "Hostname",
    "Indexers": "索引器",
    "RemotePathMappings": "遠程路徑對應",
    "Enable": "啟用",
    "Ui": "UI",
    "UsingExternalUpdateMechanismBranchUsedByExternalUpdateMechanism": "外部更新機制使用的分支",
    "Title": "標題",
    "IsCutoffCutoff": "中斷",
    "AutoTaggingSpecificationTag": "標籤",
    "ExpandAlbumByDefaultHelpText": "專輯",
    "Formats": "格式",
    "ICalFeed": "iCal Feed",
    "Required": "需要",
    "Search": "搜尋",
    "SomeResultsAreHiddenByTheAppliedFilter": "根據所使用的篩選器已將所有結果隱藏",
    "UnableToAddANewMetadataProfilePleaseTryAgain": "無法加入新的條件，請重新嘗試。",
    "UsingExternalUpdateMechanismBranchToUseToUpdateLidarr": "用於更新{appName}的分支",
    "AddMetadataProfile": "中繼資料配置",
    "Album": "專輯",
    "EditConditionImplementation": "新增連接 - {implementationName}",
    "EditConnectionImplementation": "新增連接 - {implementationName}",
    "EditImportListImplementation": "新增匯入清單 - {implementationName}",
    "AuthBasic": "基礎（瀏覽器彈出視窗）",
    "AuthForm": "表單（登入頁面）",
    "AuthenticationMethodHelpText": "需要使用者名稱和密碼來存取{appName}",
    "Discography": "音樂唱片分類",
    "Filters": "篩選器",
    "Refresh": "重新整理",
    "ReleaseProfile": "發布配置",
    "RootFolder": "根目錄資料夾",
    "Scheduled": "已排程",
    "Season": "季",
    "ShowQualityProfile": "加入品質設定檔",
    "AddListExclusionHelpText": "防止清單中的電影被添加到 {appName} 中",
    "AllResultsAreHiddenByTheAppliedFilter": "根據所使用的篩選器已將所有結果隱藏",
    "Peers": "用戶",
    "Port": "端口",
    "Custom": "自訂",
    "DelayProfile": "延遲配置",
    "DelayProfiles": "延遲配置",
    "DownloadClients": "下載用戶端",
    "Files": "文件",
    "History": "歷史紀錄",
    "Host": "主機",
    "Events": "事件",
    "Auto": "自動",
    "Delete": "刪除",
    "Usenet": "Usenet",
    "AddToDownloadQueue": "已添加到下載隊列",
    "AddedToDownloadQueue": "已添加到下載隊列",
    "AlternateTitles": "其他標題",
    "AlternateTitleslength1Title": "標題",
    "AlternateTitleslength1Titles": "標題",
    "BeforeUpdate": "在更新前",
    "Calendar": "日曆",
    "Clear": "清空",
    "Reset": "重置",
    "AutomaticSearch": "自動搜尋",
    "CatalogNumber": "類別編號",
    "CustomFormats": "自訂格式",
    "ItsEasyToAddANewArtistJustStartTypingTheNameOfTheArtistYouWantToAdd": "加入新的電影很簡單，只需要輸入您想加入的電影名稱",
    "EditMetadataProfile": "中繼資料配置",
    "BuiltIn": "內建",
    "AptUpdater": "使用apt安裝更新",
    "AddReleaseProfile": "新增延時配置",
    "EditReleaseProfile": "新增延時配置",
    "Reason": "季",
    "UnableToLoadUISettings": "無法載入 UI 設定",
    "Any": "任何",
    "UpdateAvailableHealthCheckMessage": "可用的新版本: {version}",
    "UnableToLoadIndexers": "無法載入索引器",
    "UnableToLoadTags": "無法載入標籤",
    "Uptime": "上線時間",
    "UpdateAppDirectlyLoadError": "無法直接更新 {appName}，",
    "Version": "版本",
    "UiSettings": "使用者介面設定",
    "UiLanguage": "使用者介面語言",
    "UnableToLoadHistory": "無法載入歷史記錄",
    "UiLanguageHelpText": "{appName} 介面所使用的語言",
    "AddDelayProfileError": "無法加入新的延遲配置，請重新嘗試。",
    "AutoRedownloadFailed": "失敗時重新下載",
    "AuthenticationRequiredPasswordHelpTextWarning": "請輸入新密碼",
    "AuthenticationRequiredHelpText": "更改需要進行驗證的請求。除非你了解其中的風險，否則請勿修改。",
    "AuthenticationMethodHelpTextWarning": "請選擇一個有效的驗證方式",
    "AuthenticationMethod": "驗證方式",
    "AuthenticationRequiredWarning": "為防止未經認證的遠程訪問，{appName} 現需要啟用身份認證。您可以選擇禁用本地地址的身份認證。",
    "AuthenticationRequired": "需要驗證",
    "AuthenticationRequiredPasswordConfirmationHelpTextWarning": "確認新密碼",
    "AuthenticationRequiredUsernameHelpTextWarning": "請輸入新用戶名",
    "AutoRedownloadFailedFromInteractiveSearch": "失敗時重新下載來自手動搜索的資源",
    "IgnoredPlaceHolder": "加入新的限制",
    "RequiredPlaceHolder": "加入新的限制",
    "UnableToAddANewRemotePathMappingPleaseTryAgain": "無法加入新的遠程路徑對應，請重試。"
}
