{
    "AppDataLocationHealthCheckMessage": "Η ενημέρωση δεν θα είναι δυνατή για να αποτραπεί η διαγραφή των δεδομένων εφαρμογής κατά την ενημέρωση",
    "ApiKeyValidationHealthCheckMessage": "Παρακαλούμε ενημερώστε το κλείδι API ώστε να έχει τουλάχιστον {length} χαρακτήρες. Μπορείτε να το κάνετε αυτό μέσα από τις ρυθμίσεις ή το αρχείο ρυθμίσεων",
    "Added": "Προστέθηκε",
    "ApplyChanges": "Εφαρμογή Αλλαγών",
    "AutomaticAdd": "Αυτόματη Προσθήκη",
    "CountSeasons": "{count} κύκλοι",
    "DownloadClientCheckNoneAvailableHealthCheckMessage": "Δεν είναι διαθέσιμος κανένας client λήψεων",
    "Language": "Γλώσσα",
    "RemoveCompletedDownloads": "Αφαίρεση Ολοκληρωμένων Λήψεων",
    "RemoveFailedDownloads": "Αφαίρεση Αποτυχημένων Λήψεων",
    "DeleteCondition": "Διαγραφή συνθήκης",
    "DeleteConditionMessageText": "Είστε σίγουροι πως θέλετε να διαγράψετε τη συνθήκη '{name}';",
    "DeleteCustomFormatMessageText": "Είστε σίγουροι πως θέλετε να διαγράψετε τη προσαρμοσμένη μορφή '{name}';",
    "RemoveSelectedItemsQueueMessageText": "Είστε σίγουροι πως θέλετε να διαγράψετε {selectedCount} αντικείμενα από την ουρά;",
    "CloneCondition": "Κλωνοποίηση συνθήκης",
    "RemoveSelectedItemQueueMessageText": "Είστε σίγουροι πως θέλετε να διαγράψετε 1 αντικείμενο από την ουρά;",
    "AddConditionImplementation": "Προσθήκη - {implementationName}",
    "AppUpdated": "{appName} Ενημερώθηκε",
    "AutoAdd": "Προσθήκη",
    "AddConnectionImplementation": "Προσθήκη - {implementationName}"
}
