{
    "Added": "Ditambahkan",
    "Delete": "Hapus",
    "Close": "Tutup",
    "EnableAutomaticSearch": "Aktifkan Penelusuran Otomatis",
    "EnableInteractiveSearch": "Aktifkan Penelusuran Interaktif",
    "Enabled": "Aktif",
    "Language": "Bahasa",
    "Network": "Jaringan",
    "NextAiring": "Tayang Selanjutnya",
    "Monitored": "Dimonitor",
    "Path": "Path",
    "PreviousAiring": "Sebelumnya Tayang",
    "OriginalLanguage": "Bahasa Asli",
    "Priority": "Prioritas",
    "ProxyFailedToTestHealthCheckMessage": "Gagal menguji proxy: {url}",
    "ProxyBadRequestHealthCheckMessage": "Gagal menguji proxy. Kode Status: {statusCode}",
    "QualityProfile": "Profil Kualitas",
    "Add": "Tambah",
    "Cancel": "Batal",
    "NoSeasons": "Tidak ada musim",
    "OneSeason": "1 musim",
    "Disabled": "Nonaktif",
    "Activity": "Aktivitas",
    "Calendar": "Kalender",
    "Ended": "Berakhir",
    "LibraryImport": "Impor Pustaka",
    "LogFiles": "File Log",
    "MediaManagement": "Pengelolaan Media",
    "Metadata": "Metadata",
    "MetadataSource": "Sumber Metadata",
    "Name": "Nama",
    "No": "Tidak",
    "NoChange": "Tidak Ada Perubahan",
    "Profiles": "Profil",
    "Quality": "Kualitas",
    "Queue": "Antrean",
    "Airs": "Tayang pada",
    "AirsDateAtTimeOn": "{date} pukul {time} di {networkLabel}",
    "AirsTimeOn": "{time} di {networkLabel}",
    "AuthenticationRequired": "Autentikasi Diperlukan",
    "BackupNow": "Cadangkan Sekarang",
    "ClickToChangeLanguage": "Klik untuk mengubah bahasa",
    "ClickToChangeEpisode": "Klik untuk mengubah episode",
    "Connections": "Koneksi",
    "Continuing": "Berlanjut",
    "ConnectionLostToBackend": "Koneksi {appName} telah terputus dari backend dan perlu dimuat ulang untuk dipulihkan.",
    "Month": "Bulan",
    "Anime": "Anime",
    "AnalyseVideoFiles": "Analisis file video",
    "AuthenticationMethodHelpText": "Perlukan Nama Pengguna dan Sandi untuk mengakses {appName}",
    "ChooseAnotherFolder": "Pilih folder lain",
    "CountSeasons": "{count} Musim",
    "AnimeEpisodeFormat": "Format Episode Anime",
    "AirDate": "Tanggal Tayang",
    "Authentication": "Autentikasi",
    "AuthForm": "Formulir (Halaman Masuk)",
    "AuthBasic": "Dasar (Popup Browser)",
    "AllTitles": "Semua Judul",
    "AuthenticationRequiredWarning": "Untuk mencegah akses jarak jauh tanpa autentikasi, {appName} kini mewajibkan pengaktifkan autentikasi. Kamu dapat menonaktifkan autentikasi dari jaringan lokal.",
    "Automatic": "Otomatis",
    "CalendarLoadError": "Tidak dapat memuat kalender",
    "Apply": "Terapkan",
    "Edit": "Edit",
    "Week": "Minggu",
    "Sunday": "Minggu",
    "TotalFileSize": "Jumlah Ukuran File",
    "ApplyChanges": "Terapkan Perubahan",
    "AddNew": "Tambah",
    "Age": "Usia",
    "All": "Semua",
    "AudioLanguages": "Bahasa Audio",
    "Today": "Hari Ini",
    "About": "Tentang",
    "AnalyseVideoFilesHelpText": "Peroleh informasi terkait video mengenai resolusi, durasi dan codec dari file. Hal ini memerlukan {appName} untuk membaca file, yang mungkin menyebabkan penggunaan disk dan jaringan tinggi ketika pemindaian.",
    "AddedDate": "Ditambahkan: {date}",
    "AirsTomorrowOn": "Besok pukul {time} di {networkLabel}",
    "AppDataDirectory": "Direktori AppData",
    "AllFiles": "Semua File",
    "Category": "Kategori",
    "ClickToChangeReleaseGroup": "Klik untuk mengubah rilis grup",
    "Connection": "Koneksi",
    "ConnectionLost": "Koneksi Terputus",
    "ConnectionLostReconnect": "{appName} akan mencoba untuk menghubungkan secara otomatis, atau silakan klik muat ulang di bawah.",
    "CopyToClipboard": "Salin ke Papan Klip",
    "CouldNotFindResults": "Tidak ditemukan hasil untuk '{term}'",
    "CountSeriesSelected": "{count} serial dipilih",
    "CurrentlyInstalled": "Saat Ini Terpasang",
    "Agenda": "Agenda",
    "DelayMinutes": "{delay} Menit",
    "FormatShortTimeSpanMinutes": "{minutes} menit",
    "SelectSeries": "Pilih Serial",
    "ToggleUnmonitoredToMonitored": "Tidak dimonitor, klik untuk monitor",
    "ToggleMonitoredToUnmonitored": "Dimonitor, klik untuk berhenti monitor",
    "Always": "Selalu",
    "AddNewSeriesHelpText": "Mudah saja untuk menambahkan serial baru, cukup ketik nama serial yang ingin kamu tambahkan.",
    "AddSeriesWithTitle": "Tambah {title}",
    "AllSeriesInRootFolderHaveBeenImported": "Semua serial di {path} telah diimpor",
    "AlreadyInYourLibrary": "Sudah di pustakamu",
    "AuthenticationRequiredPasswordHelpTextWarning": "Masukkan sandi baru",
    "AuthenticationRequiredUsernameHelpTextWarning": "Masukkan nama pengguna baru",
    "AuthenticationMethod": "Metode Autentikasi",
    "AuthenticationMethodHelpTextWarning": "Silakan pilih metode autentikasi yang sah",
    "SeasonInformation": "Informasi Musim",
    "SeriesDetailsCountEpisodeFiles": "{episodeFileCount} file episode",
    "Unmonitored": "Tidak Dimonitor",
    "History": "Riwayat",
    "CalendarLegendEpisodeDownloadingTooltip": "Episode saat ini sedang diunduh",
    "CalendarLegendEpisodeMissingTooltip": "Episode telah tayang dan belum ada di disk",
    "CalendarLegendEpisodeUnairedTooltip": "Episode belum tayang",
    "CalendarLegendSeriesFinaleTooltip": "Akhir serial atau musim",
    "CalendarLegendSeriesPremiereTooltip": "Awal serial atau musim",
    "FormatDateTimeRelative": "{relativeDay}, {formattedDate} {formattedTime}",
    "FormatTimeSpanDays": "{days}h {time}",
    "FormatRuntimeMinutes": "{minutes}mnt",
    "AuthenticationRequiredPasswordConfirmationHelpTextWarning": "Konfirmasi sandi baru",
    "ClickToChangeQuality": "Klik untuk mengubah kualitas",
    "ClickToChangeSeason": "Klik untuk mengubah musim",
    "ClickToChangeSeries": "Klik untuk mengubah serial",
    "Connect": "Koneksi",
    "ConnectSettings": "Pengaturan Koneksi",
    "ConnectSettingsSummary": "Notifikasi, koneksi ke server/pemutar media, dan script khusus",
    "Day": "Hari",
    "AutoRedownloadFailed": "Pengunduhan Ulang Gagal",
    "Monday": "Senin",
    "ManageEpisodes": "Kelola Episode",
    "Yesterday": "Kemarin",
    "Files": "File",
    "FormatAgeDays": "hari",
    "FormatAgeDay": "hari",
    "FormatAgeMinutes": "menit",
    "Links": "Tautan",
    "SearchByTvdbId": "Kamu juga bisa menelusuri dengan ID TVDB dari serialnya, misalnya tvdb:71663",
    "Search": "Cari",
    "ShowEpisodes": "Tampilkan episode",
    "Refresh": "Muat Ulang",
    "CalendarLegendEpisodeOnAirTooltip": "Episode sedang tayang"
}
