{
    "AddNewSeriesHelpText": "För att lägga till en ny TV-serie, börja skriva namnet på serien du vill lägga till",
    "AddNewSeriesRootFolderHelpText": "Mappen \"{folder}\" kommer skapas automatiskt",
    "AddIndexerError": "Kunde inte lägga till ett nytt index, försök igen.",
    "AddList": "Lägg till lista",
    "AddListError": "Kunde inte lägga till en ny lista, försök igen.",
    "AddNew": "Lägg till ny",
    "Activity": "Aktivitet",
    "Add": "Lägg till",
    "DownloadClientsLoadError": "Kunde inte ladda nerladdningsklienter",
    "DownloadPropersAndRepacks": "\"Propers\" och \"Repacks\"",
    "DownloadPropersAndRepacksHelpText": "Om avsnitt ska automatiskt uppgraderas till \"Propers/Repacks\"",
    "DownloadWarning": "Hämtningsmeddelande: {warningMessage}",
    "Downloaded": "Nerladdad",
    "Downloading": "Laddar ner",
    "Edit": "Ändra",
    "About": "Om",
    "Actions": "Åtgärder",
    "Duration": "Längd",
    "AddImportList": "Importera lista",
    "AddNewSeries": "Lägg till ny TV-serie",
    "AddNewSeriesError": "Kunde inte ladda sökresultaten. Försök igen.",
    "DownloadFailed": "Fel vid nerladdning",
    "DownloadIgnored": "Nerladdning ignorerad",
    "AddANewPath": "Lägg till ny sökväg",
    "AddExclusion": "Lägg till undantag",
    "Absolute": "Absolut",
    "AddConditionError": "Det gick inte att lägga till ett nytt villkor. Försök igen.",
    "AddCustomFormat": "Lägg till anpassat format",
    "AddCustomFilter": "Lägg till anpassat filter",
    "AddCustomFormatError": "Kunde inte lägga till ett nytt anpassat format, var god försök igen.",
    "AddDelayProfile": "Lägg till fördröjningsprofil",
    "AddDownloadClient": "Lägg till nedladdningsklient",
    "AddDownloadClientError": "Kunde inte lägga till en ny nedladdningsklient, var god försök igen.",
    "AddImportListExclusion": "Lägg till undantag för importlista",
    "AddImportListExclusionError": "Kunde inte lägga till ett nytt listaundantag, försök igen.",
    "AddIndexer": "Lägg till index",
    "AddListExclusionSeriesHelpText": "Förhindra TV-serie att läggas till i {appName} från listor",
    "DownloadClientVuzeValidationErrorVersion": "Protokollversionen stöds inte, använd Vuze 5.0.0.0 eller senare tillsammans med Vuze Web Remote plugin.",
    "DownloadClients": "Nerladdningsklienter",
    "DownloadFailedEpisodeTooltip": "Fel vid nerladdning av avsnitt",
    "DownloadIgnoredEpisodeTooltip": "Avsnittsnerladdning ignorerad",
    "DownloadStationStatusExtracting": "Packar upp: {progress}%",
    "Duplicate": "Dubblett",
    "Yesterday": "Igår",
    "EditCustomFormat": "Redigera anpassat format"
}
