{
    "AddedDate": "Добавен: {date}",
    "AddANewPath": "Добави нов път",
    "AddCustomFilter": "Добави персонализиран филтър",
    "AddDownloadClientImplementation": "Добави клиент за изтегляне - {implementationName}",
    "AddExclusion": "Добави изключение",
    "AddImportList": "Добави списък за импортиране",
    "AddIndexer": "Добавете индексатор",
    "AirsTomorrowOn": "Утре от {time} по {networkLabel}",
    "AddedToDownloadQueue": "Добавен към опашката за изтегляне",
    "AfterManualRefresh": "След ръчно опресняване",
    "AirsDateAtTimeOn": "{date} в {time} по {networkLabel}",
    "AirsTbaOn": "TBA по {networkLabel}",
    "AirsTimeOn": "{time} по {networkLabel}",
    "AllFiles": "Всички файлове",
    "AlternateTitles": "Алтернативни заглавия",
    "Any": "Всякакви",
    "AddConditionImplementation": "Добави условие - {implementationName}",
    "AddConnectionImplementation": "Добави връзка - {implementationName}",
    "AddListExclusion": "Добавете изключение от списъка",
    "AddImportListExclusion": "Добави изключение от списъка за импортиране",
    "AddImportListExclusionError": "Не може да се добави ново изключение от списъка за импортиране, моля, опитайте отново.",
    "AddListExclusionSeriesHelpText": "Предотвратете добавянето на сериали в {appName} чрез списъци",
    "AnimeEpisodeTypeFormat": "Абсолютен номер на епизода ({format})",
    "AddRootFolderError": "Не може да се добави основна папка, моля, опитайте отново",
    "AnimeEpisodeTypeDescription": "Епизоди, издадени с абсолютен номер на епизод",
    "AnalyseVideoFilesHelpText": "Извлича видео информация, като резолюция, продължителност и информация за кодека от файловете. Това изисква {appName} да прочете части от файла, което може да предизвика висока дискова или мрежова активност по време на сканирането.",
    "AnalyticsEnabledHelpText": "Изпращайте анонимна информация за използването и грешките към сървърите на {appName}. Това включва информация за вашия браузър, кои страници на уеб интерфейса на {appName} използвате, докладваните грешки, както и версията на операционната система и изпълнителната среда. Ще използваме тази информация, за да приоритизираме нови функции и поправки на бъгове.",
    "Anime": "Аниме",
    "AddIndexerError": "Не може да се добави нов индексатор, моля, опитайте отново.",
    "AddIndexerImplementation": "Добавете индексатор - {implementationName}",
    "AddDelayProfileError": "Не може да се добави нов профил за забавяне, моля, опитайте отново.",
    "AddNotificationError": "Не може да се добави ново известие, моля, опитайте отново.",
    "AddImportListImplementation": "Добави списък за импортиране - {implementationName}",
    "AddList": "Добавете списък",
    "AddNewSeriesSearchForMissingEpisodes": "Започнете търсене на липсващи епизоди",
    "AddRemotePathMapping": "Добавете мапиране към отдалечен път",
    "AddRemotePathMappingError": "Не може да се добави ново мапиране към отдалечен път, моля, опитайте отново.",
    "AddToDownloadQueue": "Добавете към опашката за изтегляне",
    "AlreadyInYourLibrary": "Вече е във вашата библиотека",
    "AnEpisodeIsDownloading": "Изтегля се епизод",
    "AnimeEpisodeFormat": "Формат на Аниме епизодите",
    "ApiKey": "API ключ",
    "Added": "Добавен",
    "ApiKeyValidationHealthCheckMessage": "Моля, актуализирайте вашия API ключ, за да бъде с дължина най-малко {length} знака. Може да направите това чрез настройките или конфигурационния файл",
    "AddConditionError": "Не може да се добави новo условие, моля, опитайте отново.",
    "AddAutoTagError": "Не може да се добави нов автоматичен таг, моля, опитайте отново.",
    "AddConnection": "Добави връзка",
    "AddCustomFormat": "Добавете персонализиран формат",
    "AddCustomFormatError": "Не може да се добави нов персонализиран формат, моля, опитайте отново.",
    "AddDelayProfile": "Добавете профил за забавяне",
    "AddDownloadClient": "Добави клиент за изтегляне",
    "AddDownloadClientError": "Не може да се добави нов клиент за изтегляне, моля, опитайте отново.",
    "AddListExclusionError": "Не може да се добави ново изключение от списъка, моля, опитайте отново.",
    "AddNewRestriction": "Добавете новo ограничение",
    "AddListError": "Не може да се добави нов списък, моля, опитайте отново.",
    "AddQualityProfile": "Добавете профил за качество",
    "AddQualityProfileError": "Не може да се добави нов профил за качество, моля, опитайте отново.",
    "AddReleaseProfile": "Добавете профил за издания",
    "Always": "Винаги",
    "AnalyseVideoFiles": "Анализирайте видео файловете",
    "Analytics": "Анализ",
    "AgeWhenGrabbed": "Възраст (при грабване)",
    "AddAutoTag": "Добави автоматичен таг",
    "AddCondition": "Добави условие",
    "AirDate": "Ефирна дата",
    "AllTitles": "Всички заглавия",
    "AddRootFolder": "Добавете основна папка",
    "Add": "Добавяне",
    "AddingTag": "Добавяне на таг",
    "Age": "Възраст",
    "All": "Всички",
    "Activity": "Дейност",
    "AddNew": "Добавете нов",
    "Actions": "Действия",
    "About": "Относно",
    "Agenda": "Агенда",
    "AddNewSeries": "Добавете нов сериал",
    "AddNewSeriesError": "Неуспешно зареждане на резултатите от търсенето, моля, опитайте отново.",
    "AddNewSeriesHelpText": "Лесно е да добавите нов сериал, просто започнете да въвеждате името на сериала, който искате да добавите.",
    "AddNewSeriesRootFolderHelpText": "Подпапката '{folder}' ще бъде създадена автоматично",
    "AddNewSeriesSearchForCutoffUnmetEpisodes": "Започни търсене на епизоди, които не са достигнали максималното качество за надграждане",
    "AddSeriesWithTitle": "Добавете {title}",
    "Absolute": "Абсолютен",
    "AllSeriesAreHiddenByTheAppliedFilter": "Всички резултати са скрити от приложения филтър",
    "AllSeriesInRootFolderHaveBeenImported": "Всички сериали в {path} са импортирани",
    "AbsoluteEpisodeNumber": "Абсолютен епизоден номер",
    "AllResultsAreHiddenByTheAppliedFilter": "Всички резултати са скрити от приложения филтър",
    "AppDataDirectory": "Директория на приложението",
    "SeasonFolder": "Папка ( Сезони )",
    "SeasonDetails": "Детайли за сезона",
    "SeasonCount": "Брой сезони",
    "SslPort": "SSL порт",
    "AppDataLocationHealthCheckMessage": "Актуализирането няма да бъде възможно, за да се предотврати изтриването на папката на приложението по време на актуализацията",
    "AppUpdated": "{appName} Актуализиран",
    "ApplyTagsHelpTextReplace": "Замяна: Заменете таговете с въведените тагове (не въвеждайте тагове, за да изчистите всички тагове)",
    "AudioLanguages": "Аудио езици",
    "AuthBasic": "Основно (изскачащ прозорец на браузъра)",
    "AuthForm": "Формуляри (Страница за вход)",
    "AuthenticationMethodHelpText": "Изисквайте потребителско име и парола за достъп до {appName}",
    "AuthenticationRequiredPasswordHelpTextWarning": "Въведете нова парола",
    "ApplicationURL": "URL адрес на приложението",
    "AuthenticationMethodHelpTextWarning": "Моля, изберете валиден метод за удостоверяване",
    "AuthenticationRequiredUsernameHelpTextWarning": "Въведете ново потребителско име",
    "AuthenticationRequiredWarning": "За да предотврати отдалечен достъп без удостоверяване, {appName} вече изисква удостоверяването да бъде активирано. По желание можете да деактивирате удостоверяването от локални адреси.",
    "SeriesFolderFormat": "Формат на папката ( Сериали )",
    "ApplyChanges": "Прилагане на промените",
    "AutoTaggingLoadError": "Не може да се зареди автоматичното маркиране",
    "SeasonFinale": "Финал на сезона",
    "AppUpdatedVersion": "{appName} е актуализиран до версия `{version}`, за да получите най-новите промени, ще трябва да презаредите {appName} ",
    "ApplicationUrlHelpText": "Външният URL на това приложение, включително http(s)://, порт и базов URL",
    "AutoTagging": "Автоматично маркиране",
    "Apply": "Приложете",
    "ApplyTags": "Прилагане на тагове",
    "AutoAdd": "Автоматично добавяне",
    "ApplyTagsHelpTextHowToApplyImportLists": "Как да добавите тагове към избраните списъци за импортиране",
    "ApplyTagsHelpTextHowToApplySeries": "Как да добавите тагове към избраните сериали",
    "SeasonFolderFormat": "Формат на папката ( Сезони )",
    "AudioInfo": "Аудио информация",
    "Season": "Сезон",
    "ApplyTagsHelpTextAdd": "Добавяне: Добавете маркерите към съществуващия списък с маркери",
    "ApplyTagsHelpTextRemove": "Премахване: Премахнете въведените тагове",
    "RenameEpisodesHelpText": "{appName} ще използва съществуващото име на файла, ако преименуването е деактивирано",
    "ApplyTagsHelpTextHowToApplyDownloadClients": "Как да приложите тагове към избраните приложения за сваляне",
    "Authentication": "Удостоверяване",
    "AuthenticationRequiredHelpText": "Променете за кои заявки се изисква удостоверяване. Не променяйте, освен ако не разбирате рисковете.",
    "AutoRedownloadFailed": "Неуспешно повторно изтегляне",
    "AutoRedownloadFailedFromInteractiveSearchHelpText": "Автоматично търсене и опит за изтегляне на различна версия, когато неуспешната версия е била взета от интерактивно търсене",
    "AuthenticationRequiredPasswordConfirmationHelpTextWarning": "Потвърдете новата парола",
    "AutoTaggingNegateHelpText": "Ако е отметнато, правилото за автоматично маркиране няма да се приложи, ако това условие {implementationName} съвпада.",
    "AutoRedownloadFailedFromInteractiveSearch": "Неуспешно повторно изтегляне от интерактивното търсене",
    "AutoRedownloadFailedHelpText": "Автоматично търсене и опит за сваляне на различна версия",
    "AptUpdater": "Използвайте apt, за да инсталирате актуализацията",
    "ApplyTagsHelpTextHowToApplyIndexers": "Как да добавите тагове към избраните индексатори",
    "AuthenticationMethod": "Метод за удостоверяване",
    "AuthenticationRequired": "Изисква се удостоверяване",
    "RenameEpisodes": "Преименуване на епизоди",
    "Standard": "Стандартен",
    "StandardEpisodeFormat": "Формат на епизода ( Стандартен )",
    "SslCertPathHelpText": "Път до \"pfx\" файл",
    "EpisodeNaming": "Именуване на епизоди",
    "Close": "Затвори"
}
