{
    "Added": "נוסף",
    "ApiKeyValidationHealthCheckMessage": "עדכן בבקשה את מפתח ה־API שלך כדי שיהיה באורך של לפחות {length} תווים. תוכל לעשות זאת בהגדרות או דרך קובץ הקונפיגורציה.",
    "Add": "הוסף",
    "Activity": "פעילות",
    "Indexer": "אינדקסר",
    "AddAutoTag": "הוסף תג אוטומטית",
    "About": "אודות",
    "Actions": "פעולות",
    "AddConditionError": "לא ניתן להוסיף תנאי חדש, נסה שנית.",
    "AddAutoTagError": "לא ניתן להוסיף תג חדש, נסה שנית.",
    "AddCondition": "הוסף תנאי",
    "AddANewPath": "הוסף נתיב חדש"
}
