{
    "ApiKeyValidationHealthCheckMessage": "Vennligst oppdater din API-nøkkel til å være minst {length} tegn lang. Du kan gjøre dette via innstillinger eller konfigurasjonsfilen",
    "ApplyChanges": "Bekreft endringer",
    "AllTitles": "Alle titler",
    "AddAutoTag": "Legg til automatisk tagg",
    "AddCondition": "Legg til betingelse",
    "Add": "Legg til",
    "Absolute": "Absolutt",
    "Activity": "Aktivitet",
    "About": "Om",
    "CalendarOptions": "Kalenderinnstillinger",
    "AbsoluteEpisodeNumbers": "Absolutte Episode Numre",
    "AddANewPath": "Legg til ny filsti",
    "AddConditionImplementation": "Legg til betingelse - {implementationName}",
    "AddConditionError": "Ikke mulig å legge til ny betingelse, vennligst prøv igjen",
    "AbsoluteEpisodeNumber": "Absolutt Episode Nummer",
    "AddAutoTagError": "Ikke mulig å legge til ny automatisk tagg, vennligst prøv igjen",
    "Actions": "Handlinger",
    "AddCustomFilter": "Legg til eget filter",
    "AddConnection": "Legg til tilkobling",
    "AddDelayProfile": "Legg til forsinkelsesprofil",
    "AddRootFolderError": "Kunne ikke legge til rotmappe",
    "AddDelayProfileError": "Kunne ikke legge til ny forsinkelsesprofil, vennligst prøv igjen.",
    "AddIndexerError": "Kunne ikke legge til ny indekser, vennligst prøv igjen.",
    "AddList": "Legg til liste",
    "AddListError": "Kunne ikke legge til ny liste, vennligst prøv igjen.",
    "AddRootFolder": "Legg til Rotmappe",
    "AddConnectionImplementation": "Legg til tilkobling - {implementationName}",
    "AddDownloadClientImplementation": "Ny Nedlastingsklient - {implementationName}",
    "AddImportListImplementation": "Legg til importliste - {implementationName}",
    "AddIndexerImplementation": "Legg til indekser - {implementationName}",
    "AddToDownloadQueue": "Legg til nedlastningskø",
    "AddedToDownloadQueue": "Lagt til nedlastningskø",
    "AfterManualRefresh": "Etter manuell oppdatering",
    "AddCustomFormat": "Nytt Egendefinert format",
    "AddCustomFormatError": "Kunne ikke legge til nytt egendefinert format, vennligst prøv på nytt.",
    "AddDownloadClient": "Ny Nedlastingsklient",
    "AddDownloadClientError": "Kunne ikke legge til ny Nedlastingsklient, vennligst prøv igjen.",
    "AddImportList": "Ny Importliste",
    "AddIndexer": "Legg til indekser",
    "AddNewRestriction": "Legg til ny begrensning",
    "AddNotificationError": "Kunne ikke legge til ny varsling, vennligst prøv igjen.",
    "AddQualityProfile": "Legg til kvalitetsprofil",
    "AddQualityProfileError": "Kunne ikke legge til ny kvalitetsprofil, vennligst prøv igjen.",
    "AddReleaseProfile": "Legg til utgivelsesprofil",
    "AddNew": "Legg til ny",
    "Age": "Alder",
    "Agenda": "Agenda",
    "AddNewSeries": "Legg til ny serie",
    "AddNewSeriesError": "Kunne ikke laste søkeresultat, vennligst prøv igjen.",
    "AddNewSeriesHelpText": "Det er enkelt å legge til en ny serie. Bare begynn å taste navnet på serien du vil legge til.",
    "AddNewSeriesRootFolderHelpText": "Undermappa \"{folder}\" vil bli automatisk laget",
    "AddNewSeriesSearchForMissingEpisodes": "Søk etter manglende episoder",
    "AddRemotePathMapping": "Legg til ekstern stimapping",
    "AddRemotePathMappingError": "Kunne ikke legge til ny ekstern stimapping, vennligst prøv igjen.",
    "AddSeriesWithTitle": "Legg til {title}",
    "Added": "Lagt til",
    "AddedDate": "Lagt til: {date}"
}
