{
    "BlocklistRelease": "封鎖清單版本",
    "BlocklistReleases": "封鎖清單版本",
    "ApiKeyValidationHealthCheckMessage": "請將您的API金鑰更新為至少{length}個字元長。您可以通過設定或配置文件進行此操作。",
    "AppDataLocationHealthCheckMessage": "為了避免在更新過程中刪除AppData，將無法進行更新。",
    "AddConditionError": "無法加入新的條件，請重新嘗試。",
    "Absolute": "絕對",
    "AddConditionImplementation": "新增條件 - {implementationName}",
    "AddConnection": "新增連接",
    "AddConnectionImplementation": "新增連接 - {implementationName}",
    "AddDelayProfile": "加入延遲設定",
    "AddIndexer": "新增索引",
    "AddDownloadClientImplementation": "新增下載用戶端 - {implementationName}",
    "AddIndexerImplementation": "新增索引 - {implementationName}",
    "AddImportList": "新增匯入清單",
    "AddImportListExclusion": "新增匯入排除清單",
    "AddImportListImplementation": "新增匯入清單 - {implementationName}",
    "AddListExclusion": "新增排除清單",
    "Add": "新增",
    "About": "關於",
    "Actions": "動作",
    "AddAutoTagError": "無法加入新的自動標籤，請重新嘗試。",
    "AddAutoTag": "新增自動標籤",
    "AddCondition": "新增條件",
    "AgeWhenGrabbed": "年齡（當獲取時）",
    "AppUpdated": "{appName}已更新",
    "ApplyChanges": "應用",
    "AllTitles": "所有標題",
    "ApplyTagsHelpTextHowToApplyDownloadClients": "如何將標籤套用在被選擇的下載客戶端",
    "AddRootFolderError": "無法加進根目錄",
    "ApplyTagsHelpTextAdd": "加入：將標籤加入已存在的標籤清單",
    "ApplyTagsHelpTextHowToApplyImportLists": "如何套用標籤在所選擇的輸入清單",
    "Version": "版本",
    "UpdateAppDirectlyLoadError": "無法直接更新 {appName}，",
    "Uptime": "上線時間",
    "AddCustomFilter": "新增自定義過濾器",
    "UnselectAll": "取消全選",
    "Any": "任何",
    "UpdateAvailableHealthCheckMessage": "可用的新版本: {version}",
    "AutoRedownloadFailed": "失敗時重新下載",
    "AutoRedownloadFailedFromInteractiveSearch": "失敗時重新下載來自手動搜索的資源",
    "AuthenticationRequired": "需要驗證",
    "AppDataDirectory": "AppData 路徑",
    "AuthenticationMethod": "驗證方式",
    "AuthenticationRequiredHelpText": "更改需要進行驗證的請求。除非你了解其中的風險，否則請勿修改。",
    "AuthenticationRequiredPasswordHelpTextWarning": "請輸入新密碼",
    "AuthenticationRequiredPasswordConfirmationHelpTextWarning": "確認新密碼",
    "AuthenticationMethodHelpTextWarning": "請選擇一個有效的驗證方式",
    "AuthenticationRequiredUsernameHelpTextWarning": "請輸入新用戶名",
    "AudioLanguages": "音頻語言",
    "Activity": "‎活動‎",
    "AddNewRestriction": "加入新的限制",
    "AuthenticationRequiredWarning": "為防止未經認證的遠程訪問，{appName} 現需要啟用身份認證。您可以選擇禁用本地地址的身份認證。",
    "AddRemotePathMappingError": "無法加入新的遠程路徑對應，請重試。",
    "AnalyseVideoFilesHelpText": "從文件中提取影像資訊，如解析度、運行環境和編解碼器資訊。這需要 {appName} 在掃描期間讀取文件並可能導致高磁盤或網絡佔用。",
    "AddDelayProfileError": "無法加入新的延遲配置，請重新嘗試。",
    "AddImportListExclusionError": "無法加入新的導入列表排除，請重試。",
    "AddIndexerError": "無法加入新的索引器，請重試。",
    "AddList": "加入清單",
    "AddListError": "無法加入新的清單，請重試。",
    "AddANewPath": "新增新的路徑",
    "AddCustomFormat": "加入自訂格式",
    "AddCustomFormatError": "無法加入自訂格式，請重試。",
    "AddDownloadClient": "加入下載用戶端",
    "AddDownloadClientError": "無法加入下載用戶端，請重試。",
    "AddExclusion": "加入排除",
    "AbsoluteEpisodeNumbers": "絕對集數",
    "AbsoluteEpisodeNumber": "絕對集數",
    "AddListExclusionError": "無法加入新的清單排除，請重試。",
    "AddNew": "加入新的"
}
