<?xml version="1.0" encoding="UTF-8" standalone="yes"?>
<addon id="virtual.icu4c"
       name="icu4c"
       version="1.0.0"
       provider-name="caradium">
  <requires>
    <import addon="xbmc.python" version="3.0.0"/>

  </requires>
  <extension point="xbmc.python.script" library="default.py" />
  <extension point="xbmc.python.module" library="lib/">
  </extension>
  <extension point="xbmc.addon.metadata">
    <summary>icu4c (autogenerated)</summary>
    <description>
International Components for Unicode library.
    </description>
    <disclaimer>
Keep it legal and carry on
    </disclaimer>
    <platform>all</platform>
    <news>

    </news>
    <assets>
      <icon>resources/icon.png</icon>
      <fanart>resources/fanart.png</fanart>

    </assets>
  </extension>
</addon>
