{
    "About": "Hakkında",
    "Absolute": "Mutlak",
    "AddCondition": "Koşul Ekle",
    "AddAutoTag": "Otomatik Etiket Ekle",
    "AddConnection": "Bağlantı Ekle",
    "AddConditionImplementation": "Koşul Ekle - {implementationName}",
    "EditConnectionImplementation": "Koşul Ekle - {implementationName}",
    "AddConnectionImplementation": "Bağlantı Ekle - {implementationName}",
    "AddIndexerImplementation": "Yeni Dizin Ekle - {implementationName}",
    "EditIndexerImplementation": "Koşul Ekle - {implementationName}",
    "AddToDownloadQueue": "İndirme kuyruğuna ekleyin",
    "AddedToDownloadQueue": "İndirme kuyruğuna eklendi",
    "AllTitles": "Tüm Başlıklar",
    "AbsoluteEpisodeNumbers": "Mutlak Bölüm Numaraları",
    "Actions": "Eylemler",
    "AbsoluteEpisodeNumber": "Mutlak Bölüm Numarası",
    "AddListExclusionError": "Yeni bir hariç tutma listesi eklenemiyor, lütfen tekrar deneyin.",
    "AddListExclusion": "Hariç Tutma Listesine Ekle",
    "AddNewRestriction": "Yeni kısıtlama ekle",
    "AddedDate": "Eklendi: {date}",
    "Activity": "Etkinlik",
    "Added": "Eklendi",
    "AirDate": "Yayınlanma Tarihi",
    "Add": "Ekle",
    "AddingTag": "Etiket ekleniyor",
    "Age": "Yıl",
    "AgeWhenGrabbed": "Yıl (yakalandığında)",
    "AddDelayProfileError": "Yeni bir gecikme profili eklenemiyor, lütfen tekrar deneyin.",
    "AddImportList": "İçe Aktarım Listesi Ekle",
    "AddImportListExclusion": "İçe Aktarma Listesi Hariç Tutma Ekle",
    "AddImportListExclusionError": "Yeni bir içe aktarım listesi dışlaması eklenemiyor, lütfen tekrar deneyin.",
    "AddImportListImplementation": "İçe Aktarım Listesi Ekle -{implementationName}",
    "AddIndexer": "Dizinleyici Ekle",
    "AddNewSeriesSearchForMissingEpisodes": "Kayıp bölümleri aramaya başlayın",
    "AddNotificationError": "Yeni bir bildirim eklenemiyor, lütfen tekrar deneyin.",
    "AddReleaseProfile": "Yayın Profili Ekle",
    "AddRemotePathMapping": "Uzak Yol Eşleme Ekleme",
    "AddRootFolder": "Kök Klasör Ekle",
    "AddSeriesWithTitle": "{title} Ekleyin",
    "Agenda": "Ajanda",
    "Airs": "Yayınlar",
    "AddIndexerError": "Yeni dizinleyici eklenemiyor, lütfen tekrar deneyin.",
    "AddNewSeriesSearchForCutoffUnmetEpisodes": "Karşılanmamış bölümleri aramaya başlayın",
    "AddQualityProfileError": "Yeni kalite profili eklenemiyor, lütfen tekrar deneyin.",
    "AddRemotePathMappingError": "Yeni bir uzak yol eşlemesi eklenemiyor, lütfen tekrar deneyin.",
    "AfterManualRefresh": "Manüel Yenilemeden Sonra",
    "AddAutoTagError": "Yeni bir otomatik etiket eklenemiyor, lütfen tekrar deneyin.",
    "AddConditionError": "Yeni bir koşul eklenemiyor, lütfen tekrar deneyin.",
    "AddCustomFormat": "Özel Format Ekle",
    "AddCustomFormatError": "Yeni bir özel biçim eklenemiyor, lütfen tekrar deneyin.",
    "AddDelayProfile": "Gecikme Profili Ekleme",
    "AddNewSeries": "Yeni Dizi Ekle",
    "AddNewSeriesError": "Arama sonuçları yüklenemedi, lütfen tekrar deneyin.",
    "AddNewSeriesHelpText": "Yeni bir dizi eklemek kolaydır, eklemek istediğiniz dizinin adını yazmaya başlamanız yeterlidir.",
    "AddNewSeriesRootFolderHelpText": "'{folder}' alt klasörü otomatik olarak oluşturulacaktır",
    "AddQualityProfile": "Kalite Profili Ekle",
    "AddDownloadClient": "İndirme İstemcisi Ekle",
    "AddANewPath": "Yeni bir yol ekle",
    "AddDownloadClientError": "Yeni bir indirme istemcisi eklenemiyor, lütfen tekrar deneyin.",
    "AddCustomFilter": "Özel Filtre Ekleyin",
    "AddDownloadClientImplementation": "İndirme İstemcisi Ekle - {implementationName}",
    "AddExclusion": "Dışlananlara Ekle",
    "AddList": "Liste Ekleyin",
    "AddListError": "Yeni bir liste eklenemiyor, lütfen tekrar deneyin.",
    "AddNew": "Yeni Ekle",
    "AddListExclusionSeriesHelpText": "Dizilerin {appName} listeler tarafından eklenmesini önleyin",
    "AddRootFolderError": "Kök klasör eklenemiyor",
    "CountImportListsSelected": "{count} içe aktarma listesi seçildi",
    "CustomFormatsSpecificationFlag": "Bayrak",
    "ClickToChangeIndexerFlags": "Dizinleyici bayraklarını değiştirmek için tıklayın",
    "ClickToChangeReleaseGroup": "Yayım grubunu değiştirmek için tıklayın",
    "AppUpdated": "{appName} Güncellendi",
    "ApplicationURL": "Uygulama URL'si",
    "ApplyTagsHelpTextAdd": "Ekle: Etiketleri mevcut etiket listesine ekleyin",
    "ApplyTagsHelpTextHowToApplyIndexers": "Seçilen indeksleyicilere etiketler nasıl uygulanır",
    "ApplyTagsHelpTextRemove": "Kaldır: Girilen etiketleri kaldırın",
    "AuthenticationRequiredPasswordHelpTextWarning": "Yeni şifre girin",
    "AuthenticationRequiredUsernameHelpTextWarning": "Yeni kullanıcı adınızı girin",
    "AuthenticationMethodHelpTextWarning": "Lütfen geçerli bir kimlik doğrulama yöntemi seçin",
    "AutoTaggingRequiredHelpText": "Otomatik etiketleme kuralının uygulanabilmesi için bu {implementationName} koşulunun eşleşmesi gerekir. Aksi takdirde tek bir {implementationName} eşleşmesi yeterlidir.",
    "BlocklistLoadError": "Engellenenler listesi yüklenemiyor",
    "BypassDelayIfHighestQualityHelpText": "Tercih edilen protokolle kalite profilinde en yüksek etkin kaliteye sahip yayın olduğunda gecikmeyi atlayın",
    "ConnectionLostToBackend": "{appName}'ın arka uçla bağlantısı kesildi ve işlevselliğin geri kazanılması için yeniden yüklenmesi gerekecek.",
    "CustomFormatJson": "Özel JSON Formatı",
    "AutomaticAdd": "Otomatik Ekle",
    "CustomFilter": "Özel Filtre",
    "CustomFormatUnknownConditionOption": "'{implementation}' koşulu için bilinmeyen seçenek '{key}'",
    "AutoTagging": "Otomatik Etiketleme",
    "AutoTaggingNegateHelpText": "İşaretlenirse, {implementationName} koşulu eşleştiğinde otomatik etiketleme kuralı uygulanmayacaktır.",
    "ApplyTagsHelpTextHowToApplyDownloadClients": "Seçilen indirme istemcilerine etiketler nasıl uygulanır",
    "ApplyTagsHelpTextHowToApplyImportLists": "Seçilen içe aktarma listelerine etiketler nasıl uygulanır",
    "AuthenticationRequiredHelpText": "İstekler için Kimlik doğrulamanın gereklilik ayarını değiştirin. Riskleri anlamadığınız sürece değiştirmeyin.",
    "AutoTaggingLoadError": "Otomatik etiketleme yüklenemiyor",
    "BypassDelayIfAboveCustomFormatScore": "Özel Format Koşullarının Üstündeyse Baypas Et",
    "Clone": "Klon",
    "CouldNotFindResults": "'{term}' için herhangi bir sonuç bulunamadı",
    "AudioLanguages": "Ses Dilleri",
    "ApplicationUrlHelpText": "Bu uygulamanın http(s)://, bağlantı noktası ve URL tabanını içeren harici URL'si",
    "ApplyChanges": "Değişiklikleri Uygula",
    "BlocklistAndSearch": "Engellenenler Listesi ve Arama",
    "BlocklistAndSearchHint": "Engellenenler listesine ekledikten sonra yenisini aramaya başlayın",
    "BlocklistAndSearchMultipleHint": "Engellenenler listesine ekledikten sonra yedekleri aramaya başlayın",
    "BlocklistMultipleOnlyHint": "Yedekleri aramadan engelleme listesi",
    "BlocklistOnly": "Yalnızca Engellenenler Listesi",
    "BlocklistOnlyHint": "Yenisini aramadan engelleme listesi",
    "BlocklistReleaseHelpText": "Bu yayın {appName} tarafından RSS veya Otomatik Arama yoluyla yeniden indirilmesi engelleniyor",
    "BypassDelayIfAboveCustomFormatScoreHelpText": "Yayının puanı, yapılandırılan minimum özel format puanından yüksek olduğunda bypass'ı etkinleştirin",
    "BypassDelayIfAboveCustomFormatScoreMinimumScoreHelpText": "Tercih edilen protokolde gecikmeyi atlamak için gereken Minimum Özel Format Puanı",
    "BypassDelayIfHighestQuality": "En Yüksek Kalitedeyse Atla",
    "ChangeCategory": "Kategoriyi Değiştir",
    "ChangeCategoryHint": "İndirme İstemcisi'nden indirme işlemini 'İçe Aktarma Sonrası Kategorisi' olarak değiştirir",
    "ChangeCategoryMultipleHint": "İndirme istemcisinden indirmeleri 'İçe Aktarma Sonrası Kategorisi' olarak değiştirir",
    "ChooseImportMode": "İçe Aktarma Modunu Seçin",
    "ClearBlocklist": "Engellenenler listesini temizle",
    "ConnectSettingsSummary": "Bildirimler, medya sunucularına/oynatıcılara bağlantılar ve özel komut dosyaları",
    "CountDownloadClientsSelected": "{count} indirme istemcisi seçildi",
    "CustomFormatUnknownCondition": "Bilinmeyen Özel Biçim koşulu '{implementation}'",
    "CustomFormatsSpecificationRegularExpression": "Düzenli ifade",
    "AppDataDirectory": "Uygulama Veri Dizini",
    "ChownGroup": "Chown Grubu",
    "ConditionUsingRegularExpressions": "Bu koşul Normal İfadeler kullanılarak eşleşir. `\\^$.|?*+()[{` karakterlerinin özel anlamlara sahip olduğunu ve `\\` ile kaçılması gerektiğini unutmayın",
    "BlackholeFolderHelpText": "{appName} uygulamasının {extension} dosyasını depolayacağı klasör",
    "BlackholeWatchFolder": "İzleme Klasörü",
    "BypassDelayIfAboveCustomFormatScoreMinimumScore": "Minimum Özel Format Puanı",
    "Cancel": "Vazgeç",
    "Category": "Kategori",
    "CertificateValidationHelpText": "HTTPS sertifika doğrulamasının sıkılığını değiştirin. Riskleri anlamadığınız sürece değişmeyin.",
    "CloneCondition": "Klon Durumu",
    "CountIndexersSelected": "{count} dizinleyici seçildi",
    "CustomFormatsSpecificationRegularExpressionHelpText": "Özel Format RegEx Büyük/Küçük Harfe Duyarsızdır",
    "AutoRedownloadFailed": "Yeniden İndirme Başarısız",
    "AutoRedownloadFailedFromInteractiveSearch": "Etkileşimli Aramadan Yeniden İndirme Başarısız Oldu",
    "AutoRedownloadFailedFromInteractiveSearchHelpText": "Başarısız indirmeler, etkileşimli aramada bulunduğunda otomatik olarak farklı bir versiyonu arayın ve indirmeyi deneyin",
    "ApplyTagsHelpTextReplace": "Değiştir: Etiketleri girilen etiketlerle değiştirin (tüm etiketleri kaldırmak için etiket girmeyin)",
    "AuthenticationMethod": "Kimlik Doğrulama Yöntemi",
    "AuthenticationRequired": "Kimlik Doğrulama",
    "AuthenticationRequiredWarning": "Kimlik doğrulaması olmadan uzaktan erişimi engellemek için, {appName}'da artık kimlik doğrulamanın etkinleştirilmesini gerektiriyor. İsteğe bağlı olarak yerel adresler için kimlik doğrulamayı devre dışı bırakabilirsiniz.",
    "ApiKeyValidationHealthCheckMessage": "Lütfen API anahtarınızı en az {length} karakter sayısı kadar güncelleyiniz. Bunu ayarlar veya yapılandırma dosyası üzerinden yapabilirsiniz",
    "ClearBlocklistMessageText": "Engellenenler listesindeki tüm öğeleri temizlemek istediğinizden emin misiniz?",
    "AutomaticUpdatesDisabledDocker": "Docker güncelleme mekanizması kullanıldığında otomatik güncellemeler doğrudan desteklenmez. Konteyner görüntüsünü {appName} dışında güncellemeniz veya bir komut dosyası kullanmanız gerekecek",
    "ConnectionLostReconnect": "{appName} otomatik bağlanmayı deneyecek veya aşağıda yeniden yükle seçeneğini işaretleyebilirsiniz.",
    "BlackholeWatchFolderHelpText": "{appName} uygulamasının tamamlanmış indirmeleri içe aktaracağı klasör",
    "AuthenticationRequiredPasswordConfirmationHelpTextWarning": "Yeni şifreyi onayla",
    "BindAddressHelpText": "Tüm arayüzler için geçerli IP adresi, localhost veya '*'",
    "CloneAutoTag": "Otomatik Etiketi Klonla",
    "Dash": "Çizgi",
    "DeleteReleaseProfileMessageText": "'{name}' bu yayımlama profilini silmek istediğinizden emin misiniz?",
    "DownloadClientFreeboxApiError": "Freebox API'si şu hatayı döndürdü: {errorDescription}",
    "DeleteSelectedDownloadClients": "İndirme İstemcilerini Sil",
    "DeleteSelectedDownloadClientsMessageText": "Seçilen {count} indirme istemcisini silmek istediğinizden emin misiniz?",
    "DeleteRootFolderMessageText": "'{path}' kök klasörünü silmek istediğinizden emin misiniz?",
    "DeleteSpecificationHelpText": "'{name}' spesifikasyonunu silmek istediğinizden emin misiniz?",
    "DeletedReasonUpgrade": "Bir yükseltmeyi içe aktarmak için dosya silindi",
    "DelayMinutes": "{delay} Dakika",
    "DeleteImportListMessageText": "'{name}' listesini silmek istediğinizden emin misiniz?",
    "DeleteReleaseProfile": "Yayımlama Profilini Sil",
    "DeleteSelectedIndexers": "Dizinleyicileri Sil",
    "Directory": "Rehber",
    "Donate": "Bağış yap",
    "DownloadClientDownloadStationValidationFolderMissing": "Klasör mevcut değil",
    "DownloadClientFloodSettingsAdditionalTags": "Ek Etiketler",
    "DownloadClientFloodSettingsPostImportTags": "İçe Aktarma Sonrası Etiketler",
    "DownloadClientFloodSettingsStartOnAdd": "Eklemeye Başla",
    "DownloadClientFloodSettingsTagsHelpText": "Bir indirme işleminin başlangıç etiketleri. Bir indirmenin tanınabilmesi için tüm başlangıç etiketlerine sahip olması gerekir. Bu, ilgisiz indirmelerle çakışmaları önler.",
    "DownloadClientAriaSettingsDirectoryHelpText": "İndirilenlerin yerleştirileceği isteğe bağlı konum, varsayılan Aria2 konumunu kullanmak için boş bırakın",
    "DefaultNameCopiedProfile": "{name} - Kopyala",
    "DeleteAutoTag": "Etiketi Otomatik Sil",
    "DeleteCondition": "Koşulu Sil",
    "DeleteDelayProfileMessageText": "Bu gecikme profilini silmek istediğinizden emin misiniz?",
    "DeleteRootFolder": "Kök Klasörü Sil",
    "DeleteSpecification": "Spesifikasyonu Sil",
    "DeletedReasonManual": "Dosya, {appName} kullanılarak manuel olarak veya API aracılığıyla başka bir araçla silindi",
    "DeleteCustomFormatMessageText": "'{name}' özel biçimini silmek istediğinizden emin misiniz?",
    "DefaultNameCopiedSpecification": "{name} - Kopyala",
    "DeleteConditionMessageText": "'{name}' koşulunu silmek istediğinizden emin misiniz?",
    "DeleteImportListExclusionMessageText": "Bu içe aktarma listesi hariç tutma işlemini silmek istediğinizden emin misiniz?",
    "DeleteQualityProfileMessageText": "'{name}' kalite profilini silmek istediğinizden emin misiniz?",
    "DeleteSelectedIndexersMessageText": "Seçilen {count} dizinleyiciyi silmek istediğinizden emin misiniz?",
    "DownloadClientDelugeValidationLabelPluginFailureDetail": "{appName}, etiketi {clientName} uygulamasına ekleyemedi.",
    "DownloadClientDownloadStationProviderMessage": "DSM hesabınızda 2 Faktörlü Kimlik Doğrulama etkinleştirilmişse {appName}, Download Station'a bağlanamaz",
    "DownloadClientDownloadStationValidationApiVersion": "Download Station API sürümü desteklenmiyor; en az {requiredVersion} olmalıdır. {minVersion}'dan {maxVersion}'a kadar destekler",
    "DownloadClientDownloadStationValidationNoDefaultDestination": "Varsayılan hedef yok",
    "DownloadClientFloodSettingsAdditionalTagsHelpText": "Medyanın özelliklerini etiket olarak ekler. İpuçları örnektir.",
    "DownloadClientFloodSettingsPostImportTagsHelpText": "İndirmelere içe aktarıldıktan sonra etiket ekler.",
    "DownloadClientFloodSettingsUrlBaseHelpText": "Flood API'sine {url} gibi bir önek ekler",
    "ReplaceIllegalCharactersHelpText": "Geçersiz karakterleri değiştirin. İşaretlenmezse bunun yerine {appName} bunları kaldıracak",
    "ConnectionSettingsUrlBaseHelpText": "{connectionName} URL'sine {url} gibi bir önek ekler",
    "DeleteSelectedImportLists": "İçe Aktarma Listelerini Sil",
    "DelayingDownloadUntil": "İndirme işlemi {date} tarihine, {time} tarihine kadar erteleniyor",
    "Destination": "Hedef",
    "DoNotBlocklist": "Engelleme Listesine Eklemeyin",
    "DoNotBlocklistHint": "Engellenenler listesine eklemeden kaldır",
    "DownloadClientDelugeTorrentStateError": "Deluge bir hata bildiriyor",
    "DownloadClientDelugeValidationLabelPluginFailure": "Etiket yapılandırılması başarısız oldu",
    "DownloadClientDownloadStationValidationSharedFolderMissing": "Paylaşılan klasör mevcut değil",
    "DeleteImportList": "İçe Aktarma Listesini Sil",
    "IndexerPriorityHelpText": "Dizinleyici Önceliği (En Yüksek) 1'den (En Düşük) 50'ye kadar. Varsayılan: 25'dir. Eşit olmayan yayınlar için eşitlik bozucu olarak yayınlar alınırken kullanılan {appName}, RSS Senkronizasyonu ve Arama için etkinleştirilmiş tüm dizin oluşturucuları kullanmaya devam edecek",
    "DisabledForLocalAddresses": "Yerel Adreslerde Devre Dışı Bırak",
    "DownloadClientDelugeValidationLabelPluginInactive": "Etiket eklentisi etkinleştirilmedi",
    "DownloadClientDelugeValidationLabelPluginInactiveDetail": "Kategorileri kullanmak için {clientName} uygulamasında Etiket eklentisini etkinleştirmiş olmanız gerekir.",
    "DownloadClientDownloadStationValidationNoDefaultDestinationDetail": "Diskstation'ınızda {username} olarak oturum açmalı ve BT/HTTP/FTP/NZB -> Konum altında DownloadStation ayarlarında manuel olarak ayarlamalısınız.",
    "DownloadClientDownloadStationValidationSharedFolderMissingDetail": "Diskstation'da '{sharedFolder}' adında bir Paylaşımlı Klasör yok, bunu doğru belirttiğinizden emin misiniz?",
    "DownloadClientFloodSettingsRemovalInfo": "{appName}, Ayarlar -> Dizinleyiciler'deki geçerli başlangıç ölçütlerine göre torrentlerin otomatik olarak kaldırılmasını sağlar",
    "Database": "Veri tabanı",
    "DelayProfileProtocol": "Protokol: {preferredProtocol}",
    "DownloadClientDownloadStationValidationFolderMissingDetail": "'{downloadDir}' klasörü mevcut değil, '{sharedFolder}' Paylaşımlı Klasöründe manuel olarak oluşturulması gerekiyor.",
    "DeleteAutoTagHelpText": "'{name}' etiketini otomatik silmek istediğinizden emin misiniz?",
    "DownloadClientDelugeSettingsUrlBaseHelpText": "Deluge json URL'sine bir önek ekler, bkz. {url}",
    "DownloadClientFreeboxSettingsPortHelpText": "Freebox arayüzüne erişim için kullanılan bağlantı noktası, varsayılan olarak '{port}' şeklindedir",
    "DownloadClientFreeboxUnableToReachFreebox": "Freebox API'sine ulaşılamıyor. 'Ana Bilgisayar', 'Bağlantı Noktası' veya 'SSL Kullan' ayarlarını doğrulayın. (Hata: {exceptionMessage})",
    "CustomFormatsSettingsTriggerInfo": "Bir yayına veya dosyaya, seçilen farklı koşul türlerinden en az biriyle eşleştiğinde Özel Format uygulanacaktır.",
    "Default": "Varsayılan",
    "DeleteSelectedImportListsMessageText": "Seçilen {count} içe aktarma listesini silmek istediğinizden emin misiniz?",
    "DownloadClientDelugeSettingsDirectory": "İndirme Dizini",
    "DownloadClientDelugeSettingsDirectoryCompleted": "Tamamlandığında Dizini Taşı",
    "DownloadClientDelugeSettingsDirectoryCompletedHelpText": "Tamamlanan indirmelerin taşınacağı isteğe bağlı konum; varsayılan Deluge konumunu kullanmak için boş bırakın",
    "DownloadClientDelugeSettingsDirectoryHelpText": "İndirilenlerin yerleştirileceği isteğe bağlı konum; varsayılan Deluge konumunu kullanmak için boş bırakın",
    "DownloadClientDownloadStationSettingsDirectoryHelpText": "İndirilenlerin yerleştirileceği isteğe bağlı paylaşımlı klasör, varsayılan Download Station konumunu kullanmak için boş bırakın",
    "ApiKey": "API Anahtarı",
    "Analytics": "Analitik",
    "All": "Hepsi",
    "AppDataLocationHealthCheckMessage": "Güncelleme sırasında AppData'nın silinmesini önlemek için güncelleme yapılmayacaktır",
    "AnalyticsEnabledHelpText": "Anonim kullanım ve hata bilgilerini {appName} sunucularına gönderin. Buna, tarayıcınız, hangi {appName} WebUI sayfalarını kullandığınız, hata raporlamanın yanı sıra işletim sistemi ve çalışma zamanı sürümü hakkındaki bilgiler de dahildir. Bu bilgiyi özelliklere ve hata düzeltmelerine öncelik vermek için kullanacağız.",
    "Backup": "Yedekler",
    "BindAddress": "Bind Adresi",
    "DownloadClientFreeboxSettingsApiUrl": "API URL'si",
    "DownloadClientFreeboxSettingsAppId": "Uygulama kimliği",
    "DownloadClientFreeboxNotLoggedIn": "Giriş yapmadınız",
    "DownloadClientFreeboxSettingsAppToken": "Uygulama Jetonu",
    "DownloadClientFreeboxSettingsAppTokenHelpText": "Freebox API'sine erişim oluşturulurken alınan uygulama jetonu (ör. 'app_token')",
    "Apply": "Uygula",
    "DownloadClientFreeboxAuthenticationError": "Freebox API'sinde kimlik doğrulama başarısız oldu. Sebep: {errorDescription}",
    "DownloadClientFreeboxSettingsAppIdHelpText": "Freebox API'sine erişim oluşturulurken verilen uygulama kimliği (ör. 'app_id')",
    "DownloadClientFreeboxSettingsHostHelpText": "Freebox'un ana bilgisayar adı veya ana bilgisayar IP adresi, varsayılan olarak '{url}' şeklindedir (yalnızca aynı ağdaysa çalışır)",
    "DownloadClientFreeboxSettingsApiUrlHelpText": "Freebox API temel URL'sini API sürümüyle tanımlayın, örneğin '{url}', varsayılan olarak '{defaultApiUrl}' olur",
    "BlocklistReleases": "Kara Liste Sürümü",
    "DownloadClientNzbgetValidationKeepHistoryZeroDetail": "NzbGet ayarı KeepHistory 0 olarak ayarlandı. Bu, {appName}'in tamamlanan indirmeleri görmesini engelliyor.",
    "DownloadClientQbittorrentSettingsUseSslHelpText": "Güvenli bir bağlantı kullanın. qBittorrent'te Seçenekler -> Web Kullanıcı Arayüzü -> 'HTTP yerine HTTPS kullan' bölümüne bakın.",
    "DownloadClientValidationCategoryMissingDetail": "Girdiğiniz kategori {clientName} içinde mevcut değil. Önce bunu {clientName} içinde oluşturun.",
    "EditDownloadClientImplementation": "İndirme İstemcisini Düzenle - {implementationName}",
    "DownloadClientQbittorrentValidationCategoryUnsupported": "Kategori desteklenmiyor",
    "DownloadClientValidationCategoryMissing": "Kategori mevcut değil",
    "DownloadClientNzbgetSettingsAddPausedHelpText": "Bu seçenek en az NzbGet sürüm 16.0'ı gerektirir",
    "DownloadClientFreeboxUnableToReachFreeboxApi": "Freebox API'sine ulaşılamıyor. Temel URL ve sürüm için 'API URL'si' ayarını doğrulayın.",
    "DownloadClientNzbgetValidationKeepHistoryOverMaxDetail": "NzbGet KeepHistory ayarı çok yüksek ayarlanmış.",
    "DownloadClientPneumaticSettingsNzbFolder": "Nzb Klasörü",
    "DownloadClientPneumaticSettingsStrmFolderHelpText": "Bu klasördeki .strm dosyaları drone ile içe aktarılacak",
    "DownloadClientQbittorrentSettingsFirstAndLastFirstHelpText": "Önce ilk ve son parçaları indirin (qBittorrent 4.1.0+)",
    "DownloadClientQbittorrentTorrentStateDhtDisabled": "qBittorrent, DHT devre dışıyken magnet bağlantısını çözemiyor",
    "DownloadClientQbittorrentTorrentStateMetadata": "qBittorrent meta verileri indiriyor",
    "DownloadClientQbittorrentTorrentStateError": "qBittorrent bir hata bildiriyor",
    "DownloadClientQbittorrentTorrentStateStalled": "Bağlantı kesildi indirme işlemi durduruldu",
    "DownloadClientQbittorrentValidationCategoryAddFailure": "Kategori yapılandırması başarısız oldu",
    "DownloadClientQbittorrentTorrentStateUnknown": "Bilinmeyen indirme durumu: {state}",
    "DownloadClientQbittorrentValidationCategoryRecommended": "Kategori önerilir",
    "DownloadClientQbittorrentValidationCategoryRecommendedDetail": "{appName}, tamamlanan indirmeleri kategorisi olmadan içe aktarmaya çalışmaz.",
    "DownloadClientRTorrentSettingsAddStopped": "Ekleme Durduruldu",
    "DownloadClientSabnzbdValidationEnableDisableDateSorting": "Tarih Sıralamayı Devre Dışı Bırak",
    "DownloadClientSabnzbdValidationEnableDisableMovieSortingDetail": "İçe aktarma sorunlarını önlemek için {appName}'in kullandığı kategori için Film sıralamayı devre dışı bırakmalısınız. Düzeltmek için Sabnzbd'a gidin.",
    "DownloadClientSabnzbdValidationUnknownVersion": "Bilinmeyen Sürüm: {rawVersion}",
    "DownloadClientSabnzbdValidationEnableJobFolders": "İş klasörlerini etkinleştir",
    "DownloadClientSettingsAddPaused": "Ekleme Durduruldu",
    "DownloadClientSettingsDestinationHelpText": "İndirme hedefini manuel olarak belirtir, varsayılanı kullanmak için boş bırakın",
    "DownloadClientSettingsInitialState": "Başlangıç Durumu",
    "DownloadClientSettingsPostImportCategoryHelpText": "{appName}'in indirmeyi içe aktardıktan sonra ayarlayacağı kategori. {appName}, tohumlama tamamlansa bile bu kategorideki torrentleri kaldırmaz. Aynı kategoriyi korumak için boş bırakın.",
    "DownloadClientSettingsUseSslHelpText": "{clientName} ile bağlantı kurulurken güvenli bağlantıyı kullan",
    "DownloadClientSettingsUrlBaseHelpText": "{clientName} URL'sine {url} gibi bir önek ekler",
    "DownloadClientValidationApiKeyRequired": "API Anahtarı Gerekli",
    "DownloadClientValidationAuthenticationFailure": "Kimlik doğrulama hatası",
    "AlreadyInYourLibrary": "Kütüphanenizde mevcut",
    "EditMetadata": "{metadataType} Meta Verisini Düzenle",
    "DownloadClientPneumaticSettingsStrmFolder": "Strm Klasörü",
    "DownloadClientPneumaticSettingsNzbFolderHelpText": "Bu klasöre XBMC'den erişilmesi gerekecek",
    "DownloadClientPriorityHelpText": "İstemci Önceliğini 1'den (En Yüksek) 50'ye (En Düşük) indirin. Varsayılan: 1. Aynı önceliğe sahip istemciler için Round-Robin kullanılır.",
    "DownloadClientQbittorrentSettingsFirstAndLastFirst": "İlk ve Son İlk",
    "DownloadClientQbittorrentSettingsContentLayoutHelpText": "qBittorrent'in yapılandırılmış içerik düzenini mi, torrentteki orijinal düzeni mi kullanacağınızı yoksa her zaman bir alt klasör oluşturup oluşturmayacağınızı (qBittorrent 4.3.2+)",
    "DownloadClientQbittorrentValidationCategoryAddFailureDetail": "{appName}, etiketi qBittorrent'e ekleyemedi.",
    "DownloadClientQbittorrentValidationQueueingNotEnabled": "kuyruğa Alma Etkin Değil",
    "DownloadClientRTorrentSettingsUrlPathHelpText": "XMLRPC uç noktasının yolu, bkz. {url}. RuTorrent kullanılırken bu genellikle RPC2 veya [ruTorrent yolu]{url2} olur.",
    "DownloadClientSabnzbdValidationDevelopVersion": "Sabnzbd, sürüm 3.0.0 veya üzerini varsayarak sürüm geliştirir.",
    "DownloadClientValidationUnableToConnect": "{clientName} ile bağlantı kurulamıyor",
    "DownloadClientValidationUnknownException": "Bilinmeyen istisna: {exception}",
    "DownloadClientValidationVerifySsl": "SSL Doğrulama ayarı",
    "DownloadClientVuzeValidationErrorVersion": "Protokol sürümü desteklenmiyor; Vuze Web Remote eklentisi ile Vuze 5.0.0.0 veya üstünü kullanın.",
    "EditAutoTag": "Otomatik Etiket Düzenle",
    "EditConditionImplementation": "Koşulu Düzenle - {implementationName}",
    "DownloadClientNzbgetValidationKeepHistoryZero": "NzbGet ayarı KeepHistory 0'dan büyük olmalıdır",
    "DownloadClientNzbgetValidationKeepHistoryOverMax": "NzbGet ayarı KeepHistory 25000'den az olmalıdır",
    "DownloadClientQbittorrentSettingsSequentialOrder": "Sıralı Sıra",
    "DownloadClientQbittorrentSettingsSequentialOrderHelpText": "Sıralı olarak indirin (qBittorrent 4.1.0+)",
    "DownloadClientQbittorrentValidationCategoryUnsupportedDetail": "Kategoriler qBittorrent 3.3.0 sürümüne kadar desteklenmemektedir. Lütfen yükseltme yapın veya boş bir Kategoriyle tekrar deneyin.",
    "DownloadClientRTorrentSettingsUrlPath": "URL Yolu",
    "DownloadClientQbittorrentValidationQueueingNotEnabledDetail": "Torrent Kuyruğa Alma, qBittorrent ayarlarınızda etkin değil. qBittorrent'te etkinleştirin veya öncelik olarak 'Son'u seçin.",
    "DownloadClientSabnzbdValidationCheckBeforeDownload": "Sabnbzd'de 'İndirmeden önce kontrol et' seçeneğini devre dışı bırakın",
    "DownloadClientSabnzbdValidationEnableDisableMovieSorting": "Film Sıralamayı Devre Dışı Bırak",
    "DownloadClientSabnzbdValidationEnableDisableTvSorting": "TV Sıralamasını Devre Dışı Bırak",
    "DownloadClientValidationVerifySslDetail": "Lütfen hem {clientName} hem de {appName} üzerinde SSL yapılandırmanızı doğrulayın",
    "DownloadClientValidationUnableToConnectDetail": "Lütfen ana bilgisayar adını ve bağlantı noktasını doğrulayın.",
    "EditImportListImplementation": "İçe Aktarma Listesini Düzenle - {implementationName}",
    "DownloadClientQbittorrentSettingsContentLayout": "İçerik Düzeni",
    "DownloadClientSettingsRecentPriority": "Yeni Öncelik",
    "DownloadClientUTorrentTorrentStateError": "uTorrent bir hata bildirdi",
    "DownloadClientValidationApiKeyIncorrect": "API Anahtarı Yanlış",
    "DownloadClientValidationGroupMissingDetail": "Girdiğiniz grup {clientName} içinde mevcut değil. Önce bunu {clientName} içinde oluşturun.",
    "Duration": "Süre",
    "DownloadIgnored": "Yoksayılanları İndir",
    "DownloadClientsLoadError": "İndirme istemcileri yüklenemiyor",
    "DownloadClientQbittorrentSettingsInitialStateHelpText": "Torrentlerin başlangıç durumu qBittorrent'e eklendi. Zorunlu Torrentlerin seed kısıtlamalarına uymadığını unutmayın",
    "DownloadClientRTorrentSettingsAddStoppedHelpText": "Etkinleştirme, durdurulmuş durumdaki rTorrent'e torrentler ve magnet ekleyecektir. Bu magnet dosyalarını bozabilir.",
    "DownloadClientSabnzbdValidationCheckBeforeDownloadDetail": "'İndirmeden önce kontrol et' seçeneğinin kullanılması, {appName} uygulamasının yeni indirilenleri takip etme yeteneğini etkiler. Ayrıca Sabnzbd, daha etkili olduğu için bunun yerine 'Tamamlanamayan işleri iptal et' seçeneğini öneriyor.",
    "DownloadClientSabnzbdValidationDevelopVersionDetail": "{appName}, geliştirme sürümlerini çalıştırırken SABnzbd'ye eklenen yeni özellikleri desteklemeyebilir.",
    "DownloadClientSabnzbdValidationEnableDisableDateSortingDetail": "İçe aktarma sorunlarını önlemek için {appName}'in kullandığı kategori için Tarih sıralamayı devre dışı bırakmalısınız. Düzeltmek için Sabnzbd'a gidin.",
    "DownloadClientValidationGroupMissing": "Grup mevcut değil",
    "DownloadClientValidationTestTorrents": "Torrentlerin listesi alınamadı: {exceptionMessage}",
    "DownloadClientQbittorrentValidationRemovesAtRatioLimitDetail": "{appName}, Tamamlanan İndirme İşlemini yapılandırıldığı şekilde gerçekleştiremeyecek. Bunu qBittorrent'te (menüde 'Araçlar -> Seçenekler...') 'Seçenekler -> BitTorrent -> Paylaşım Oranı Sınırlaması'nı 'Kaldır' yerine 'Duraklat' olarak değiştirerek düzeltebilirsiniz",
    "DownloadClientSettingsCategoryHelpText": "{appName}'e özel bir kategori eklemek, {appName} dışındaki ilgisiz indirmelerle çakışmaları önler. Kategori kullanmak isteğe bağlıdır ancak önemle tavsiye edilir.",
    "DownloadClientSettingsOlderPriority": "Eski Önceliği",
    "DownloadClientValidationTestNzbs": "NZB'lerin listesi alınamadı: {exceptionMessage}",
    "DownloadClientValidationSslConnectFailure": "SSL aracılığıyla bağlanılamıyor",
    "DownloadClientRemovesCompletedDownloadsHealthCheckMessage": "{downloadClientName} indirme istemcisi, tamamlanan indirmeleri kaldıracak şekilde ayarlandı. Bu, indirilenlerin {appName} içe aktarılmadan önce istemcinizden kaldırılmasına neden olabilir.",
    "DownloadClientQbittorrentTorrentStatePathError": "İçe Aktarılamıyor. Yol, istemci tabanlı indirme dizini ile eşleşiyor, bu torrent için 'Üst düzey klasörü tut' seçeneği devre dışı bırakılmış olabilir veya 'Torrent İçerik Düzeni' 'Orijinal' veya 'Alt Klasör Oluştur' olarak ayarlanmamış olabilir mi?",
    "DownloadClientQbittorrentValidationRemovesAtRatioLimit": "qBittorrent, Torrentleri Paylaşım Oranı Sınırına ulaştıklarında kaldıracak şekilde yapılandırılmıştır",
    "DownloadClientRTorrentProviderMessage": "rTorrent, başlangıç kriterlerini karşılayan torrentleri duraklatmaz. {appName}, torrentlerin otomatik olarak kaldırılmasını Ayarlar->Dizinleyiciler'deki geçerli tohum kriterlerine göre yalnızca Tamamlandı Kaldırma etkinleştirildiğinde gerçekleştirecektir. İçe aktardıktan sonra, davranışı özelleştirmek için rTorrent komut dosyalarında kullanılabilen {importedView}'ı bir rTorrent görünümü olarak ayarlayacaktır.",
    "DownloadClientValidationAuthenticationFailureDetail": "Kullanıcı adınızı ve şifrenizi kontrol edin. Ayrıca, {appName} çalıştıran ana bilgisayarın, {clientName} yapılandırmasındaki WhiteList sınırlamaları nedeniyle {clientName} erişiminin engellenip engellenmediğini de doğrulayın.",
    "DownloadStationStatusExtracting": "Çıkarılıyor: %{progress}",
    "DownloadClientNzbVortexMultipleFilesMessage": "İndirme birden fazla dosya içeriyor ve bir iş klasöründe değil: {outputPath}",
    "DownloadClientSabnzbdValidationEnableJobFoldersDetail": "{appName} her indirme işleminin ayrı bir klasöre sahip olmasını tercih ediyor. Klasör/Yol'a * eklendiğinde Sabnzbd bu iş klasörlerini oluşturmayacaktır. Düzeltmek için Sabnzbd'a gidin.",
    "DownloadClientRTorrentSettingsDirectoryHelpText": "İndirilenlerin yerleştirileceği isteğe bağlı konum, varsayılan rTorrent konumunu kullanmak için boş bırakın",
    "DownloadClientSabnzbdValidationEnableDisableTvSortingDetail": "İçe aktarma sorunlarını önlemek için {appName}'in kullandığı kategori için TV sıralamasını devre dışı bırakmalısınız. Düzeltmek için Sabnzbd'a gidin.",
    "DownloadClientSettingsCategorySubFolderHelpText": "{appName}'e özel bir kategori eklemek, {appName} dışındaki ilgisiz indirmelerle çakışmaları önler. Kategori kullanmak isteğe bağlıdır ancak önemle tavsiye edilir. Çıkış dizininde bir [kategori] alt dizini oluşturur.",
    "DownloadClientSettingsInitialStateHelpText": "{clientName} dosyasına eklenen torrentler için başlangıç durumu",
    "DownloadClientTransmissionSettingsDirectoryHelpText": "İndirilenlerin yerleştirileceği isteğe bağlı konum, varsayılan İletim konumunu kullanmak için boş bırakın",
    "DownloadClientTransmissionSettingsUrlBaseHelpText": "{clientName} rpc URL'sine bir önek ekler, örneğin {url}, varsayılan olarak '{defaultUrl}' olur",
    "DownloadClientValidationErrorVersion": "{clientName} sürümü en az {requiredVersion} olmalıdır. Bildirilen sürüm: {reportedVersion}",
    "DownloadClientValidationSslConnectFailureDetail": "{appName}, SSL kullanarak {clientName} uygulamasına bağlanamıyor. Bu sorun bilgisayarla ilgili olabilir. Lütfen hem {appName} hem de {clientName} uygulamasını SSL kullanmayacak şekilde yapılandırmayı deneyin.",
    "Imported": "İçe aktarıldı",
    "NotificationsAppriseSettingsTagsHelpText": "İsteğe bağlı olarak yalnızca uygun şekilde etiketlenenleri bilgilendirin.",
    "NotificationsDiscordSettingsAvatar": "Avatar",
    "NotificationsGotifySettingsAppTokenHelpText": "Gotify tarafından oluşturulan Uygulama Jetonu",
    "ImportScriptPath": "Komut Dosyası Yolunu İçe Aktar",
    "History": "Geçmiş",
    "EditSelectedImportLists": "Seçilen İçe Aktarma Listelerini Düzenle",
    "FormatShortTimeSpanSeconds": "{seconds} saniye",
    "LabelIsRequired": "Etiket gerekli",
    "NoHistoryFound": "Geçmiş bulunamadı",
    "NotificationsCustomScriptSettingsArguments": "Argümanlar",
    "NotificationsDiscordSettingsOnManualInteractionFieldsHelpText": "'Manuel Etkileşimlerde' bildirimi için iletilen alanları değiştirin",
    "FormatShortTimeSpanHours": "{hours} saat",
    "FormatRuntimeMinutes": "{minutes}dk",
    "FullColorEventsHelpText": "Etkinliğin tamamını yalnızca sol kenar yerine durum rengiyle renklendirecek şekilde stil değiştirildi. Gündem için geçerli değildir",
    "GrabId": "ID'den Yakala",
    "ImportUsingScriptHelpText": "Bir komut dosyası kullanarak içe aktarmak için dosyaları kopyalayın (ör. kod dönüştürme için)",
    "InstanceNameHelpText": "Sekmedeki örnek adı ve Syslog uygulaması adı için",
    "ManageDownloadClients": "İndirme İstemcilerini Yönet",
    "ManageImportLists": "İçe Aktarma Listelerini Yönet",
    "NotificationTriggersHelpText": "Bu bildirimi hangi olayların tetikleyeceğini seçin",
    "NotificationsAppriseSettingsTags": "Apprise Etiketler",
    "NotificationsCustomScriptSettingsArgumentsHelpText": "Komut dosyasına aktarılacak argümanlar",
    "NotificationsCustomScriptValidationFileDoesNotExist": "Dosya bulunmuyor",
    "NotificationsDiscordSettingsOnGrabFields": "Yakalamalarda",
    "NotificationsDiscordSettingsAvatarHelpText": "Bu entegrasyondaki mesajlar için kullanılan avatarı değiştirin",
    "NotificationsDiscordSettingsOnImportFieldsHelpText": "'İçe aktarmalarda' bildirimi için iletilen alanları değiştirin",
    "NotificationsDiscordSettingsOnImportFields": "İçe Aktarmalarda",
    "NotificationsEmailSettingsBccAddress": "BCC Adres(ler)i",
    "NotificationsEmailSettingsName": "E-posta",
    "NotificationsEmailSettingsFromAddress": "Adresten",
    "NotificationsEmailSettingsServerHelpText": "E-posta sunucusunun ana bilgisayar adı veya IP'si",
    "NotificationsGotifySettingsServer": "Gotify Sunucusu",
    "NotificationsGotifySettingsPriorityHelpText": "Bildirimin önceliği",
    "NotificationsJoinSettingsDeviceNames": "Cihaz Adları",
    "NotificationsKodiSettingsDisplayTime": "Gösterim Süresi",
    "NotificationsKodiSettingsDisplayTimeHelpText": "Bildirimin ne kadar süreyle görüntüleneceği (Saniye cinsinden)",
    "NotificationsMailgunSettingsUseEuEndpoint": "AB Uç Noktasını Kullan",
    "NotificationsMailgunSettingsSenderDomain": "Gönderen Alanı",
    "NotificationsNtfySettingsAccessToken": "Erişim Jetonu",
    "NotificationsNtfySettingsAccessTokenHelpText": "İsteğe bağlı jeton tabanlı yetkilendirme. Kullanıcı adı/şifreye göre önceliklidir",
    "NotificationsNtfySettingsPasswordHelpText": "İsteğe bağlı şifre",
    "NotificationsNtfySettingsTagsEmojisHelpText": "Kullanılacak etiketlerin veya emojilerin isteğe bağlı listesi",
    "NotificationsNtfySettingsTopics": "Konular",
    "NotificationsNtfySettingsUsernameHelpText": "İsteğe bağlı kullanıcı adı",
    "NotificationsCustomScriptSettingsName": "Özel Komut Dosyası",
    "NotificationsKodiSettingAlwaysUpdate": "Daima Güncelle",
    "NotificationsKodiSettingsCleanLibrary": "Kütüphaneyi Temizle",
    "NotificationsKodiSettingsCleanLibraryHelpText": "Güncellemeden sonra kitaplığı temizle",
    "Unmonitored": "Takip Edilmiyor",
    "FormatAgeHour": "saat",
    "FormatAgeHours": "saat",
    "NoHistory": "Geçmiş yok",
    "FailedToFetchUpdates": "Güncellemeler getirilemedi",
    "InstanceName": "Örnek isim",
    "MoveAutomatically": "Otomatik Olarak Taşı",
    "MustContainHelpText": "Yayın, bu terimlerden en az birini içermelidir (büyük / küçük harfe duyarsız)",
    "NotificationStatusAllClientHealthCheckMessage": "Arızalar nedeniyle tüm bildirimler kullanılamıyor",
    "EditSelectedIndexers": "Seçili Dizinleyicileri Düzenle",
    "EnableProfileHelpText": "Yayımlama profilini etkinleştirmek için işaretleyin",
    "EnableRssHelpText": "{appName}, RSS Senkronizasyonu aracılığıyla düzenli periyotlarda yayın değişikliği aradığında kullanacak",
    "FormatTimeSpanDays": "{days}g {time}",
    "FormatDateTimeRelative": "{relativeDay}, {formattedDate} {formattedTime}",
    "NotificationsNtfySettingsTagsEmojis": "Ntfy Etiketler ve Emojiler",
    "NotificationsJoinSettingsDeviceNamesHelpText": "Bildirim göndermek istediğiniz tam veya kısmi cihaz adlarının virgülle ayrılmış listesi. Ayarlanmadığı takdirde tüm cihazlar bildirim alacaktır.",
    "NotificationsKodiSettingAlwaysUpdateHelpText": "Bir video oynatılırken bile kitaplık güncellensin mi?",
    "EnableProfile": "Profili Etkinleştir",
    "Example": "Örnek",
    "FormatAgeDay": "gün",
    "FormatDateTime": "{formattedDate} {formattedTime}",
    "FormatRuntimeHours": "{hours}s",
    "LanguagesLoadError": "Diller yüklenemiyor",
    "ListWillRefreshEveryInterval": "Liste her {refreshInterval} yenilenecektir",
    "ManageIndexers": "Dizinleyicileri Yönet",
    "ManualGrab": "Manuel Yakalama",
    "DownloadClientsSettingsSummary": "İndirme İstemcileri, indirme işlemleri ve uzaktan yol eşlemeleri",
    "DownloadClients": "İndirme İstemcileri",
    "InteractiveImportNoFilesFound": "Seçilen klasörde video dosyası bulunamadı",
    "ListQualityProfileHelpText": "Kalite Profili listesi öğeleri şu şekilde eklenecektir:",
    "MustNotContainHelpText": "Yayın, bir veya daha fazla terim içeriyorsa reddedilir (büyük/ küçük harfe duyarsız)",
    "NoDownloadClientsFound": "İndirme istemcisi bulunamadı",
    "NotificationStatusSingleClientHealthCheckMessage": "Arızalar nedeniyle bildirimler kullanılamıyor: {notificationNames}",
    "NotificationsAppriseSettingsStatelessUrls": "Apprise Durum bilgisi olmayan URL'ler",
    "NotificationsCustomScriptSettingsProviderMessage": "Test, betiği EventType {eventTypeTest} olarak ayarlıyken yürütür; betiğinizin bunu doğru şekilde işlediğinden emin olun",
    "NotificationsDiscordSettingsAuthorHelpText": "Bu bildirim için gösterilen yerleştirme yazarını geçersiz kılın. Boş örnek adıdır",
    "NotificationsDiscordSettingsOnGrabFieldsHelpText": "Bu 'yakalandı' bildirimi için iletilen alanları değiştirin",
    "NotificationsDiscordSettingsUsernameHelpText": "Gönderimin yapılacağı kullanıcı adı varsayılan olarak Discord webhook varsayılanıdır",
    "NotificationsKodiSettingsGuiNotification": "GUI Bildirimi",
    "NotificationsJoinValidationInvalidDeviceId": "Cihaz kimlikleri geçersiz görünüyor.",
    "NotificationsNtfySettingsClickUrl": "URL'ye tıklayın",
    "NotificationsNotifiarrSettingsApiKeyHelpText": "Profilinizdeki API anahtarınız",
    "EditReleaseProfile": "Yayımlama Profilini Düzenle",
    "EditSelectedDownloadClients": "Seçilen İndirme İstemcilerini Düzenle",
    "FormatShortTimeSpanMinutes": "{minutes} dakika",
    "FullColorEvents": "Tam Renkli Etkinlikler",
    "ListRootFolderHelpText": "Kök Klasör listesi öğeleri eklenecek",
    "HourShorthand": "s",
    "LogFilesLocation": "Günlük dosyaları şu konumda bulunur: {location}",
    "ImportUsingScript": "Komut Dosyası Kullanarak İçe Aktar",
    "IncludeHealthWarnings": "Sağlık Uyarılarını Dahil Et",
    "IndexerSettingsMultiLanguageRelease": "Çok dil",
    "IndexerSettingsMultiLanguageReleaseHelpText": "Bu indeksleyicideki çoklu sürümde normalde hangi diller bulunur?",
    "InteractiveImportNoImportMode": "Bir içe aktarma modu seçilmelidir",
    "InteractiveImportNoQuality": "Seçilen her dosya için kalite seçilmelidir",
    "NotificationsEmailSettingsServer": "Sunucu",
    "InvalidUILanguage": "Kullanıcı arayüzünüz geçersiz bir dile ayarlanmış, düzeltin ve ayarlarınızı kaydedin",
    "NotificationsAppriseSettingsServerUrl": "Apprise Sunucu URL'si",
    "ManageClients": "İstemcileri Yönet",
    "ManageLists": "Listeleri Yönet",
    "MediaInfoFootNote": "Full/AudioLanguages/SubtitleLanguages, dosya adında yer alan dilleri filtrelemenize olanak tanıyan bir `:EN+DE` son ekini destekler. Belirli dilleri hariç tutmak için '-DE'yi kullanın. `+` (örneğin `:EN+`) eklenmesi, hariç tutulan dillere bağlı olarak `[EN]`/`[EN+--]`/`[--]` sonucunu verecektir. Örneğin `{MediaInfo Full:EN+DE}`.",
    "Never": "Asla",
    "NoHistoryBlocklist": "Geçmiş engellenenler listesi yok",
    "NoIndexersFound": "Dizinleyici bulunamadı",
    "NotificationsAppriseSettingsConfigurationKeyHelpText": "Kalıcı Depolama Çözümü için Yapılandırma Anahtarı. Durum Bilgisi Olmayan URL'ler kullanılıyorsa boş bırakın.",
    "NotificationsAppriseSettingsPasswordHelpText": "HTTP Temel Kimlik Doğrulama Parolası",
    "NotificationsAppriseSettingsUsernameHelpText": "HTTP Temel Kimlik Doğrulama Kullanıcı Adı",
    "NotificationsAppriseSettingsStatelessUrlsHelpText": "Bildirimin nereye gönderilmesi gerektiğini belirten, virgülle ayrılmış bir veya daha fazla URL. Kalıcı Depolama kullanılıyorsa boş bırakın.",
    "NotificationsDiscordSettingsOnManualInteractionFields": "Manuel Etkileşimlerde",
    "NotificationsEmbySettingsSendNotifications": "Bildirim Gönder",
    "NotificationsEmbySettingsSendNotificationsHelpText": "MediaBrowser'ın yapılandırılmış sağlayıcılara bildirim göndermesini sağlayın",
    "NotificationsJoinSettingsDeviceIdsHelpText": "Kullanımdan kaldırıldı, bunun yerine Cihaz Adlarını kullanın. Bildirim göndermek istediğiniz Cihaz Kimliklerinin virgülle ayrılmış listesi. Ayarlanmadığı takdirde tüm cihazlar bildirim alacaktır.",
    "NotificationsMailgunSettingsApiKeyHelpText": "MailGun'dan oluşturulan API anahtarı",
    "NotificationsMailgunSettingsUseEuEndpointHelpText": "AB MailGun uç noktasını kullanmayı etkinleştirin",
    "NotificationsNtfySettingsClickUrlHelpText": "Kullanıcı bildirime tıkladığında isteğe bağlı bağlantı",
    "NotificationsNtfySettingsServerUrl": "Sunucu URL'si",
    "NotificationsNtfySettingsTopicsHelpText": "Bildirim gönderilecek konuların listesi",
    "Save": "Kaydet",
    "Connect": "Bildirimler",
    "InfoUrl": "Bilgi URL'si",
    "InteractiveSearchModalHeader": "İnteraktif Arama",
    "No": "Hayır",
    "NotificationsDiscordSettingsWebhookUrlHelpText": "Discord kanalı webhook URL'si",
    "NotificationsEmailSettingsBccAddressHelpText": "E-posta bcc alıcılarının virgülle ayrılmış listesi",
    "FailedToUpdateSettings": "Ayarlar güncellenemedi",
    "False": "Pasif",
    "HistoryLoadError": "Geçmiş yüklenemiyor",
    "NotificationsEmailSettingsRecipientAddressHelpText": "E-posta alıcılarının virgülle ayrılmış listesi",
    "FormatAgeDays": "gün",
    "IgnoreDownload": "İndirmeyi Yoksay",
    "IgnoreDownloadHint": "{appName}'in bu indirmeyi daha fazla işlemesini durdurur",
    "IgnoreDownloads": "İndirilenleri Yoksay",
    "IgnoreDownloadsHint": "{appName}'ın bu indirmeleri daha fazla işlemesi durdurulur",
    "Implementation": "Uygula",
    "Import": "İçe aktar",
    "NotificationsEmailSettingsCcAddressHelpText": "E-posta CC alıcılarının virgülle ayrılmış listesi",
    "NotificationsEmailSettingsCcAddress": "CC Adres(ler)i",
    "NotificationsEmailSettingsRecipientAddress": "Alıcı Adres(ler)i",
    "NotificationsEmbySettingsUpdateLibraryHelpText": "İçe Aktarma, Yeniden Adlandırma veya Silme sırasında Kitaplık Güncellensin mi?",
    "NotificationsGotifySettingsAppToken": "Uygulama Jetonu",
    "NotificationsJoinSettingsDeviceIds": "Cihaz Kimlikleri",
    "NotificationsJoinSettingsNotificationPriority": "Bildirim Önceliği",
    "Test": "Sına",
    "HealthMessagesInfoBox": "Satırın sonundaki wiki bağlantısını (kitap simgesi) tıklayarak veya [günlüklerinizi]({link}) kontrol ederek bu durum kontrolü mesajlarının nedeni hakkında daha fazla bilgi bulabilirsiniz. Bu mesajları yorumlamakta zorluk yaşıyorsanız aşağıdaki bağlantılardan destek ekibimize ulaşabilirsiniz.",
    "IndexerSettingsRejectBlocklistedTorrentHashes": "Yakalarken Engellenen Torrent Karmalarını Reddet",
    "IndexerSettingsRejectBlocklistedTorrentHashesHelpText": "Bir torrent hash tarafından engellenirse, bazı dizinleyiciler için RSS / Arama sırasında düzgün bir şekilde reddedilmeyebilir, bunun etkinleştirilmesi, torrent yakalandıktan sonra, ancak istemciye gönderilmeden önce reddedilmesine izin verecektir.",
    "NotificationsAppriseSettingsConfigurationKey": "Apprise Yapılandırma Anahtarı",
    "NotificationsAppriseSettingsNotificationType": "Apprise Bildirim Türü",
    "NotificationsGotifySettingsServerHelpText": "Gerekiyorsa http(s):// ve bağlantı noktası dahil olmak üzere Gotify sunucu URL'si",
    "NotificationsJoinSettingsApiKeyHelpText": "Katıl hesap ayarlarınızdaki API Anahtarı (API'ye Katıl düğmesine tıklayın).",
    "ImportScriptPathHelpText": "İçe aktarma için kullanılacak komut dosyasının yolu",
    "Label": "Etiket",
    "NoDelay": "Gecikme yok",
    "NoImportListsFound": "İçe aktarma listesi bulunamadı",
    "FormatAgeMinute": "dakika",
    "FormatAgeMinutes": "dakika",
    "NotificationsDiscordSettingsAuthor": "Yazar",
    "NotificationsEmailSettingsUseEncryption": "Şifreleme Kullan",
    "NotificationsAppriseSettingsServerUrlHelpText": "Gerekiyorsa http(s):// ve bağlantı noktasını içeren Apprise sunucu URL'si",
    "NotificationsEmailSettingsUseEncryptionHelpText": "Sunucuda yapılandırılmışsa şifrelemeyi kullanmayı mı tercih edeceğiniz, şifrelemeyi her zaman SSL (yalnızca Bağlantı Noktası 465) veya StartTLS (başka herhangi bir bağlantı noktası) aracılığıyla mı kullanacağınız veya hiçbir zaman şifrelemeyi kullanmama tercihlerini belirler",
    "NotificationsKodiSettingsUpdateLibraryHelpText": "İçe Aktarma ve Yeniden Adlandırmada kitaplık güncellensin mi?",
    "NotificationsNtfySettingsServerUrlHelpText": "Genel sunucuyu ({url}) kullanmak için boş bırakın",
    "InteractiveImportLoadError": "Manuel içe aktarma öğeleri yüklenemiyor",
    "IndexerDownloadClientHelpText": "Bu dizinleyiciden yakalamak için hangi indirme istemcisinin kullanılacağını belirtin",
    "DeleteRemotePathMapping": "Uzak Yol Eşlemeyi Sil",
    "LastDuration": "Yürütme Süresi",
    "NotificationsSettingsUpdateMapPathsToHelpText": "{serviceName}, kitaplık yolu konumunu {appName}'den farklı gördüğünde seri yollarını değiştirmek için kullanılan {serviceName} yolu ('Kütüphaneyi Güncelle' gerektirir)",
    "NotificationsPlexSettingsAuthToken": "Kimlik Doğrulama Jetonu",
    "NotificationsSignalSettingsGroupIdPhoneNumberHelpText": "Alıcının Grup Kimliği / Telefon Numarası",
    "NotificationsSignalSettingsUsernameHelpText": "Signal-api'ye yönelik istekleri doğrulamak için kullanılan kullanıcı adı",
    "NotificationsTraktSettingsAuthenticateWithTrakt": "Trakt ile kimlik doğrulama",
    "NotificationsTwitterSettingsDirectMessageHelpText": "Herkese açık mesaj yerine doğrudan mesaj gönderin",
    "NotificationsValidationUnableToSendTestMessage": "Test mesajı gönderilemiyor: {exceptionMessage}",
    "OnManualInteractionRequired": "Manuel Etkileşim Gerektiğinde",
    "Release": "Yayın",
    "Remove": "Kaldır",
    "RemoveFromDownloadClient": "İndirme İstemcisinden Kaldır",
    "RemoveFromDownloadClientHint": "İndirilenleri ve dosyaları indirme istemcisinden kaldırır",
    "ResetTitles": "Başlıkları Sıfırla",
    "Space": "Boşluk",
    "UsenetDelayTime": "Usenet Gecikmesi: {usenetDelay}",
    "BackupIntervalHelpText": "Otomatik yedeklemeler arasındaki zaman aralığı",
    "BlocklistRelease": "Kara Liste Sürümü",
    "CustomFormats": "Özel Formatlar",
    "DeleteDownloadClientMessageText": "'{name}' indirme istemcisini silmek istediğinizden emin misiniz?",
    "DeleteIndexerMessageText": "'{name}' dizinleyicisini silmek istediğinizden emin misiniz?",
    "OneMinute": "1 dakika",
    "TaskUserAgentTooltip": "API'yi çağıran uygulama tarafından sağlanan Kullanıcı Aracısı",
    "SkipRedownload": "Yeniden İndirmeyi Atla",
    "RestartLater": "Daha sonra yeniden başlayacağım",
    "DeleteTagMessageText": "'{label}' etiketini silmek istediğinizden emin misiniz?",
    "DeleteBackupMessageText": "'{name}' yedeğini silmek istediğinizden emin misiniz?",
    "DeleteRemotePathMappingMessageText": "Bu uzak yol eşlemesini silmek istediğinizden emin misiniz?",
    "QualitiesLoadError": "Nitelikler yüklenemiyor",
    "SelectAll": "Hepsini Seç",
    "SslCertPasswordHelpText": "Pfx dosyasının şifresi",
    "SslCertPathHelpText": "Pfx dosyasının yolu",
    "TorrentBlackholeSaveMagnetFilesReadOnly": "Sadece oku",
    "NotificationsSlackSettingsChannelHelpText": "Gelen webhook için varsayılan kanalı geçersiz kılar (#diğer kanal)",
    "NotificationsTelegramSettingsSendSilently": "Sessizce Gönder",
    "UseSsl": "SSL kullan",
    "NotificationsTelegramSettingsTopicIdHelpText": "Bu konuya bildirim göndermek için bir Konu Kimliği belirtin. Genel konuyu kullanmak için boş bırakın (Yalnızca Süper Gruplar)",
    "NotificationsTwitterSettingsConsumerSecretHelpText": "Twitter uygulamasından kullanıcı gizliliği",
    "VideoDynamicRange": "Video Dinamik Aralığı",
    "WouldYouLikeToRestoreBackup": "'{name}' yedeğini geri yüklemek ister misiniz?",
    "NotificationsTwitterSettingsDirectMessage": "Direk mesaj",
    "PasswordConfirmation": "Şifre Tekrarı",
    "OrganizeRenamingDisabled": "Yeniden adlandırma devre dışı bırakıldı, yeniden adlandırılacak bir şey yok",
    "ResetQualityDefinitionsMessageText": "Kalite tanımlarını sıfırlamak istediğinizden emin misiniz?",
    "SelectFolderModalTitle": "{modalTitle} - Klasör seç",
    "SelectReleaseGroup": "Yayımlama Grubunu Seçin",
    "RemoveFailedDownloads": "Başarısız İndirmeleri Kaldır",
    "Scheduled": "Planlı",
    "Underscore": "Vurgula",
    "SetIndexerFlags": "Dizinleyici Bayraklarını Ayarla",
    "SetReleaseGroup": "Yayımlama Grubunu Ayarla",
    "SetIndexerFlagsModalTitle": "{modalTitle} - Dizinleyici Bayraklarını Ayarla",
    "SslCertPassword": "SSL Sertifika Şifresi",
    "Rating": "Puan",
    "GrabRelease": "Yayın Yakalama",
    "NotificationsNtfyValidationAuthorizationRequired": "Yetkilendirme gerekli",
    "NotificationsPushBulletSettingSenderId": "Gönderen ID",
    "NotificationsPushBulletSettingsChannelTags": "Kanal Etiketleri",
    "NotificationsPushBulletSettingsAccessToken": "Erişim Jetonu",
    "NotificationsPushBulletSettingsChannelTagsHelpText": "Bildirimlerin gönderileceği Kanal Etiketleri Listesi",
    "NotificationsPushBulletSettingsDeviceIdsHelpText": "Cihaz kimliklerinin listesi (tüm cihazlara göndermek için boş bırakın)",
    "NotificationsPushcutSettingsNotificationName": "Bildirim Adı",
    "NotificationsPushcutSettingsTimeSensitive": "Zamana duyarlı",
    "NotificationsPushoverSettingsDevicesHelpText": "Cihaz adlarının listesi (tüm cihazlara göndermek için boş bırakın)",
    "NotificationsPushoverSettingsRetryHelpText": "Acil durum uyarılarını yeniden deneme aralığı, minimum 30 saniye",
    "NotificationsPushoverSettingsRetry": "Yeniden dene",
    "NotificationsPushoverSettingsSoundHelpText": "Bildirim sesi, varsayılanı kullanmak için boş bırakın",
    "NotificationsSettingsUpdateMapPathsFrom": "Harita Yolları",
    "NotificationsSignalSettingsGroupIdPhoneNumber": "Grup Kimliği / Telefon Numarası",
    "NotificationsSettingsWebhookUrl": "Webhook URL'si",
    "NotificationsSignalSettingsSenderNumber": "Gönderen Numarası",
    "NotificationsSignalSettingsSenderNumberHelpText": "Signal-api'deki gönderen kaydının telefon numarası",
    "NotificationsSignalValidationSslRequired": "SSL gerekli görünüyor",
    "NotificationsSimplepushSettingsEvent": "Etkinlik",
    "NotificationsSlackSettingsIcon": "Simge",
    "NotificationsSlackSettingsIconHelpText": "Slack'e gönderilen mesajlar için kullanılan simgeyi değiştirin (Emoji veya URL)",
    "NotificationsSynologyValidationInvalidOs": "Bir Synology olmalı",
    "NotificationsTelegramSettingsBotToken": "Bot Jetonu",
    "NotificationsTelegramSettingsChatIdHelpText": "Mesaj almak için botla bir konuşma başlatmanız veya onu grubunuza eklemeniz gerekir",
    "NotificationsTelegramSettingsTopicId": "Konu Kimliği",
    "NotificationsTraktSettingsAuthUser": "Yetkilendirilmiş Kullanıcı",
    "NotificationsTwitterSettingsConsumerKey": "Kullanıcı anahtarı",
    "NotificationsTwitterSettingsConnectToTwitter": "Twitter / X'e bağlanın",
    "NotificationsValidationInvalidAccessToken": "Erişim Jetonu geçersiz",
    "NotificationsValidationInvalidAuthenticationToken": "Kimlik Doğrulama Jetonu geçersiz",
    "OverrideAndAddToDownloadQueue": "Geçersiz kıl ve indirme kuyruğuna ekle",
    "Parse": "Ayrıştır",
    "PackageVersion": "Paket Versiyonu",
    "PostImportCategory": "İçe Aktarma Sonrası Kategorisi",
    "Queued": "Kuyruğa alındı",
    "ReleaseHash": "Yayın Karması",
    "RemoveTagsAutomatically": "Otomatik Etiketlemeyi Kaldır",
    "RestartRequiredWindowsService": "{appName} hizmetini hangi kullanıcının çalıştırdığına bağlı olarak, hizmetin otomatik olarak başlamasından önce {appName} hizmetini yönetici olarak bir kez yeniden başlatmanız gerekebilir.",
    "SelectLanguageModalTitle": "{modalTitle} - Dil Seç",
    "SkipRedownloadHelpText": "{appName} uygulamasının bu öğe için alternatif bir yayın indirmeye çalışmasını engeller",
    "SslCertPath": "SSL Sertifika Yolu",
    "StopSelecting": "Düzenlemeden Çık",
    "TableOptionsButton": "Tablo Seçenekleri Butonu",
    "TheLogLevelDefault": "Günlük düzeyi varsayılan olarak 'Bilgi' şeklindedir ve [Genel Ayarlar](/settings/general) bölümünden değiştirilebilir",
    "NotificationsTwitterSettingsAccessToken": "Erişim Jetonu",
    "AutoRedownloadFailedHelpText": "Otomatik olarak farklı bir Yayın arayın ve indirmeye çalışın",
    "Queue": "Sırada",
    "RemoveFromQueue": "Kuyruktan kaldır",
    "TorrentDelayTime": "Torrent Gecikmesi: {torrentDelay}",
    "Yes": "Evet",
    "ChmodFolderHelpText": "Sekizli, medya klasörlerine ve dosyalara içe aktarma / yeniden adlandırma sırasında uygulanır (yürütme bitleri olmadan)",
    "DeleteNotificationMessageText": "'{name}' bildirimini silmek istediğinizden emin misiniz?",
    "Or": "veya",
    "OverrideGrabModalTitle": "Geçersiz Kıl ve Yakala - {title}",
    "PreferProtocol": "{preferredProtocol}'u tercih edin",
    "PreferredProtocol": "Tercih Edilen Protokol",
    "PublishedDate": "Yayınlanma Tarihi",
    "RemoveQueueItem": "Kaldır - {sourceTitle}",
    "RemoveQueueItemConfirmation": "'{sourceTitle}' dosyasını kuyruktan kaldırmak istediğinizden emin misiniz?",
    "RemoveSelectedBlocklistMessageText": "Seçilen öğeleri engellenenler listesinden kaldırmak istediğinizden emin misiniz?",
    "RemoveSelectedItemQueueMessageText": "1 öğeyi kuyruktan kaldırmak istediğinizden emin misiniz?",
    "RemoveSelectedItem": "Seçilen Öğeyi Kaldır",
    "RemovedFromTaskQueue": "Görev kuyruğundan kaldırıldı",
    "ResetAPIKeyMessageText": "API Anahtarınızı sıfırlamak istediğinizden emin misiniz?",
    "ResetQualityDefinitions": "Kalite Tanımlarını Sıfırla",
    "SelectLanguages": "Dil Seçin",
    "StartupDirectory": "Başlangıç Dizini",
    "TablePageSizeMaximum": "Sayfa boyutu {maximumValue} değerini aşmamalıdır",
    "TablePageSizeHelpText": "Her sayfada gösterilecek öğe sayısı",
    "TablePageSizeMinimum": "Sayfa boyutu en az {minimumValue} olmalıdır",
    "TorrentBlackholeSaveMagnetFiles": "Magnet Dosyalarını Kaydet",
    "TorrentBlackholeTorrentFolder": "Torrent Klasörü",
    "TypeOfList": "{typeOfList} Liste",
    "UnknownEventTooltip": "Bilinmeyen etkinlik",
    "UpdateMechanismHelpText": "{appName}'ın yerleşik güncelleyicisini veya bir komut dosyasını kullanın",
    "UsenetBlackhole": "Usenet Blackhole",
    "CalendarOptions": "Takvim Seçenekleri",
    "CustomFormatHelpText": "{appName}, özel formatlarla eşleşen puanların toplamını kullanarak her yayını puanlar. Yeni bir yayının, puanı aynı veya daha iyi kalitede iyileştirecekse, {appName} onu alacaktır.",
    "CustomFormatsSettingsSummary": "Özel Formatlar ve Ayarlar",
    "CustomFormatsSettings": "Özel Format Ayarları",
    "NotificationsPushoverSettingsExpireHelpText": "Acil durum uyarılarını yeniden denemek için maksimum süre, maksimum 86400 saniye\"",
    "NotificationsPushoverSettingsExpire": "Süresi dolmuş",
    "NotificationsPushoverSettingsUserKey": "Kullanıcı Anahtarı",
    "NotificationsSlackSettingsChannel": "Kanal",
    "NotificationsValidationInvalidHttpCredentials": "HTTP Kimlik Doğrulama kimlik bilgileri geçersiz: {exceptionMessage}",
    "OriginalLanguage": "Orjinal Dil",
    "ReleaseProfiles": "Yayımlama Profilleri",
    "SupportedAutoTaggingProperties": "{appName}, otomatik etiketleme kuralları için takip özelliklerini destekler",
    "OptionalName": "İsteğe bağlı isim",
    "OrganizeRelativePaths": "Tüm yollar şuna göredir: `{path}`",
    "OverrideGrabNoQuality": "Kalite seçilmelidir",
    "ParseModalErrorParsing": "Ayrıştırmada hata oluştu. Lütfen tekrar deneyin.",
    "PackageVersionInfo": "{packageAuthor} tarafından {packageVersion}",
    "RemoveCompleted": "Tamamlananları Kaldır",
    "RemoveFailed": "Başarısızları Kaldır",
    "ResetDefinitions": "Tanımları Sıfırla",
    "RestartRequiredToApplyChanges": "{appName}, değişikliklerin uygulanabilmesi için yeniden başlatmayı gerektiriyor. Şimdi yeniden başlatmak istiyor musunuz?",
    "RetryingDownloadOn": "{date} tarihinde, {time} itibarıyla indirme işlemi yeniden deneniyor",
    "RssSyncIntervalHelpText": "Dakika cinsinden periyot. Devre dışı bırakmak için sıfıra ayarlayın (tüm otomatik yayın yakalamayı durduracaktır)",
    "TorrentBlackhole": "Blackhole Torrent",
    "PrioritySettings": "Öncelik: {priority}",
    "SubtitleLanguages": "Altyazı Dilleri",
    "OrganizeNothingToRename": "Başarılı! İşim bitti, yeniden adlandırılacak dosya yok.",
    "MinimumCustomFormatScore": "Minimum Özel Format Puanı",
    "MinimumAgeHelpText": "Yalnızca Usenet: NZB'lerin alınmadan önceki dakika cinsinden minimum yaşı. Yeni yayınların usenet sağlayıcınıza yayılması için zaman tanımak için bunu kullanın.",
    "QueueLoadError": "Kuyruk yüklenemedi",
    "SelectDropdown": "Seçimler...",
    "NotificationsSettingsUpdateMapPathsTo": "Harita Yolları",
    "NotificationsPlexSettingsAuthenticateWithPlexTv": "Plex.tv ile kimlik doğrulaması yapın",
    "NotificationsSynologySettingsUpdateLibraryHelpText": "Bir kütüphane dosyasını güncellemek için localhost'ta synoindex'i çağırın",
    "NotificationsSlackSettingsWebhookUrlHelpText": "Slack kanal webhook URL'si",
    "Organize": "Düzenle",
    "OnApplicationUpdate": "Uygulama Güncellemesinde",
    "PendingDownloadClientUnavailable": "Beklemede - İndirme istemcisi kullanılamıyor",
    "PreviewRename": "Yeniden Adlandır ve Önizle",
    "LocalPath": "Yerel Yol",
    "RemoveMultipleFromDownloadClientHint": "İndirilenleri ve dosyaları indirme istemcisinden kaldırır",
    "RemoveTagsAutomaticallyHelpText": "Koşullar karşılanmazsa otomatik etiketlemeyi kaldırın",
    "RemoveSelectedItemsQueueMessageText": "{selectedCount} öğeyi kuyruktan kaldırmak istediğinizden emin misiniz?",
    "Umask": "Umask",
    "CustomFormatsLoadError": "Özel Formatlar yüklenemiyor",
    "DownloadWarning": "Uyarıyı indir: {warningMessage}",
    "Formats": "Formatlar",
    "NotificationsValidationUnableToConnectToService": "{serviceName} hizmetine bağlanılamıyor",
    "OrganizeLoadError": "Önizlemeler yüklenirken hata oluştu",
    "ParseModalHelpTextDetails": "{appName}, başlığı ayrıştırmaya ve size konuyla ilgili ayrıntıları göstermeye çalışacak",
    "NegateHelpText": "İşaretlenirse, {implementationName} koşulu eşleşirse özel format uygulanmayacaktır.",
    "ParseModalHelpText": "Yukarıdaki girişe bir yayın başlığı girin",
    "Period": "Periyot",
    "NotificationsPushoverSettingsSound": "Ses",
    "NotificationsSettingsUseSslHelpText": "{serviceName} hizmetine HTTP yerine HTTPS üzerinden bağlanın",
    "NotificationsTelegramSettingsIncludeAppName": "{appName}'i Başlığa dahil et",
    "NotificationsTelegramSettingsIncludeAppNameHelpText": "Farklı uygulamalardan gelen bildirimleri ayırt etmek için isteğe bağlı olarak mesaj başlığının önüne {appName} ekleyin",
    "NotificationsValidationInvalidApiKey": "API Anahtarı geçersiz",
    "NotificationsValidationInvalidUsernamePassword": "Geçersiz kullanıcı adı veya şifre",
    "NotificationsValidationUnableToConnect": "Bağlantı kurulamıyor: {exceptionMessage}",
    "NotificationsValidationUnableToConnectToApi": "{service} API'sine bağlanılamıyor. Sunucu bağlantısı başarısız oldu: ({responseCode}) {exceptionMessage}",
    "OnHealthRestored": "Sağlığın İyileştirilmesi Hakkında",
    "OverrideGrabNoLanguage": "En az bir dil seçilmelidir",
    "ParseModalUnableToParse": "Sağlanan başlık ayrıştırılamadı, lütfen tekrar deneyin.",
    "PreviouslyInstalled": "Önceden Yüklenmiş",
    "QualityCutoffNotMet": "Kalite sınırı karşılanmadı",
    "QueueIsEmpty": "Kuyruk boş",
    "ReleaseProfileIndexerHelpTextWarning": "Bir sürüm profilinde belirli bir dizinleyicinin ayarlanması, bu profilin yalnızca söz konusu dizinleyicinin yayınlarına uygulanmasına neden olur.",
    "ResetDefinitionTitlesHelpText": "Değerlerin yanı sıra tanım başlıklarını da sıfırlayın",
    "SecretToken": "Gizlilik Jetonu",
    "SetReleaseGroupModalTitle": "{modalTitle} - Yayımlama Grubunu Ayarla",
    "SslPort": "SSL Bağlantı Noktası",
    "True": "Aktif",
    "WantMoreControlAddACustomFormat": "Hangi indirmelerin tercih edileceği konusunda daha fazla kontrole mi ihtiyacınız var? Bir [Özel Format](/settings/customformats) ekleyin",
    "XmlRpcPath": "XML RPC Yolu",
    "RootFolderPath": "Kök Klasör Yolu",
    "CustomFormat": "Özel Format",
    "NotificationsPushBulletSettingSenderIdHelpText": "Bildirimlerin gönderileceği cihaz kimliği, pushbullet.com'da cihazın URL'sinde Device_iden kullanın (kendinizden göndermek için boş bırakın)",
    "OrganizeModalHeader": "Düzenle & Yeniden Adlandır",
    "Rejections": "Reddedilenler",
    "Uptime": "Çalışma süresi",
    "RemotePath": "Uzak Yol",
    "File": "Dosya",
    "ReleaseProfileIndexerHelpText": "Profilin hangi dizinleyiciye uygulanacağını belirtin",
    "TablePageSize": "Sayfa Boyutu",
    "NotificationsSynologyValidationTestFailed": "Synology veya synoındex mevcut değil",
    "NotificationsTwitterSettingsAccessTokenSecret": "Erişim Jetonu Gizliliği",
    "NotificationsSimplepushSettingsKey": "Anahtar",
    "NotificationsPushBulletSettingsDeviceIds": "Cihaz Kimlikleri",
    "NotificationsSendGridSettingsApiKeyHelpText": "SendGrid tarafından oluşturulan API Anahtar",
    "NotificationsSettingsUpdateLibrary": "Kitaplığı Güncelle",
    "NotificationsSettingsWebhookMethod": "Yöntem",
    "SizeLimit": "Boyut Limiti",
    "Sort": "Sınıflandır",
    "ManualImport": "Manuel İçe Aktar",
    "ReleaseProfilesLoadError": "Yayımlama Profilleri yüklenemiyor",
    "RemoveQueueItemRemovalMethod": "Kaldırma Yöntemi",
    "RemoveQueueItemRemovalMethodHelpTextWarning": "'İndirme İstemcisinden Kaldır', indirme işlemini ve dosyaları indirme istemcisinden kaldıracaktır.",
    "RemoveSelectedItems": "Seçili öğeleri kaldır",
    "SelectIndexerFlags": "Dizinleyici Bayraklarını Seçin",
    "Started": "Başlatıldı",
    "Size": "Boyut",
    "SupportedCustomConditions": "{appName}, aşağıdaki yayın özelliklerine göre özel koşulları destekler.",
    "TestParsing": "Ayrıştırma Testi",
    "ThemeHelpText": "Uygulama Kullanıcı Arayüzü Temasını Değiştirin, 'Otomatik' Teması, Açık veya Koyu modu ayarlamak için İşletim Sistemi Temanızı kullanacaktır. Theme.Park'tan ilham alındı",
    "TorrentBlackholeSaveMagnetFilesExtension": "Magnet Dosya Uzantısını Kaydet",
    "Theme": "Tema",
    "Unknown": "Bilinmeyen",
    "ReleaseGroup": "Yayımlayan Grup",
    "ReleaseGroupFootNote": "İsteğe bağlı olarak, üç nokta (`...`) dahil olmak üzere maksimum bayt sayısına kadar kesmeyi kontrol edin. Sondan (ör. `{Release Group:30}`) veya baştan (ör. `{Release Group:-30}`) kesmenin her ikisi de desteklenir.`).",
    "RemoveCompletedDownloads": "Tamamlanan İndirmeleri Kaldır",
    "TagDetails": "Etiket Ayrıntıları - {label}",
    "RemoveDownloadsAlert": "Kaldırma ayarları, yukarıdaki tabloda bireysel İndirme İstemcisi ayarlarına taşınmıştır.",
    "TorrentBlackholeSaveMagnetFilesExtensionHelpText": "Magnet bağlantıları için kullanılacak uzantı, varsayılan olarak '.magnet'tir",
    "TorrentBlackholeSaveMagnetFilesHelpText": ".torrent dosyası yoksa magnet bağlantısını kaydedin (yalnızca indirme istemcisi bir dosyaya kaydedilen magnetleri destekliyorsa kullanışlıdır)",
    "RemoveQueueItemsRemovalMethodHelpTextWarning": "'İndirme İstemcisinden Kaldır', indirilenleri ve dosyaları indirme istemcisinden kaldıracaktır.",
    "TorrentBlackholeSaveMagnetFilesReadOnlyHelpText": "Bu, dosyaları taşımak yerine {appName}'e Kopyalama veya Sabit Bağlantı kurma talimatını verecektir (ayarlara/sistem yapılandırmasına bağlı olarak)",
    "Interval": "Periyot",
    "NotificationsTelegramSettingsSendSilentlyHelpText": "Mesajı sessizce gönderir. Kullanıcılar sessiz bir bildirim alacak",
    "NotificationsTraktSettingsAccessToken": "Erişim Jetonu",
    "NotificationsTraktSettingsExpires": "Süresi doluyor",
    "NotificationsTraktSettingsRefreshToken": "Jetonu Yenile",
    "NotificationsTwitterSettingsConsumerKeyHelpText": "Twitter uygulamasından kullanıcı anahtarı",
    "NotificationsTelegramSettingsChatId": "Sohbet Kimliği",
    "NotificationsTwitterSettingsConsumerSecret": "Kullanıcı Gizliliği",
    "NotificationsValidationInvalidApiKeyExceptionMessage": "API Anahtarı geçersiz: {exceptionMessage}",
    "UnknownDownloadState": "Bilinmeyen indirme durumu: {state}",
    "UpdateFiltered": "Filtrelenenleri Güncelle",
    "UsenetBlackholeNzbFolder": "Nzb Klasörü",
    "UsenetDelayHelpText": "Usenet'ten bir yayın almadan önce beklemek için dakika cinsinden gecikme",
    "UpdaterLogFiles": "Güncelleme Günlük Dosyaları",
    "Usenet": "Usenet",
    "Filters": "Filtreler",
    "ImportListsSettingsSummary": "Başka bir {appName} örneğinden veya Trakt listelerinden içe aktarın ve liste hariç tutma işlemlerini yönetin",
    "NotificationsPushcutSettingsApiKeyHelpText": "API Anahtarları, Pushcut uygulamasının Hesap görünümünden yönetilebilir",
    "NotificationsPushcutSettingsNotificationNameHelpText": "Pushcut uygulamasının Bildirimler sekmesindeki bildirim adı",
    "NotificationsPushcutSettingsTimeSensitiveHelpText": "Bildirimi \"Zamana Duyarlı\" olarak işaretlemek için etkinleştirin",
    "NotificationsTwitterSettingsMention": "Bahset",
    "NotificationsTwitterSettingsMentionHelpText": "Gönderilen tweetlerde bu kullanıcıdan bahsedin",
    "NotificationsPushoverSettingsDevices": "Cihazlar",
    "NotificationsSettingsUpdateMapPathsFromHelpText": "{appName} yolu, {serviceName} kitaplık yolu konumunu {appName}'dan farklı gördüğünde seri yollarını değiştirmek için kullanılır ('Kütüphaneyi Güncelle' gerektirir)",
    "NotificationsSettingsWebhookMethodHelpText": "Web hizmetine göndermek için hangi HTTP yönteminin kullanılacağı",
    "NotificationsValidationUnableToSendTestMessageApiResponse": "Test mesajı gönderilemiyor. API'den yanıt: {error}",
    "NzbgetHistoryItemMessage": "PAR Durumu: {parStatus} - Paketten Çıkarma Durumu: {unpackStatus} - Taşıma Durumu: {moveStatus} - Komut Dosyası Durumu: {scriptStatus} - Silme Durumu: {deleteStatus} - İşaretleme Durumu: {markStatus}",
    "NotificationsSignalSettingsPasswordHelpText": "Signal-api'ye yönelik istekleri doğrulamak için kullanılan şifre",
    "NotificationsSimplepushSettingsEventHelpText": "Anlık bildirimlerin davranışını özelleştirme",
    "NotificationsSlackSettingsUsernameHelpText": "Slack'e gönderilecek kullanıcı adı",
    "QueueFilterHasNoItems": "Seçilen kuyruk filtresinde hiç öğe yok",
    "ReleaseGroups": "Yayımlama Grupları",
    "IncludeCustomFormatWhenRenamingHelpText": "{Custom Formats} yeniden adlandırma formatına dahil et",
    "Logging": "Loglama",
    "MinutesSixty": "60 Dakika: {sixty}",
    "SelectDownloadClientModalTitle": "{modalTitle} - İndirme İstemcisini Seçin",
    "Repack": "Yeniden paketle",
    "IndexerFlags": "Dizinleyici Bayrakları",
    "Indexer": "Dizinleyici",
    "Indexers": "Dizinleyiciler",
    "IndexerPriority": "Dizinleyici Önceliği",
    "IndexerOptionsLoadError": "Dizinleyici seçenekleri yüklenemiyor",
    "IndexerSettings": "Dizinleyici Ayarları",
    "MustContain": "İçermeli",
    "MustNotContain": "İçermemeli",
    "RssSyncIntervalHelpTextWarning": "Bu, tüm dizinleyiciler için geçerli olacaktır, lütfen onlar tarafından belirlenen kurallara uyun",
    "DownloadClientQbittorrentTorrentStateMissingFiles": "qBittorrent eksik dosya raporluyor",
    "ImportListExclusions": "İçe Aktarma Listesinden Hariç Bırakılan(lar)",
    "UiLanguage": "Arayüz Dili",
    "IndexerSettingsSeedTimeHelpText": "Bir torrentin durmadan önce seed edilmesi gereken süre. Boş bırakılırsa indirme istemcisinin varsayılan ayarını kullanır",
    "IndexerSettingsSeedRatioHelpText": "Bir torrentin durmadan önce ulaşması gereken oran. Boş bırakılırsa indirme istemcisinin varsayılan değerini kullanır. Oran en az 1,0 olmalı ve indeksleyici kurallarına uygun olmalıdır",
    "EditImportListExclusion": "Hariç Tutulanlar Listesini Düzenle",
    "UiLanguageHelpText": "{appName}'ın arayüz için kullanacağı dil",
    "IndexerSettingsSeedTime": "Seed Süresi",
    "BlocklistFilterHasNoItems": "Seçilen engelleme listesi filtresi hiçbir öğe içermiyor",
    "IndexerSettingsSeedRatio": "Seed Oranı",
    "Password": "Şifre",
    "CutoffUnmetNoItems": "Karşılanmayan son öğe yok",
    "MissingLoadError": "Eksik öğeler yüklenirken hata oluştu",
    "MissingNoItems": "Eksik öğe yok",
    "CutoffUnmet": "Kesinti Karşılanmayan",
    "Monitor": "Takip",
    "CutoffUnmetLoadError": "Karşılanmamış kesinti öğeleri yüklenirken hata oluştu",
    "Monitored": "Takip Ediliyor",
    "MonitoredOnly": "Sadece Takip Edilen",
    "External": "Harici",
    "MassSearchCancelWarning": "Bu işlem, {appName} yeniden başlatılmadan veya tüm dizin oluşturucularınız devre dışı bırakılmadan başlatılır ise iptal edilemez.",
    "IncludeUnmonitored": "Takip Edilmeyenleri Dahil Et",
    "MonitorSelected": "Takip Edilen Seçildi",
    "MonitoredStatus": "Takip Edilen/Durum",
    "UnmonitorSelected": "Seçili Takipleri Kaldır",
    "ShowMonitored": "Takip Edilenleri Göster",
    "ShowMonitoredHelpText": "Posterin altında takip durumu göster",
    "Ui": "Arayüz",
    "Mechanism": "İşleyiş",
    "UiSettings": "Arayüz Ayarları",
    "Script": "Hazır Metin",
    "UiSettingsLoadError": "Arayüz ayarları yüklenemiyor",
    "UpdateAutomaticallyHelpText": "Güncelleştirmeleri otomatik olarak indirip yükleyin. Sistem: Güncellemeler'den yükleme yapmaya devam edebileceksiniz",
    "Wanted": "Arananlar",
    "Cutoff": "Kesinti",
    "Required": "Gerekli",
    "AirsTbaOn": "Daha sonra duyurulacak {networkLabel}'de",
    "AllFiles": "Tüm dosyalar",
    "AllSeriesAreHiddenByTheAppliedFilter": "Tüm sonuçlar, uygulanan filtre tarafından gizlenir",
    "Always": "Her zaman",
    "AirsDateAtTimeOn": "{date} saat {time} {networkLabel}'de",
    "AllResultsAreHiddenByTheAppliedFilter": "Tüm sonuçlar, uygulanan filtre tarafından gizlenir",
    "AllSeriesInRootFolderHaveBeenImported": "{path} içerisindeki tüm diziler içeri aktarıldı",
    "AlternateTitles": "Alternatif Başlıklar",
    "AnEpisodeIsDownloading": "Bir bölüm indiriliyor",
    "UnableToImportAutomatically": "Otomatikman İçe Aktarılamıyor"
}
